{"key-52": {"data": {"2021": {"ATG": 0.0004091547255588, "BHS": 0.0054803811824314, "BHR": 0.0016255738993439, "BRB": 9.406795930120944e-05, "BLZ": 0.011459270139352, "BMU": 4.1421074214138665e-06, "CPV": 0.0311694289530488, "CUW": 0.011996307769893, "DMA": 2.4038308669689464e-05, "DOM": 0.0001931161344766, "FJI": 0.0178778235318887, "GRD": 0.0065876223371871, "GNB": 0.0042323368038654, "GUY": 0.0214227196701364, "HTI": 0.0007356879630809, "JAM": 0.0007733591590139, "KIR": 0.6106843500000001, "MDV": 0.0316165074895146, "MUS": 0.0336967890736775, "PLW": 0.0035922576043497, "PNG": 0.0104814482407268, "KNA": 0.0002715419022702, "LCA": 3.769227838951434e-06, "VCT": 0.0030204244770381, "WSM": 0.0154004072264543, "STP": 4.777404151202272e-06, "SYC": 0.2916547367306178, "SGP": 0.0009608707504437, "SLB": 0.0379240728280108, "SUR": 0.0286333107524931, "TLS": 2.4777929049787727e-06, "TON": 0.0080374734505713, "TTO": 0.0010414625881669, "TCA": 0.0020160094871034, "TUV": 0.2616800735294117, "VUT": 0.1314159139422896}, "recentValue": {"ATG": 0.0004091547255588, "BHS": 0.0054803811824314, "BMU": 4.1421074214138665e-06, "BHR": 0.0016255738993439, "BRB": 9.406795930120944e-05, "BLZ": 0.011459270139352, "CPV": 0.0311694289530488, "CUW": 0.011996307769893, "DMA": 2.4038308669689464e-05, "DOM": 0.0001931161344766, "FJI": 0.0178778235318887, "GRD": 0.0065876223371871, "GNB": 0.0042323368038654, "GUY": 0.0214227196701364, "HTI": 0.0007356879630809, "JAM": 0.0007733591590139, "KIR": 0.6106843500000001, "MDV": 0.0316165074895146, "MUS": 0.0336967890736775, "PLW": 0.0035922576043497, "PNG": 0.0104814482407268, "WSM": 0.0154004072264543, "STP": 4.777404151202272e-06, "SYC": 0.2916547367306178, "SGP": 0.0009608707504437, "SLB": 0.0379240728280108, "KNA": 0.0002715419022702, "VCT": 0.0030204244770381, "LCA": 3.769227838951434e-06, "SUR": 0.0286333107524931, "TLS": 2.4777929049787727e-06, "TTO": 0.0010414625881669, "TON": 0.0080374734505713, "TUV": 0.2616800735294117, "TCA": 0.0020160094871034, "VUT": 0.1314159139422896}, "recentYear": {"ATG": "2021", "BHS": "2021", "BMU": "2021", "BHR": "2021", "BRB": "2021", "BLZ": "2021", "CPV": "2021", "CUW": "2021", "DMA": "2021", "DOM": "2021", "FJI": "2021", "GRD": "2021", "GNB": "2021", "GUY": "2021", "HTI": "2021", "JAM": "2021", "KIR": "2021", "MDV": "2021", "MUS": "2021", "PLW": "2021", "PNG": "2021", "WSM": "2021", "STP": "2021", "SYC": "2021", "SGP": "2021", "SLB": "2021", "KNA": "2021", "VCT": "2021", "LCA": "2021", "SUR": "2021", "TLS": "2021", "TTO": "2021", "TON": "2021", "TUV": "2021", "TCA": "2021", "VUT": "2021"}}, "def": "Fisheries import (% of GDP)", "name": "Fisheries import (% of GDP)", "source": "FAO /WorldBank", "dataset": "FAO /WorldBank", "category": "Blue", "subcategory": "None", "link": "http://www.fao.org/fishery/statistics/en", "dim": "None", "priority": "1.0", "units": "% of GDP"}, "confidenceIntervals": {"2021": {"BLZ": 0.011459270139352, "CUW": 0.011996307769893, "FJI": 0.00178778235318887, "GRD": 0.00065876223371871, "KIR": 0.08724062142857145, "STP": 6.824863073146103e-07}, "recentValue": {"BHR": 0.0016255738993439, "BRB": 2.351698982530236e-05, "GUY": 0.0030603885243052, "KIR": 0.08724062142857145, "MDV": 0.0316165074895146, "LCA": 5.384611198502049e-07, "TLS": 2.4777929049787726e-07, "TON": 0.0080374734505713, "TUV": 0.037382867647058816, "TCA": 0.0020160094871034}}, "featureImportances": {"indicators": {"ihme-inguinal,-femoral,-and-abdominal-hernia": 0.369, "wdi2-SL.EMP.VULN.MA.ZS": 0.453, "igrac-twap_sids_legal_qlt_poltpays": 0.169, "ihme-osteoarthritis": 0.252, "wdi-DC.DAC.ISLL.CD": 0.477, "wdi-EN.ATM.CO2E.GF.ZS": 0.041, "unicef-ah14": 0.38, "ihme-vitamin-a-deficiency": 0.437, "hdr-181706": 0.917, "unicef-wee6": 0.811}, "categories": {"Work, employment and vulnerability": 0.753, "Blindness and vision loss": 0.868, "Migration": 0.191, "Environmental Wellbeing": 0.146}}}