{"data": {"2015": {"ASM": 104.15353513787504, "AIA": 104.05117500174828, "ATG": 108.8600225, "ABW": 96.66996977601858, "BHS": 102.2553598, "BRB": 103.59424551282888, "BLZ": 102.6110645, "VGB": 106.76663072899146, "CPV": 102.67904777252733, "COM": 113.82411034227437, "COK": 104.05117500174828, "CUB": 100.019052409386, "DMA": 98.26548976, "DOM": 94.20100257, "FJI": 105.5747397, "PYF": 116.3192929067602, "GRD": 97.02021681, "GUM": 108.94778376502548, "GNB": 116.5128895297325, "GUY": 105.4323245, "HTI": 110.77406410277558, "JAM": 100.88659969619154, "KIR": 111.92515230702764, "MDV": 111.03028593418868, "MHL": 101.98281137207768, "MUS": 99.88509123970348, "FSM": 104.43981601462724, "MSR": 104.05117500174828, "NRU": 107.06723827247264, "NCL": 118.0161075200219, "NIU": 104.05117500174828, "MNP": 108.80559835448992, "PLW": 108.87924922969432, "PNG": 127.9354953, "PRI": 107.0076208495665, "KNA": 102.3059218, "LCA": 106.8759695, "VCT": 103.0714544, "WSM": 103.5423407, "STP": 98.70657466988384, "SYC": 107.43315311793428, "SGP": 108.3371118, "SXM": 106.73478691853836, "SLB": 127.3842095, "SUR": 100.77424260032682, "TLS": 93.63435036852816, "TON": 103.40263011893217, "TTO": 132.4887032, "TUV": 106.75207850571196, "VIR": 97.0612218160736, "VUT": 96.50570519203724, "CUW": 95.79870690494243}, "2020": {"ASM": 102.28141871836095, "AIA": 99.70250769021935, "ATG": 109.5829886, "ABW": 99.67650225122804, "BHS": 100.2802134, "BRB": 98.59462439741226, "BLZ": 99.53688378, "VGB": 99.70250769021935, "CPV": 108.12192340251757, "COM": 95.21238747443243, "COK": 96.39375349099761, "CUB": 98.79503528528495, "DMA": 94.35501272, "DOM": 81.01840233, "FJI": 107.6205918, "PYF": 79.74246336736108, "GRD": 94.1619474, "GUM": 98.82910643088351, "GNB": 109.89931755966064, "GUY": 108.6558752, "HTI": 93.37006821344876, "JAM": 105.50438328075329, "KIR": 104.04769956472477, "MDV": 97.52968960928096, "MHL": 93.79419059016008, "MUS": 100.592473776535, "FSM": 97.30086286194677, "MSR": 104.68783190900504, "NRU": 93.15431120807665, "NCL": 86.53483713689845, "NIU": 108.24093510379065, "MNP": 88.8254372061529, "PLW": 93.15431120807665, "PNG": 127.3841854, "PRI": 99.65584144300804, "KNA": 93.31581776, "LCA": 99.58269409, "VCT": 103.6484658, "WSM": 101.7305454, "STP": 93.2141912753587, "SYC": 101.26627204898801, "SGP": 103.7146053, "SXM": 100.3486592288688, "SLB": 129.7234922, "SUR": 91.72332717387961, "TLS": 93.27871298054319, "TON": 117.04336423438653, "TTO": 130.3491144, "TUV": 94.71831600485262, "VIR": 96.28904132120029, "VUT": 104.61206632483561, "CUW": 93.98330796750828}}, "upperIntervals": {"2015": {"ASM": 132.4887032, "AIA": 142.0577109, "ABW": 107.10990246499992, "BRB": 132.4887032, "VGB": 132.4887032, "CPV": 108.94182553999993, "COM": 127.9354953, "COK": 142.0577109, "CUB": 127.9354953, "PYF": 310.0652567, "GUM": 132.4887032, "GNB": 142.6160945, "HTI": 142.6160945, "JAM": 106.8759695, "KIR": 127.9354953, "MDV": 132.4887032, "MHL": 127.41177378999996, "MUS": 108.3371118, "FSM": 127.9354953, "MSR": 142.0577109, "NRU": 132.4887032, "NCL": 310.0652567, "NIU": 142.0577109, "MNP": 132.4887032, "PLW": 132.4887032, "PRI": 137.6862463, "STP": 127.3842095, "SYC": 132.4887032, "SXM": 132.4887032, "SUR": 107.46553529999998, "TLS": 107.04531249999998, "TON": 108.8600225, "TUV": 132.4887032, "VIR": 108.91132625499996, "VUT": 127.3842095, "CUW": 104.9765489}, "2020": {"ASM": 103.84478554823085, "AIA": 100.51213737116575, "ABW": 100.43571793680482, "BRB": 99.7320962144029, "VGB": 100.51213737116575, "CPV": 108.93750875953758, "COM": 96.51683583445833, "COK": 98.22000024168749, "CUB": 99.77524000585225, "PYF": 81.01840233, "GUM": 99.77524000585225, "GNB": 111.5420913, "HTI": 94.30267410534161, "JAM": 108.30660586924787, "KIR": 105.08004510000002, "MDV": 99.41678530098154, "MHL": 94.79438233221768, "MUS": 101.57781019216068, "FSM": 99.41678530098154, "MSR": 107.89986034111153, "NRU": 94.25313999428477, "NCL": 88.35735721479168, "NIU": 109.19828799132917, "MNP": 93.19055541300798, "PLW": 94.25313999428477, "PRI": 100.43571793680482, "STP": 94.25313999428477, "SYC": 102.13135302159574, "SXM": 101.44965018545248, "SUR": 94.0329366729529, "TLS": 94.25313999428477, "TON": 123.63865843577405, "TUV": 96.05601199945832, "VIR": 98.02683988752777, "VUT": 107.80995531319876, "CUW": 94.89890340391085}}, "lowerIntervals": {"2015": {"ASM": 88.34461342000002, "AIA": 71.40782963, "ABW": 76.3303666, "BRB": 89.95691281, "VGB": 88.79839925, "CPV": 93.65297109, "COM": 93.27571813, "COK": 71.40782963, "CUB": 79.57003407000002, "PYF": 91.7064579677779, "GUM": 89.95691281, "GNB": 76.3303666, "HTI": 79.57003407000002, "JAM": 88.79431436133333, "KIR": 79.57003407000002, "MDV": 89.93964620700001, "MHL": 73.35589955, "MUS": 93.57633754241915, "FSM": 79.57003407, "MSR": 71.40782963, "NRU": 89.95691281, "NCL": 88.63751177362501, "NIU": 71.40782963, "MNP": 89.95691281, "PLW": 96.5074273, "PRI": 93.27571813, "STP": 64.63339762, "SYC": 89.95691281, "SXM": 89.95691281, "SUR": 88.789450957, "TLS": 64.63339762, "TON": 96.37556314497957, "TUV": 90.75309142999998, "VIR": 88.7340622535, "VUT": 73.35589955, "CUW": 88.34461342000002}, "2020": {"ASM": 100.64851541641619, "AIA": 99.17835664105456, "ABW": 99.08129300481828, "BRB": 96.87200576462502, "VGB": 99.17835664105456, "CPV": 107.5785080144941, "COM": 93.91376640007802, "COK": 94.77672603153428, "CUB": 97.3472660185, "PYF": 72.53592914, "GUM": 97.38322435807498, "GNB": 108.20990570439838, "HTI": 91.81940585260715, "JAM": 103.71576760621673, "KIR": 102.8808103815099, "MDV": 94.89989241874075, "MHL": 92.8285393242452, "MUS": 99.62405240545584, "FSM": 94.89989241874075, "MSR": 103.60990228950229, "NRU": 91.4040383176, "NCL": 84.81199935120831, "NIU": 107.62158861815601, "MNP": 85.20382109510001, "PLW": 91.4040383176, "PRI": 98.97176581493554, "STP": 91.7544611079857, "SYC": 100.00628822256817, "SXM": 99.4839608161736, "SUR": 88.29306063037143, "TLS": 91.7544611079857, "TON": 109.77756430859313, "TUV": 93.88134804359055, "VIR": 94.68553270163574, "VUT": 103.59169805526881, "CUW": 92.9662523416403}}, "categoryImportances": {"2015": {"Economic Policy & Debt": 0.1992639230920001, "Profile": 0.1710031697844285, "Climate": 0.173981805193931, "Digital": 0.31652085161086985, "Blue": 0.0794035884281338, "Finance": 0.0598266618906365}, "2020": {"Economic Policy & Debt": 0.0030681705090730006, "Financial Sector": 0.9846674983752306, "Education": 0.0012273277631252716, "Gender": 0.004945611272445587, "Health": 0.0036878781688832215, "Profile": 0.0024035139112424534}}, "featureImportances": {"2015": {"wdi2-NY.GNP.MKTP.CN": 0.1992639230920001, "key-wdi-AG.SRF.TOTL.K2": 0.0718945591578706, "key-wdi-BX.KLT.DINV.CD.WD": 0.0598266618906365, "key-wdi-EG.ELC.ACCS.ZS": 0.0356043322243014, "key-wdi-EG.ELC.RNEW.ZS": 0.0669172264830179, "key-wdi-EG.FEC.RNEW.ZS": 0.1070645787109131, "key-wdi-ER.FSH.CAPT.MT": 0.0794035884281338, "key-wdi-IT.CEL.SETS.P2": 0.1327873956966492, "key-wdi-IT.NET.USER.ZS": 0.1481291236899192, "key-wdi2-SP.POP.TOTL": 0.0991086106265579}, "2020": {"wdi2-NE.DAB.TOTL.CN": 0.0030681705090730006, "key-wdi2-SP.POP.TOTL": 0.0024035139112424534, "wdi2-PX.REX.REER": 0.9846674983752306, "wdi2-SE.PRM.AGES": 7.239663210671387e-05, "wdi2-SE.PRM.DURS": 0.00028715221206066286, "wdi2-SE.SEC.AGES": 0.0002770378309876592, "wdi2-SE.SEC.DURS": 0.0005907410879702356, "wdi2-SG.LAW.INDX": 0.004945611272445587, "wdi2-SP.POP.GROW": 0.002407561081763772, "wdi2-SP.POP.TOTL": 0.0012803170871194497}}}