{"data": {"2010": {"ATG": 0.526590873830252, "BHS": 0.334306004934351, "BRB": 0.53075386656712, "BLZ": 0.53865576004008, "CPV": 0.460246695827702, "COM": 0.487187192462885, "CUB": 0.548844779408124, "DMA": 0.436892564710547, "DOM": 0.434251669451299, "FJI": 0.582758929040871, "GRD": 0.374666542983277, "GNB": 0.616998333185168, "GUY": 0.513137329080124, "HTI": 0.494972614401069, "JAM": 0.395047667377214, "KIR": 0.6216463113452871, "MDV": 0.54524540937263, "MHL": 0.521000789483772, "MUS": 0.510743123662261, "FSM": 0.6332518017050679, "NRU": 0.5877520592633545, "PLW": 0.4576938888103194, "PNG": 0.635615801744168, "KNA": 0.4296055803012892, "LCA": 0.364735523811632, "VCT": 0.4328448394508868, "WSM": 0.572812132555052, "STP": 0.545019010170321, "SYC": 0.470350742260766, "SGP": 0.350259927908295, "SLB": 0.543161513500692, "SUR": 0.424623505324722, "TLS": 0.559893476912575, "TON": 0.671269812906876, "TTO": 0.387873644000487, "TUV": 0.5692205761870665, "VUT": 0.563253194148135, "ABW": 0.5176515263758737, "AIA": 0.4585997646391908, "ASM": 0.465017635738606, "COK": 0.4585997646391908, "CUW": 0.4119118746939396, "GUM": 0.3969504382903559, "MNP": 0.422072929368647, "MSR": 0.4585997646391908, "NCL": 0.4346984215122771, "NIU": 0.4585997646391908, "PRI": 0.3964248513598808, "PYF": 0.5036669870215881, "SXM": 0.4037846117451242, "VGB": 0.4361587778358325, "VIR": 0.36937616759677}, "2011": {"ATG": 0.52672537282151, "BHS": 0.335247497873154, "BRB": 0.529711499384874, "BLZ": 0.538005681582335, "CPV": 0.460461894213714, "COM": 0.488101785603437, "CUB": 0.552718350356342, "DMA": 0.437511260070331, "DOM": 0.43510349639593, "FJI": 0.583135526216392, "GRD": 0.375715635115086, "GNB": 0.616034423747822, "GUY": 0.513563242552439, "HTI": 0.49528644538067, "JAM": 0.395675329336416, "KIR": 0.6256891600576533, "MDV": 0.543127050260323, "MHL": 0.5262352511324582, "MUS": 0.511998447580665, "FSM": 0.6264147745936106, "NRU": 0.5820125318325575, "PLW": 0.4536474741803961, "PNG": 0.6366245441786, "KNA": 0.4234026457558059, "LCA": 0.364735523811632, "VCT": 0.4351308288063167, "WSM": 0.571904264364064, "STP": 0.542631653075499, "SYC": 0.470855113477982, "SGP": 0.350475126294307, "SLB": 0.543349812088453, "SUR": 0.426156793825059, "TLS": 0.559355480947545, "TON": 0.665351857291543, "TTO": 0.388097808985916, "TUV": 0.5678675390355102, "VUT": 0.563118695156878, "ABW": 0.5230902165327508, "AIA": 0.4559767678514819, "ASM": 0.4989714098701195, "COK": 0.4559767678514819, "CUW": 0.4439228383598592, "GUM": 0.4018044918949002, "MNP": 0.4238353452490587, "MSR": 0.4559767678514819, "NCL": 0.4212875767941594, "NIU": 0.4559767678514819, "PRI": 0.3661275058078886, "PYF": 0.4945799115439077, "SXM": 0.5022104057234652, "VGB": 0.4455024507143947, "VIR": 0.3591468728531614}, "2012": {"ATG": 0.52696074605621, "BHS": 0.335489596057418, "BRB": 0.530182245854276, "BLZ": 0.537041772144989, "CPV": 0.462613878073835, "COM": 0.48815558519994, "CUB": 0.552287953584318, "DMA": 0.437780258052847, "DOM": 0.434879331410501, "FJI": 0.58114494114578, "GRD": 0.376791627045146, "GNB": 0.615384345290077, "GUY": 0.511590590680662, "HTI": 0.494658783421468, "JAM": 0.394106174438411, "KIR": 0.6302314641987654, "MDV": 0.542858052277808, "MHL": 0.5173577037986484, "MUS": 0.512917524020925, "FSM": 0.6281764363144378, "NRU": 0.571516317426201, "PLW": 0.4646865178070131, "PNG": 0.636377962694627, "KNA": 0.4261802185335911, "LCA": 0.364735523811632, "VCT": 0.4327918162218979, "WSM": 0.568709913321697, "STP": 0.542598028327684, "SYC": 0.470417991756395, "SGP": 0.349937130329277, "SLB": 0.543403611684956, "SUR": 0.424973202701992, "TLS": 0.559140282561533, "TON": 0.66387236838771, "TTO": 0.388052975988831, "TUV": 0.5644498385332484, "VUT": 0.562822797376111, "ABW": 0.4943943526361526, "AIA": 0.463097860741906, "ASM": 0.4719207240351626, "COK": 0.463097860741906, "CUW": 0.4234081962651484, "GUM": 0.4277611854620096, "MNP": 0.4349818862607891, "MSR": 0.463097860741906, "NCL": 0.4137478247395132, "NIU": 0.463097860741906, "PRI": 0.3787990495851416, "PYF": 0.5106949346469137, "SXM": 0.5056788410913893, "VGB": 0.4462439312872949, "VIR": 0.3747269909714387}, "2013": {"ATG": 0.519992995194612, "BHS": 0.330744465597554, "BRB": 0.522012122019187, "BLZ": 0.535069120273211, "CPV": 0.459491641625516, "COM": 0.487919051448367, "CUB": 0.553449838883669, "DMA": 0.436963617072539, "DOM": 0.435333690776836, "FJI": 0.587756545634069, "GRD": 0.376092602748762, "GNB": 0.615272571512492, "GUY": 0.510537015249144, "HTI": 0.494874909212929, "JAM": 0.393533703183884, "KIR": 0.6493296394039799, "MDV": 0.541143190139274, "MHL": 0.515025783623484, "MUS": 0.514362228920133, "FSM": 0.6276367889172072, "NRU": 0.5762862586435833, "PLW": 0.4628193057457159, "PNG": 0.636223057003319, "KNA": 0.4220456503778751, "LCA": 0.36192495607695, "VCT": 0.4346199404821479, "WSM": 0.566755037771066, "STP": 0.543529551027885, "SYC": 0.471594857929898, "SGP": 0.33885421688002, "SLB": 0.543726409263974, "SUR": 0.42707138696561, "TLS": 0.560560407436173, "TON": 0.667081609579784, "TTO": 0.383383691165859, "TUV": 0.5690963560912515, "VUT": 0.563226294349884, "ABW": 0.4766928271600305, "AIA": 0.4705761671527697, "ASM": 0.4262289853399441, "COK": 0.4705761671527697, "CUW": 0.4985198938106723, "GUM": 0.4030085643980977, "MNP": 0.4057230937899343, "MSR": 0.4705761671527697, "NCL": 0.45629881221471, "NIU": 0.4705761671527697, "PRI": 0.3992500333492519, "PYF": 0.4846234239396296, "SXM": 0.4997298727183734, "VGB": 0.3754274729800896, "VIR": 0.3660687902746979}, "2014": {"ATG": 0.512688996854869, "BHS": 0.329856772255254, "BRB": 0.507621419838436, "BLZ": 0.536503776179958, "CPV": 0.453114529588763, "COM": 0.479639478019591, "CUB": 0.549904259489005, "DMA": 0.433672194653092, "DOM": 0.433142903315105, "FJI": 0.591086374735674, "GRD": 0.371116510530387, "GNB": 0.611349992982608, "GUY": 0.509685188304513, "HTI": 0.4895093268672, "JAM": 0.393073314422073, "KIR": 0.6691373285602902, "MDV": 0.541714810852119, "MHL": 0.5161833885808798, "MUS": 0.514461943906765, "FSM": 0.6258112450481779, "NRU": 0.5910553957776389, "PLW": 0.4598119326762845, "PNG": 0.631965932078655, "KNA": 0.4135631243628362, "LCA": 0.359114388342268, "VCT": 0.4234538522154779, "WSM": 0.559420202570131, "STP": 0.535819513539789, "SYC": 0.473074346833732, "SGP": 0.332371168931773, "SLB": 0.537243557885359, "SUR": 0.426291292816316, "TLS": 0.555228682949682, "TON": 0.667789169534467, "TTO": 0.376315840998793, "TUV": 0.5701625230085431, "VUT": 0.559836919770193, "ABW": 0.4349811280236215, "AIA": 0.4654062349802829, "ASM": 0.4748369447040262, "COK": 0.4654062349802829, "CUW": 0.3911213305685128, "GUM": 0.4066831523221295, "MNP": 0.4436111098539156, "MSR": 0.4654062349802829, "NCL": 0.4077684485402326, "NIU": 0.4654062349802829, "PRI": 0.3739337174998964, "PYF": 0.4523285467982697, "SXM": 0.46963750099003, "VGB": 0.3644930858613155, "VIR": 0.3916093455222632}}, "upperIntervals": {"2010": {"KIR": 0.729861721321478, "MHL": 0.592329847967017, "FSM": 0.671269812906876, "NRU": 0.729861721321478, "PLW": 0.548844779408124, "KNA": 0.53075386656712, "VCT": 0.5477099276838038, "TUV": 0.729861721321478, "ABW": 0.588552033480171, "AIA": 0.561917306728588, "ASM": 0.555893302207774, "COK": 0.561917306728588, "CUW": 0.4570620680821325, "GUM": 0.466079263532526, "MNP": 0.484201914486674, "MSR": 0.561917306728588, "NCL": 0.4844795355271546, "NIU": 0.561917306728588, "PRI": 0.449482198354303, "PYF": 0.5620074786068633, "SXM": 0.489754335296291, "VGB": 0.5386730739467477, "VIR": 0.4343550565793258}, "2011": {"KIR": 0.729861721321478, "MHL": 0.6373749300722664, "FSM": 0.665351857291543, "NRU": 0.729861721321478, "PLW": 0.5508619405863033, "KNA": 0.529711499384874, "VCT": 0.5554372046952, "TUV": 0.729861721321478, "ABW": 0.579387824051565, "AIA": 0.562096638716931, "ASM": 0.563118695156878, "COK": 0.562096638716931, "CUW": 0.5581262695076664, "GUM": 0.4662328733353352, "MNP": 0.489709502299205, "MSR": 0.562096638716931, "NCL": 0.481652082175234,