{"data": {"2010": {"ATG": 0.697634200307242, "BHS": 0.687967810286113, "BRB": 0.713654395194508, "BLZ": 0.465930196751491, "CPV": 0.61238650543382, "COM": 0.314804045605737, "CUB": 0.422137948235817, "DMA": 0.643051400388753, "DOM": 0.408401830521671, "FJI": 0.397129023665174, "GRD": 0.575222020952444, "GNB": 0.289269486082313, "GUY": 0.402568634979197, "HTI": 0.280143619758455, "JAM": 0.465218384457603, "KIR": 0.50012948666394, "MDV": 0.43293118785618, "MHL": 0.475525769021952, "MUS": 0.650340463644137, "FSM": 0.501474523851457, "NRU": 0.540795096674906, "PLW": 0.534009771408409, "PNG": 0.339419307226395, "KNA": 0.665494421289696, "LCA": 0.673248153700718, "VCT": 0.662162418684169, "WSM": 0.565751720603774, "STP": 0.422530990365439, "SYC": 0.545568731071845, "SGP": 0.846973922343701, "SLB": 0.410748660069557, "SUR": 0.455300317580453, "TLS": 0.3353081618920505, "TON": 0.491272609910612, "TTO": 0.510415389560778, "TUV": 0.545016259266347, "VUT": 0.553587159339405, "ABW": 0.6656570914689711, "AIA": 0.486181700298113, "ASM": 0.612449380626053, "COK": 0.486181700298113, "CUW": 0.6416970954934041, "GUM": 0.6839245192515431, "MNP": 0.6102661615679836, "MSR": 0.486181700298113, "NCL": 0.6637910015611205, "NIU": 0.486181700298113, "PRI": 0.6928087444106757, "PYF": 0.6387059797209622, "SXM": 0.6072872369101394, "VGB": 0.668146040836347, "VIR": 0.6907717987736263}, "2011": {"ATG": 0.697335743241441, "BHS": 0.686377208530003, "BRB": 0.742265639131583, "BLZ": 0.444479753191378, "CPV": 0.616950682018597, "COM": 0.321329061188825, "CUB": 0.42037362446684, "DMA": 0.641533545629882, "DOM": 0.411731421547928, "FJI": 0.43089222942002, "GRD": 0.565805573290757, "GNB": 0.288464753676906, "GUY": 0.395158110354681, "HTI": 0.272948712327546, "JAM": 0.488271040341348, "KIR": 0.503675125164128, "MDV": 0.418385589800886, "MHL": 0.489441281797287, "MUS": 0.661853562049018, "FSM": 0.486930149003233, "NRU": 0.523978492036803, "PLW": 0.521268456192562, "PNG": 0.350089521738802, "KNA": 0.661924877793506, "LCA": 0.674639942842872, "VCT": 0.665964598420802, "WSM": 0.572587312173713, "STP": 0.42790112151732, "SYC": 0.551211290239241, "SGP": 0.846251757222771, "SLB": 0.42279150933765, "SUR": 0.464571555187749, "TLS": 0.4355960529207999, "TON": 0.497593697428966, "TTO": 0.518416921067505, "TUV": 0.493903581409805, "VUT": 0.551429062403569, "ABW": 0.6349087921966299, "AIA": 0.4826437634564204, "ASM": 0.669481303304052, "COK": 0.4826437634564204, "CUW": 0.5654413421264025, "GUM": 0.6513213193749942, "MNP": 0.6535745689794387, "MSR": 0.4826437634564204, "NCL": 0.6555143024868545, "NIU": 0.4826437634564204, "PRI": 0.6909884781124908, "PYF": 0.6329451612256767, "SXM": 0.6608293826249473, "VGB": 0.652930522673355, "VIR": 0.7051382910009333}, "2012": {"ATG": 0.696072228649929, "BHS": 0.681786753940612, "BRB": 0.723902233500554, "BLZ": 0.460121889368725, "CPV": 0.618442923450235, "COM": 0.32398801942944, "CUB": 0.421888721730322, "DMA": 0.632821402858518, "DOM": 0.428485170666642, "FJI": 0.429515857229044, "GRD": 0.570825880376309, "GNB": 0.256761611717647, "GUY": 0.385196875622768, "HTI": 0.290303206479821, "JAM": 0.489034068074827, "KIR": 0.503871706832098, "MDV": 0.404690980715455, "MHL": 0.485121138952804, "MUS": 0.660581614451572, "FSM": 0.499706588602757, "NRU": 0.52691763211842, "PLW": 0.521267206256122, "PNG": 0.360685327727548, "KNA": 0.656623024457916, "LCA": 0.650851430189961, "VCT": 0.662391221775637, "WSM": 0.571549952646154, "STP": 0.421225638013743, "SYC": 0.546986971338292, "SGP": 0.86623216758941, "SLB": 0.416115776271082, "SUR": 0.464080181140878, "TLS": 0.3540063403774917, "TON": 0.493336176923478, "TTO": 0.505926759152833, "TUV": 0.503628543353302, "VUT": 0.554938250429562, "ABW": 0.6425544693796863, "AIA": 0.4510059654294872, "ASM": 0.6654051905620425, "COK": 0.4510059654294872, "CUW": 0.624827512269939, "GUM": 0.6071669954375529, "MNP": 0.6361991699088823, "MSR": 0.4510059654294872, "NCL": 0.6019508896273598, "NIU": 0.4510059654294872, "PRI": 0.6866986510220614, "PYF": 0.6476710191276293, "SXM": 0.5094494522726226, "VGB": 0.6576360102803606, "VIR": 0.6938968272034783}, "2013": {"ATG": 0.689448156531893, "BHS": 0.671629870370252, "BRB": 0.726152231667338, "BLZ": 0.461209412139092, "CPV": 0.608260976729369, "COM": 0.347941449058978, "CUB": 0.417289758915372, "DMA": 0.638760787305632, "DOM": 0.434936614110552, "FJI": 0.429570500267339, "GRD": 0.568268803900479, "GNB": 0.252129152383229, "GUY": 0.393515638511775, "HTI": 0.305044723464637, "JAM": 0.491862043713757, "KIR": 0.501775385929074, "MDV": 0.41067010133676, "MHL": 0.502385468183073, "MUS": 0.655136973498476, "FSM": 0.498897069340247, "NRU": 0.477629128710722, "PLW": 0.510088218001307, "PNG": 0.357046129237186, "KNA": 0.657074322702701, "LCA": 0.651797890520744, "VCT": 0.656288181054513, "WSM": 0.577778333818296, "STP": 0.424214108826656, "SYC": 0.556077292267979, "SGP": 0.862995463494558, "SLB": 0.416261725485316, "SUR": 0.471704620653331, "TLS": 0.3466359211572319, "TON": 0.498550305486931, "TTO": 0.502251570645103, "TUV": 0.498588930265113, "VUT": 0.561770536639985, "ABW": 0.6621953502385256, "AIA": 0.462107953803934, "ASM": 0.5617585669531313, "COK": 0.462107953803934, "CUW": 0.6478377759716198, "GUM": 0.6560829340312015, "MNP": 0.5985793941594251, "MSR": 0.462107953803934, "NCL": 0.5633627454386462, "NIU": 0.462107953803934, "PRI": 0.6700400517478573, "PYF": 0.6554744118866891, "SXM": 0.584354155517163, "VGB": 0.6575808216107091, "VIR": 0.6710930415134208}, "2014": {"ATG": 0.601753560529536, "BHS": 0.662787011441539, "BRB": 0.69509958102785, "BLZ": 0.435722777539, "CPV": 0.59649162435589, "COM": 0.365206227440203, "CUB": 0.436334772024492, "DMA": 0.624172807873002, "DOM": 0.443508009533118, "FJI": 0.495992061373484, "GRD": 0.5541509318974, "GNB": 0.264425052620423, "GUY": 0.401550413910183, "HTI": 0.297500372822387, "JAM": 0.482939996785289, "KIR": 0.503717351136209, "MDV": 0.470545110164474, "MHL": 0.484933876063701, "MUS": 0.653875107834845, "FSM": 0.527925246382125, "NRU": 0.394791996842784, "PLW": 0.494747524975316, "PNG": 0.382885701593115, "KNA": 0.556928809871835, "LCA": 0.605580775476302, "VCT": 0.62079970619272, "WSM": 0.596803870366213, "STP": 0.435733452084266, "SYC": 0.536211339990011, "SGP": 0.872981635129131, "SLB": 0.432806753947377, "SUR": 0.453460414273889, "TLS": 0.3828584365845997, "TON": 0.497110460915949, "TTO": 0.499332554298101, "TUV": 0.536199121488016, "VUT": 0.552434964770863, "ABW": 0.56447233458621, "AIA": 0.4797472286390596, "ASM": 0.4984097415041341, "COK": 0.4797472286390596, "CUW": 0.6722361685178796, "GUM": 0.6370308993161024, "MNP": 0.6511795214001732, "MSR": 0.4797472286390596, "NCL": 0.6525418323272314, "NIU": 0.4797472286390596, "PRI": 0.6578094713514094, "PYF": 0.5474572735718859, "SXM": 0.54104876942594, "VGB": 0.628123639544176, "VIR": 0.7199528730978204}}, "upperIntervals": {"2010": {"TLS": 0.443824646076909, "ABW": 0.6946445024155554, "AIA": 0.536412964687467, "ASM": 0.662138172364102, "COK": 0.536412964687467, "CUW": 0.6913770624702799, "GUM": 0.7489561857849866, "MNP": 0.6551390182035234, "MSR": 0.536412964687467, "NCL": 0.715307593870806, "NIU": 0.536412964687467, "PRI": 0.755767145759442, "PYF": 0.6820086028709, "SXM": 0.687967810286113, "VGB": 0.7058071523012647, "VIR": 0.713654395194508}, "2011": {"TLS": 0.496068775800592, "ABW": 0.686377208530003, "AIA": 0.526904964073055, "ASM": 0.723437410453447, "COK": 0.526904964073055, "CUW": 0.6239749291111506, "GUM": 0.722620237796497, "MNP": 0.69924638379138, "MSR": 0.526904964073055, "NCL": 0.6890348696656018, "NIU": 0.526904964073055, "PRI": 0.742265639131583, "PYF": 0.6735174962122797, "SXM": 0.69924638379138, "VGB": 0.6767952214364307, "VIR": 0.742265639131583}, "2012": {"TLS": 0.3680525649052025, "ABW": 0.6692715093263654, "AIA": 0.532073431251169, "ASM": 0.7207622892527065, "COK": 0.532073431251169, "CUW": 0.6928433006048814, "GUM": 0.681786753940612, "MNP": 0.681786753940612, "MSR": 0.532073431251169,