{"data": {"2010": {"ATG": 0.556770833333333, "BHS": 0.540021929824561, "BRB": 0.890597587719298, "BLZ": 0.440789473684211, "CPV": 0.437527412280702, "COM": 0.419407894736842, "CUB": 0.4426815833500431, "DMA": 0.513322368421053, "DOM": 0.45718201754386, "FJI": 0.526151315789474, "GRD": 0.458415570175439, "GNB": 0.288048245614035, "GUY": 0.400575657894737, "HTI": 0.346773182957394, "JAM": 0.409786184210526, "KIR": 0.458615288220551, "MDV": 0.580596021303258, "MHL": 0.517297149122807, "MUS": 0.631277412280702, "FSM": 0.436376096491228, "NRU": 0.5232704514159284, "PLW": 0.469983552631579, "PNG": 0.427741228070175, "KNA": 0.555893640350877, "LCA": 0.542105263157895, "VCT": 0.597724780701754, "WSM": 0.559566885964912, "STP": 0.324205043859649, "SYC": 0.52765899122807, "SGP": 0.783031798245614, "SLB": 0.397779605263158, "SUR": 0.348930921052632, "TLS": 0.463020833333333, "TON": 0.555263157894737, "TTO": 0.424150219298246, "TUV": 0.4908706637534044, "VUT": 0.467077850877193, "ABW": 0.579126114286939, "AIA": 0.4998732993577566, "ASM": 0.5270102538479526, "COK": 0.4998732993577566, "CUW": 0.5910757386251166, "GUM": 0.5412313924837281, "MNP": 0.4959825240727244, "MSR": 0.4998732993577566, "NCL": 0.6254546614165124, "NIU": 0.4998732993577566, "PRI": 0.615883174993332, "PYF": 0.5236433461601642, "SXM": 0.5310568581569208, "VGB": 0.5579840259262052, "VIR": 0.673598724771615}, "2011": {"ATG": 0.542516447368421, "BHS": 0.530455043859649, "BRB": 0.890350877192982, "BLZ": 0.431524122807018, "CPV": 0.467680921052632, "COM": 0.417160087719298, "CUB": 0.4328260808270682, "DMA": 0.50718201754386, "DOM": 0.43640350877193, "FJI": 0.525657894736842, "GRD": 0.475, "GNB": 0.285581140350877, "GUY": 0.397889254385965, "HTI": 0.342951127819549, "JAM": 0.414254385964912, "KIR": 0.450751879699248, "MDV": 0.570915570175439, "MHL": 0.521655701754386, "MUS": 0.633991228070175, "FSM": 0.435745614035088, "NRU": 0.5761507127192985, "PLW": 0.461787280701754, "PNG": 0.417900219298246, "KNA": 0.550411184210526, "LCA": 0.534731359649123, "VCT": 0.597587719298246, "WSM": 0.579413377192982, "STP": 0.318393640350877, "SYC": 0.527275219298246, "SGP": 0.782648026315789, "SLB": 0.397889254385965, "SUR": 0.349205043859649, "TLS": 0.474506578947368, "TON": 0.552631578947368, "TTO": 0.423108552631579, "TUV": 0.5086743812656661, "VUT": 0.465378289473684, "ABW": 0.6410325109649129, "AIA": 0.5005000783208019, "ASM": 0.5269333333333338, "COK": 0.5005000783208019, "CUW": 0.5808404057017568, "GUM": 0.6041660635964902, "MNP": 0.5686284265350858, "MSR": 0.5005000783208019, "NCL": 0.5703278508771907, "NIU": 0.5005000783208019, "PRI": 0.5543731359649119, "PYF": 0.5011462719298261, "SXM": 0.5822530701754393, "VGB": 0.541064473684214, "VIR": 0.6701396381578979}, "2012": {"ATG": 0.53500548245614, "BHS": 0.522560307017544, "BRB": 0.528097587719298, "BLZ": 0.433470394736842, "CPV": 0.482483552631579, "COM": 0.412225877192982, "CUB": 0.4557117921530056, "DMA": 0.503262061403509, "DOM": 0.436540570175439, "FJI": 0.518722587719298, "GRD": 0.468941885964912, "GNB": 0.31938048245614, "GUY": 0.389117324561403, "HTI": 0.342982456140351, "JAM": 0.409210526315789, "KIR": 0.448339598997494, "MDV": 0.56968201754386, "MHL": 0.516118421052632, "MUS": 0.635882675438596, "FSM": 0.432675438596491, "NRU": 0.5446666727240661, "PLW": 0.46000548245614, "PNG": 0.413898026315789, "KNA": 0.534621710526316, "LCA": 0.533031798245614, "VCT": 0.597231359649123, "WSM": 0.585635964912281, "STP": 0.390515350877193, "SYC": 0.531798245614035, "SGP": 0.787582236842105, "SLB": 0.398711622807018, "SUR": 0.348190789473684, "TLS": 0.47593201754386, "TON": 0.55063048245614, "TTO": 0.424862938596491, "TUV": 0.5188960303966973, "VUT": 0.453947368421053, "ABW": 0.526817817238158, "AIA": 0.5011023342185448, "ASM": 0.5331796642233881, "COK": 0.5011023342185448, "CUW": 0.5577079311566098, "GUM": 0.5033852770857129, "MNP": 0.5591201293465345, "MSR": 0.5011023342185448, "NCL": 0.4769980784038026, "NIU": 0.5011023342185448, "PRI": 0.596536845235949, "PYF": 0.5284901251829578, "SXM": 0.4788930370643275, "VGB": 0.5391726785777814, "VIR": 0.6023779421980391}, "2013": {"ATG": 0.518667763157895, "BHS": 0.517680921052632, "BRB": 0.533223684210526, "BLZ": 0.438459429824561, "CPV": 0.49281798245614, "COM": 0.427467105263158, "CUB": 0.4538364505012551, "DMA": 0.512061403508772, "DOM": 0.429660087719298, "FJI": 0.512554824561404, "GRD": 0.478892543859649, "GNB": 0.321600877192982, "GUY": 0.397231359649123, "HTI": 0.347932330827068, "JAM": 0.437801535087719, "KIR": 0.454573934837093, "MDV": 0.533580043859649, "MHL": 0.51578947368421, "MUS": 0.65561951754386, "FSM": 0.43889802631579, "NRU": 0.5013868812656663, "PLW": 0.460855263157895, "PNG": 0.416611842105263, "KNA": 0.529577850877193, "LCA": 0.543009868421053, "VCT": 0.563733552631579, "WSM": 0.5953125, "STP": 0.390378289473684, "SYC": 0.543009868421053, "SGP": 0.807401315789474, "SLB": 0.428042763157895, "SUR": 0.351754385964912, "TLS": 0.477357456140351, "TON": 0.554769736842105, "TTO": 0.44438048245614, "TUV": 0.5197677161654131, "VUT": 0.458305921052632, "ABW": 0.5179685776942361, "AIA": 0.5055756657268202, "ASM": 0.4781247123123526, "COK": 0.5055756657268202, "CUW": 0.5160280701754367, "GUM": 0.5358226973684179, "MNP": 0.5038069548872213, "MSR": 0.5055756657268202, "NCL": 0.4983401472431092, "NIU": 0.5055756657268202, "PRI": 0.6027478696741836, "PYF": 0.5242737390350888, "SXM": 0.5228500000000006, "VGB": 0.5872981359649111, "VIR": 0.542403179824562}, "2014": {"ATG": 0.53859649122807, "BHS": 0.536129385964912, "BRB": 0.555235745614035, "BLZ": 0.459073464912281, "CPV": 0.549451754385965, "COM": 0.448464912280702, "CUB": 0.507621012298515, "DMA": 0.533470394736842, "DOM": 0.447998903508772, "FJI": 0.530646929824561, "GRD": 0.498190789473684, "GNB": 0.345586622807018, "GUY": 0.422313596491228, "HTI": 0.352756892230576, "JAM": 0.464884868421053, "KIR": 0.467512531328321, "MDV": 0.531688596491228, "MHL": 0.537362938596491, "MUS": 0.683771929824561, "FSM": 0.436924342105263, "NRU": 0.5476606118527159, "PLW": 0.486239035087719, "PNG": 0.435635964912281, "KNA": 0.553125, "LCA": 0.56359649122807, "VCT": 0.599314692982456, "WSM": 0.613185307017544, "STP": 0.409100877192982, "SYC": 0.574205043859649, "SGP": 0.859046052631579, "SLB": 0.43390899122807, "SUR": 0.370202850877193, "TLS": 0.497450657894737, "TON": 0.581825657894737, "TTO": 0.466803728070175, "TUV": 0.5483337673777747, "VUT": 0.475520833333333, "ABW": 0.5247584438037461, "AIA": 0.5042369035192028, "ASM": 0.5124917079994854, "COK": 0.5042369035192028, "CUW": 0.6173408443135935, "GUM": 0.6470752264462903, "MNP": 0.5810329239870916, "MSR": 0.5042369035192028, "NCL": 0.5324531288882122, "NIU": 0.5042369035192028, "PRI": 0.6007996882889146, "PYF": 0.5377153415135757, "SXM": 0.5342069424725272, "VGB": 0.6163528804728936, "VIR": 0.6221131792685937}}, "upperIntervals": {"2010": {"CUB": 0.4598448145738847, "NRU": 0.540021929824561, "TUV": 0.5173084989734975, "ABW": 0.597724780701754, "AIA": 0.5175241461366182, "ASM": 0.53703399122807, "COK": 0.5175241461366182, "CUW": 0.6192506293165532, "GUM": 0.5559849676882511, "MNP": 0.513322368421053, "MSR": 0.5175241461366182, "NCL": 0.6404821315212373, "NIU": 0.5175241461366182, "PRI": 0.6348642124013565, "PYF": 0.5421052631578951, "SXM": 0.540853829671656, "VGB": 0.5688879867857564, "VIR": 0.6933936403508769}, "2011": {"CUB": 0.441584429824561, "NRU": 0.607456140350877, "TUV": 0.525657894736842, "ABW": 0.655948464912281, "AIA": 0.518092105263158, "ASM": 0.535224780701754, "COK": 0.518092105263158, "CUW": 0.591611842105263, "GUM": 0.6123081140350873, "MNP": 0.584950657894737, "MSR": 0.518092105263158, "NCL": 0.5919106359649119, "NIU": 0.518092105263158, "PRI": 0.563870614035088, "PYF": 0.513103070175439, "SXM": 0.605921052631579, "VGB": 0.550411184210526, "VIR": 0.688157894736842}, "2012": {"CUB": 0.4628568154042609, "NRU": 0.571271929824561, "TUV": 0.5318686888004894, "ABW": 0.5342390527819801, "AIA": 0.518722587719298,