{"data": {"2010": {"ATG": 0.698269055027264, "BHS": 0.651907838380486, "BRB": 0.722121849662501, "BLZ": 0.44393566961931, "CPV": 0.603375654000659, "COM": 0.305507806220595, "CUB": 0.369815203887313, "DMA": 0.648607912799258, "DOM": 0.352125909802057, "FJI": 0.34427545068086, "GRD": 0.531659037116147, "GNB": 0.249684715876374, "GUY": 0.417524312396737, "HTI": 0.242070226687546, "JAM": 0.421577080811017, "KIR": 0.521210013245645, "MDV": 0.444420939404051, "MHL": 0.459450780215859, "MUS": 0.678465883085256, "FSM": 0.490536798563151, "NRU": 0.601393406185821, "PLW": 0.658099971411874, "PNG": 0.332378368682056, "KNA": 0.647438941846205, "LCA": 0.67602243404526, "VCT": 0.682229519465021, "WSM": 0.640961196019252, "STP": 0.380495761435612, "SYC": 0.516550893967233, "SGP": 0.828832318150593, "SLB": 0.382779403177227, "SUR": 0.50013738382251, "TLS": 0.3242236824074423, "TON": 0.52401939966756, "TTO": 0.477256171251046, "TUV": 0.706111880376411, "VUT": 0.562039589582268, "ABW": 0.6510220482946526, "AIA": 0.4958802316974108, "ASM": 0.6002749981945699, "COK": 0.4958802316974108, "CUW": 0.6417627563847284, "GUM": 0.7072943249269192, "MNP": 0.5949299617354578, "MSR": 0.4958802316974108, "NCL": 0.696616417101459, "NIU": 0.4958802316974108, "PRI": 0.7261978138052845, "PYF": 0.6388921900465603, "SXM": 0.6447536073979304, "VGB": 0.6651829688047608, "VIR": 0.6941634614706725}, "2011": {"ATG": 0.696358651045712, "BHS": 0.631286160326115, "BRB": 0.722271677029532, "BLZ": 0.415441547413685, "CPV": 0.610440336515348, "COM": 0.314015073221415, "CUB": 0.37515404695204, "DMA": 0.637479647359884, "DOM": 0.358965711196988, "FJI": 0.348953867411324, "GRD": 0.53731850590226, "GNB": 0.254593511443165, "GUY": 0.410372804479301, "HTI": 0.234751143466684, "JAM": 0.432317039377611, "KIR": 0.530050495417799, "MDV": 0.401927529777197, "MHL": 0.534511330677123, "MUS": 0.686983982105131, "FSM": 0.498418305630133, "NRU": 0.620517919451145, "PLW": 0.685687046254542, "PNG": 0.352658861481027, "KNA": 0.651611090082572, "LCA": 0.664542314745511, "VCT": 0.691494105677458, "WSM": 0.645295369316522, "STP": 0.38090833529936, "SYC": 0.508158885324893, "SGP": 0.837458807395635, "SLB": 0.407957112488137, "SUR": 0.502011242141709, "TLS": 0.4238328958970626, "TON": 0.507162837474005, "TTO": 0.480272555893802, "TUV": 0.603208936621156, "VUT": 0.564236505136828, "ABW": 0.6214879010067731, "AIA": 0.4959737460346138, "ASM": 0.6733037096326979, "COK": 0.4959737460346138, "CUW": 0.5726129320124067, "GUM": 0.6694553884396763, "MNP": 0.6333092858689993, "MSR": 0.4959737460346138, "NCL": 0.6444047151055254, "NIU": 0.4959737460346138, "PRI": 0.7185022783074417, "PYF": 0.6082014690178804, "SXM": 0.633131900807373, "VGB": 0.6498403716225285, "VIR": 0.7157156872801737}, "2012": {"ATG": 0.696764851760318, "BHS": 0.631783359338739, "BRB": 0.712456793900714, "BLZ": 0.420769762726957, "CPV": 0.613067276222976, "COM": 0.311503562216852, "CUB": 0.372258617910006, "DMA": 0.635167279757389, "DOM": 0.375735824423803, "FJI": 0.355477859423084, "GRD": 0.534987237710479, "GNB": 0.212215477993423, "GUY": 0.407864911929382, "HTI": 0.250466652251988, "JAM": 0.436831481750639, "KIR": 0.538165434392211, "MDV": 0.404319620106151, "MHL": 0.515999837977857, "MUS": 0.701351278035845, "FSM": 0.507381641997405, "NRU": 0.653847913690099, "PLW": 0.687416130641247, "PNG": 0.346655623454365, "KNA": 0.648992075957853, "LCA": 0.639914120297882, "VCT": 0.688454113536275, "WSM": 0.642809117459847, "STP": 0.363977282548034, "SYC": 0.507627752174715, "SGP": 0.849442428822547, "SLB": 0.404673283193847, "SUR": 0.499181040851279, "TLS": 0.344323516294695, "TON": 0.503060188370679, "TTO": 0.482783112676856, "TUV": 0.600793075379694, "VUT": 0.566149675485315, "ABW": 0.6230959283199052, "AIA": 0.4959173854881215, "ASM": 0.6724039778862476, "COK": 0.4959173854881215, "CUW": 0.6717628810156898, "GUM": 0.6519126967923545, "MNP": 0.6356665901966567, "MSR": 0.4959173854881215, "NCL": 0.6046372223431363, "NIU": 0.4959173854881215, "PRI": 0.7111085283334081, "PYF": 0.6330556210871932, "SXM": 0.5184770823690705, "VGB": 0.6616975261162545, "VIR": 0.7055848008657015}, "2013": {"ATG": 0.67449138417936, "BHS": 0.635345109294372, "BRB": 0.715297537587923, "BLZ": 0.418959426524897, "CPV": 0.615382258450761, "COM": 0.326967460007789, "CUB": 0.373876709118688, "DMA": 0.637500249206473, "DOM": 0.406164063161316, "FJI": 0.349263023506929, "GRD": 0.536540719077048, "GNB": 0.199922046814586, "GUY": 0.406593877210566, "HTI": 0.256965793651064, "JAM": 0.441876879816367, "KIR": 0.545985717352563, "MDV": 0.364212225306183, "MHL": 0.536498429847479, "MUS": 0.696475422078727, "FSM": 0.52322219428879, "NRU": 0.632489529943132, "PLW": 0.687348839057347, "PNG": 0.324865779844909, "KNA": 0.652218301788735, "LCA": 0.647677911594196, "VCT": 0.682255093768634, "WSM": 0.644232909326709, "STP": 0.359994484541331, "SYC": 0.524465581387846, "SGP": 0.844416978947084, "SLB": 0.407503393293383, "SUR": 0.501578670479849, "TLS": 0.3281741673748148, "TON": 0.509357275280806, "TTO": 0.47742634367111, "TUV": 0.605439317044933, "VUT": 0.570993613170764, "ABW": 0.6801918873120608, "AIA": 0.4963215316117214, "ASM": 0.5721246678661196, "COK": 0.4963215316117214, "CUW": 0.6410582635197495, "GUM": 0.6853269203315037, "MNP": 0.6003595666179675, "MSR": 0.4963215316117214, "NCL": 0.5767760712245378, "NIU": 0.4963215316117214, "PRI": 0.6776322646565289, "PYF": 0.6607446404969646, "SXM": 0.5929937639276216, "VGB": 0.6588328552644338, "VIR": 0.6837657535158452}, "2014": {"ATG": 0.475720630416039, "BHS": 0.640734190516446, "BRB": 0.72240817447656, "BLZ": 0.364498818586232, "CPV": 0.634737127207543, "COM": 0.335800212839836, "CUB": 0.38161109755293, "DMA": 0.606948311846172, "DOM": 0.430979991206455, "FJI": 0.410257760966567, "GRD": 0.477623928803193, "GNB": 0.250906282818508, "GUY": 0.389682060631013, "HTI": 0.278272842031856, "JAM": 0.455189915642383, "KIR": 0.486066631192582, "MDV": 0.406598487822126, "MHL": 0.46693274058533, "MUS": 0.68918456280407, "FSM": 0.455406748618672, "NRU": 0.312812112139597, "PLW": 0.564392192065891, "PNG": 0.353413986274991, "KNA": 0.52437236386825, "LCA": 0.62158078797616, "VCT": 0.618692455774197, "WSM": 0.65091131597219, "STP": 0.355152070108563, "SYC": 0.535172896532787, "SGP": 0.867770041651447, "SLB": 0.412060416706839, "SUR": 0.483559204080982, "TLS": 0.4003984982817078, "TON": 0.481853377019675, "TTO": 0.49264013767076, "TUV": 0.583591414747131, "VUT": 0.545401870941815, "ABW": 0.5811378316215721, "AIA": 0.4189460111359783, "ASM": 0.5064172753457754, "COK": 0.4189460111359783, "CUW": 0.6204927936836718, "GUM": 0.5379536038819738, "MNP": 0.5636559373355223, "MSR": 0.4189460111359783, "NCL": 0.5770199823425104, "NIU": 0.4189460111359783, "PRI": 0.6469564023265998, "PYF": 0.5544152138824441, "SXM": 0.5147206744157635, "VGB": 0.5852690395215882, "VIR": 0.6613689375603606}}, "upperIntervals": {"2010": {"TLS": 0.336222848341975, "ABW": 0.6636335807157939, "AIA": 0.504925714030822, "ASM": 0.62226539959435, "COK": 0.504925714030822, "CUW": 0.65506294406901, "GUM": 0.737529533009715, "MNP": 0.603375654000659, "MSR": 0.504925714030822, "NCL": 0.722892233829861, "NIU": 0.504925714030822, "PRI": 0.748601770764316, "PYF": 0.648607912799258, "SXM": 0.68980805755612, "VGB": 0.682229519465021, "VIR": 0.707013424186582}, "2011": {"TLS": 0.440129277112602, "ABW": 0.645295369316522, "AIA": 0.514097126860055, "ASM": 0.6914941056774578, "COK": 0.514097126860055, "CUW": 0.604164249500058, "GUM": 0.7109461100982295, "MNP": 0.645295369316522, "MSR": 0.514097126860055, "NCL": 0.66218332744031, "NIU": 0.514097126860055, "PRI": 0.742246853963793, "PYF": 0.629301484644936, "SXM": 0.641175957138448, "VGB": 0.664542314745511, "VIR": 0.7222716770295319}, "2012": {"TLS": 0.3490967963696679, "ABW": 0.639914120297882, "AIA": 0.507571032715826, "ASM": 0.69306966253545, "COK": 0.507571032715826, "CUW": 0.7091907767412081, "GUM": 0.665727673796361, "MNP": 0.642809117459847, "MSR": 0.507571032715826,