{"data": {"2010": {"ATG": 0.81735321528425, "BHS": 0.448580869270524, "BRB": 0.435211386935525, "BLZ": 0.763941370837922, "CPV": 0.856451749555198, "COM": 0.918831370555509, "CUB": 0.0, "DMA": 0.409539947470982, "DOM": 0.821536897398966, "FJI": 0.774023553333898, "GRD": 0.622526630363621, "GNB": 0.949572142675591, "GUY": 0.856604253155977, "HTI": 0.894295452916142, "JAM": 0.859611963060239, "KIR": 0.633677878505465, "MDV": 0.445666356011184, "MHL": 0.761213250868423, "MUS": 0.653842243497416, "FSM": 0.703871896975345, "NRU": 0.906871134457341, "PLW": 0.303448275862069, "PNG": 0.953494874184529, "KNA": 0.391842267704337, "LCA": 0.860399898330933, "VCT": 0.723129712784885, "WSM": 0.840549012962806, "STP": 0.785565303120162, "SYC": 0.524942811149708, "SGP": 0.369999152757773, "SLB": 0.807150724392104, "SUR": 0.711996949927984, "TLS": 0.89613657544692, "TON": 0.626950775226637, "TTO": 0.597720918410574, "TUV": 0.414708125052953, "VUT": 0.846547487926798, "ABW": 0.7083097072804936, "AIA": 0.7119661518258061, "ASM": 0.6696268073009769, "COK": 0.7119661518258061, "CUW": 0.5410703063106514, "GUM": 0.5490846868077288, "MNP": 0.6971475668151237, "MSR": 0.7119661518258061, "NCL": 0.5290215689296724, "NIU": 0.7119661518258061, "PRI": 0.418753354036457, "PYF": 0.7840516309702074, "SXM": 0.3947839158173017, "VGB": 0.6806060579980328, "VIR": 0.6505201877293261}, "2011": {"ATG": 0.74831652969584, "BHS": 0.461001440311785, "BRB": 0.44929739412498, "BLZ": 0.786749131576718, "CPV": 0.85826484792002, "COM": 0.913219802874975, "CUB": 0.407260865881556, "DMA": 0.419831116382841, "DOM": 0.755240193171228, "FJI": 0.744347482278516, "GRD": 0.62243728481973, "GNB": 0.946996526306871, "GUY": 0.884193284193284, "HTI": 0.887884436160298, "JAM": 0.850796407692959, "KIR": 0.654528509700923, "MDV": 0.433029738202152, "MHL": 0.6581716512751, "MUS": 0.628967211725832, "FSM": 0.719264170126239, "NRU": 0.295433364398882, "PLW": 0.313930780310091, "PNG": 0.957421236731582, "KNA": 0.396659444935307, "LCA": 0.847030415995933, "VCT": 0.56059476404304, "WSM": 0.828458866389901, "STP": 0.785552979596867, "SYC": 0.901423366940608, "SGP": 0.420130475302889, "SLB": 0.831712276539863, "SUR": 0.743158519020588, "TLS": 0.89581462340083, "TON": 0.622875540116919, "TTO": 0.568270778615606, "TUV": 0.461943997288825, "VUT": 0.837562484114208, "ABW": 0.8133921834789006, "AIA": 0.7143885893387772, "ASM": 0.6322176785216137, "COK": 0.7143885893387772, "CUW": 0.5586610035619061, "GUM": 0.4603161345784393, "MNP": 0.554237677470455, "MSR": 0.7143885893387772, "NCL": 0.478057454091386, "NIU": 0.7143885893387772, "PRI": 0.3908327553517255, "PYF": 0.698998567397371, "SXM": 0.5727245679419362, "VGB": 0.4982767864247914, "VIR": 0.5955093481442096}, "2012": {"ATG": 0.67927984410743, "BHS": 0.476599169702618, "BRB": 0.463383401314436, "BLZ": 0.809556892315513, "CPV": 0.86405998474964, "COM": 0.907608235194442, "CUB": 0.0, "DMA": 0.430122285294699, "DOM": 0.816851647886131, "FJI": 0.714671411223136, "GRD": 0.622347939275839, "GNB": 0.950915021604677, "GUY": 0.911782315230591, "HTI": 0.908148352113869, "JAM": 0.84198085232568, "KIR": 0.621964754723375, "MDV": 0.42039312039312, "MHL": 0.68477505718885, "MUS": 0.631085317292214, "FSM": 0.734656443277133, "NRU": 0.300512581547064, "PLW": 0.324413284758112, "PNG": 0.961347599278634, "KNA": 0.401476622166277, "LCA": 0.818825722273998, "VCT": 0.398059815301195, "WSM": 0.816368719816996, "STP": 0.785540656073571, "SYC": 0.531619079894942, "SGP": 0.383766838939253, "SLB": 0.839794967381174, "SUR": 0.774320088113192, "TLS": 0.879767855629925, "TON": 0.618800305007202, "TTO": 0.546316614420063, "TUV": 0.509179869524697, "VUT": 0.828577480301618, "ABW": 0.6415514106749196, "AIA": 0.7054051045064098, "ASM": 0.6019584223276222, "COK": 0.7054051045064098, "CUW": 0.65294920857031, "GUM": 0.3694316214311344, "MNP": 0.4556857107438738, "MSR": 0.7054051045064098, "NCL": 0.6458957489926667, "NIU": 0.7054051045064098, "PRI": 0.3856196446911815, "PYF": 0.7970153338788663, "SXM": 0.7804618549213144, "VGB": 0.5930590745775817, "VIR": 0.4385746921988444}, "2013": {"ATG": 0.610243158519021, "BHS": 0.492196899093451, "BRB": 0.477469408503891, "BLZ": 0.0, "CPV": 0.882343471998644, "COM": 0.966364483605863, "CUB": 0.0, "DMA": 0.440413454206558, "DOM": 0.878463102601034, "FJI": 0.684995340167754, "GRD": 0.622258593731948, "GNB": 0.954833516902482, "GUY": 0.939371346267898, "HTI": 0.92841226806744, "JAM": 0.838871473354232, "KIR": 0.589400999745827, "MDV": 0.407756502584089, "MHL": 0.690174814312745, "MUS": 0.594569177327798, "FSM": 0.750048716428027, "NRU": 0.305591798695247, "PLW": 0.334895789206134, "PNG": 0.965273961825686, "KNA": 0.406293799397247, "LCA": 0.79339151063289, "VCT": 0.235524866559349, "WSM": 0.959196814369228, "STP": 0.785528332550276, "SYC": 0.432716258578328, "SGP": 0.367304922477336, "SLB": 0.815284249767008, "SUR": 0.805481657205795, "TLS": 0.863721087859019, "TON": 0.614725069897484, "TTO": 0.524362450224519, "TUV": 0.556415741760569, "VUT": 0.838606710158434, "ABW": 0.4491073505724752, "AIA": 0.7081109016983407, "ASM": 0.7336084768697453, "COK": 0.7081109016983407, "CUW": 0.6421626298483075, "GUM": 0.5313548653983747, "MNP": 0.479986971640333, "MSR": 0.7081109016983407, "NCL": 0.6047234181505249, "NIU": 0.7081109016983407, "PRI": 0.4301993249809308, "PYF": 0.7036744756051755, "SXM": 0.6970322668529716, "VGB": 0.5583623446382793, "VIR": 0.4926334400439194}, "2014": {"ATG": 0.602982292637465, "BHS": 0.507794628484284, "BRB": 0.491555415693347, "BLZ": 0.0, "CPV": 0.922257053291536, "COM": 0.952181648733373, "CUB": 0.0, "DMA": 0.426899940693044, "DOM": 0.877243073794798, "FJI": 0.678272473100059, "GRD": 0.622169248188057, "GNB": 0.95576548335169, "GUY": 0.94690332966195, "HTI": 0.948676184021012, "JAM": 0.84697958146234, "KIR": 0.589920641644779, "MDV": 0.395119884775057, "MHL": 0.695574571436641, "MUS": 0.558451241209862, "FSM": 0.765440989578921, "NRU": 0.31067101584343, "PLW": 0.345378293654156, "PNG": 0.969200324372738, "KNA": 0.411110976628218, "LCA": 0.63987969160383, "VCT": 0.234516648309752, "WSM": 0.84270100821825, "STP": 0.78551600902698, "SYC": 0.333813437261713, "SGP": 0.34279420486317, "SLB": 0.811234431924087, "SUR": 0.82764551385241, "TLS": 0.823451664830975, "TON": 0.632127425230874, "TTO": 0.502408286028976, "TUV": 0.603651613996442, "VUT": 0.84863594001525, "ABW": 0.441068254763536, "AIA": 0.6972095329967268, "ASM": 0.602527023385268, "COK": 0.6972095329967268, "CUW": 0.7867382178230171, "GUM": 0.5958810976704411, "MNP": 0.6864890315705386, "MSR": 0.6972095329967268, "NCL": 0.5421284742806706, "NIU": 0.6972095329967268, "PRI": 0.3036685142531226, "PYF": 0.5908557525308157, "SXM": 0.6218832291870068, "VGB": 0.7026786041812687, "VIR": 0.3258753630887177}}, "upperIntervals": {"2010": {"ABW": 0.949572142675591, "AIA": 0.948724900449038, "ASM": 0.948724900449038, "COK": 0.948724900449038, "CUW": 0.8786325510463441, "GUM": 0.834889434889435, "MNP": 0.902228247055833, "MSR": 0.948724900449038, "NCL": 0.8795409959332364, "NIU": 0.948724900449038, "PRI": 0.912886554265865, "PYF": 0.950034313310175, "SXM": 0.834889434889435, "VGB": 0.958815555367279, "VIR": 0.948724900449038}, "2011": {"ABW": 0.908902118363821, "AIA": 0.921337795475727, "ASM": 0.935696270179029, "COK": 0.921337795475727, "CUW": 0.844538464797085, "GUM": 0.845564686943997, "MNP": 0.902788485978141, "MSR": 0.921337795475727, "NCL": 0.7839366560548242, "NIU": 0.921337795475727, "PRI": 0.7534835458499243, "PYF": 0.9281444566823872, "SXM": 0.8091490915783236, "VGB": 0.8470304159959331, "VIR": 0.8308660932228812}, "2012": {"ABW": 0.9312282202560682, "AIA": 0.916695967127002, "ASM": 0.933658326761775, "COK": 0.916695967127002, "CUW": 0.882066000169448, "GUM": 0.7225235245246175, "MNP": 0.85623993899856, "MSR": 0.916695967127002, "NCL": 0.864686943997289, "NIU": 0.916695967127002, "PRI": 0.863560111835974, "PYF": 0.906656038348958, "SXM": 0.8939506905024152, "VGB": 0.8641968143692281,