{"ndgain-id_infr_04-raw": {"data": {"2010": {"ATG": 11.829548498, "BHS": 20.284972574, "BHR": 34.281653244, "BRB": 0.705708771, "BLZ": 20.532004548, "CPV": 5.636994383, "COM": 0.723851157, "CUB": 2.907142218, "DMA": 0.98172487, "DOM": 1.230040795, "FJI": 4.892924565, "GRD": 1.885817633, "GNB": 15.2648231, "GUY": 27.86865105, "HTI": 1.867985623, "JAM": 3.629412269, "KIR": 20.570596352, "MDV": 48.23643801, "MHL": 35.86786808, "MUS": 1.413202542, "FSM": 8.41057523, "NRU": 7.613074013, "PLW": 3.453916326, "PNG": 0.487487608, "KNA": 3.89468574, "LCA": 1.614210115, "VCT": 3.710258969, "WSM": 1.44459699, "STP": 1.320859447, "SYC": 16.637164547, "SGP": 10.332070593, "SLB": 2.856797328, "SUR": 56.188497572, "TLS": 0.9350375, "TON": 7.528864139, "TTO": 2.907216261, "TUV": 47.46696097, "VUT": 1.176430145}, "2000": {"ATG": 11.783117875, "BHS": 20.401368008, "BHR": 34.297486256, "BRB": 0.715679613, "BLZ": 20.63278388, "CPV": 5.56524502, "COM": 0.723716408, "CUB": 2.9048968, "DMA": 0.981510407, "DOM": 1.243797671, "FJI": 4.842609295, "GRD": 1.898765868, "GNB": 15.299053821, "GUY": 27.89382893, "HTI": 1.828625403, "JAM": 3.629173432, "KIR": 20.570518704, "MDV": 48.23643801, "MHL": 35.86786808, "MUS": 1.408901749, "FSM": 8.415367187, "NRU": 7.626450683, "PLW": 3.537331467, "PNG": 0.488582024, "KNA": 3.883866749, "LCA": 1.59973112, "VCT": 3.724920276, "WSM": 1.452109845, "STP": 1.308402791, "SYC": 16.746553599, "SGP": 10.48213837, "SLB": 2.820193, "SUR": 55.960698118, "TLS": 0.935187033, "TON": 7.531481197, "TTO": 2.9237912, "TUV": 47.46696097, "VUT": 1.173296785}, "recentYear": {"ATG": "2000", "BHS": "2000", "BHR": "2000", "BRB": "2000", "BLZ": "2000", "CPV": "2000", "COM": "2000", "CUB": "2000", "DMA": "2000", "DOM": "2000", "FJI": "2000", "GRD": "2000", "GNB": "2000", "GUY": "2000", "HTI": "2000", "JAM": "2000", "KIR": "2000", "MDV": "2000", "MHL": "2000", "MUS": "2000", "FSM": "2000", "NRU": "2000", "PLW": "2000", "PNG": "2000", "KNA": "2000", "LCA": "2000", "VCT": "2000", "WSM": "2000", "STP": "2000", "SYC": "2000", "SGP": "2000", "SLB": "2000", "SUR": "2000", "TLS": "2000", "TON": "2000", "TTO": "2000", "TUV": "2000", "VUT": "2000"}, "recentValue": {"ATG": 11.783117875, "BHS": 20.401368008, "BHR": 34.297486256, "BRB": 0.715679613, "BLZ": 20.63278388, "CPV": 5.56524502, "COM": 0.723716408, "CUB": 2.9048968, "DMA": 0.981510407, "DOM": 1.243797671, "FJI": 4.842609295, "GRD": 1.898765868, "GNB": 15.299053821, "GUY": 27.89382893, "HTI": 1.828625403, "JAM": 3.629173432, "KIR": 20.570518704, "MDV": 48.23643801, "MHL": 35.86786808, "MUS": 1.408901749, "FSM": 8.415367187, "NRU": 7.626450683, "PLW": 3.537331467, "PNG": 0.488582024, "KNA": 3.883866749, "LCA": 1.59973112, "VCT": 3.724920276, "WSM": 1.452109845, "STP": 1.308402791, "SYC": 16.746553599, "SGP": 10.48213837, "SLB": 2.820193, "SUR": 55.960698118, "TLS": 0.935187033, "TON": 7.531481197, "TTO": 2.9237912, "TUV": 47.46696097, "VUT": 1.173296785}}, "def": "Description: The proportion of the population living in the area where elevation is 5 m or less. It is a simple measure of the population sensitive to coastal risks. \nRationale: An estimate of the population sensitive to the risks arising from seal-level rise, storm surge and similar effects, which are exacerbated by climate change. ", "name": "Population living under 5m above sea level", "source": "Population living in areas where elevation is below 5 meters (% of total; population), WDI", "dataset": "ndgain", "category": "Indicators", "subcategory": "Infrastructure", "link": "https://gain.nd.edu/", "dim": "raw", "priority": "4.0", "units": "%"}}