{"blasiak-sea-26-16": {"data": {"2014": {"ALB": 0.471428571, "DZA": 0.414285714, "AGO": 0.481632653, "ATG": 0.492857143, "ARG": 0.080612245, "ABW": 0.458163265, "AUS": 0.492857143, "BHS": 0.432653061, "BHR": 0.423469388, "BGD": 0.408163265, "BRB": 0.469387755, "BEL": 0.508163265, "BLZ": 0.42755102, "BEN": 0.47244898, "BRA": 0.519387755, "BRN": 0.474489796, "BGR": 0.41122449, "KHM": 0.202040816, "CMR": 0.492857143, "CAN": 1.0, "CPV": 0.489795918, "CHL": 0.013265306, "CHN": 0.463265306, "COL": 0.316326531, "COM": 0.756122449, "COG": 0.475510204, "CRI": 0.455102041, "CIV": 0.431632653, "HRV": 0.416326531, "CUB": 0.465306122, "CYP": 0.401020408, "DNK": 0.492857143, "DJI": 0.418367347, "DMA": 0.407142857, "DOM": 0.433673469, "ECU": 0.415306122, "SLV": 0.47244898, "GNQ": 0.426530612, "ERI": 0.470408163, "EST": 0.540816327, "FJI": 0.314285714, "FIN": 0.586734694, "FRA": 0.606122449, "GAB": 0.478571429, "GMB": 0.435714286, "GEO": 0.442857143, "DEU": 0.567346939, "GHA": 0.403061224, "GRC": 0.430612245, "GRD": 0.424489796, "GTM": 0.404081633, "GIN": 0.453061224, "GNB": 0.426530612, "GUY": 0.47244898, "HTI": 0.43877551, "HND": 0.439795918, "HKG": 0.475510204, "ISL": 0.020408163, "IND": 0.496938776, "IDN": 0.492857143, "IRL": 0.320408163, "ISR": 0.495918367, "ITA": 0.439795918, "JAM": 0.437755102, "JPN": 0.428571429, "JOR": 0.48877551, "KEN": 0.403163265, "KIR": 0.475510204, "KWT": 0.42244898, "LVA": 0.42755102, "LBN": 0.445918367, "LBR": 0.433673469, "LBY": 0.471428571, "LTU": 0.426530612, "MAC": 0.469387755, "MDG": 0.4, "MYS": 0.213265306, "MDV": 0.431632653, "MLT": 0.402040816, "MRT": 0.417346939, "MUS": 0.453061224, "MEX": 0.274489796, "MNE": 0.487755102, "MAR": 0.433673469, "MOZ": 0.725510204, "MMR": 0.370408163, "NAM": 0.0, "NLD": 0.444897959, "NZL": 0.087755102, "NIC": 0.490816327, "NGA": 0.41122449, "NOR": 0.573469388, "OMN": 0.416326531, "PAK": 0.316326531, "PAN": 0.297959184, "PNG": 0.318367347, "PER": 0.237755102, "PHL": 0.337755102, "POL": 0.487755102, "PRT": 0.402040816, "QAT": 0.455102041, "ROU": 0.496938776, "RUS": 0.735714286, "WSM": 0.475510204, "STP": 0.444897959, "SAU": 0.446938776, "SEN": 0.482653061, "SYC": 0.416326531, "SLE": 0.465306122, "SGP": 0.409183673, "SVN": 0.404081633, "SLB": 0.486734694, "SOM": 0.345918367, "ZAF": 0.208163265, "ESP": 0.487755102, "LKA": 0.458163265, "KNA": 0.485714286, "LCA": 0.467346939, "VCT": 0.485714286, "SDN": 0.447959184, "SUR": 0.301020408, "SWE": 0.468367347, "SYR": 0.486734694, "TZA": 0.313265306, "THA": 0.312244898, "TLS": 0.440816327, "TGO": 0.474489796, "TON": 0.337755102, "TTO": 0.310204082, "TUN": 0.329591837, "TUR": 0.331632653, "TUV": 0.419387755, "UKR": 0.485714286, "ARE": 0.458163265, "GBR": 0.376530612, "USA": 0.357142857, "URY": 0.210204082, "VUT": 0.434693878, "VNM": 0.486734694}, "recentYear": {"ALB": "2014", "DZA": "2014", "AGO": "2014", "ATG": "2014", "ARG": "2014", "ABW": "2014", "AUS": "2014", "BHS": "2014", "BHR": "2014", "BGD": "2014", "BRB": "2014", "BEL": "2014", "BLZ": "2014", "BEN": "2014", "BRA": "2014", "BRN": "2014", "BGR": "2014", "KHM": "2014", "CMR": "2014", "CAN": "2014", "CPV": "2014", "CHL": "2014", "CHN": "2014", "COL": "2014", "COM": "2014", "COG": "2014", "CRI": "2014", "CIV": "2014", "HRV": "2014", "CUB": "2014", "CYP": "2014", "DNK": "2014", "DJI": "2014", "DMA": "2014", "DOM": "2014", "ECU": "2014", "SLV": "2014", "GNQ": "2014", "ERI": "2014", "EST": "2014", "FJI": "2014", "FIN": "2014", "FRA": "2014", "GAB": "2014", "GMB": "2014", "GEO": "2014", "DEU": "2014", "GHA": "2014", "GRC": "2014", "GRD": "2014", "GTM": "2014", "GIN": "2014", "GNB": "2014", "GUY": "2014", "HTI": "2014", "HND": "2014", "HKG": "2014", "ISL": "2014", "IND": "2014", "IDN": "2014", "IRL": "2014", "ISR": "2014", "ITA": "2014", "JAM": "2014", "JPN": "2014", "JOR": "2014", "KEN": "2014", "KIR": "2014", "KWT": "2014", "LVA": "2014", "LBN": "2014", "LBR": "2014", "LBY": "2014", "LTU": "2014", "MAC": "2014", "MDG": "2014", "MYS": "2014", "MDV": "2014", "MLT": "2014", "MRT": "2014", "MUS": "2014", "MEX": "2014", "MNE": "2014", "MAR": "2014", "MOZ": "2014", "MMR": "2014", "NAM": "2014", "NLD": "2014", "NZL": "2014", "NIC": "2014", "NGA": "2014", "NOR": "2014", "OMN": "2014", "PAK": "2014", "PAN": "2014", "PNG": "2014", "PER": "2014", "PHL": "2014", "POL": "2014", "PRT": "2014", "QAT": "2014", "ROU": "2014", "RUS": "2014", "WSM": "2014", "STP": "2014", "SAU": "2014", "SEN": "2014", "SYC": "2014", "SLE": "2014", "SGP": "2014", "SVN": "2014", "SLB": "2014", "SOM": "2014", "ZAF": "2014", "ESP": "2014", "LKA": "2014", "KNA": "2014", "LCA": "2014", "VCT": "2014", "SDN": "2014", "SUR": "2014", "SWE": "2014", "SYR": "2014", "TZA": "2014", "THA": "2014", "TLS": "2014", "TGO": "2014", "TON": "2014", "TTO": "2014", "TUN": "2014", "TUR": "2014", "TUV": "2014", "UKR": "2014", "ARE": "2014", "GBR": "2014", "USA": "2014", "URY": "2014", "VUT": "2014", "VNM": "2014"}, "recentValue": {"ALB": 0.471428571, "DZA": 0.414285714, "AGO": 0.481632653, "ATG": 0.492857143, "ARG": 0.080612245, "ABW": 0.458163265, "AUS": 0.492857143, "BHS": 0.432653061, "BHR": 0.423469388, "BGD": 0.408163265, "BRB": 0.469387755, "BEL": 0.508163265, "BLZ": 0.42755102, "BEN": 0.47244898, "BRA": 0.519387755, "BRN": 0.474489796, "BGR": 0.41122449, "KHM": 0.202040816, "CMR": 0.492857143, "CAN": 1.0, "CPV": 0.489795918, "CHL": 0.013265306, "CHN": 0.463265306, "COL": 0.316326531, "COM": 0.756122449, "COG": 0.475510204, "CRI": 0.455102041, "CIV": 0.431632653, "HRV": 0.416326531, "CUB": 0.465306122, "CYP": 0.401020408, "DNK": 0.492857143, "DJI": 0.418367347, "DMA": 0.407142857, "DOM": 0.433673469, "ECU": 0.415306122, "SLV": 0.47244898, "GNQ": 0.426530612, "ERI": 0.470408163, "EST": 0.540816327, "FJI": 0.314285714, "FIN": 0.586734694, "FRA": 0.606122449, "GAB": 0.478571429, "GMB": 0.435714286, "GEO": 0.442857143, "DEU": 0.567346939, "GHA": 0.403061224, "GRC": 0.430612245, "GRD": 0.424489796, "GTM": 0.404081633, "GIN": 0.453061224, "GNB": 0.426530612, "GUY": 0.47244898, "HTI": 0.43877551, "HND": 0.439795918, "HKG": 0.475510204, "ISL": 0.020408163, "IND": 0.496938776, "IDN": 0.492857143, "IRL": 0.320408163, "ISR": 0.495918367, "ITA": 0.439795918, "JAM": 0.437755102, "JPN": 0.428571429, "JOR": 0.48877551, "KEN": 0.403163265, "KIR": 0.475510204, "KWT": 0.42244898, "LVA": 0.42755102, "LBN": 0.445918367, "LBR": 0.433673469, "LBY": 0.471428571, "LTU": 0.426530612, "MAC": 0.469387755, "MDG": 0.4, "MYS": 0.213265306, "MDV": 0.431632653, "MLT": 0.402040816, "MRT": 0.417346939, "MUS": 0.453061224, "MEX": 0.274489796, "MNE": 0.487755102, "MAR": 0.433673469, "MOZ": 0.725510204, "MMR": 0.370408163, "NAM": 0.0, "NLD": 0.444897959, "NZL": 0.087755102, "NIC": 0.490816327, "NGA": 0.41122449, "NOR": 0.573469388, "OMN": 0.416326531, "PAK": 0.316326531, "PAN": 0.297959184, "PNG": 0.318367347, "PER": 0.237755102, "PHL": 0.337755102, "POL": 0.487755102, "PRT": 0.402040816, "QAT": 0.455102041, "ROU": 0.496938776, "RUS": 0.735714286, "WSM": 0.475510204, "STP": 0.444897959, "SAU": 0.446938776, "SEN": 0.482653061, "SYC": 0.416326531, "SLE": 0.465306122, "SGP": 0.409183673, "SVN": 0.404081633, "SLB": 0.486734694, "SOM": 0.345918367, "ZAF": 0.208163265, "ESP": 0.487755102, "LKA": 0.458163265, "KNA": 0.485714286, "LCA": 0.467346939, "VCT": 0.485714286, "SDN": 0.447959184, "SUR": 0.301020408, "SWE": 0.468367347, "SYR": 0.486734694, "TZA": 0.313265306, "THA": 0.312244898, "TLS": 0.440816327, "TGO": 0.474489796, "TON": 0.337755102, "TTO": 0.310204082, "TUN": 0.329591837, "TUR": 0.331632653, "TUV": 0.419387755, "UKR": 0.485714286, "ARE": 0.458163265, "GBR": 0.376530612, "USA": 0.357142857, "URY": 0.210204082, "VUT": 0.434693878, "VNM": 0.486734694}},