{"blasiak-sea-45-50": {"data": {"2014": {"ALB": 0.474688797, "DZA": 0.724481328, "AGO": 0.396680498, "ATG": 0.6, "ARG": 0.453112033, "ABW": 0.509543568, "AUS": 0.678008299, "BHS": 0.734439834, "BHR": 0.489626556, "BGD": 0.452282158, "BRB": 0.41659751, "BEL": 0.804979253, "BLZ": 0.575103734, "BEN": 0.517012448, "BRA": 0.547717842, "BRN": 0.334439834, "BGR": 0.669709544, "KHM": 0.498755187, "CMR": 0.451452282, "CAN": 0.966804979, "CPV": 0.647302905, "CHL": 0.310373444, "CHN": 0.46473029, "COL": 0.356846473, "COM": 1.0, "COG": 0.408298755, "CRI": 0.537759336, "CIV": 0.635684647, "HRV": 0.422406639, "CUB": 0.459751037, "CYP": 0.755186722, "DNK": 0.458921162, "DJI": 0.37593361, "DMA": 0.638174274, "DOM": 0.51120332, "ECU": 0.598340249, "SLV": 0.312033195, "GNQ": 0.447302905, "ERI": 0.516182573, "EST": 0.439004149, "FJI": 0.459751037, "FIN": 0.814937759, "FRA": 0.802489627, "GAB": 0.699585062, "GMB": 0.403319502, "GEO": 0.730290456, "DEU": 0.543568465, "GHA": 0.524481328, "GRC": 0.550207469, "GRD": 0.565975104, "GTM": 0.622406639, "GIN": 0.412448133, "GNB": 0.408298755, "GUY": 0.563485477, "HTI": 0.602489627, "HND": 0.762655602, "HKG": 0.762655602, "ISL": 0.0, "IND": 0.491286307, "IDN": 0.39253112, "IRL": 0.397510373, "ISR": 0.515352697, "ITA": 0.567634855, "JAM": 0.499585062, "JPN": 0.598340249, "JOR": 0.645643154, "KEN": 0.429045643, "KIR": 0.585892116, "KWT": 0.629045643, "LVA": 0.360165975, "LBN": 0.427385892, "LBR": 0.50373444, "LBY": 0.674688797, "LTU": 0.492116183, "MAC": 0.558506224, "MDG": 0.451452282, "MYS": 0.304564315, "MDV": 0.356846473, "MLT": 0.770124481, "MRT": 0.428215768, "MUS": 0.490456432, "MEX": 0.594190871, "MNE": 0.405809129, "MAR": 0.705394191, "MOZ": 0.954356846, "MMR": 0.35186722, "NAM": 0.099585062, "NLD": 0.481327801, "NZL": 0.428215768, "NIC": 0.478838174, "NGA": 0.685477178, "NOR": 0.632365145, "OMN": 0.776763485, "PAK": 0.457261411, "PAN": 0.500414938, "PNG": 0.388381743, "PER": 0.453112033, "PHL": 0.373443983, "POL": 0.545228216, "PRT": 0.60746888, "QAT": 0.452282158, "ROU": 0.498755187, "RUS": 0.870539419, "WSM": 0.707053942, "STP": 0.690456432, "SAU": 0.398340249, "SEN": 0.526141079, "SYC": 0.451452282, "SLE": 0.581742739, "SGP": 0.598340249, "SVN": 0.574273859, "SLB": 0.442323651, "SOM": 0.570124481, "ZAF": 0.490456432, "ESP": 0.580082988, "LKA": 0.712033195, "KNA": 0.547717842, "LCA": 0.656431535, "VCT": 0.576763485, "SDN": 0.581742739, "SUR": 0.567634855, "SWE": 0.760165975, "SYR": 0.474688797, "TZA": 0.670539419, "THA": 0.658091286, "TLS": 0.385892116, "TGO": 0.358506224, "TON": 0.55186722, "TTO": 0.355186722, "TUN": 0.345228216, "TUR": 0.40746888, "TUV": 0.38340249, "UKR": 0.670539419, "ARE": 0.539419087, "GBR": 0.38340249, "USA": 0.458921162, "URY": 0.429045643, "VUT": 0.570954357, "VNM": 0.557676349}, "recentYear": {"ALB": "2014", "DZA": "2014", "AGO": "2014", "ATG": "2014", "ARG": "2014", "ABW": "2014", "AUS": "2014", "BHS": "2014", "BHR": "2014", "BGD": "2014", "BRB": "2014", "BEL": "2014", "BLZ": "2014", "BEN": "2014", "BRA": "2014", "BRN": "2014", "BGR": "2014", "KHM": "2014", "CMR": "2014", "CAN": "2014", "CPV": "2014", "CHL": "2014", "CHN": "2014", "COL": "2014", "COM": "2014", "COG": "2014", "CRI": "2014", "CIV": "2014", "HRV": "2014", "CUB": "2014", "CYP": "2014", "DNK": "2014", "DJI": "2014", "DMA": "2014", "DOM": "2014", "ECU": "2014", "SLV": "2014", "GNQ": "2014", "ERI": "2014", "EST": "2014", "FJI": "2014", "FIN": "2014", "FRA": "2014", "GAB": "2014", "GMB": "2014", "GEO": "2014", "DEU": "2014", "GHA": "2014", "GRC": "2014", "GRD": "2014", "GTM": "2014", "GIN": "2014", "GNB": "2014", "GUY": "2014", "HTI": "2014", "HND": "2014", "HKG": "2014", "ISL": "2014", "IND": "2014", "IDN": "2014", "IRL": "2014", "ISR": "2014", "ITA": "2014", "JAM": "2014", "JPN": "2014", "JOR": "2014", "KEN": "2014", "KIR": "2014", "KWT": "2014", "LVA": "2014", "LBN": "2014", "LBR": "2014", "LBY": "2014", "LTU": "2014", "MAC": "2014", "MDG": "2014", "MYS": "2014", "MDV": "2014", "MLT": "2014", "MRT": "2014", "MUS": "2014", "MEX": "2014", "MNE": "2014", "MAR": "2014", "MOZ": "2014", "MMR": "2014", "NAM": "2014", "NLD": "2014", "NZL": "2014", "NIC": "2014", "NGA": "2014", "NOR": "2014", "OMN": "2014", "PAK": "2014", "PAN": "2014", "PNG": "2014", "PER": "2014", "PHL": "2014", "POL": "2014", "PRT": "2014", "QAT": "2014", "ROU": "2014", "RUS": "2014", "WSM": "2014", "STP": "2014", "SAU": "2014", "SEN": "2014", "SYC": "2014", "SLE": "2014", "SGP": "2014", "SVN": "2014", "SLB": "2014", "SOM": "2014", "ZAF": "2014", "ESP": "2014", "LKA": "2014", "KNA": "2014", "LCA": "2014", "VCT": "2014", "SDN": "2014", "SUR": "2014", "SWE": "2014", "SYR": "2014", "TZA": "2014", "THA": "2014", "TLS": "2014", "TGO": "2014", "TON": "2014", "TTO": "2014", "TUN": "2014", "TUR": "2014", "TUV": "2014", "UKR": "2014", "ARE": "2014", "GBR": "2014", "USA": "2014", "URY": "2014", "VUT": "2014", "VNM": "2014"}, "recentValue": {"ALB": 0.474688797, "DZA": 0.724481328, "AGO": 0.396680498, "ATG": 0.6, "ARG": 0.453112033, "ABW": 0.509543568, "AUS": 0.678008299, "BHS": 0.734439834, "BHR": 0.489626556, "BGD": 0.452282158, "BRB": 0.41659751, "BEL": 0.804979253, "BLZ": 0.575103734, "BEN": 0.517012448, "BRA": 0.547717842, "BRN": 0.334439834, "BGR": 0.669709544, "KHM": 0.498755187, "CMR": 0.451452282, "CAN": 0.966804979, "CPV": 0.647302905, "CHL": 0.310373444, "CHN": 0.46473029, "COL": 0.356846473, "COM": 1.0, "COG": 0.408298755, "CRI": 0.537759336, "CIV": 0.635684647, "HRV": 0.422406639, "CUB": 0.459751037, "CYP": 0.755186722, "DNK": 0.458921162, "DJI": 0.37593361, "DMA": 0.638174274, "DOM": 0.51120332, "ECU": 0.598340249, "SLV": 0.312033195, "GNQ": 0.447302905, "ERI": 0.516182573, "EST": 0.439004149, "FJI": 0.459751037, "FIN": 0.814937759, "FRA": 0.802489627, "GAB": 0.699585062, "GMB": 0.403319502, "GEO": 0.730290456, "DEU": 0.543568465, "GHA": 0.524481328, "GRC": 0.550207469, "GRD": 0.565975104, "GTM": 0.622406639, "GIN": 0.412448133, "GNB": 0.408298755, "GUY": 0.563485477, "HTI": 0.602489627, "HND": 0.762655602, "HKG": 0.762655602, "ISL": 0.0, "IND": 0.491286307, "IDN": 0.39253112, "IRL": 0.397510373, "ISR": 0.515352697, "ITA": 0.567634855, "JAM": 0.499585062, "JPN": 0.598340249, "JOR": 0.645643154, "KEN": 0.429045643, "KIR": 0.585892116, "KWT": 0.629045643, "LVA": 0.360165975, "LBN": 0.427385892, "LBR": 0.50373444, "LBY": 0.674688797, "LTU": 0.492116183, "MAC": 0.558506224, "MDG": 0.451452282, "MYS": 0.304564315, "MDV": 0.356846473, "MLT": 0.770124481, "MRT": 0.428215768, "MUS": 0.490456432, "MEX": 0.594190871, "MNE": 0.405809129, "MAR": 0.705394191, "MOZ": 0.954356846, "MMR": 0.35186722, "NAM": 0.099585062, "NLD": 0.481327801, "NZL": 0.428215768, "NIC": 0.478838174, "NGA": 0.685477178, "NOR": 0.632365145, "OMN": 0.776763485, "PAK": 0.457261411, "PAN": 0.500414938, "PNG": 0.388381743, "PER": 0.453112033, "PHL": 0.373443983, "POL": 0.545228216, "PRT": 0.60746888, "QAT": 0.452282158, "ROU": 0.498755187, "RUS": 0.870539419, "WSM": 0.707053942, "STP": 0.690456432, "SAU": 0.398340249, "SEN": 0.526141079, "SYC": 0.451452282, "SLE": 0.581742739, "SGP": 0.598340249, "SVN": 0.574273859, "SLB": 0.442323651, "SOM": 0.570124481, "ZAF": 0.490456432, "ESP": 0.580082988, "LKA": 0.712033195, "KNA": 0.547717842, "LCA": 0.656431535, "VCT": 0.576763485, "SDN": 0.581742739, "SUR": 0.567634855, "SWE": 0.760165975, "SYR": 0.474688797, "TZA": 0.670539419, "THA": 0.658091286, "TLS": 0.385892116, "TGO": 0.358506224, "TON": 0.55186722, "TTO": 0.355186722, "TUN": 0.345228216, "TUR": 0.40746888, "TUV": 0.38340249, "UKR": 0.670539419, "ARE": 0.539419087, "GBR": 0.38340249, "USA": 0.458921162, "URY": 0.429045643, "VUT": 0.570954357, "VNM": 0.557676349}},