{"blasiak-export": {"data": {"2014": {"ALB": 0.033251223, "DZA": 0.00015865, "AGO": 0.000462921, "ATG": 0.011327273, "ARG": 0.022673116, "ABW": 2.16e-05, "AUS": 0.005468368, "BHS": 0.096791667, "BHR": 0.001638778, "BGD": 0.019166756, "BRB": 0.000339676, "BEL": 0.002778385, "BLZ": 0.089255924, "BEN": 0.000372744, "BRA": 0.000565451, "BRN": 0.000608898, "BGR": 0.001674106, "KHM": 0.007944579, "CMR": 0.000334469, "CAN": 0.010743778, "CPV": 0.364484053, "CHL": 0.083683775, "CHN": 0.008663979, "COL": 0.00395979, "COM": 0.0, "COG": 0.000106234, "CRI": 0.016108241, "CIV": 0.009314118, "HRV": 0.01258193, "CUB": 0.010168934, "CYP": 0.013525207, "DNK": 0.049759437, "DJI": 0.000607345, "DMA": 0.000173267, "DOM": 0.001115733, "ECU": 0.196978595, "SLV": 0.026748719, "GNQ": 5.02e-06, "ERI": 0.000231761, "EST": 0.01913631, "FJI": 0.04758577, "FIN": 0.000894439, "FRA": 0.003637576, "GAB": 0.000362705, "GMB": 0.015918728, "GEO": 0.00622744, "DEU": 0.002294098, "GHA": 0.005000279, "GRC": 0.017623311, "GRD": 0.0, "GTM": 0.000748928, "GIN": 0.002367939, "GNB": 0.606747967, "GUY": 0.005228871, "HTI": 0.410273723, "HND": 0.046362676, "HKG": 0.000198364, "ISL": 0.522760682, "IND": 0.020580169, "IDN": 0.026394538, "IRL": 0.004961738, "ISR": 0.00065734, "ITA": 0.001703502, "JAM": 0.006305352, "JPN": 0.003295779, "JOR": 1.27e-06, "KEN": 0.007136468, "KIR": 1.0, "KWT": 1.96e-05, "LVA": 0.021204276, "LBN": 0.000797122, "LBR": 0.000581846, "LBY": 0.001028735, "LTU": 0.01484447, "MAC": 0.0, "MDG": 0.203234016, "MYS": 0.003925564, "MDV": 0.491116608, "MLT": 0.035823409, "MRT": 0.129399927, "MUS": 0.136335456, "MEX": 0.002871142, "MNE": 2.86e-05, "MAR": 0.088320615, "MOZ": 0.012152288, "MMR": 0.066944217, "NAM": 0.155618405, "NLD": 0.007153479, "NZL": 0.035347306, "NIC": 0.058976402, "NGA": 0.005593989, "NOR": 0.097855424, "OMN": 0.003651354, "PAK": 0.015284242, "PAN": 0.011290347, "PNG": 0.017829886, "PER": 0.076308776, "PHL": 0.007367431, "POL": 0.009360599, "PRT": 0.018953846, "QAT": 2.41e-05, "ROU": 0.000309118, "RUS": 0.010637999, "WSM": 0.486315789, "STP": 8.26e-05, "SAU": 0.000141057, "SEN": 0.107327016, "SYC": 0.73436617, "SLE": 0.006917466, "SGP": 0.000977341, "SVN": 0.000997294, "SLB": 0.075047658, "SOM": 0.002099651, "ZAF": 0.006094644, "ESP": 0.014128341, "LKA": 0.021872606, "KNA": 0.007085515, "LCA": 0.0, "VCT": 0.006652079, "SDN": 0.000145719, "SUR": 0.034502389, "SWE": 0.023748034, "SYR": 6.92e-05, "TZA": 0.015738117, "THA": 0.032903631, "TLS": 0.007067449, "TGO": 0.001188149, "TON": 0.292857143, "TTO": 0.001453575, "TUN": 0.011849186, "TUR": 0.003746191, "TUV": 1.0, "UKR": 0.001899657, "ARE": 0.000357869, "GBR": 0.00607588, "USA": 0.003779668, "URY": 0.018714937, "VUT": 1.0, "VNM": 0.043482117}, "recentYear": {"ALB": "2014", "DZA": "2014", "AGO": "2014", "ATG": "2014", "ARG": "2014", "ABW": "2014", "AUS": "2014", "BHS": "2014", "BHR": "2014", "BGD": "2014", "BRB": "2014", "BEL": "2014", "BLZ": "2014", "BEN": "2014", "BRA": "2014", "BRN": "2014", "BGR": "2014", "KHM": "2014", "CMR": "2014", "CAN": "2014", "CPV": "2014", "CHL": "2014", "CHN": "2014", "COL": "2014", "COM": "2014", "COG": "2014", "CRI": "2014", "CIV": "2014", "HRV": "2014", "CUB": "2014", "CYP": "2014", "DNK": "2014", "DJI": "2014", "DMA": "2014", "DOM": "2014", "ECU": "2014", "SLV": "2014", "GNQ": "2014", "ERI": "2014", "EST": "2014", "FJI": "2014", "FIN": "2014", "FRA": "2014", "GAB": "2014", "GMB": "2014", "GEO": "2014", "DEU": "2014", "GHA": "2014", "GRC": "2014", "GRD": "2014", "GTM": "2014", "GIN": "2014", "GNB": "2014", "GUY": "2014", "HTI": "2014", "HND": "2014", "HKG": "2014", "ISL": "2014", "IND": "2014", "IDN": "2014", "IRL": "2014", "ISR": "2014", "ITA": "2014", "JAM": "2014", "JPN": "2014", "JOR": "2014", "KEN": "2014", "KIR": "2014", "KWT": "2014", "LVA": "2014", "LBN": "2014", "LBR": "2014", "LBY": "2014", "LTU": "2014", "MAC": "2014", "MDG": "2014", "MYS": "2014", "MDV": "2014", "MLT": "2014", "MRT": "2014", "MUS": "2014", "MEX": "2014", "MNE": "2014", "MAR": "2014", "MOZ": "2014", "MMR": "2014", "NAM": "2014", "NLD": "2014", "NZL": "2014", "NIC": "2014", "NGA": "2014", "NOR": "2014", "OMN": "2014", "PAK": "2014", "PAN": "2014", "PNG": "2014", "PER": "2014", "PHL": "2014", "POL": "2014", "PRT": "2014", "QAT": "2014", "ROU": "2014", "RUS": "2014", "WSM": "2014", "STP": "2014", "SAU": "2014", "SEN": "2014", "SYC": "2014", "SLE": "2014", "SGP": "2014", "SVN": "2014", "SLB": "2014", "SOM": "2014", "ZAF": "2014", "ESP": "2014", "LKA": "2014", "KNA": "2014", "LCA": "2014", "VCT": "2014", "SDN": "2014", "SUR": "2014", "SWE": "2014", "SYR": "2014", "TZA": "2014", "THA": "2014", "TLS": "2014", "TGO": "2014", "TON": "2014", "TTO": "2014", "TUN": "2014", "TUR": "2014", "TUV": "2014", "UKR": "2014", "ARE": "2014", "GBR": "2014", "USA": "2014", "URY": "2014", "VUT": "2014", "VNM": "2014"}, "recentValue": {"ALB": 0.033251223, "DZA": 0.00015865, "AGO": 0.000462921, "ATG": 0.011327273, "ARG": 0.022673116, "ABW": 2.16e-05, "AUS": 0.005468368, "BHS": 0.096791667, "BHR": 0.001638778, "BGD": 0.019166756, "BRB": 0.000339676, "BEL": 0.002778385, "BLZ": 0.089255924, "BEN": 0.000372744, "BRA": 0.000565451, "BRN": 0.000608898, "BGR": 0.001674106, "KHM": 0.007944579, "CMR": 0.000334469, "CAN": 0.010743778, "CPV": 0.364484053, "CHL": 0.083683775, "CHN": 0.008663979, "COL": 0.00395979, "COM": 0.0, "COG": 0.000106234, "CRI": 0.016108241, "CIV": 0.009314118, "HRV": 0.01258193, "CUB": 0.010168934, "CYP": 0.013525207, "DNK": 0.049759437, "DJI": 0.000607345, "DMA": 0.000173267, "DOM": 0.001115733, "ECU": 0.196978595, "SLV": 0.026748719, "GNQ": 5.02e-06, "ERI": 0.000231761, "EST": 0.01913631, "FJI": 0.04758577, "FIN": 0.000894439, "FRA": 0.003637576, "GAB": 0.000362705, "GMB": 0.015918728, "GEO": 0.00622744, "DEU": 0.002294098, "GHA": 0.005000279, "GRC": 0.017623311, "GRD": 0.0, "GTM": 0.000748928, "GIN": 0.002367939, "GNB": 0.606747967, "GUY": 0.005228871, "HTI": 0.410273723, "HND": 0.046362676, "HKG": 0.000198364, "ISL": 0.522760682, "IND": 0.020580169, "IDN": 0.026394538, "IRL": 0.004961738, "ISR": 0.00065734, "ITA": 0.001703502, "JAM": 0.006305352, "JPN": 0.003295779, "JOR": 1.27e-06, "KEN": 0.007136468, "KIR": 1.0, "KWT": 1.96e-05, "LVA": 0.021204276, "LBN": 0.000797122, "LBR": 0.000581846, "LBY": 0.001028735, "LTU": 0.01484447, "MAC": 0.0, "MDG": 0.203234016, "MYS": 0.003925564, "MDV": 0.491116608, "MLT": 0.035823409, "MRT": 0.129399927, "MUS": 0.136335456, "MEX": 0.002871142, "MNE": 2.86e-05, "MAR": 0.088320615, "MOZ": 0.012152288, "MMR": 0.066944217, "NAM": 0.155618405, "NLD": 0.007153479, "NZL": 0.035347306, "NIC": 0.058976402, "NGA": 0.005593989, "NOR": 0.097855424, "OMN": 0.003651354, "PAK": 0.015284242, "PAN": 0.011290347, "PNG": 0.017829886, "PER": 0.076308776, "PHL": 0.007367431, "POL": 0.009360599, "PRT": 0.018953846, "QAT": 2.41e-05, "ROU": 0.000309118, "RUS": 0.010637999, "WSM": 0.486315789, "STP": 8.26e-05, "SAU": 0.000141057, "SEN": 0.107327016, "SYC": 0.73436617, "SLE": 0.006917466, "SGP": 0.000977341, "SVN": 0.000997294, "SLB": 0.075047658, "SOM": 0.002099651, "ZAF": 0.006094644, "ESP": 0.014128341, "LKA": 0.021872606, "KNA": 0.007085515, "LCA": 0.0, "VCT": 0.006652079, "SDN": 0.000145719, "SUR": 0.034502389, "SWE": 0.023748034, "SYR": 6.92e-05, "TZA": 0.015738117, "THA": 0.032903631, "TLS": 0.007067449, "TGO": 0.001188149, "TON": 0.292857143, "TTO": 0.001453575, "TUN": 0.011849186, "TUR": 0.003746191, "TUV": 1.0, "UKR": 0.001899657, "ARE": 0.000357869, "GBR": 0.00607588, "USA": 0.003779668, "URY": 0.018714937, "VUT": 1.0, "VNM": 0.043482117}}, "def": "The share of fisheries exports in total exports was calculated by dividing each country\u2019s total exports by the latest FAO fisheries commodities trade flow data", "name": "Fisheries export as percentage of total", "source": "FAO", "dataset": "blasiak", "category": "Sensitivity", "subcategory": "None", "link": "https://doi.org/10.1371/journal.pone.0179639", "dim": "None", "priority": "5.0", "units": "%"}}