{"blasiak-index-85-16": {"data": {"2014": {"ALB": 0.261815531, "DZA": 0.372478186, "AGO": 0.528329802, "ATG": 0.493384448, "ARG": 0.167003997, "ABW": 0.257629784, "AUS": 0.220030046, "BHS": 0.464906157, "BHR": 0.483456871, "BGD": 0.627542039, "BRB": 0.39549722, "BEL": 0.214749952, "BLZ": 0.607443847, "BEN": 0.688742195, "BRA": 0.412039257, "BRN": 0.344607474, "BGR": 0.252121525, "KHM": 0.293324132, "CMR": 0.629894742, "CAN": 0.490642638, "CPV": 0.466089281, "CHL": 0.118632105, "CHN": 0.765473303, "COL": 0.295724865, "COM": 0.674417081, "COG": 0.444645336, "CRI": 0.328211161, "CIV": 0.604657435, "HRV": 0.282781684, "CUB": 0.413576655, "CYP": 0.377404848, "DNK": 0.216633221, "DJI": 0.451695056, "DMA": 0.510738028, "DOM": 0.478365168, "ECU": 0.396644315, "SLV": 0.439020018, "GNQ": 0.408156022, "ERI": 0.491403911, "EST": 0.32544234, "FJI": 0.589598212, "FIN": 0.255118645, "FRA": 0.345555062, "GAB": 0.454549991, "GMB": 0.55890093, "GEO": 0.275699519, "DEU": 0.242783003, "GHA": 0.635472868, "GRC": 0.413243596, "GRD": 0.500578354, "GTM": 0.416361127, "GIN": 0.521582999, "GNB": 0.602297241, "GUY": 0.506518939, "HTI": 0.699963225, "HND": 0.501765408, "HKG": 0.306846496, "ISL": 0.151805576, "IND": 0.582425245, "IDN": 0.594090877, "IRL": 0.102390556, "ISR": 0.274817835, "ITA": 0.255898034, "JAM": 0.546889343, "JPN": 0.203742323, "JOR": 0.517966676, "KEN": 0.518308334, "KIR": 0.999999999, "KWT": 0.351118519, "LVA": 0.302593139, "LBN": 0.526767923, "LBR": 0.451286962, "LBY": 0.47780711, "LTU": 0.27658499, "MAC": 0.444714953, "MDG": 0.614579906, "MYS": 0.322866129, "MDV": 0.867723508, "MLT": 0.295083491, "MRT": 0.456020801, "MUS": 0.398363489, "MEX": 0.297409148, "MNE": 0.345855903, "MAR": 0.400028173, "MOZ": 0.809247649, "MMR": 0.446662532, "NAM": 0.156395105, "NLD": 0.176120438, "NZL": -1.25e-08, "NIC": 0.42159378, "NGA": 0.647307005, "NOR": 0.28470084, "OMN": 0.428053144, "PAK": 0.475455416, "PAN": 0.276858295, "PNG": 0.367819471, "PER": 0.322511633, "PHL": 0.393650591, "POL": 0.235972868, "PRT": 0.311161852, "QAT": 0.364826164, "ROU": 0.365042589, "RUS": 0.501432395, "WSM": 0.810912605, "STP": 0.675062392, "SAU": 0.403629959, "SEN": 0.60286265, "SYC": 0.585155228, "SLE": 0.752615175, "SGP": 0.357804744, "SVN": 0.222194887, "SLB": 0.901230309, "SOM": 0.527489935, "ZAF": 0.238938298, "ESP": 0.206117683, "LKA": 0.528850589, "KNA": 0.564704777, "LCA": 0.393483814, "VCT": 0.478559473, "SDN": 0.561655443, "SUR": 0.431840825, "SWE": 0.16346815, "SYR": 0.487092341, "TZA": 0.497444379, "THA": 0.429072042, "TLS": 0.553250138, "TGO": 0.496878553, "TON": 0.611863419, "TTO": 0.394045416, "TUN": 0.348092428, "TUR": 0.263301033, "TUV": 0.717797193, "UKR": 0.323169487, "ARE": 0.448962558, "GBR": 0.12728723, "USA": 0.15728165, "URY": 0.15826322, "VUT": 0.818550262, "VNM": 0.514346424}, "recentYear": {"ALB": "2014", "DZA": "2014", "AGO": "2014", "ATG": "2014", "ARG": "2014", "ABW": "2014", "AUS": "2014", "BHS": "2014", "BHR": "2014", "BGD": "2014", "BRB": "2014", "BEL": "2014", "BLZ": "2014", "BEN": "2014", "BRA": "2014", "BRN": "2014", "BGR": "2014", "KHM": "2014", "CMR": "2014", "CAN": "2014", "CPV": "2014", "CHL": "2014", "CHN": "2014", "COL": "2014", "COM": "2014", "COG": "2014", "CRI": "2014", "CIV": "2014", "HRV": "2014", "CUB": "2014", "CYP": "2014", "DNK": "2014", "DJI": "2014", "DMA": "2014", "DOM": "2014", "ECU": "2014", "SLV": "2014", "GNQ": "2014", "ERI": "2014", "EST": "2014", "FJI": "2014", "FIN": "2014", "FRA": "2014", "GAB": "2014", "GMB": "2014", "GEO": "2014", "DEU": "2014", "GHA": "2014", "GRC": "2014", "GRD": "2014", "GTM": "2014", "GIN": "2014", "GNB": "2014", "GUY": "2014", "HTI": "2014", "HND": "2014", "HKG": "2014", "ISL": "2014", "IND": "2014", "IDN": "2014", "IRL": "2014", "ISR": "2014", "ITA": "2014", "JAM": "2014", "JPN": "2014", "JOR": "2014", "KEN": "2014", "KIR": "2014", "KWT": "2014", "LVA": "2014", "LBN": "2014", "LBR": "2014", "LBY": "2014", "LTU": "2014", "MAC": "2014", "MDG": "2014", "MYS": "2014", "MDV": "2014", "MLT": "2014", "MRT": "2014", "MUS": "2014", "MEX": "2014", "MNE": "2014", "MAR": "2014", "MOZ": "2014", "MMR": "2014", "NAM": "2014", "NLD": "2014", "NZL": "2014", "NIC": "2014", "NGA": "2014", "NOR": "2014", "OMN": "2014", "PAK": "2014", "PAN": "2014", "PNG": "2014", "PER": "2014", "PHL": "2014", "POL": "2014", "PRT": "2014", "QAT": "2014", "ROU": "2014", "RUS": "2014", "WSM": "2014", "STP": "2014", "SAU": "2014", "SEN": "2014", "SYC": "2014", "SLE": "2014", "SGP": "2014", "SVN": "2014", "SLB": "2014", "SOM": "2014", "ZAF": "2014", "ESP": "2014", "LKA": "2014", "KNA": "2014", "LCA": "2014", "VCT": "2014", "SDN": "2014", "SUR": "2014", "SWE": "2014", "SYR": "2014", "TZA": "2014", "THA": "2014", "TLS": "2014", "TGO": "2014", "TON": "2014", "TTO": "2014", "TUN": "2014", "TUR": "2014", "TUV": "2014", "UKR": "2014", "ARE": "2014", "GBR": "2014", "USA": "2014", "URY": "2014", "VUT": "2014", "VNM": "2014"}, "recentValue": {"ALB": 0.261815531, "DZA": 0.372478186, "AGO": 0.528329802, "ATG": 0.493384448, "ARG": 0.167003997, "ABW": 0.257629784, "AUS": 0.220030046, "BHS": 0.464906157, "BHR": 0.483456871, "BGD": 0.627542039, "BRB": 0.39549722, "BEL": 0.214749952, "BLZ": 0.607443847, "BEN": 0.688742195, "BRA": 0.412039257, "BRN": 0.344607474, "BGR": 0.252121525, "KHM": 0.293324132, "CMR": 0.629894742, "CAN": 0.490642638, "CPV": 0.466089281, "CHL": 0.118632105, "CHN": 0.765473303, "COL": 0.295724865, "COM": 0.674417081, "COG": 0.444645336, "CRI": 0.328211161, "CIV": 0.604657435, "HRV": 0.282781684, "CUB": 0.413576655, "CYP": 0.377404848, "DNK": 0.216633221, "DJI": 0.451695056, "DMA": 0.510738028, "DOM": 0.478365168, "ECU": 0.396644315, "SLV": 0.439020018, "GNQ": 0.408156022, "ERI": 0.491403911, "EST": 0.32544234, "FJI": 0.589598212, "FIN": 0.255118645, "FRA": 0.345555062, "GAB": 0.454549991, "GMB": 0.55890093, "GEO": 0.275699519, "DEU": 0.242783003, "GHA": 0.635472868, "GRC": 0.413243596, "GRD": 0.500578354, "GTM": 0.416361127, "GIN": 0.521582999, "GNB": 0.602297241, "GUY": 0.506518939, "HTI": 0.699963225, "HND": 0.501765408, "HKG": 0.306846496, "ISL": 0.151805576, "IND": 0.582425245, "IDN": 0.594090877, "IRL": 0.102390556, "ISR": 0.274817835, "ITA": 0.255898034, "JAM": 0.546889343, "JPN": 0.203742323, "JOR": 0.517966676, "KEN": 0.518308334, "KIR": 0.999999999, "KWT": 0.351118519, "LVA": 0.302593139, "LBN": 0.526767923, "LBR": 0.451286962, "LBY": 0.47780711, "LTU": 0.27658499, "MAC": 0.444714953, "MDG": 0.614579906, "MYS": 0.322866129, "MDV": 0.867723508, "MLT": 0.295083491, "MRT": 0.456020801, "MUS": 0.398363489, "MEX": 0.297409148, "MNE": 0.345855903, "MAR": 0.400028173, "MOZ": 0.809247649, "MMR": 0.446662532, "NAM": 0.156395105, "NLD": 0.176120438, "NZL": -1.25e-08, "NIC": 0.42159378, "NGA": 0.647307005, "NOR": 0.28470084, "OMN": 0.428053144, "PAK": 0.475455416, "PAN": 0.276858295, "PNG": 0.367819471, "PER": 0.322511633, "PHL": 0.393650591, "POL": 0.235972868, "PRT": 0.311161852, "QAT": 0.364826164, "ROU": 0.365042589, "RUS": 0.501432395, "WSM": 0.810912605, "STP": 0.675062392, "SAU": 0.403629959, "SEN": 0.60286265, "SYC": 0.585155228, "SLE": 0.752615175, "SGP": 0.357804744, "SVN": 0.222194887, "SLB": 0.901230309, "SOM": 0.527489935, "ZAF": 0.238938298, "ESP": 0.206117683, "LKA": 0.528850589, "KNA": 0.564704777, "LCA": 0.393483814, "VCT": 0.478559473, "SDN": 0.561655443, "SUR": 0.431840825, "SWE": 0.16346815, "SYR": 0.487092341, "TZA": 0.497444379, "THA": 0.429072042, "TLS": 0.553250138, "TGO": 0.496878553, "TON": 0.611863419, "TTO": 0.394045416, "TUN": 0.348092428, "TUR": 0.263301033, "TUV": 0.717797193, "UKR": 0.323169487, "ARE": 0.448962558, "GBR": 0.12728723, "USA": 0.15728165, "URY": 0.15826322, "VUT": 0.818550262, "VNM": 0.514346424}},