{"blasiak-index-45-50": {"data": {"2014": {"ALB": 0.202539758, "DZA": 0.520294345, "AGO": 0.421119432, "ATG": 0.584511054, "ARG": 0.206471913, "ABW": 0.161572865, "AUS": 0.233870403, "BHS": 0.580231045, "BHR": 0.433964623, "BGD": 0.592228943, "BRB": 0.325799511, "BEL": 0.312347234, "BLZ": 0.663036808, "BEN": 0.707419829, "BRA": 0.373691168, "BRN": 0.19868238, "BGR": 0.328539163, "KHM": 0.376715294, "CMR": 0.625630483, "CAN": 0.404900772, "CPV": 0.565614769, "CHL": 0.187994738, "CHN": 0.753890663, "COL": 0.191487411, "COM": 0.854456446, "COG": 0.361479683, "CRI": 0.268092065, "CIV": 0.687732375, "HRV": 0.184714176, "CUB": 0.340858429, "CYP": 0.498530409, "DNK": 0.083768097, "DJI": 0.371662428, "DMA": 0.603775969, "DOM": 0.487141081, "ECU": 0.436997944, "SLV": 0.25672206, "GNQ": 0.33532808, "ERI": 0.450560965, "EST": 0.134037037, "FJI": 0.477404926, "FIN": 0.34149774, "FRA": 0.400270729, "GAB": 0.546754381, "GMB": 0.466779478, "GEO": 0.378075896, "DEU": 0.132764722, "GHA": 0.647957088, "GRC": 0.382750154, "GRD": 0.509148938, "GTM": 0.483792256, "GIN": 0.472417347, "GNB": 0.51491966, "GUY": 0.522704226, "HTI": 0.817922547, "HND": 0.673711975, "HKG": 0.423345826, "ISL": 1.28e-05, "IND": 0.608092722, "IDN": 0.503550251, "IRL": 0.010473926, "ISR": 0.189994925, "ITA": 0.212533145, "JAM": 0.545989612, "JPN": 0.154458392, "JOR": 0.582704371, "KEN": 0.472991715, "KIR": 1.000012733, "KWT": 0.374163051, "LVA": 0.116421862, "LBN": 0.454869117, "LBR": 0.461127353, "LBY": 0.605557865, "LTU": 0.225426462, "MAC": 0.435052274, "MDG": 0.567566561, "MYS": 0.245647616, "MDV": 0.82917615, "MLT": 0.402498299, "MRT": 0.381926181, "MUS": 0.348959723, "MEX": 0.42694091, "MNE": 0.198541118, "MAR": 0.527176432, "MOZ": 0.975043668, "MMR": 0.403101434, "NAM": 0.068284694, "NLD": 0.062416287, "NZL": 0.092955873, "NIC": 0.369540263, "NGA": 0.802403706, "NOR": 0.216623128, "OMN": 0.625365241, "PAK": 0.461555306, "PAN": 0.276499925, "PNG": 0.225674052, "PER": 0.383978995, "PHL": 0.354050348, "POL": 0.22230237, "PRT": 0.353832664, "QAT": 0.271995313, "ROU": 0.336576354, "RUS": 0.501192865, "WSM": 0.881862263, "STP": 0.849154914, "SAU": 0.306958613, "SEN": 0.626650854, "SYC": 0.541809524, "SLE": 0.89096329, "SGP": 0.360514671, "SVN": 0.228833732, "SLB": 0.834448418, "SOM": 0.610615056, "ZAF": 0.273516047, "ESP": 0.205046138, "LKA": 0.708758608, "KNA": 0.593905975, "LCA": 0.491961608, "VCT": 0.518382913, "SDN": 0.635405593, "SUR": 0.507217495, "SWE": 0.269258463, "SYR": 0.455257287, "TZA": 0.649411068, "THA": 0.54680248, "TLS": 0.498585826, "TGO": 0.400939794, "TON": 0.59627658, "TTO": 0.311135143, "TUN": 0.248305614, "TUR": 0.185928063, "TUV": 0.683386644, "UKR": 0.386425119, "ARE": 0.43679723, "GBR": 0.005334696, "USA": 0.095212765, "URY": 0.187779119, "VUT": 0.796897528, "VNM": 0.558630423}, "recentYear": {"ALB": "2014", "DZA": "2014", "AGO": "2014", "ATG": "2014", "ARG": "2014", "ABW": "2014", "AUS": "2014", "BHS": "2014", "BHR": "2014", "BGD": "2014", "BRB": "2014", "BEL": "2014", "BLZ": "2014", "BEN": "2014", "BRA": "2014", "BRN": "2014", "BGR": "2014", "KHM": "2014", "CMR": "2014", "CAN": "2014", "CPV": "2014", "CHL": "2014", "CHN": "2014", "COL": "2014", "COM": "2014", "COG": "2014", "CRI": "2014", "CIV": "2014", "HRV": "2014", "CUB": "2014", "CYP": "2014", "DNK": "2014", "DJI": "2014", "DMA": "2014", "DOM": "2014", "ECU": "2014", "SLV": "2014", "GNQ": "2014", "ERI": "2014", "EST": "2014", "FJI": "2014", "FIN": "2014", "FRA": "2014", "GAB": "2014", "GMB": "2014", "GEO": "2014", "DEU": "2014", "GHA": "2014", "GRC": "2014", "GRD": "2014", "GTM": "2014", "GIN": "2014", "GNB": "2014", "GUY": "2014", "HTI": "2014", "HND": "2014", "HKG": "2014", "ISL": "2014", "IND": "2014", "IDN": "2014", "IRL": "2014", "ISR": "2014", "ITA": "2014", "JAM": "2014", "JPN": "2014", "JOR": "2014", "KEN": "2014", "KIR": "2014", "KWT": "2014", "LVA": "2014", "LBN": "2014", "LBR": "2014", "LBY": "2014", "LTU": "2014", "MAC": "2014", "MDG": "2014", "MYS": "2014", "MDV": "2014", "MLT": "2014", "MRT": "2014", "MUS": "2014", "MEX": "2014", "MNE": "2014", "MAR": "2014", "MOZ": "2014", "MMR": "2014", "NAM": "2014", "NLD": "2014", "NZL": "2014", "NIC": "2014", "NGA": "2014", "NOR": "2014", "OMN": "2014", "PAK": "2014", "PAN": "2014", "PNG": "2014", "PER": "2014", "PHL": "2014", "POL": "2014", "PRT": "2014", "QAT": "2014", "ROU": "2014", "RUS": "2014", "WSM": "2014", "STP": "2014", "SAU": "2014", "SEN": "2014", "SYC": "2014", "SLE": "2014", "SGP": "2014", "SVN": "2014", "SLB": "2014", "SOM": "2014", "ZAF": "2014", "ESP": "2014", "LKA": "2014", "KNA": "2014", "LCA": "2014", "VCT": "2014", "SDN": "2014", "SUR": "2014", "SWE": "2014", "SYR": "2014", "TZA": "2014", "THA": "2014", "TLS": "2014", "TGO": "2014", "TON": "2014", "TTO": "2014", "TUN": "2014", "TUR": "2014", "TUV": "2014", "UKR": "2014", "ARE": "2014", "GBR": "2014", "USA": "2014", "URY": "2014", "VUT": "2014", "VNM": "2014"}, "recentValue": {"ALB": 0.202539758, "DZA": 0.520294345, "AGO": 0.421119432, "ATG": 0.584511054, "ARG": 0.206471913, "ABW": 0.161572865, "AUS": 0.233870403, "BHS": 0.580231045, "BHR": 0.433964623, "BGD": 0.592228943, "BRB": 0.325799511, "BEL": 0.312347234, "BLZ": 0.663036808, "BEN": 0.707419829, "BRA": 0.373691168, "BRN": 0.19868238, "BGR": 0.328539163, "KHM": 0.376715294, "CMR": 0.625630483, "CAN": 0.404900772, "CPV": 0.565614769, "CHL": 0.187994738, "CHN": 0.753890663, "COL": 0.191487411, "COM": 0.854456446, "COG": 0.361479683, "CRI": 0.268092065, "CIV": 0.687732375, "HRV": 0.184714176, "CUB": 0.340858429, "CYP": 0.498530409, "DNK": 0.083768097, "DJI": 0.371662428, "DMA": 0.603775969, "DOM": 0.487141081, "ECU": 0.436997944, "SLV": 0.25672206, "GNQ": 0.33532808, "ERI": 0.450560965, "EST": 0.134037037, "FJI": 0.477404926, "FIN": 0.34149774, "FRA": 0.400270729, "GAB": 0.546754381, "GMB": 0.466779478, "GEO": 0.378075896, "DEU": 0.132764722, "GHA": 0.647957088, "GRC": 0.382750154, "GRD": 0.509148938, "GTM": 0.483792256, "GIN": 0.472417347, "GNB": 0.51491966, "GUY": 0.522704226, "HTI": 0.817922547, "HND": 0.673711975, "HKG": 0.423345826, "ISL": 1.28e-05, "IND": 0.608092722, "IDN": 0.503550251, "IRL": 0.010473926, "ISR": 0.189994925, "ITA": 0.212533145, "JAM": 0.545989612, "JPN": 0.154458392, "JOR": 0.582704371, "KEN": 0.472991715, "KIR": 1.000012733, "KWT": 0.374163051, "LVA": 0.116421862, "LBN": 0.454869117, "LBR": 0.461127353, "LBY": 0.605557865, "LTU": 0.225426462, "MAC": 0.435052274, "MDG": 0.567566561, "MYS": 0.245647616, "MDV": 0.82917615, "MLT": 0.402498299, "MRT": 0.381926181, "MUS": 0.348959723, "MEX": 0.42694091, "MNE": 0.198541118, "MAR": 0.527176432, "MOZ": 0.975043668, "MMR": 0.403101434, "NAM": 0.068284694, "NLD": 0.062416287, "NZL": 0.092955873, "NIC": 0.369540263, "NGA": 0.802403706, "NOR": 0.216623128, "OMN": 0.625365241, "PAK": 0.461555306, "PAN": 0.276499925, "PNG": 0.225674052, "PER": 0.383978995, "PHL": 0.354050348, "POL": 0.22230237, "PRT": 0.353832664, "QAT": 0.271995313, "ROU": 0.336576354, "RUS": 0.501192865, "WSM": 0.881862263, "STP": 0.849154914, "SAU": 0.306958613, "SEN": 0.626650854, "SYC": 0.541809524, "SLE": 0.89096329, "SGP": 0.360514671, "SVN": 0.228833732, "SLB": 0.834448418, "SOM": 0.610615056, "ZAF": 0.273516047, "ESP": 0.205046138, "LKA": 0.708758608, "KNA": 0.593905975, "LCA": 0.491961608, "VCT": 0.518382913, "SDN": 0.635405593, "SUR": 0.507217495, "SWE": 0.269258463, "SYR": 0.455257287, "TZA": 0.649411068, "THA": 0.54680248, "TLS": 0.498585826, "TGO": 0.400939794, "TON": 0.59627658, "TTO": 0.311135143, "TUN": 0.248305614, "TUR": 0.185928063, "TUV": 0.683386644, "UKR": 0.386425119, "ARE": 0.43679723, "GBR": 0.005334696, "USA": 0.095212765, "URY": 0.187779119, "VUT": 0.796897528, "VNM": 0.558630423}},