{"blasiak-index-26-16": {"data": {"2014": {"ALB": 0.327338686, "DZA": 0.418974205, "AGO": 0.590188508, "ATG": 0.614435233, "ARG": 0.084541909, "ABW": 0.256990309, "AUS": 0.235163442, "BHS": 0.480517214, "BHR": 0.501310112, "BGD": 0.663705478, "BRB": 0.479772436, "BEL": 0.233858494, "BLZ": 0.660738377, "BEN": 0.770899497, "BRA": 0.470315171, "BRN": 0.419398195, "BGR": 0.274553809, "KHM": 0.2939916, "CMR": 0.751961037, "CAN": 0.540506309, "CPV": 0.563184225, "CHL": 0.117623524, "CHN": 0.843031999, "COL": 0.292154423, "COM": 0.775065789, "COG": 0.522693613, "CRI": 0.335511788, "CIV": 0.646070064, "HRV": 0.30882242, "CUB": 0.462295417, "CYP": 0.369314829, "DNK": 0.241334835, "DJI": 0.515656643, "DMA": 0.549717186, "DOM": 0.543340683, "ECU": 0.426125717, "SLV": 0.487152236, "GNQ": 0.439561323, "ERI": 0.530402464, "EST": 0.333550586, "FJI": 0.488908672, "FIN": 0.306859268, "FRA": 0.382953826, "GAB": 0.50319413, "GMB": 0.597714481, "GEO": 0.301456322, "DEU": 0.280276105, "GHA": 0.664110107, "GRC": 0.417849444, "GRD": 0.521187353, "GTM": 0.446235455, "GIN": 0.608461169, "GNB": 0.633182955, "GUY": 0.567510916, "HTI": 0.794482859, "HND": 0.553683174, "HKG": 0.343892297, "ISL": 0.154148485, "IND": 0.711731022, "IDN": 0.677371112, "IRL": 0.098822533, "ISR": 0.304836275, "ITA": 0.253508207, "JAM": 0.608735013, "JPN": 0.171327504, "JOR": 0.579558205, "KEN": 0.564611655, "KIR": 0.999999999, "KWT": 0.351763211, "LVA": 0.294132938, "LBN": 0.577347246, "LBR": 0.524051334, "LBY": 0.56991714, "LTU": 0.307093548, "MAC": 0.486998472, "MDG": 0.63579668, "MYS": 0.30879936, "MDV": 0.964182288, "MLT": 0.270412353, "MRT": 0.489655028, "MUS": 0.441186003, "MEX": 0.325516264, "MNE": 0.380482172, "MAR": 0.4510781, "MOZ": 0.897625248, "MMR": 0.529045706, "NAM": 0.137761628, "NLD": 0.174441386, "NZL": 2.39e-08, "NIC": 0.493347344, "NGA": 0.706217301, "NOR": 0.303344113, "OMN": 0.483485559, "PAK": 0.477142599, "PAN": 0.263392571, "PNG": 0.304368363, "PER": 0.355075546, "PHL": 0.447075303, "POL": 0.309593327, "PRT": 0.333571877, "QAT": 0.396209826, "ROU": 0.453379137, "RUS": 0.518208758, "WSM": 0.808872398, "STP": 0.768996638, "SAU": 0.45939303, "SEN": 0.696247509, "SYC": 0.622659312, "SLE": 0.894198642, "SGP": 0.350668375, "SVN": 0.240448487, "SLB": 0.948826829, "SOM": 0.560654969, "ZAF": 0.207316969, "ESP": 0.27022518, "LKA": 0.632437473, "KNA": 0.653332456, "LCA": 0.473376582, "VCT": 0.563469989, "SDN": 0.644145077, "SUR": 0.43586177, "SWE": 0.196999128, "SYR": 0.5733797, "TZA": 0.508035191, "THA": 0.419913598, "TLS": 0.642432995, "TGO": 0.592071168, "TON": 0.554012677, "TTO": 0.400825281, "TUN": 0.361784213, "TUR": 0.263393204, "TUV": 0.802238838, "UKR": 0.37773802, "ARE": 0.493875072, "GBR": 0.140905337, "USA": 0.161425668, "URY": 0.169664978, "VUT": 0.793188495, "VNM": 0.614448806}, "recentYear": {"ALB": "2014", "DZA": "2014", "AGO": "2014", "ATG": "2014", "ARG": "2014", "ABW": "2014", "AUS": "2014", "BHS": "2014", "BHR": "2014", "BGD": "2014", "BRB": "2014", "BEL": "2014", "BLZ": "2014", "BEN": "2014", "BRA": "2014", "BRN": "2014", "BGR": "2014", "KHM": "2014", "CMR": "2014", "CAN": "2014", "CPV": "2014", "CHL": "2014", "CHN": "2014", "COL": "2014", "COM": "2014", "COG": "2014", "CRI": "2014", "CIV": "2014", "HRV": "2014", "CUB": "2014", "CYP": "2014", "DNK": "2014", "DJI": "2014", "DMA": "2014", "DOM": "2014", "ECU": "2014", "SLV": "2014", "GNQ": "2014", "ERI": "2014", "EST": "2014", "FJI": "2014", "FIN": "2014", "FRA": "2014", "GAB": "2014", "GMB": "2014", "GEO": "2014", "DEU": "2014", "GHA": "2014", "GRC": "2014", "GRD": "2014", "GTM": "2014", "GIN": "2014", "GNB": "2014", "GUY": "2014", "HTI": "2014", "HND": "2014", "HKG": "2014", "ISL": "2014", "IND": "2014", "IDN": "2014", "IRL": "2014", "ISR": "2014", "ITA": "2014", "JAM": "2014", "JPN": "2014", "JOR": "2014", "KEN": "2014", "KIR": "2014", "KWT": "2014", "LVA": "2014", "LBN": "2014", "LBR": "2014", "LBY": "2014", "LTU": "2014", "MAC": "2014", "MDG": "2014", "MYS": "2014", "MDV": "2014", "MLT": "2014", "MRT": "2014", "MUS": "2014", "MEX": "2014", "MNE": "2014", "MAR": "2014", "MOZ": "2014", "MMR": "2014", "NAM": "2014", "NLD": "2014", "NZL": "2014", "NIC": "2014", "NGA": "2014", "NOR": "2014", "OMN": "2014", "PAK": "2014", "PAN": "2014", "PNG": "2014", "PER": "2014", "PHL": "2014", "POL": "2014", "PRT": "2014", "QAT": "2014", "ROU": "2014", "RUS": "2014", "WSM": "2014", "STP": "2014", "SAU": "2014", "SEN": "2014", "SYC": "2014", "SLE": "2014", "SGP": "2014", "SVN": "2014", "SLB": "2014", "SOM": "2014", "ZAF": "2014", "ESP": "2014", "LKA": "2014", "KNA": "2014", "LCA": "2014", "VCT": "2014", "SDN": "2014", "SUR": "2014", "SWE": "2014", "SYR": "2014", "TZA": "2014", "THA": "2014", "TLS": "2014", "TGO": "2014", "TON": "2014", "TTO": "2014", "TUN": "2014", "TUR": "2014", "TUV": "2014", "UKR": "2014", "ARE": "2014", "GBR": "2014", "USA": "2014", "URY": "2014", "VUT": "2014", "VNM": "2014"}, "recentValue": {"ALB": 0.327338686, "DZA": 0.418974205, "AGO": 0.590188508, "ATG": 0.614435233, "ARG": 0.084541909, "ABW": 0.256990309, "AUS": 0.235163442, "BHS": 0.480517214, "BHR": 0.501310112, "BGD": 0.663705478, "BRB": 0.479772436, "BEL": 0.233858494, "BLZ": 0.660738377, "BEN": 0.770899497, "BRA": 0.470315171, "BRN": 0.419398195, "BGR": 0.274553809, "KHM": 0.2939916, "CMR": 0.751961037, "CAN": 0.540506309, "CPV": 0.563184225, "CHL": 0.117623524, "CHN": 0.843031999, "COL": 0.292154423, "COM": 0.775065789, "COG": 0.522693613, "CRI": 0.335511788, "CIV": 0.646070064, "HRV": 0.30882242, "CUB": 0.462295417, "CYP": 0.369314829, "DNK": 0.241334835, "DJI": 0.515656643, "DMA": 0.549717186, "DOM": 0.543340683, "ECU": 0.426125717, "SLV": 0.487152236, "GNQ": 0.439561323, "ERI": 0.530402464, "EST": 0.333550586, "FJI": 0.488908672, "FIN": 0.306859268, "FRA": 0.382953826, "GAB": 0.50319413, "GMB": 0.597714481, "GEO": 0.301456322, "DEU": 0.280276105, "GHA": 0.664110107, "GRC": 0.417849444, "GRD": 0.521187353, "GTM": 0.446235455, "GIN": 0.608461169, "GNB": 0.633182955, "GUY": 0.567510916, "HTI": 0.794482859, "HND": 0.553683174, "HKG": 0.343892297, "ISL": 0.154148485, "IND": 0.711731022, "IDN": 0.677371112, "IRL": 0.098822533, "ISR": 0.304836275, "ITA": 0.253508207, "JAM": 0.608735013, "JPN": 0.171327504, "JOR": 0.579558205, "KEN": 0.564611655, "KIR": 0.999999999, "KWT": 0.351763211, "LVA": 0.294132938, "LBN": 0.577347246, "LBR": 0.524051334, "LBY": 0.56991714, "LTU": 0.307093548, "MAC": 0.486998472, "MDG": 0.63579668, "MYS": 0.30879936, "MDV": 0.964182288, "MLT": 0.270412353, "MRT": 0.489655028, "MUS": 0.441186003, "MEX": 0.325516264, "MNE": 0.380482172, "MAR": 0.4510781, "MOZ": 0.897625248, "MMR": 0.529045706, "NAM": 0.137761628, "NLD": 0.174441386, "NZL": 2.39e-08, "NIC": 0.493347344, "NGA": 0.706217301, "NOR": 0.303344113, "OMN": 0.483485559, "PAK": 0.477142599, "PAN": 0.263392571, "PNG": 0.304368363, "PER": 0.355075546, "PHL": 0.447075303, "POL": 0.309593327, "PRT": 0.333571877, "QAT": 0.396209826, "ROU": 0.453379137, "RUS": 0.518208758, "WSM": 0.808872398, "STP": 0.768996638, "SAU": 0.45939303, "SEN": 0.696247509, "SYC": 0.622659312, "SLE": 0.894198642, "SGP": 0.350668375, "SVN": 0.240448487, "SLB": 0.948826829, "SOM": 0.560654969, "ZAF": 0.207316969, "ESP": 0.27022518, "LKA": 0.632437473, "KNA": 0.653332456, "LCA": 0.473376582, "VCT": 0.563469989, "SDN": 0.644145077, "SUR": 0.43586177, "SWE": 0.196999128, "SYR": 0.5733797, "TZA": 0.508035191, "THA": 0.419913598, "TLS": 0.642432995, "TGO": 0.592071168, "TON": 0.554012677, "TTO": 0.400825281, "TUN": 0.361784213, "TUR": 0.263393204, "TUV": 0.802238838, "UKR": 0.37773802, "ARE": 0.493875072, "GBR": 0.140905337, "USA": 0.161425668, "URY": 0.169664978, "VUT": 0.793188495, "VNM": 0.614448806}},