{"blasiak-governance": {"data": {"2014": {"ALB": 0.53708983, "DZA": 0.331636612, "AGO": 0.294772873, "ATG": 0.643950149, "ARG": 0.445433716, "ABW": 0.817931674, "AUS": 0.938965158, "BHS": 0.740663553, "BHR": 0.533212077, "BGD": 0.351007235, "BRB": 0.796464631, "BEL": 0.858277457, "BLZ": 0.48001022, "BEN": 0.458736802, "BRA": 0.530563838, "BRN": 0.697157541, "BGR": 0.57208485, "KHM": 0.370640976, "CMR": 0.312064308, "CAN": 0.94690516, "CPV": 0.658988225, "CHL": 0.832419153, "CHN": 0.436382977, "COL": 0.478887451, "COM": 0.346644493, "COG": 0.298240366, "CRI": 0.70289516, "CIV": 0.380570312, "HRV": 0.652041827, "CUB": 0.426987839, "CYP": 0.790583459, "DNK": 0.965713027, "DJI": 0.3393615, "DMA": 0.691283517, "DOM": 0.489100302, "ECU": 0.393152567, "SLV": 0.517670914, "GNQ": 0.195044823, "ERI": 0.180973663, "EST": 0.839713092, "FJI": 0.503606304, "FIN": 0.994371761, "FRA": 0.820193348, "GAB": 0.410135167, "GMB": 0.38876337, "GEO": 0.638219876, "DEU": 0.930248937, "GHA": 0.536615085, "GRC": 0.60264665, "GRD": 0.618911614, "GTM": 0.39561109, "GIN": 0.274084662, "GNB": 0.237358031, "GUY": 0.457236268, "HTI": 0.257986834, "HND": 0.384912076, "HKG": 0.910616925, "ISL": 0.904769003, "IND": 0.471184443, "IDN": 0.490477678, "IRL": 0.917402459, "ISR": 0.707004963, "ITA": 0.654333927, "JAM": 0.551411749, "JPN": 0.883268863, "JOR": 0.522946677, "KEN": 0.401264282, "KIR": 0.555638744, "KWT": 0.501461595, "LVA": 0.735517264, "LBN": 0.356560051, "LBR": 0.348573343, "LBY": 0.116495996, "LTU": 0.759717558, "MAC": 0.778475115, "MDG": 0.354137166, "MYS": 0.669178986, "MDV": 0.510843291, "MLT": 0.80712888, "MRT": 0.339344791, "MUS": 0.752627828, "MEX": 0.486248949, "MNE": 0.577879564, "MAR": 0.478768254, "MOZ": 0.410062207, "MMR": 0.248058028, "NAM": 0.610288132, "NLD": 0.959177394, "NZL": 1.0, "NIC": 0.412675449, "NGA": 0.251836607, "NOR": 0.973568046, "OMN": 0.600136431, "PAK": 0.289203932, "PAN": 0.574368544, "PNG": 0.417439906, "PER": 0.48900741, "PHL": 0.494867667, "POL": 0.757055493, "PRT": 0.774989542, "QAT": 0.691940134, "ROU": 0.585887802, "RUS": 0.381305302, "WSM": 0.667304495, "STP": 0.455338065, "SAU": 0.483825943, "SEN": 0.519227676, "SYC": 0.581542197, "SLE": 0.36149035, "SGP": 0.932466677, "SVN": 0.749653645, "SLB": 0.449856313, "SOM": 3.72e-10, "ZAF": 0.594468008, "ESP": 0.734641286, "LKA": 0.483261101, "KNA": 0.628296422, "LCA": 0.673840401, "VCT": 0.693216206, "SDN": 0.147451104, "SUR": 0.50885903, "SWE": 0.968194803, "SYR": 0.111480687, "TZA": 0.424274835, "THA": 0.472951141, "TLS": 0.380614514, "TGO": 0.343916398, "TON": 0.564554114, "TTO": 0.563665438, "TUN": 0.477461502, "TUR": 0.514831999, "TUV": 0.579660804, "UKR": 0.346752255, "ARE": 0.711827449, "GBR": 0.901545576, "USA": 0.84200028, "URY": 0.75213346, "VUT": 0.591983198, "VNM": 0.427965502}, "recentYear": {"ALB": "2014", "DZA": "2014", "AGO": "2014", "ATG": "2014", "ARG": "2014", "ABW": "2014", "AUS": "2014", "BHS": "2014", "BHR": "2014", "BGD": "2014", "BRB": "2014", "BEL": "2014", "BLZ": "2014", "BEN": "2014", "BRA": "2014", "BRN": "2014", "BGR": "2014", "KHM": "2014", "CMR": "2014", "CAN": "2014", "CPV": "2014", "CHL": "2014", "CHN": "2014", "COL": "2014", "COM": "2014", "COG": "2014", "CRI": "2014", "CIV": "2014", "HRV": "2014", "CUB": "2014", "CYP": "2014", "DNK": "2014", "DJI": "2014", "DMA": "2014", "DOM": "2014", "ECU": "2014", "SLV": "2014", "GNQ": "2014", "ERI": "2014", "EST": "2014", "FJI": "2014", "FIN": "2014", "FRA": "2014", "GAB": "2014", "GMB": "2014", "GEO": "2014", "DEU": "2014", "GHA": "2014", "GRC": "2014", "GRD": "2014", "GTM": "2014", "GIN": "2014", "GNB": "2014", "GUY": "2014", "HTI": "2014", "HND": "2014", "HKG": "2014", "ISL": "2014", "IND": "2014", "IDN": "2014", "IRL": "2014", "ISR": "2014", "ITA": "2014", "JAM": "2014", "JPN": "2014", "JOR": "2014", "KEN": "2014", "KIR": "2014", "KWT": "2014", "LVA": "2014", "LBN": "2014", "LBR": "2014", "LBY": "2014", "LTU": "2014", "MAC": "2014", "MDG": "2014", "MYS": "2014", "MDV": "2014", "MLT": "2014", "MRT": "2014", "MUS": "2014", "MEX": "2014", "MNE": "2014", "MAR": "2014", "MOZ": "2014", "MMR": "2014", "NAM": "2014", "NLD": "2014", "NZL": "2014", "NIC": "2014", "NGA": "2014", "NOR": "2014", "OMN": "2014", "PAK": "2014", "PAN": "2014", "PNG": "2014", "PER": "2014", "PHL": "2014", "POL": "2014", "PRT": "2014", "QAT": "2014", "ROU": "2014", "RUS": "2014", "WSM": "2014", "STP": "2014", "SAU": "2014", "SEN": "2014", "SYC": "2014", "SLE": "2014", "SGP": "2014", "SVN": "2014", "SLB": "2014", "SOM": "2014", "ZAF": "2014", "ESP": "2014", "LKA": "2014", "KNA": "2014", "LCA": "2014", "VCT": "2014", "SDN": "2014", "SUR": "2014", "SWE": "2014", "SYR": "2014", "TZA": "2014", "THA": "2014", "TLS": "2014", "TGO": "2014", "TON": "2014", "TTO": "2014", "TUN": "2014", "TUR": "2014", "TUV": "2014", "UKR": "2014", "ARE": "2014", "GBR": "2014", "USA": "2014", "URY": "2014", "VUT": "2014", "VNM": "2014"}, "recentValue": {"ALB": 0.53708983, "DZA": 0.331636612, "AGO": 0.294772873, "ATG": 0.643950149, "ARG": 0.445433716, "ABW": 0.817931674, "AUS": 0.938965158, "BHS": 0.740663553, "BHR": 0.533212077, "BGD": 0.351007235, "BRB": 0.796464631, "BEL": 0.858277457, "BLZ": 0.48001022, "BEN": 0.458736802, "BRA": 0.530563838, "BRN": 0.697157541, "BGR": 0.57208485, "KHM": 0.370640976, "CMR": 0.312064308, "CAN": 0.94690516, "CPV": 0.658988225, "CHL": 0.832419153, "CHN": 0.436382977, "COL": 0.478887451, "COM": 0.346644493, "COG": 0.298240366, "CRI": 0.70289516, "CIV": 0.380570312, "HRV": 0.652041827, "CUB": 0.426987839, "CYP": 0.790583459, "DNK": 0.965713027, "DJI": 0.3393615, "DMA": 0.691283517, "DOM": 0.489100302, "ECU": 0.393152567, "SLV": 0.517670914, "GNQ": 0.195044823, "ERI": 0.180973663, "EST": 0.839713092, "FJI": 0.503606304, "FIN": 0.994371761, "FRA": 0.820193348, "GAB": 0.410135167, "GMB": 0.38876337, "GEO": 0.638219876, "DEU": 0.930248937, "GHA": 0.536615085, "GRC": 0.60264665, "GRD": 0.618911614, "GTM": 0.39561109, "GIN": 0.274084662, "GNB": 0.237358031, "GUY": 0.457236268, "HTI": 0.257986834, "HND": 0.384912076, "HKG": 0.910616925, "ISL": 0.904769003, "IND": 0.471184443, "IDN": 0.490477678, "IRL": 0.917402459, "ISR": 0.707004963, "ITA": 0.654333927, "JAM": 0.551411749, "JPN": 0.883268863, "JOR": 0.522946677, "KEN": 0.401264282, "KIR": 0.555638744, "KWT": 0.501461595, "LVA": 0.735517264, "LBN": 0.356560051, "LBR": 0.348573343, "LBY": 0.116495996, "LTU": 0.759717558, "MAC": 0.778475115, "MDG": 0.354137166, "MYS": 0.669178986, "MDV": 0.510843291, "MLT": 0.80712888, "MRT": 0.339344791, "MUS": 0.752627828, "MEX": 0.486248949, "MNE": 0.577879564, "MAR": 0.478768254, "MOZ": 0.410062207, "MMR": 0.248058028, "NAM": 0.610288132, "NLD": 0.959177394, "NZL": 1.0, "NIC": 0.412675449, "NGA": 0.251836607, "NOR": 0.973568046, "OMN": 0.600136431, "PAK": 0.289203932, "PAN": 0.574368544, "PNG": 0.417439906, "PER": 0.48900741, "PHL": 0.494867667, "POL": 0.757055493, "PRT": 0.774989542, "QAT": 0.691940134, "ROU": 0.585887802, "RUS": 0.381305302, "WSM": 0.667304495, "STP": 0.455338065, "SAU": 0.483825943, "SEN": 0.519227676, "SYC": 0.581542197, "SLE": 0.36149035, "SGP": 0.932466677, "SVN": 0.749653645, "SLB": 0.449856313, "SOM": 3.72e-10, "ZAF": 0.594468008, "ESP": 0.734641286, "LKA": 0.483261101, "KNA": 0.628296422, "LCA": 0.673840401, "VCT": 0.693216206, "SDN": 0.147451104, "SUR": 0.50885903, "SWE": 0.968194803, "SYR": 0.111480687, "TZA": 0.424274835, "THA": 0.472951141, "TLS": 0.380614514, "TGO": 0.343916398, "TON": 0.564554114, "TTO": 0.563665438, "TUN": 0.477461502, "TUR": 0.514831999, "TUV": 0.579660804, "UKR": 0.346752255, "ARE": 0.711827449, "GBR": 0.901545576, "USA": 0.84200028, "URY": 0.75213346, "VUT": 0.591983198, "VNM": 0.427965502}},