{"blasiak-index-26-50": {"data": {"2014": {"ALB": 0.33606148, "DZA": 0.450676685, "AGO": 0.606241977, "ATG": 0.571377101, "ARG": 0.140873332, "ABW": 0.280538841, "AUS": 0.228925342, "BHS": 0.510240082, "BHR": 0.506847746, "BGD": 0.703598378, "BRB": 0.495840297, "BEL": 0.232985196, "BLZ": 0.685677273, "BEN": 0.748080293, "BRA": 0.470856527, "BRN": 0.388459457, "BGR": 0.316003027, "KHM": 0.32723266, "CMR": 0.742827653, "CAN": 0.562449967, "CPV": 0.5390728, "CHL": 0.17246118, "CHN": 0.896991266, "COL": 0.317159773, "COM": 0.787078239, "COG": 0.501338091, "CRI": 0.3461171, "CIV": 0.676668204, "HRV": 0.311128433, "CUB": 0.490968076, "CYP": 0.432677663, "DNK": 0.218610069, "DJI": 0.548289714, "DMA": 0.571247537, "DOM": 0.575496784, "ECU": 0.435096464, "SLV": 0.455385801, "GNQ": 0.469148864, "ERI": 0.533793323, "EST": 0.348062163, "FJI": 0.530649626, "FIN": 0.297550165, "FRA": 0.438430524, "GAB": 0.465715209, "GMB": 0.602692652, "GEO": 0.292744217, "DEU": 0.250621042, "GHA": 0.691527031, "GRC": 0.45142833, "GRD": 0.542123462, "GTM": 0.456105835, "GIN": 0.630402789, "GNB": 0.661939215, "GUY": 0.561869787, "HTI": 0.804992687, "HND": 0.591056236, "HKG": 0.348337742, "ISL": 0.160849058, "IND": 0.703777766, "IDN": 0.636761253, "IRL": 0.152505663, "ISR": 0.301973468, "ITA": 0.282688877, "JAM": 0.616908349, "JPN": 0.154217857, "JOR": 0.541458516, "KEN": 0.591571958, "KIR": 0.999999998, "KWT": 0.350797029, "LVA": 0.298537961, "LBN": 0.587698961, "LBR": 0.535245581, "LBY": 0.546956596, "LTU": 0.32595237, "MAC": 0.511013856, "MDG": 0.67399229, "MYS": 0.345983852, "MDV": 0.982065227, "MLT": 0.305523945, "MRT": 0.551952964, "MUS": 0.438499804, "MEX": 0.348075111, "MNE": 0.377859622, "MAR": 0.475463402, "MOZ": 0.918210158, "MMR": 0.540398682, "NAM": 0.144038085, "NLD": 0.180281457, "NZL": -3.73e-09, "NIC": 0.512507055, "NGA": 0.753307533, "NOR": 0.324005686, "OMN": 0.546251111, "PAK": 0.503768609, "PAN": 0.306985599, "PNG": 0.334009198, "PER": 0.376380523, "PHL": 0.502973332, "POL": 0.267971856, "PRT": 0.341868649, "QAT": 0.379207617, "ROU": 0.420739818, "RUS": 0.551108234, "WSM": 0.819557961, "STP": 0.827237341, "SAU": 0.460963847, "SEN": 0.671114535, "SYC": 0.654597605, "SLE": 0.935491115, "SGP": 0.383948707, "SVN": 0.271585328, "SLB": 0.950900478, "SOM": 0.613219606, "ZAF": 0.225971128, "ESP": 0.277252464, "LKA": 0.62459277, "KNA": 0.684344677, "LCA": 0.448097072, "VCT": 0.531745928, "SDN": 0.678679337, "SUR": 0.488222875, "SWE": 0.191623259, "SYR": 0.581059529, "TZA": 0.554015592, "THA": 0.452719378, "TLS": 0.651885217, "TGO": 0.574122122, "TON": 0.586192786, "TTO": 0.437788471, "TUN": 0.375420609, "TUR": 0.282241067, "TUV": 0.832767594, "UKR": 0.382696477, "ARE": 0.515487516, "GBR": 0.1454586, "USA": 0.180918826, "URY": 0.179166676, "VUT": 0.842022751, "VNM": 0.588878894}, "recentYear": {"ALB": "2014", "DZA": "2014", "AGO": "2014", "ATG": "2014", "ARG": "2014", "ABW": "2014", "AUS": "2014", "BHS": "2014", "BHR": "2014", "BGD": "2014", "BRB": "2014", "BEL": "2014", "BLZ": "2014", "BEN": "2014", "BRA": "2014", "BRN": "2014", "BGR": "2014", "KHM": "2014", "CMR": "2014", "CAN": "2014", "CPV": "2014", "CHL": "2014", "CHN": "2014", "COL": "2014", "COM": "2014", "COG": "2014", "CRI": "2014", "CIV": "2014", "HRV": "2014", "CUB": "2014", "CYP": "2014", "DNK": "2014", "DJI": "2014", "DMA": "2014", "DOM": "2014", "ECU": "2014", "SLV": "2014", "GNQ": "2014", "ERI": "2014", "EST": "2014", "FJI": "2014", "FIN": "2014", "FRA": "2014", "GAB": "2014", "GMB": "2014", "GEO": "2014", "DEU": "2014", "GHA": "2014", "GRC": "2014", "GRD": "2014", "GTM": "2014", "GIN": "2014", "GNB": "2014", "GUY": "2014", "HTI": "2014", "HND": "2014", "HKG": "2014", "ISL": "2014", "IND": "2014", "IDN": "2014", "IRL": "2014", "ISR": "2014", "ITA": "2014", "JAM": "2014", "JPN": "2014", "JOR": "2014", "KEN": "2014", "KIR": "2014", "KWT": "2014", "LVA": "2014", "LBN": "2014", "LBR": "2014", "LBY": "2014", "LTU": "2014", "MAC": "2014", "MDG": "2014", "MYS": "2014", "MDV": "2014", "MLT": "2014", "MRT": "2014", "MUS": "2014", "MEX": "2014", "MNE": "2014", "MAR": "2014", "MOZ": "2014", "MMR": "2014", "NAM": "2014", "NLD": "2014", "NZL": "2014", "NIC": "2014", "NGA": "2014", "NOR": "2014", "OMN": "2014", "PAK": "2014", "PAN": "2014", "PNG": "2014", "PER": "2014", "PHL": "2014", "POL": "2014", "PRT": "2014", "QAT": "2014", "ROU": "2014", "RUS": "2014", "WSM": "2014", "STP": "2014", "SAU": "2014", "SEN": "2014", "SYC": "2014", "SLE": "2014", "SGP": "2014", "SVN": "2014", "SLB": "2014", "SOM": "2014", "ZAF": "2014", "ESP": "2014", "LKA": "2014", "KNA": "2014", "LCA": "2014", "VCT": "2014", "SDN": "2014", "SUR": "2014", "SWE": "2014", "SYR": "2014", "TZA": "2014", "THA": "2014", "TLS": "2014", "TGO": "2014", "TON": "2014", "TTO": "2014", "TUN": "2014", "TUR": "2014", "TUV": "2014", "UKR": "2014", "ARE": "2014", "GBR": "2014", "USA": "2014", "URY": "2014", "VUT": "2014", "VNM": "2014"}, "recentValue": {"ALB": 0.33606148, "DZA": 0.450676685, "AGO": 0.606241977, "ATG": 0.571377101, "ARG": 0.140873332, "ABW": 0.280538841, "AUS": 0.228925342, "BHS": 0.510240082, "BHR": 0.506847746, "BGD": 0.703598378, "BRB": 0.495840297, "BEL": 0.232985196, "BLZ": 0.685677273, "BEN": 0.748080293, "BRA": 0.470856527, "BRN": 0.388459457, "BGR": 0.316003027, "KHM": 0.32723266, "CMR": 0.742827653, "CAN": 0.562449967, "CPV": 0.5390728, "CHL": 0.17246118, "CHN": 0.896991266, "COL": 0.317159773, "COM": 0.787078239, "COG": 0.501338091, "CRI": 0.3461171, "CIV": 0.676668204, "HRV": 0.311128433, "CUB": 0.490968076, "CYP": 0.432677663, "DNK": 0.218610069, "DJI": 0.548289714, "DMA": 0.571247537, "DOM": 0.575496784, "ECU": 0.435096464, "SLV": 0.455385801, "GNQ": 0.469148864, "ERI": 0.533793323, "EST": 0.348062163, "FJI": 0.530649626, "FIN": 0.297550165, "FRA": 0.438430524, "GAB": 0.465715209, "GMB": 0.602692652, "GEO": 0.292744217, "DEU": 0.250621042, "GHA": 0.691527031, "GRC": 0.45142833, "GRD": 0.542123462, "GTM": 0.456105835, "GIN": 0.630402789, "GNB": 0.661939215, "GUY": 0.561869787, "HTI": 0.804992687, "HND": 0.591056236, "HKG": 0.348337742, "ISL": 0.160849058, "IND": 0.703777766, "IDN": 0.636761253, "IRL": 0.152505663, "ISR": 0.301973468, "ITA": 0.282688877, "JAM": 0.616908349, "JPN": 0.154217857, "JOR": 0.541458516, "KEN": 0.591571958, "KIR": 0.999999998, "KWT": 0.350797029, "LVA": 0.298537961, "LBN": 0.587698961, "LBR": 0.535245581, "LBY": 0.546956596, "LTU": 0.32595237, "MAC": 0.511013856, "MDG": 0.67399229, "MYS": 0.345983852, "MDV": 0.982065227, "MLT": 0.305523945, "MRT": 0.551952964, "MUS": 0.438499804, "MEX": 0.348075111, "MNE": 0.377859622, "MAR": 0.475463402, "MOZ": 0.918210158, "MMR": 0.540398682, "NAM": 0.144038085, "NLD": 0.180281457, "NZL": -3.73e-09, "NIC": 0.512507055, "NGA": 0.753307533, "NOR": 0.324005686, "OMN": 0.546251111, "PAK": 0.503768609, "PAN": 0.306985599, "PNG": 0.334009198, "PER": 0.376380523, "PHL": 0.502973332, "POL": 0.267971856, "PRT": 0.341868649, "QAT": 0.379207617, "ROU": 0.420739818, "RUS": 0.551108234, "WSM": 0.819557961, "STP": 0.827237341, "SAU": 0.460963847, "SEN": 0.671114535, "SYC": 0.654597605, "SLE": 0.935491115, "SGP": 0.383948707, "SVN": 0.271585328, "SLB": 0.950900478, "SOM": 0.613219606, "ZAF": 0.225971128, "ESP": 0.277252464, "LKA": 0.62459277, "KNA": 0.684344677, "LCA": 0.448097072, "VCT": 0.531745928, "SDN": 0.678679337, "SUR": 0.488222875, "SWE": 0.191623259, "SYR": 0.581059529, "TZA": 0.554015592, "THA": 0.452719378, "TLS": 0.651885217, "TGO": 0.574122122, "TON": 0.586192786, "TTO": 0.437788471, "TUN": 0.375420609, "TUR": 0.282241067, "TUV": 0.832767594, "UKR": 0.382696477, "ARE": 0.515487516, "GBR": 0.1454586, "USA": 0.180918826, "URY": 0.179166676, "VUT": 0.842022751, "VNM": 0.588878894}},