{"data": {"2010": {"ATG": 0.162718815121984, "BHS": 0.620775536324963, "BRB": 0.164066556452271, "BLZ": 0.403131847293272, "CPV": 0.0, "COM": 0.480154664850034, "CUB": 0.633636119042592, "DMA": 0.0865124676942384, "DOM": 0.379854505246136, "FJI": 0.803258586803769, "GRD": 0.185866628868961, "GNB": 0.556879702428784, "GUY": 0.52992254152899, "HTI": 0.446158259144827, "JAM": 0.55407087257084, "KIR": 0.977182858288987, "MDV": 0.825848657336127, "MHL": 0.68453174823325, "MUS": 0.506505951334249, "FSM": 0.671096031368626, "NRU": 0.807741747221055, "PLW": 0.636926681848429, "PNG": 0.686398900902493, "KNA": 0.25248962471045, "LCA": 0.12181120638125, "VCT": 0.0959650693762501, "WSM": 0.702906266177239, "STP": 0.755922703086866, "SYC": 0.666324881467756, "SGP": 0.574693562970096, "SLB": 0.667463033804116, "SUR": 0.580415441704397, "TLS": 0.612944886351464, "TON": 0.731126706995222, "TTO": 0.362095702253768, "TUV": 0.693558996203625, "VUT": 0.698481781023164, "ABW": 0.2407140108741242, "AIA": 0.644758221498664, "ASM": 0.6443343143416492, "COK": 0.644758221498664, "CUW": 0.4927589608869917, "GUM": 0.5913644119865014, "MNP": 0.4666699091399466, "MSR": 0.644758221498664, "NCL": 0.540081777722019, "NIU": 0.644758221498664, "PRI": 0.7194179645289551, "PYF": 0.3007854804576848, "SXM": 0.6286638371235965, "VGB": 0.2452650065362181, "VIR": 0.5223709638593147}, "2011": {"ATG": 0.162718815121984, "BHS": 0.620775536324963, "BRB": 0.164066556452271, "BLZ": 0.403131847293272, "CPV": 0.0, "COM": 0.480154664850034, "CUB": 0.633636119042592, "DMA": 0.0865124676942384, "DOM": 0.379854505246136, "FJI": 0.803258586803769, "GRD": 0.185866628868961, "GNB": 0.556879702428784, "GUY": 0.52992254152899, "HTI": 0.446158259144827, "JAM": 0.55407087257084, "KIR": 0.977182858288987, "MDV": 0.825848657336127, "MHL": 0.68453174823325, "MUS": 0.506505951334249, "FSM": 0.671096031368626, "NRU": 0.807741747221055, "PLW": 0.636926681848429, "PNG": 0.686398900902493, "KNA": 0.25248962471045, "LCA": 0.12181120638125, "VCT": 0.0959650693762501, "WSM": 0.702906266177239, "STP": 0.755922703086866, "SYC": 0.666324881467756, "SGP": 0.574693562970096, "SLB": 0.667463033804116, "SUR": 0.580415441704397, "TLS": 0.612944886351464, "TON": 0.731126706995222, "TTO": 0.362095702253768, "TUV": 0.693558996203625, "VUT": 0.698481781023164, "ABW": 0.4161832763221981, "AIA": 0.6448978876318376, "ASM": 0.6448436616961891, "COK": 0.6448978876318376, "CUW": 0.5047854092558554, "GUM": 0.6209829774442174, "MNP": 0.6753101272462461, "MSR": 0.6448978876318376, "NCL": 0.621459390953312, "NIU": 0.6448978876318376, "PRI": 0.666474892430007, "PYF": 0.3340579321763117, "SXM": 0.5283302196396608, "VGB": 0.1660502621561098, "VIR": 0.586600019860009}, "2012": {"ATG": 0.162718815121984, "BHS": 0.620775536324963, "BRB": 0.164066556452271, "BLZ": 0.403131847293272, "CPV": 0.0, "COM": 0.480154664850034, "CUB": 0.633636119042592, "DMA": 0.0865124676942384, "DOM": 0.379854505246136, "FJI": 0.803258586803769, "GRD": 0.185866628868961, "GNB": 0.556879702428784, "GUY": 0.52992254152899, "HTI": 0.446158259144827, "JAM": 0.55407087257084, "KIR": 0.977182858288987, "MDV": 0.825848657336127, "MHL": 0.68453174823325, "MUS": 0.506505951334249, "FSM": 0.671096031368626, "NRU": 0.807741747221055, "PLW": 0.636926681848429, "PNG": 0.686398900902493, "KNA": 0.25248962471045, "LCA": 0.12181120638125, "VCT": 0.0959650693762501, "WSM": 0.702906266177239, "STP": 0.755922703086866, "SYC": 0.666324881467756, "SGP": 0.574693562970096, "SLB": 0.667463033804116, "SUR": 0.580415441704397, "TLS": 0.612944886351464, "TON": 0.731126706995222, "TTO": 0.362095702253768, "TUV": 0.693558996203625, "VUT": 0.698481781023164, "ABW": 0.2242277861202372, "AIA": 0.6431949965592852, "ASM": 0.6435781299205434, "COK": 0.6431949965592852, "CUW": 0.4784020154983827, "GUM": 0.6333375014857195, "MNP": 0.6759777577216219, "MSR": 0.6431949965592852, "NCL": 0.5704714599110176, "NIU": 0.6431949965592852, "PRI": 0.7879496534156167, "PYF": 0.4267958229182261, "SXM": 0.5451531985718976, "VGB": 0.1436324673765624, "VIR": 0.7177615779469997}, "2013": {"ATG": 0.162718815121984, "BHS": 0.620775536324963, "BRB": 0.164066556452271, "BLZ": 0.403131847293272, "CPV": 0.0, "COM": 0.480154664850034, "CUB": 0.633636119042592, "DMA": 0.0865124676942384, "DOM": 0.379854505246136, "FJI": 0.803258586803769, "GRD": 0.185866628868961, "GNB": 0.556879702428784, "GUY": 0.52992254152899, "HTI": 0.446158259144827, "JAM": 0.55407087257084, "KIR": 0.977182858288987, "MDV": 0.825848657336127, "MHL": 0.68453174823325, "MUS": 0.506505951334249, "FSM": 0.671096031368626, "NRU": 0.807741747221055, "PLW": 0.636926681848429, "PNG": 0.686398900902493, "KNA": 0.25248962471045, "LCA": 0.12181120638125, "VCT": 0.0959650693762501, "WSM": 0.702906266177239, "STP": 0.755922703086866, "SYC": 0.666324881467756, "SGP": 0.574693562970096, "SLB": 0.667463033804116, "SUR": 0.580415441704397, "TLS": 0.612944886351464, "TON": 0.731126706995222, "TTO": 0.362095702253768, "TUV": 0.693558996203625, "VUT": 0.698481781023164, "ABW": 0.2286264652223672, "AIA": 0.6451902199341418, "ASM": 0.6393544100251126, "COK": 0.6451902199341418, "CUW": 0.4026253303202045, "GUM": 0.544367419253544, "MNP": 0.626928790837783, "MSR": 0.6451902199341418, "NCL": 0.5714667364365223, "NIU": 0.6451902199341418, "PRI": 0.7822284277935708, "PYF": 0.4925542830840262, "SXM": 0.6901376425161861, "VGB": 0.1446848635296384, "VIR": 0.6931671195337386}, "2014": {"ATG": 0.162718815121984, "BHS": 0.620775536324963, "BRB": 0.164066556452271, "BLZ": 0.403131847293272, "CPV": 0.0, "COM": 0.480154664850034, "CUB": 0.633636119042592, "DMA": 0.0865124676942384, "DOM": 0.379854505246136, "FJI": 0.803258586803769, "GRD": 0.185866628868961, "GNB": 0.556879702428784, "GUY": 0.52992254152899, "HTI": 0.446158259144827, "JAM": 0.55407087257084, "KIR": 0.977182858288987, "MDV": 0.825848657336127, "MHL": 0.68453174823325, "MUS": 0.506505951334249, "FSM": 0.671096031368626, "NRU": 0.807741747221055, "PLW": 0.636926681848429, "PNG": 0.686398900902493, "KNA": 0.25248962471045, "LCA": 0.12181120638125, "VCT": 0.0959650693762501, "WSM": 0.702906266177239, "STP": 0.755922703086866, "SYC": 0.666324881467756, "SGP": 0.574693562970096, "SLB": 0.667463033804116, "SUR": 0.580415441704397, "TLS": 0.612944886351464, "TON": 0.731126706995222, "TTO": 0.362095702253768, "TUV": 0.693558996203625, "VUT": 0.698481781023164, "ABW": 0.250266411363383, "AIA": 0.6433718364553184, "ASM": 0.6761190552969998, "COK": 0.6433718364553184, "CUW": 0.5146358328928704, "GUM": 0.5541945351226275, "MNP": 0.6008153903252015, "MSR": 0.6433718364553184, "NCL": 0.5509723323041236, "NIU": 0.6433718364553184, "PRI": 0.7397576760729027, "PYF": 0.3331042706613559, "SXM": 0.2885145927613818, "VGB": 0.2755793663781571, "VIR": 0.745822404293103}}, "upperIntervals": {"2010": {"ABW": 0.3061390126694341, "AIA": 0.6599811224331698, "ASM": 0.6568144897341467, "COK": 0.6599811224331698, "CUW": 0.5263518617501705, "GUM": 0.620775536324963, "MNP": 0.480154664850034, "MSR": 0.6599811224331698, "NCL": 0.5535806780016551, "NIU": 0.6599811224331698, "PRI": 0.731126706995222, "PYF": 0.38060034605365, "SXM": 0.6440381470042795, "VGB": 0.330394976156437, "VIR": 0.5426534071122857}, "2011": {"ABW": 0.4453139593170794, "AIA": 0.6611726754092665, "ASM": 0.6606997877154365, "COK": 0.6611726754092665, "CUW": 0.5297347750777976, "GUM": 0.6329098317414901, "MNP": 0.6876593256956663, "MSR": 0.6611726754092665, "NCL": 0.633238824214539, "NIU": 0.6611726754092665, "PRI": 0.6814738283656824, "PYF": 0.403131847293272, "SXM": 0.5448066117458985, "VGB": 0.185866628868961, "VIR": 0.6168275042704863}, "2012": {"ABW": 0.25248962471045, "AIA": 0.648509696295507, "ASM": 0.6456164226872119, "COK": 0.648509696295507, "CUW": 0.511685093450623, "GUM": 0.640289884471165, "MNP": 0.68453174823325, "MSR": 0.648509696295507, "NCL": 0.581396578176865, "NIU": 0.648509696295507, "PRI": 0.803258586803769, "PYF": 0.464156122697632, "SXM": 0.556079289770335,