{"data": {"2010": {"ATG": 0.445793759415805, "BHS": 0.357837088684789, "BRB": 0.370631553952529, "BLZ": 0.387921479637909, "CPV": 0.518515751896376, "COM": 0.603144589828531, "CUB": 0.232253957673539, "DMA": 0.368144101476281, "DOM": 0.3915299605484, "FJI": 0.374209103404682, "GRD": 0.338165425797448, "GNB": 0.826130952751643, "GUY": 0.593111313076776, "HTI": 0.721584598481753, "JAM": 0.504696860980057, "KIR": 0.394176179620758, "MDV": 0.511705295411431, "MHL": 0.62753155795646, "MUS": 0.429001200645341, "FSM": 0.61319621948319, "NRU": 0.663946028853689, "PLW": 0.513090314204871, "PNG": 0.700263144950365, "KNA": 0.352238775789819, "LCA": 0.405176649500501, "VCT": 0.469841079387996, "WSM": 0.506137563789692, "STP": 0.73302153094139, "SYC": 0.398839208236018, "SGP": 0.20560060856122, "SLB": 0.661143029465801, "SUR": 0.394424602415055, "TLS": 0.714554721006965, "TON": 0.581096375873062, "TTO": 0.364039021487474, "TUV": 0.516346491752007, "VUT": 0.652994963497513, "ABW": 0.481702744928998, "AIA": 0.4312525774922207, "ASM": 0.4104595822505619, "COK": 0.4312525774922207, "CUW": 0.3655074574496555, "GUM": 0.3646035851420077, "MNP": 0.4613247323338995, "MSR": 0.4312525774922207, "NCL": 0.3714670486854343, "NIU": 0.4312525774922207, "PRI": 0.3645131359015835, "PYF": 0.488706786574426, "SXM": 0.3169069057872927, "VGB": 0.4591849628200252, "VIR": 0.3897100934708422}, "2011": {"ATG": 0.427839790380952, "BHS": 0.360877737937559, "BRB": 0.380863405454327, "BLZ": 0.402084869736294, "CPV": 0.506518223910747, "COM": 0.597343009171437, "CUB": 0.299699705120685, "DMA": 0.374393485505814, "DOM": 0.3759222949468, "FJI": 0.357529725411374, "GRD": 0.329067432368739, "GNB": 0.825433493295562, "GUY": 0.532154397882458, "HTI": 0.722507523335712, "JAM": 0.503528086283868, "KIR": 0.365500948760198, "MDV": 0.51448511600159, "MHL": 0.601771158058129, "MUS": 0.442015981491298, "FSM": 0.617044287770914, "NRU": 0.511086586339075, "PLW": 0.515710940316877, "PNG": 0.668159613042929, "KNA": 0.355677375380573, "LCA": 0.40203996916432, "VCT": 0.449100207989833, "WSM": 0.561429587502839, "STP": 0.733019066236731, "SYC": 0.53785079298891, "SGP": 0.215626873070243, "SLB": 0.667283417502741, "SUR": 0.384512308123206, "TLS": 0.714490330597747, "TON": 0.454773198159416, "TTO": 0.358146372144522, "TUV": 0.516387937016447, "VUT": 0.614971527480347, "ABW": 0.4532303546540914, "AIA": 0.4260608478367397, "ASM": 0.4008758927803358, "COK": 0.4260608478367397, "CUW": 0.3635355193178822, "GUM": 0.3300346478234413, "MNP": 0.3590471479648425, "MSR": 0.4260608478367397, "NCL": 0.3695318841605984, "NIU": 0.4260608478367397, "PRI": 0.3433848332295117, "PYF": 0.4768739360327811, "SXM": 0.4363093766854698, "VGB": 0.4065485332929868, "VIR": 0.3982450234357083}, "2012": {"ATG": 0.410078509296515, "BHS": 0.364793461128179, "BRB": 0.359592060891015, "BLZ": 0.395993455754874, "CPV": 0.585831231588472, "COM": 0.593330553230813, "CUB": 0.230186083075485, "DMA": 0.380346003989131, "DOM": 0.392645345193771, "FJI": 0.365482281759034, "GRD": 0.329867221796863, "GNB": 0.781000967603168, "GUY": 0.500540691450652, "HTI": 0.728765434731555, "JAM": 0.509132783515256, "KIR": 0.410226994136754, "MDV": 0.508413360650229, "MHL": 0.608422009536567, "MUS": 0.425953330310999, "FSM": 0.620892356058637, "NRU": 0.51235639062612, "PLW": 0.518331566428882, "PNG": 0.668700549322062, "KNA": 0.340627703811226, "LCA": 0.383560551085083, "VCT": 0.36621290027122, "WSM": 0.468987168313915, "STP": 0.733016601532072, "SYC": 0.396107899504072, "SGP": 0.208354145797516, "SLB": 0.669304090213069, "SUR": 0.373328908225042, "TLS": 0.711280977043566, "TON": 0.591928321491155, "TTO": 0.353024144219904, "TUV": 0.507313504914711, "VUT": 0.648502461591218, "ABW": 0.4348437122915867, "AIA": 0.4135057399275446, "ASM": 0.3928659615933312, "COK": 0.4135057399275446, "CUW": 0.3721814990441792, "GUM": 0.3636498738723636, "MNP": 0.3487994049012319, "MSR": 0.4135057399275446, "NCL": 0.4157892525745326, "NIU": 0.4135057399275446, "PRI": 0.3532987306533088, "PYF": 0.4522925843147365, "SXM": 0.4646962485919859, "VGB": 0.3986645721899364, "VIR": 0.3345095519982122}, "2013": {"ATG": 0.39503208792607, "BHS": 0.36841635854958, "BRB": 0.376441281311847, "BLZ": 0.231374077986632, "CPV": 0.611789996973173, "COM": 0.60911072598783, "CUB": 0.228431327827911, "DMA": 0.371721080880193, "DOM": 0.398177467884531, "FJI": 0.346450175555462, "GRD": 0.330735960513566, "GNB": 0.757676346920412, "GUY": 0.504084872335101, "HTI": 0.735023346127397, "JAM": 0.491703490289084, "KIR": 0.470284574786218, "MDV": 0.485711225162971, "MHL": 0.60977194881754, "MUS": 0.409816098216224, "FSM": 0.624740424346361, "NRU": 0.513626194913166, "PLW": 0.520952192540888, "PNG": 0.708559239433883, "KNA": 0.344124009975097, "LCA": 0.380940001912797, "VCT": 0.312731178676464, "WSM": 0.623122471600178, "STP": 0.733014136827413, "SYC": 0.383598458656176, "SGP": 0.205061762505132, "SLB": 0.663176410809527, "SUR": 0.3726139071504, "TLS": 0.708071623489385, "TON": 0.488723829653688, "TTO": 0.348375230157313, "TUV": 0.619901676218475, "VUT": 0.651009769055422, "ABW": 0.4202112724095724, "AIA": 0.413222980507513, "ASM": 0.464997200225123, "COK": 0.413222980507513, "CUW": 0.4423404528767515, "GUM": 0.344482566894728, "MNP": 0.4091247789774467, "MSR": 0.413222980507513, "NCL": 0.4037152355361253, "NIU": 0.413222980507513, "PRI": 0.3565835061505657, "PYF": 0.4442261610646679, "SXM": 0.4908139064797949, "VGB": 0.340728093752243, "VIR": 0.3457639049628838}, "2014": {"ATG": 0.391004121429023, "BHS": 0.372387633163798, "BRB": 0.384212162782991, "BLZ": 0.284911235507163, "CPV": 0.619787357984515, "COM": 0.606042340507398, "CUB": 0.226858388761716, "DMA": 0.36775487193044, "DOM": 0.440550236272261, "FJI": 0.33821133306832, "GRD": 0.331609849247772, "GNB": 0.826640276157518, "GUY": 0.481162505822064, "HTI": 0.74128125752324, "JAM": 0.496359737853637, "KIR": 0.465391214338214, "MDV": 0.481131518713743, "MHL": 0.611121888098514, "MUS": 0.391749791108367, "FSM": 0.628588492634084, "NRU": 0.514895999200212, "PLW": 0.523572818652893, "PNG": 0.709540830070646, "KNA": 0.343036292426712, "LCA": 0.347998629877758, "VCT": 0.316152468522798, "WSM": 0.557167222857596, "STP": 0.733011672122753, "SYC": 0.335542676808251, "SGP": 0.200159618982299, "SLB": 0.662163956348797, "SUR": 0.377595975060581, "TLS": 0.700017738883776, "TON": 0.595260101547073, "TTO": 0.343926203466909, "TUV": 0.561422623892607, "VUT": 0.653517076519626, "ABW": 0.4144256955124922, "AIA": 0.4119938768861339, "ASM": 0.4327264498885453, "COK": 0.4119938768861339, "CUW": 0.4129727927987583, "GUM": 0.4064417814201516, "MNP": 0.4176684413981531, "MSR": 0.4119938768861339, "NCL": 0.3818970702193061, "NIU": 0.4119938768861339, "PRI": 0.3008618649709285, "PYF": 0.4560582457447852, "SXM": 0.4125484688507086, "VGB": 0.428545116288844, "VIR": 0.2942735324146935}}, "upperIntervals": {"2010": {"ABW": 0.6032757046272537, "AIA": 0.5213267157131192, "ASM": 0.5014620828755028, "COK": 0.5213267157131192, "CUW": 0.4470522137260582, "GUM": 0.4591548396765938, "MNP": 0.548688864156235, "MSR": 0.5213267157131192, "NCL": 0.4487304372031813, "NIU": 0.5213267157131192, "PRI": 0.4547047624864914, "PYF": 0.6253992933640623, "SXM": 0.4264055011874708, "VGB": 0.6119912712758759, "VIR": 0.4827529651720061}, "2011": {"ABW": 0.5548662814322485, "AIA": 0.5157173106376305, "ASM": 0.4934699896137756, "COK": 0.5157173106376305, "CUW": 0.4735942699681146, "GUM": 0.4450186560023969, "MNP": 0.4897624582655064, "MSR": 0.5157173106376305, "NCL": 0.46754403580263, "NIU": 0.5157173106376305, "PRI": 0.441891418247156, "PYF": 0.5849193579336235, "SXM": 0.5381029283693262, "VGB": 0.5337907173250771, "VIR": 0.485145936198825}, "2012": {"ABW": 0.5376991732158256, "AIA": 0.508931976988697, "ASM": 0.5033476682348761, "COK": 0.508931976988697, "CUW": 0.4883814472431312, "GUM": 0.4866495173364935, "MNP": 0.475731479859671, "MSR": 0.508931976988697, "NCL": 0.4995192335411977, "NIU": 0.508931976988697,