{"data": {"2010": {"ATG": 0.675403225806452, "BHS": 0.433467741935484, "BRB": 0.0, "BLZ": 0.836693548387097, "CPV": 0.3125, "COM": 0.231854838709677, "CUB": 0.514112903225806, "DMA": 0.182459677419355, "DOM": 0.514112903225806, "FJI": 0.514112903225806, "GRD": 0.393145161290323, "GNB": 0.726814516129032, "GUY": 0.9375, "HTI": 0.766129032258065, "JAM": 0.269153225806452, "KIR": 0.6071171468764889, "MDV": 0.0, "MHL": 0.5501914590725133, "MUS": 0.0191532258064517, "FSM": 0.826612903225806, "NRU": 0.2617792638365225, "PLW": 0.5205222341799743, "PNG": 0.967741935483871, "KNA": 0.579637096774194, "LCA": 0.765871064863305, "VCT": 0.30241935483871, "WSM": 0.866935483870968, "STP": 0.32258064516129, "SYC": 0.0352822580645161, "SGP": 0.0, "SLB": 0.987903225806452, "SUR": 0.743951612903226, "TLS": 0.7084935828997929, "TON": 0.735887096774194, "TTO": 0.493951612903226, "TUV": 0.5412228568202154, "VUT": 0.766129032258065, "ABW": 0.4939445469480892, "AIA": 0.5039648415819595, "ASM": 0.6160320892491999, "COK": 0.5039648415819595, "CUW": 0.4082013313865056, "GUM": 0.4782362667399705, "MNP": 0.5868037069860927, "MSR": 0.5039648415819595, "NCL": 0.5225163767406131, "NIU": 0.5039648415819595, "PRI": 0.2901073094707746, "PYF": 0.6566609880791598, "SXM": 0.2790629370992578, "VGB": 0.6784570293030322, "VIR": 0.5516273426000046}, "2011": {"ATG": 0.675403225806452, "BHS": 0.433467741935484, "BRB": 0.0, "BLZ": 0.836693548387097, "CPV": 0.3125, "COM": 0.231854838709677, "CUB": 0.514112903225806, "DMA": 0.182459677419355, "DOM": 0.514112903225806, "FJI": 0.514112903225806, "GRD": 0.393145161290323, "GNB": 0.726814516129032, "GUY": 0.9375, "HTI": 0.766129032258065, "JAM": 0.269153225806452, "KIR": 0.6469354838709674, "MDV": 0.0, "MHL": 0.5598171581804763, "MUS": 0.0191532258064517, "FSM": 0.826612903225806, "NRU": 0.2535907258064521, "PLW": 0.5534060259856624, "PNG": 0.967741935483871, "KNA": 0.579637096774194, "LCA": 0.750425403225809, "VCT": 0.30241935483871, "WSM": 0.866935483870968, "STP": 0.32258064516129, "SYC": 0.0352822580645161, "SGP": 0.0, "SLB": 0.987903225806452, "SUR": 0.743951612903226, "TLS": 0.6793608870967719, "TON": 0.735887096774194, "TTO": 0.493951612903226, "TUV": 0.5525060483870964, "VUT": 0.766129032258065, "ABW": 0.5799455645161307, "AIA": 0.5189697580645165, "ASM": 0.6784003795066452, "COK": 0.5189697580645165, "CUW": 0.4075236895161286, "GUM": 0.3963301411290328, "MNP": 0.5062631048387114, "MSR": 0.5189697580645165, "NCL": 0.5948205645161294, "NIU": 0.5189697580645165, "PRI": 0.1784334677419354, "PYF": 0.6102923387096794, "SXM": 0.5697664039589446, "VGB": 0.4517883064516158, "VIR": 0.5605068324372758}, "2012": {"ATG": 0.675403225806452, "BHS": 0.433467741935484, "BRB": 0.0, "BLZ": 0.836693548387097, "CPV": 0.3125, "COM": 0.231854838709677, "CUB": 0.514112903225806, "DMA": 0.182459677419355, "DOM": 0.514112903225806, "FJI": 0.514112903225806, "GRD": 0.393145161290323, "GNB": 0.726814516129032, "GUY": 0.9375, "HTI": 0.766129032258065, "JAM": 0.269153225806452, "KIR": 0.6093941777473454, "MDV": 0.0, "MHL": 0.5583038910956848, "MUS": 0.0191532258064517, "FSM": 0.826612903225806, "NRU": 0.279104726302484, "PLW": 0.5033514558840073, "PNG": 0.967741935483871, "KNA": 0.579637096774194, "LCA": 0.6988609078981082, "VCT": 0.30241935483871, "WSM": 0.866935483870968, "STP": 0.32258064516129, "SYC": 0.0352822580645161, "SGP": 0.0, "SLB": 0.987903225806452, "SUR": 0.743951612903226, "TLS": 0.6631755807624845, "TON": 0.735887096774194, "TTO": 0.493951612903226, "TUV": 0.546492154512013, "VUT": 0.766129032258065, "ABW": 0.4880747494648996, "AIA": 0.5498815442608553, "ASM": 0.4872071495502686, "COK": 0.5498815442608553, "CUW": 0.3887578010332427, "GUM": 0.4171695651714629, "MNP": 0.6107107490384301, "MSR": 0.5498815442608553, "NCL": 0.4898454406818447, "NIU": 0.5498815442608553, "PRI": 0.2211706691290186, "PYF": 0.5805778051801348, "SXM": 0.7005686320428458, "VGB": 0.4959557364504609, "VIR": 0.1706448529164985}, "2013": {"ATG": 0.675403225806452, "BHS": 0.433467741935484, "BRB": 0.0, "BLZ": 0.836693548387097, "CPV": 0.3125, "COM": 0.231854838709677, "CUB": 0.514112903225806, "DMA": 0.182459677419355, "DOM": 0.514112903225806, "FJI": 0.514112903225806, "GRD": 0.393145161290323, "GNB": 0.726814516129032, "GUY": 0.9375, "HTI": 0.766129032258065, "JAM": 0.269153225806452, "KIR": 0.6364634849636769, "MDV": 0.0, "MHL": 0.5529377906659689, "MUS": 0.0191532258064517, "FSM": 0.826612903225806, "NRU": 0.2887413834121751, "PLW": 0.5027859556611055, "PNG": 0.967741935483871, "KNA": 0.579637096774194, "LCA": 0.6811201335962456, "VCT": 0.30241935483871, "WSM": 0.866935483870968, "STP": 0.32258064516129, "SYC": 0.0352822580645161, "SGP": 0.0, "SLB": 0.987903225806452, "SUR": 0.743951612903226, "TLS": 0.647059686570865, "TON": 0.735887096774194, "TTO": 0.493951612903226, "TUV": 0.5660244337843584, "VUT": 0.766129032258065, "ABW": 0.5252673117661415, "AIA": 0.5479762900262833, "ASM": 0.4786571318750731, "COK": 0.5479762900262833, "CUW": 0.7391920681272194, "GUM": 0.4050204903876923, "MNP": 0.5872409700351582, "MSR": 0.5479762900262833, "NCL": 0.5506532090000843, "NIU": 0.5479762900262833, "PRI": 0.3535420864886734, "PYF": 0.5044686014853285, "SXM": 0.5149841248846472, "VGB": 0.3746987467905519, "VIR": 0.2061560836744222}, "2014": {"ATG": 0.675403225806452, "BHS": 0.433467741935484, "BRB": 0.0, "BLZ": 0.836693548387097, "CPV": 0.3125, "COM": 0.231854838709677, "CUB": 0.514112903225806, "DMA": 0.182459677419355, "DOM": 0.514112903225806, "FJI": 0.514112903225806, "GRD": 0.393145161290323, "GNB": 0.726814516129032, "GUY": 0.9375, "HTI": 0.766129032258065, "JAM": 0.269153225806452, "KIR": 0.6397338709677421, "MDV": 0.0, "MHL": 0.5772318548387086, "MUS": 0.0191532258064517, "FSM": 0.826612903225806, "NRU": 0.2803508064516132, "PLW": 0.5147016129032254, "PNG": 0.967741935483871, "KNA": 0.579637096774194, "LCA": 0.6712338709677456, "VCT": 0.30241935483871, "WSM": 0.866935483870968, "STP": 0.32258064516129, "SYC": 0.0352822580645161, "SGP": 0.0, "SLB": 0.987903225806452, "SUR": 0.743951612903226, "TLS": 0.6833306451612893, "TON": 0.735887096774194, "TTO": 0.493951612903226, "TUV": 0.5610524193548379, "VUT": 0.766129032258065, "ABW": 0.3703104838709695, "AIA": 0.5508608870967754, "ASM": 0.6465665322580645, "COK": 0.5508608870967754, "CUW": 0.5627862903225817, "GUM": 0.4825705645161294, "MNP": 0.6460766129032274, "MSR": 0.5508608870967754, "NCL": 0.5865685483870968, "NIU": 0.5508608870967754, "PRI": 0.2613084677419355, "PYF": 0.5977137096774214, "SXM": 0.6091995967741954, "VGB": 0.4551411290322596, "VIR": 0.1109032258064517}}, "upperIntervals": {"2010": {"KIR": 0.979838709677419, "MHL": 0.8874243951612897, "NRU": 0.871975806451613, "PLW": 0.863407258064516, "LCA": 0.967741935483871, "TLS": 0.9375, "TUV": 0.939516129032258, "ABW": 0.8638120112414466, "AIA": 0.880040322580645, "ASM": 0.8230730459057072, "COK": 0.880040322580645, "CUW": 0.7796244959677419, "GUM": 0.824659778225806, "MNP": 0.8326612903225806, "MSR": 0.880040322580645, "NCL": 0.8440272177419352, "NIU": 0.880040322580645, "PRI": 0.6894755264336916, "PYF": 0.8578812316715543, "SXM": 0.7418407038920054, "VGB": 0.8581275201612905, "VIR": 0.9023185483870968}, "2011": {"KIR": 0.979838709677419, "MHL": 0.907258064516129, "NRU": 0.871975806451613, "PLW": 0.891129032258065, "LCA": 0.944556451612903, "TLS": 0.9375, "TUV": 0.979838709677419, "ABW": 0.907258064516129, "AIA": 0.907258064516129, "ASM": 0.907258064516129, "COK": 0.907258064516129, "CUW": 0.836693548387097, "GUM": 0.824596774193548, "MNP": 0.8919354838709674, "MSR": 0.907258064516129, "NCL": 0.887096774193548, "NIU": 0.907258064516129, "PRI": 0.626008064516129, "PYF": 0.920362903225806, "SXM": 0.907258064516129, "VGB": 0.861895161290323, "VIR": 0.891885080645161}, "2012": {"KIR": 0.979838709677419, "MHL": 0.8720766129032258, "NRU": 0.8919354838709674, "PLW": 0.873991935483871, "LCA": 0.967741935483871, "TLS": 0.9375, "TUV": 0.936491935483871, "ABW": 0.8315468189964159,