{"data": {"2010": {"ATG": 0.640218257682611, "BHS": 0.491460512270825, "BRB": 0.507145114856448, "BLZ": 0.536861176327755, "CPV": 0.571447254645764, "COM": 0.701073540510602, "CUB": 0.407670817375119, "DMA": 0.540854211265614, "DOM": 0.427354515709273, "FJI": 0.509103025427964, "GRD": 0.553901769562131, "GNB": 0.686567845261422, "GUY": 0.53208491626479, "HTI": 0.608631040379155, "JAM": 0.468014802893919, "KIR": 0.582128140772876, "MDV": 0.526193175934549, "MHL": 0.372200173334113, "MUS": 0.538956017682512, "FSM": 0.593230125542998, "NRU": 0.411605203854086, "PLW": 0.447286248239792, "PNG": 0.669723557031457, "KNA": 0.627079476573076, "LCA": 0.56117115461557, "VCT": 0.537046742409351, "WSM": 0.573569327721737, "STP": 0.420395806865247, "SYC": 0.451082953110099, "SGP": 0.26627663298349, "SLB": 0.570422401080923, "SUR": 0.396162012188663, "TLS": 0.726988525837803, "TON": 0.595004378876445, "TTO": 0.446085820457344, "TUV": 0.402159754477768, "VUT": 0.601867533358844, "ABW": 0.5635451322689805, "AIA": 0.4616333596651552, "ASM": 0.464170928446987, "COK": 0.4616333596651552, "CUW": 0.4040007102183036, "GUM": 0.4137244083861762, "MNP": 0.4383804271757883, "MSR": 0.4616333596651552, "NCL": 0.3822121226379438, "NIU": 0.4616333596651552, "PRI": 0.3743306177958447, "PYF": 0.5580687089641889, "SXM": 0.3613638384206965, "VGB": 0.5606927197771736, "VIR": 0.3998304007728541}, "2011": {"ATG": 0.649277182185433, "BHS": 0.485459670215034, "BRB": 0.465758031509567, "BLZ": 0.506991546729196, "CPV": 0.562778735737487, "COM": 0.707255753286656, "CUB": 0.402164378007971, "DMA": 0.54170991589257, "DOM": 0.432340305279162, "FJI": 0.511894507337593, "GRD": 0.553914702129569, "GNB": 0.686025522889735, "GUY": 0.538128891839691, "HTI": 0.599545041632483, "JAM": 0.459290775943689, "KIR": 0.597617436647581, "MDV": 0.527148045378931, "MHL": 0.370933859439147, "MUS": 0.517804735145936, "FSM": 0.596735580488423, "NRU": 0.411605203854086, "PLW": 0.440308963862849, "PNG": 0.667792548100003, "KNA": 0.64022677954618, "LCA": 0.565350453470315, "VCT": 0.546028858694616, "WSM": 0.579355694413386, "STP": 0.416707108186775, "SYC": 0.391797912327413, "SGP": 0.266853516734685, "SLB": 0.557530059106279, "SUR": 0.391316763741223, "TLS": 0.706476000527805, "TON": 0.596769916635279, "TTO": 0.431475908870618, "TUV": 0.399980616864473, "VUT": 0.605150697845575, "ABW": 0.4881464404396213, "AIA": 0.4483397625290648, "ASM": 0.4984447775277984, "COK": 0.4483397625290648, "CUW": 0.3836891600343555, "GUM": 0.3951972502476659, "MNP": 0.4113964843109439, "MSR": 0.4483397625290648, "NCL": 0.4175261999707965, "NIU": 0.4483397625290648, "PRI": 0.3578188552237967, "PYF": 0.5231066482347719, "SXM": 0.4426592646931219, "VGB": 0.5630078961933503, "VIR": 0.4307146771418357}, "2012": {"ATG": 0.689017987637066, "BHS": 0.485388194565953, "BRB": 0.436974401477632, "BLZ": 0.507018755383596, "CPV": 0.570036699383328, "COM": 0.708912478232189, "CUB": 0.402413329718585, "DMA": 0.547328751087676, "DOM": 0.435242696077519, "FJI": 0.51028724734129, "GRD": 0.553893147850506, "GNB": 0.685477811948283, "GUY": 0.53116925719601, "HTI": 0.590454732029999, "JAM": 0.447429394495123, "KIR": 0.549324034163329, "MDV": 0.486610112449741, "MHL": 0.36969448839301, "MUS": 0.497483307090109, "FSM": 0.602311432022896, "NRU": 0.411605203854086, "PLW": 0.435738623954528, "PNG": 0.666404341116723, "KNA": 0.646452691974075, "LCA": 0.557529839887428, "VCT": 0.546703464464355, "WSM": 0.580115034210991, "STP": 0.400555253453875, "SYC": 0.403145985710931, "SGP": 0.266682119921996, "SLB": 0.561938765900894, "SUR": 0.406711080680992, "TLS": 0.685959164361993, "TON": 0.593709763092235, "TTO": 0.384090777214044, "TUV": 0.397807945534898, "VUT": 0.603604958634802, "ABW": 0.5259125163540531, "AIA": 0.4398971015176901, "ASM": 0.4493520660611003, "COK": 0.4398971015176901, "CUW": 0.3876418843449078, "GUM": 0.4114410546281128, "MNP": 0.414154877742486, "MSR": 0.4398971015176901, "NCL": 0.4169098790375592, "NIU": 0.4398971015176901, "PRI": 0.3757882133346333, "PYF": 0.4533344765596485, "SXM": 0.4447333307024713, "VGB": 0.5759180233370381, "VIR": 0.3533696560617512}, "2013": {"ATG": 0.682632901612416, "BHS": 0.486012284177184, "BRB": 0.429303175439177, "BLZ": 0.458234494141837, "CPV": 0.582570558518118, "COM": 0.693052253396632, "CUB": 0.400338594528527, "DMA": 0.540731981504428, "DOM": 0.431040967101562, "FJI": 0.496197797389572, "GRD": 0.553834951297035, "GNB": 0.684926508626986, "GUY": 0.528571716762724, "HTI": 0.586040864430868, "JAM": 0.456038920552729, "KIR": 0.557128819823234, "MDV": 0.493841305834241, "MHL": 0.368487448765468, "MUS": 0.519245411667677, "FSM": 0.594309467086309, "NRU": 0.411605203854086, "PLW": 0.424152057518291, "PNG": 0.666411525876411, "KNA": 0.636952980246115, "LCA": 0.547841542357652, "VCT": 0.54757831144945, "WSM": 0.58577931588991, "STP": 0.390740913795082, "SYC": 0.426836618350118, "SGP": 0.26693764989298, "SLB": 0.561277784774749, "SUR": 0.401788715461652, "TLS": 0.66543801734037, "TON": 0.595359656859579, "TTO": 0.383017550975835, "TUV": 0.395654673056479, "VUT": 0.602059219424029, "ABW": 0.531214114339771, "AIA": 0.4435817643832482, "ASM": 0.432940289982206, "COK": 0.4435817643832482, "CUW": 0.5350112319030468, "GUM": 0.4112443081850596, "MNP": 0.4335147774400502, "MSR": 0.4435817643832482, "NCL": 0.4303251208454317, "NIU": 0.4435817643832482, "PRI": 0.3829603250740093, "PYF": 0.4646705303464178, "SXM": 0.4429111343381965, "VGB": 0.3867299325450461, "VIR": 0.369656393527849}, "2014": {"ATG": 0.642643954058955, "BHS": 0.48566111859917, "BRB": 0.456802720202282, "BLZ": 0.480083924781148, "CPV": 0.569408008116207, "COM": 0.707366381429276, "CUB": 0.3991212124341, "DMA": 0.54820800718361, "DOM": 0.427351414240821, "FJI": 0.5024739833072, "GRD": 0.553744423324969, "GNB": 0.684369816735924, "GUY": 0.533540942720747, "HTI": 0.581624841403832, "JAM": 0.458055315135618, "KIR": 0.5619331839381, "MDV": 0.494194282770962, "MHL": 0.367307351986755, "MUS": 0.497030819158227, "FSM": 0.594190918551461, "NRU": 0.411605203854086, "PLW": 0.424138475403226, "PNG": 0.666393563977191, "KNA": 0.632056344896421, "LCA": 0.553269373908682, "VCT": 0.549713488559483, "WSM": 0.579299107552964, "STP": 0.384933673197778, "SYC": 0.411121618010903, "SGP": 0.267576352907991, "SLB": 0.575757755028904, "SUR": 0.395808364715508, "TLS": 0.677482680816183, "TON": 0.587952388091725, "TTO": 0.386972410806687, "TUV": 0.393559597131531, "VUT": 0.601879600431835, "ABW": 0.5413110335064493, "AIA": 0.4402168233758189, "ASM": 0.4112358032099231, "COK": 0.4402168233758189, "CUW": 0.4519738903482826, "GUM": 0.4012578864496252, "MNP": 0.4104928840413964, "MSR": 0.4402168233758189, "NCL": 0.3969656596831935, "NIU": 0.4402168233758189, "PRI": 0.3889324815843732, "PYF": 0.4751977435257741, "SXM": 0.4721333072405448, "VGB": 0.4365065104283285, "VIR": 0.3672587669264532}}, "upperIntervals": {"2010": {"ABW": 0.6098144330170602, "AIA": 0.5260954459660537, "ASM": 0.5260954459660537, "COK": 0.5260954459660537, "CUW": 0.4514108276432856, "GUM": 0.4506707453269543, "MNP": 0.5290752377331547, "MSR": 0.5260954459660537, "NCL": 0.4458941122476926, "NIU": 0.5260954459660537, "PRI": 0.4382642387498478, "PYF": 0.60941978831776, "SXM": 0.4353540990268644, "VGB": 0.6039533032838018, "VIR": 0.453269086918643}, "2011": {"ABW": 0.5610655965898351, "AIA": 0.5141098565438631, "ASM": 0.579231981507215, "COK": 0.5141098565438631, "CUW": 0.4461367048915716, "GUM": 0.456616107076454, "MNP": 0.4460004871300611, "MSR": 0.5141098565438631, "NCL": 0.4527383137358906, "NIU": 0.5141098565438631, "PRI": 0.4297976888865754, "PYF": 0.5901511370985124, "SXM": 0.5080111419874891, "VGB": 0.6321314308571846, "VIR": 0.4926083277243911}, "2012": {"ABW": 0.5910414497173515, "AIA": 0.509124416636531, "ASM": 0.51314799222527, "COK": 0.509124416636531, "CUW": 0.4462016905748367, "GUM": 0.4512809869672562, "MNP": 0.4429495840741915, "MSR": 0.509124416636531, "NCL": 0.4547112158098307, "NIU": 0.509124416636531,