{"data": {"2010": {"ATG": 0.205056633868239, "BHS": 0.810613327010745, "BRB": 0.265753483710354, "BLZ": 0.409714513573807, "CPV": 0.588539589822069, "COM": 0.223754970955609, "CUB": 0.747782603541368, "DMA": 0.656144586103956, "DOM": 0.717132418713425, "FJI": 0.484540193341883, "GRD": 0.308808156139198, "GNB": 0.354567890590479, "GUY": 0.209324381122762, "HTI": 0.434297168845445, "JAM": 0.501481856685599, "KIR": 0.433014689241182, "MDV": 0.314940348532692, "MHL": 0.715138647900074, "MUS": 0.370130080074147, "FSM": 0.162594704113634, "NRU": 1.0, "PLW": 0.728599295175075, "PNG": 0.062593626399681, "KNA": 0.259847611247023, "LCA": 0.121124271195939, "VCT": 0.449945575445365, "WSM": 0.138669454353426, "STP": 0.622282813695589, "SYC": 0.497095560896227, "SGP": 1.0, "SLB": 0.138346140167477, "SUR": 0.637284591923612, "TLS": 0.221157680328487, "TON": 0.174352563342638, "TTO": 0.504521010033517, "TUV": 0.5128301846124, "VUT": 0.185916434060072, "ABW": 0.4326319499078548, "AIA": 0.5298437530310677, "ASM": 0.5577993081076421, "COK": 0.5298437530310677, "CUW": 0.7934215262584993, "GUM": 0.8272805828276992, "MNP": 0.6297346452704541, "MSR": 0.5298437530310677, "NCL": 0.7649067238573519, "NIU": 0.5298437530310677, "PRI": 0.7585379732511425, "PYF": 0.4357949325889919, "SXM": 0.9083334231428258, "VGB": 0.3688846091670351, "VIR": 0.7050262854433175}, "2011": {"ATG": 0.199290864218819, "BHS": 0.811141406847794, "BRB": 0.263921369989977, "BLZ": 0.409714513573807, "CPV": 0.593938936727414, "COM": 0.224477039304228, "CUB": 0.748774100378278, "DMA": 0.659323842265786, "DOM": 0.728707066570391, "FJI": 0.490058088782075, "GRD": 0.308743493302008, "GNB": 0.358846414984535, "GUY": 0.206802530472362, "HTI": 0.444891097005033, "JAM": 0.503497181778013, "KIR": 0.442121372145405, "MDV": 0.319412861438317, "MHL": 0.720203903479938, "MUS": 0.368933817586136, "FSM": 0.162670144090356, "NRU": 1.0, "PLW": 0.736078630010023, "PNG": 0.0623888607485801, "KNA": 0.258338811712595, "LCA": 0.121124271195939, "VCT": 0.454202545560357, "WSM": 0.136287706516936, "STP": 0.634266992854756, "SYC": 0.501233982476371, "SGP": 1.0, "SLB": 0.143303624352024, "SUR": 0.636551746435461, "TLS": 0.224897347745961, "TON": 0.174934528877345, "TTO": 0.50248413066204, "TUV": 0.523725872678874, "VUT": 0.186983370873703, "ABW": 0.4891472911659794, "AIA": 0.5327370916811262, "ASM": 0.6915434588151669, "COK": 0.5327370916811262, "CUW": 0.6533203720268547, "GUM": 0.8830201209194999, "MNP": 0.8449708047290099, "MSR": 0.5327370916811262, "NCL": 0.8007124766944375, "NIU": 0.5327370916811262, "PRI": 0.7924439965944257, "PYF": 0.5099099462220763, "SXM": 0.7337631831359294, "VGB": 0.2678455635905108, "VIR": 0.7112379269094425}, "2012": {"ATG": 0.197383310521721, "BHS": 0.811744926661566, "BRB": 0.262337130478828, "BLZ": 0.409908502085377, "CPV": 0.599316729353695, "COM": 0.225371541885353, "CUB": 0.749765597215187, "DMA": 0.662513875567147, "DOM": 0.739214777613726, "FJI": 0.495586761361799, "GRD": 0.308851264697324, "GNB": 0.363157270797185, "GUY": 0.206802530472362, "HTI": 0.455506579443684, "JAM": 0.505674163963401, "KIR": 0.451249609328692, "MDV": 0.323917705762537, "MHL": 0.725161387664486, "MUS": 0.367726777958594, "FSM": 0.162874909741456, "NRU": 1.0, "PLW": 0.743439416310123, "PNG": 0.0621948722370108, "KNA": 0.2570455549688, "LCA": 0.121124271195939, "VCT": 0.458491847093944, "WSM": 0.133776633006068, "STP": 0.646078737781418, "SYC": 0.505544838289021, "SGP": 1.0, "SLB": 0.148282662815635, "SUR": 0.635818900947311, "TLS": 0.228658569442499, "TON": 0.174848311761092, "TTO": 0.500705902639321, "TUV": 0.534589229326752, "VUT": 0.188061084826865, "ABW": 0.4640174377658942, "AIA": 0.5370814967507139, "ASM": 0.6928542172667984, "COK": 0.5370814967507139, "CUW": 0.6831526270347327, "GUM": 0.8021344429672074, "MNP": 0.8478399922814766, "MSR": 0.5370814967507139, "NCL": 0.6968539508519541, "NIU": 0.5370814967507139, "PRI": 0.6620545781664177, "PYF": 0.5716883463252146, "SXM": 0.5380323346199306, "VGB": 0.3393286190989208, "VIR": 0.8332174435626875}, "2013": {"ATG": 0.195486533964155, "BHS": 0.81243466359159, "BRB": 0.261000765176907, "BLZ": 0.410296479108515, "CPV": 0.604662190561381, "COM": 0.226449255838515, "CUB": 0.750261345633642, "DMA": 0.66571468600804, "DOM": 0.749420728750175, "FJI": 0.501083102522928, "GRD": 0.309142247464678, "GNB": 0.367489680888898, "GUY": 0.206802530472362, "HTI": 0.466100507603272, "JAM": 0.508023580381295, "KIR": 0.460356292232916, "MDV": 0.328422550086756, "MHL": 0.729989546174654, "MUS": 0.366541292610115, "FSM": 0.163209001066937, "NRU": 1.0, "PLW": 0.750638545517249, "PNG": 0.0621517636788843, "KNA": 0.255989395294701, "LCA": 0.121242819730787, "VCT": 0.462802702906595, "WSM": 0.131200896658009, "STP": 0.657373180010562, "SYC": 0.510038905473709, "SGP": 1.0, "SLB": 0.153272478418778, "SUR": 0.63508605545916, "TLS": 0.232441345418099, "TON": 0.174277123365916, "TTO": 0.499186325965362, "TUV": 0.545355591718846, "VUT": 0.189138798780028, "ABW": 0.4663180980504174, "AIA": 0.5397437411762176, "ASM": 0.5988686158919735, "COK": 0.5397437411762176, "CUW": 0.4923859724751851, "GUM": 0.8149896647231929, "MNP": 0.7522804211706133, "MSR": 0.5397437411762176, "NCL": 0.6514478009246782, "NIU": 0.5397437411762176, "PRI": 0.6961587903738601, "PYF": 0.6660347670521267, "SXM": 0.6209074782571222, "VGB": 0.3405820733061028, "VIR": 0.7840101520654392}, "2014": {"ATG": 0.193600534546121, "BHS": 0.813210617637867, "BRB": 0.259912274084213, "BLZ": 0.410867667503691, "CPV": 0.609975320350473, "COM": 0.227688626884652, "CUB": 0.750627768377717, "DMA": 0.668926273588464, "DOM": 0.759346474258802, "FJI": 0.506579443684057, "GRD": 0.309594887325006, "GNB": 0.371854422399207, "GUY": 0.206953410425805, "HTI": 0.476705212902391, "JAM": 0.510545431031696, "KIR": 0.469473752276671, "MDV": 0.33295972582957, "MHL": 0.734709933289506, "MUS": 0.365345030122105, "FSM": 0.163683195206328, "NRU": 1.0, "PLW": 0.757697571910463, "PNG": 0.0622595350742006, "KNA": 0.255138001271702, "LCA": 0.121469139660951, "VCT": 0.467156667277371, "WSM": 0.128657491728545, "STP": 0.668204205239845, "SYC": 0.514694629751371, "SGP": 1.0, "SLB": 0.158262294021921, "SUR": 0.634536421343047, "TLS": 0.236256452812295, "TON": 0.173695157831208, "TTO": 0.497925400640162, "TUV": 0.555830971343586, "VUT": 0.19021651273319, "ABW": 0.4375217536561436, "AIA": 0.5421787927448299, "ASM": 0.6380445742491041, "COK": 0.5421787927448299, "CUW": 0.552655012986451, "GUM": 0.767140199808167, "MNP": 0.6891201543286415, "MSR": 0.5421787927448299, "NCL": 0.7457103967065102, "NIU": 0.5421787927448299, "PRI": 0.5874504521010042, "PYF": 0.5454865770727121, "SXM": 0.660922566252465, "VGB": 0.4245975492784691, "VIR": 0.8402351140760221}}, "upperIntervals": {"2010": {"ABW": 0.434297168845445, "AIA": 0.540883078813221, "ASM": 0.566575779456617, "COK": 0.540883078813221, "CUW": 0.810613327010745, "GUM": 0.831176109237086, "MNP": 0.6373309336235979, "MSR": 0.540883078813221, "NCL": 0.7676664259772171, "NIU": 0.540883078813221, "PRI": 0.763463341559883, "PYF": 0.4378913448792416, "SXM": 0.911907661468493, "VGB": 0.381607733675328, "VIR": 0.715138647900074}, "2011": {"ABW": 0.490058088782075, "AIA": 0.537574496977012, "ASM": 0.69402623155762, "COK": 0.537574496977012, "CUW": 0.6576749399174469, "GUM": 0.91261895267758, "MNP": 0.850197760510405, "MSR": 0.537574496977012, "NCL": 0.811141406847794, "NIU": 0.537574496977012, "PRI": 0.8092661845692921, "PYF": 0.510502322473569, "SXM": 0.743320867775275, "VGB": 0.271077390638977, "VIR": 0.720203903479938}, "2012": {"ABW": 0.4885106033535299, "AIA": 0.5618348542120291, "ASM": 0.713597516947052, "COK": 0.5618348542120291, "CUW": 0.7090195111389138, "GUM": 0.811744926661566, "MNP": 0.8659045073589902, "MSR": 0.5618348542120291, "NCL": 0.7168894874027797, "NIU": 0.5618348542120291, "PRI": 0.6659125490721935, "PYF": 0.599316729353695, "SXM": 0.5553272478418778, "VGB": 0.367726777958594, "VIR": 0.8434697462599478},