{"data": {"2010": {"ATG": 0.487678373454529, "BHS": 0.467871707263309, "BRB": 0.882450191583301, "BLZ": 0.350522883020728, "CPV": 0.34666528354977, "COM": 0.325237777244702, "CUB": 0.353363725247142, "DMA": 0.436297741845554, "DOM": 0.369908130782348, "FJI": 0.45146880531117, "GRD": 0.371366886884811, "GNB": 0.169896460733528, "GUY": 0.302967434080433, "HTI": 0.239342513154276, "JAM": 0.31385947964549, "KIR": 0.371603066444256, "MDV": 0.515853205604958, "MHL": 0.440998178175712, "MUS": 0.575787242043296, "FSM": 0.345303777854138, "NRU": 0.4495899684389421, "PLW": 0.385046777445686, "PNG": 0.335092485136896, "KNA": 0.486641035781666, "LCA": 0.470335384236358, "VCT": 0.536109076056301, "WSM": 0.490984887286778, "STP": 0.212654222936833, "SYC": 0.453251729436402, "SGP": 0.755246659448525, "SLB": 0.299660920248183, "SUR": 0.241894178590648, "TLS": 0.376812909667339, "TON": 0.485895449329297, "TTO": 0.330845884038616, "TUV": 0.4105988736742327, "VUT": 0.381610596404329, "ABW": 0.5131526376693449, "AIA": 0.4222480708115103, "ASM": 0.4746012751437211, "COK": 0.4222480708115103, "CUW": 0.5279276591962838, "GUM": 0.5519388701697525, "MNP": 0.526449000360777, "MSR": 0.4222480708115103, "NCL": 0.5687204524977771, "NIU": 0.4222480708115103, "PRI": 0.5585040227641196, "PYF": 0.4488551819800863, "SXM": 0.4579414328580533, "VGB": 0.4887195267143702, "VIR": 0.6261605197905561}, "2011": {"ATG": 0.470821636270512, "BHS": 0.456558243268651, "BRB": 0.882158440362808, "BLZ": 0.339566003851117, "CPV": 0.382323766054422, "COM": 0.322579599457991, "CUB": 0.3340727249827196, "DMA": 0.429036378135516, "DOM": 0.345336194656415, "FJI": 0.450885302870184, "GRD": 0.390979052262369, "GNB": 0.166978948528602, "GUY": 0.299790587457291, "HTI": 0.234822684722517, "JAM": 0.319143418416634, "KIR": 0.362304075162524, "MDV": 0.504405443429439, "MHL": 0.446152449737748, "MUS": 0.578996505468714, "FSM": 0.344558191401768, "NRU": 0.5091349178832002, "PLW": 0.375354153564876, "PNG": 0.32345485311947, "KNA": 0.480157675326275, "LCA": 0.461615264423857, "VCT": 0.535946992044917, "WSM": 0.514454652135294, "STP": 0.205781860854118, "SYC": 0.452797894204525, "SGP": 0.754792824216648, "SLB": 0.299790587457291, "SUR": 0.242218346613417, "TLS": 0.390395549821383, "TON": 0.482783436310708, "TTO": 0.329614045552091, "TUV": 0.431384115308584, "VUT": 0.379600754663157, "ABW": 0.5856922538120098, "AIA": 0.4221225227114434, "ASM": 0.5066009158079137, "COK": 0.4221225227114434, "CUW": 0.5148183045007605, "GUM": 0.5432949442813761, "MNP": 0.5336321071484714, "MSR": 0.4221225227114434, "NCL": 0.5036726394625249, "NIU": 0.4221225227114434, "PRI": 0.5683056015819331, "PYF": 0.4216433531625649, "SXM": 0.5169976003733645, "VGB": 0.4680399499355023, "VIR": 0.6222812172382811}, "2012": {"ATG": 0.461939432446625, "BHS": 0.447222204212888, "BRB": 0.453770398272833, "BLZ": 0.34186759681278, "CPV": 0.399828839283978, "COM": 0.316744575048139, "CUB": 0.3678774662455489, "DMA": 0.424400775409911, "DOM": 0.3454982786678, "FJI": 0.442683851894114, "GRD": 0.383814938959161, "GNB": 0.206948865736088, "GUY": 0.289417210728665, "HTI": 0.234859732496548, "JAM": 0.313178726797674, "KIR": 0.359451396562152, "MDV": 0.502946687326976, "MHL": 0.439604255677804, "MUS": 0.581233264825824, "FSM": 0.340927509546748, "NRU": 0.4726421109792293, "PLW": 0.373247061416873, "PNG": 0.318721999987033, "KNA": 0.461485597214749, "LCA": 0.459605422682685, "VCT": 0.535525573615317, "WSM": 0.521813266252164, "STP": 0.29107046764479, "SYC": 0.458146666580222, "SGP": 0.7606278486265, "SLB": 0.3007630915256, "SUR": 0.241018924929169, "TLS": 0.392081223539786, "TON": 0.480417009744491, "TTO": 0.331688720897816, "TUV": 0.4417027380897962, "VUT": 0.366082948113667, "ABW": 0.4520751601787008, "AIA": 0.4228758731740752, "ASM": 0.5065384869125495, "COK": 0.4228758731740752, "CUW": 0.4889629363922006, "GUM": 0.5131125517237403, "MNP": 0.4907844815246851, "MSR": 0.4228758731740752, "NCL": 0.3931386214532467, "NIU": 0.4228758731740752, "PRI": 0.534666543378307, "PYF": 0.454524898815034, "SXM": 0.3952638949413705, "VGB": 0.4663313017962838, "VIR": 0.5424466548309578}, "2013": {"ATG": 0.44261901828956, "BHS": 0.44145201340759, "BRB": 0.459832340298623, "BLZ": 0.347767454827186, "CPV": 0.41204997374239, "COM": 0.334768317114127, "CUB": 0.3800921356473398, "DMA": 0.434806568940814, "DOM": 0.337361661296283, "FJI": 0.435390071381799, "GRD": 0.395582238185696, "GNB": 0.209574626720522, "GUY": 0.299012584202645, "HTI": 0.240713280793416, "JAM": 0.346989451572539, "KIR": 0.366823903594283, "MDV": 0.460253758728224, "MHL": 0.439215254050479, "MUS": 0.604573362465234, "FSM": 0.348286123663618, "NRU": 0.4229208742904196, "PLW": 0.37425198228746, "PNG": 0.321931263412452, "KNA": 0.455520905595789, "LCA": 0.471405138711498, "VCT": 0.495912241232876, "WSM": 0.53325639745593, "STP": 0.290908383633405, "SYC": 0.471405138711498, "SGP": 0.78406519667274, "SLB": 0.335449069961943, "SUR": 0.245233109225173, "TLS": 0.393766897258187, "TON": 0.485311946888311, "TTO": 0.354769484119008, "TUV": 0.4452118623267676, "VUT": 0.371237219675703, "ABW": 0.4418983927749434, "AIA": 0.4276678796725345, "ASM": 0.3947401123294698, "COK": 0.4276678796725345, "CUW": 0.4397062389377675, "GUM": 0.4627844088147748, "MNP": 0.4249376624892205, "MSR": 0.4276678796725345, "NCL": 0.4182140750050706, "NIU": 0.4276678796725345, "PRI": 0.5443877302776761, "PYF": 0.449280671157474, "SXM": 0.4474227345517734, "VGB": 0.4599349070610253, "VIR": 0.4806267464552246}, "2014": {"ATG": 0.466186033544907, "BHS": 0.463268521339981, "BRB": 0.48586303252702, "BLZ": 0.372144890139458, "CPV": 0.479023087246582, "COM": 0.359599587658276, "CUB": 0.4303649483600351, "DMA": 0.460124091519116, "DOM": 0.359048502019567, "FJI": 0.456785160884589, "GRD": 0.418403666988674, "GNB": 0.237939328712859, "GUY": 0.328673958286059, "HTI": 0.246418637994159, "JAM": 0.379017252222172, "KIR": 0.382124634269006, "MDV": 0.458016999371114, "MHL": 0.464727277442444, "MUS": 0.637865418403667, "FSM": 0.345952113899677, "NRU": 0.4758545948964877, "PLW": 0.404269941195921, "PNG": 0.34442852419266, "KNA": 0.483366938751694, "LCA": 0.495750157221491, "VCT": 0.537989250588365, "WSM": 0.554392152540505, "STP": 0.313049059588566, "SYC": 0.508295459702673, "SGP": 0.845138452162525, "SLB": 0.342386265649211, "SUR": 0.267049617157565, "TLS": 0.417528413327196, "TON": 0.517307330735667, "TTO": 0.381286428381558, "TUV": 0.4782205954133039, "VUT": 0.391594971505631, "ABW": 0.4482422776230513, "AIA": 0.4276981477039193, "ASM": 0.436427057100808, "COK": 0.4276981477039193, "CUW": 0.5582922141430988, "GUM": 0.5942531156389962, "MNP": 0.5181817415602844, "MSR": 0.4276981477039193, "NCL": 0.4578101616487019, "NIU": 0.4276981477039193, "PRI": 0.5394324466257339, "PYF": 0.4658681914295555, "SXM": 0.4605251985066025, "VGB": 0.5013361611388486, "VIR": 0.5647455712841191}}, "upperIntervals": {"2010": {"CUB": 0.3735063958350889, "NRU": 0.473396935845763, "TUV": 0.4473324213406293, "ABW": 0.536109076056301, "AIA": 0.442436302026767, "ASM": 0.4921968704819084, "COK": 0.442436302026767, "CUW": 0.5635264451746498, "GUM": 0.575787242043296, "MNP": 0.54858954493293, "MSR": 0.442436302026767, "NCL": 0.5817725077443138, "NIU": 0.442436302026767, "PRI": 0.581746332853485, "PYF": 0.470335384236358, "SXM": 0.4688512719775931, "VGB": 0.498894587042356, "VIR": 0.649243716002879}, "2011": {"CUB": 0.3475928817142771, "NRU": 0.547617040864621, "TUV": 0.450885302870184, "ABW": 0.604962364092557, "AIA": 0.446152449737748, "ASM": 0.535946992044917, "COK": 0.446152449737748, "CUW": 0.5240795283479419, "GUM": 0.564927613280516, "MNP": 0.547617040864621, "MSR": 0.446152449737748, "NCL": 0.5291527837418967, "NIU": 0.446152449737748, "PRI": 0.581746332853485, "PYF": 0.4425424472075331, "SXM": 0.545801699937112, "VGB": 0.480157675326275, "VIR": 0.64305210676798}, "2012": {"CUB": 0.3776825462016491, "NRU": 0.504826861859039, "TUV": 0.458146666580222, "ABW": 0.461010150781353,