{"data": {"2010": {"ATG": 0.337007764670264, "BHS": 0.275432385916168, "BRB": 0.39456610542513, "BLZ": 0.259312749174161, "CPV": 0.440284199805821, "COM": 0.606607077426398, "CUB": 0.184817383739593, "DMA": 0.35519657451186, "DOM": 0.211126193971255, "FJI": 0.290009880077579, "GRD": 0.381256835119678, "GNB": 0.810724103915465, "GUY": 0.231250331089759, "HTI": 0.3170428628633714, "JAM": 0.277601860377607, "KIR": 0.649481459438416, "MDV": 0.353221296248466, "MHL": 0.2780733354913886, "MUS": 0.331086585538385, "FSM": 0.435642065653337, "NRU": 0.2122207256831108, "PLW": 0.390619095257515, "PNG": 0.190751475226088, "KNA": 0.310679576545986, "LCA": 0.381054281204609, "VCT": 0.350042398016634, "WSM": 0.388456553237216, "STP": 0.473978220726705, "SYC": 0.26855069166768, "SGP": 0.0428704323215617, "SLB": 0.413740743045442, "SUR": 0.237207153921703, "TLS": 0.243948698564388, "TON": 0.462714598023512, "TTO": 0.173036427753177, "TUV": 0.339952675005334, "VUT": 0.366411529633231, "ABW": 0.3557840046370373, "AIA": 0.2399227254144205, "ASM": 0.2811053850341226, "COK": 0.2399227254144205, "CUW": 0.2275932046435834, "GUM": 0.2305739213311931, "MNP": 0.2415394644039777, "MSR": 0.2399227254144205, "NCL": 0.2104066745584724, "NIU": 0.2399227254144205, "PRI": 0.1420275801617623, "PYF": 0.366741831670986, "SXM": 0.2235883880592242, "VGB": 0.3450685748181245, "VIR": 0.2284626298067076}, "2011": {"ATG": 0.378536617534954, "BHS": 0.248456255474263, "BRB": 0.292458828901574, "BLZ": 0.194233960168837, "CPV": 0.402340952169781, "COM": 0.651594553578887, "CUB": 0.184817383739593, "DMA": 0.375001493847918, "DOM": 0.22285954083452, "FJI": 0.329594221216175, "GRD": 0.381256835119678, "GNB": 0.810724103915465, "GUY": 0.215639852523733, "HTI": 0.2820766816767707, "JAM": 0.262383121741287, "KIR": 0.72054532584146, "MDV": 0.330799751658644, "MHL": 0.2778044868789638, "MUS": 0.33539584282106, "FSM": 0.44973932541176, "NRU": 0.2295755162274898, "PLW": 0.370189292584693, "PNG": 0.178960655986265, "KNA": 0.374907291877076, "LCA": 0.367865774530314, "VCT": 0.382709949557953, "WSM": 0.413413046291718, "STP": 0.515742776121051, "SYC": 0.233424627920544, "SGP": 0.0457548510775372, "SLB": 0.332720123914148, "SUR": 0.224010660886165, "TLS": 0.237338854185969, "TON": 0.473574208257182, "TTO": 0.139530904670064, "TUV": 0.339952675005334, "VUT": 0.395374174678723, "ABW": 0.3286237643326378, "AIA": 0.2423471489308418, "ASM": 0.2916299261622072, "COK": 0.2423471489308418, "CUW": 0.1845350289377157, "GUM": 0.1789251133375727, "MNP": 0.2125137970191177, "MSR": 0.2423471489308418, "NCL": 0.216072619665107, "NIU": 0.2423471489308418, "PRI": 0.1437895154301882, "PYF": 0.3748277690761104, "SXM": 0.3460275449327744, "VGB": 0.354914990357798, "VIR": 0.223603174790282}, "2012": {"ATG": 0.595242361312987, "BHS": 0.248702397042629, "BRB": 0.299158016299407, "BLZ": 0.218401867661482, "CPV": 0.443395817927225, "COM": 0.669601536980747, "CUB": 0.184817383739593, "DMA": 0.394806413183977, "DOM": 0.216922994152393, "FJI": 0.332264343680019, "GRD": 0.381256835119678, "GNB": 0.810724103915465, "GUY": 0.213652866464028, "HTI": 0.295264091953023, "JAM": 0.26021788953929, "KIR": 0.536499953087738, "MDV": 0.334281720533262, "MHL": 0.2557309156831127, "MUS": 0.339176408428574, "FSM": 0.472247497200753, "NRU": 0.1994618990119832, "PLW": 0.359268719251507, "PNG": 0.170437425575013, "KNA": 0.405243597272756, "LCA": 0.384650179818002, "VCT": 0.390372279940235, "WSM": 0.407999156844071, "STP": 0.482555960956324, "SYC": 0.329334772160536, "SGP": 0.0448978670140896, "SLB": 0.338226302908211, "SUR": 0.238485926109611, "TLS": 0.230729009807549, "TON": 0.46082596186549, "TTO": 0.131628161217701, "TUV": 0.339952675005334, "VUT": 0.395374174678723, "ABW": 0.3799733659207739, "AIA": 0.2392534944564157, "ASM": 0.2666785437721108, "COK": 0.2392534944564157, "CUW": 0.1573928478364745, "GUM": 0.2161645107309006, "MNP": 0.2552682363394074, "MSR": 0.2392534944564157, "NCL": 0.2384479389715775, "NIU": 0.2392534944564157, "PRI": 0.1562514207947231, "PYF": 0.3172893819106501, "SXM": 0.275917281111637, "VGB": 0.4104913344333338, "VIR": 0.1635477840732112}, "2013": {"ATG": 0.566917196052286, "BHS": 0.252512582028809, "BRB": 0.309152282932439, "BLZ": 0.212642478805508, "CPV": 0.511410574808863, "COM": 0.57551790192057, "CUB": 0.184817383739593, "DMA": 0.394806413183977, "DOM": 0.211097444262666, "FJI": 0.249200316491787, "GRD": 0.381256835119678, "GNB": 0.810724103915465, "GUY": 0.226764365146918, "HTI": 0.3044632865358324, "JAM": 0.273290327081165, "KIR": 0.576825778631582, "MDV": 0.355664849424836, "MHL": 0.251101954286053, "MUS": 0.348314043642151, "FSM": 0.440573728779884, "NRU": 0.2049484290718496, "PLW": 0.320121582713687, "PNG": 0.170437425575013, "KNA": 0.345883040001027, "LCA": 0.282694169998654, "VCT": 0.399057370678358, "WSM": 0.432936449140998, "STP": 0.486876933538719, "SYC": 0.440035751551155, "SGP": 0.0461755168690122, "SLB": 0.318394819438003, "SUR": 0.17508279463086, "TLS": 0.22411916542913, "TON": 0.472678790906726, "TTO": 0.123669227114486, "TUV": 0.339952675005334, "VUT": 0.395374174678723, "ABW": 0.3549251677168785, "AIA": 0.2463925434742507, "ASM": 0.3127197116475921, "COK": 0.2463925434742507, "CUW": 0.335492927765581, "GUM": 0.22588623734068, "MNP": 0.2676241466350311, "MSR": 0.2463925434742507, "NCL": 0.2603618950270168, "NIU": 0.2463925434742507, "PRI": 0.1671128583140065, "PYF": 0.2947498387539925, "SXM": 0.3319272242351029, "VGB": 0.1807012560579279, "VIR": 0.1770028223035001}, "2014": {"ATG": 0.356276794172666, "BHS": 0.251532708185017, "BRB": 0.311136011108708, "BLZ": 0.358066503425952, "CPV": 0.451523697686439, "COM": 0.662642041162571, "CUB": 0.184817383739593, "DMA": 0.394806413183977, "DOM": 0.223501257222235, "FJI": 0.277837007872687, "GRD": 0.381256835119678, "GNB": 0.810724103915465, "GUY": 0.229077417545884, "HTI": 0.322346949510416, "JAM": 0.276364970165043, "KIR": 0.605160695134801, "MDV": 0.331826790141031, "MHL": 0.2581107095865089, "MUS": 0.334579733000796, "FSM": 0.440573728779884, "NRU": 0.2082849299669236, "PLW": 0.327126280646642, "PNG": 0.170437425575013, "KNA": 0.33135430818739, "LCA": 0.39264724254861, "VCT": 0.414087220599303, "WSM": 0.384210730394467, "STP": 0.514777083490189, "SYC": 0.377502065509501, "SGP": 0.0493690319440671, "SLB": 0.374268092869301, "SUR": 0.213444941639464, "TLS": 0.288157590202394, "TON": 0.431179723961092, "TTO": 0.146137460774402, "TUV": 0.339952675005334, "VUT": 0.395374174678723, "ABW": 0.3674769116046721, "AIA": 0.2570387828904676, "ASM": 0.3529463788403235, "COK": 0.2570387828904676, "CUW": 0.2539814280041272, "GUM": 0.2266278055069324, "MNP": 0.2679639392723257, "MSR": 0.2570387828904676, "NCL": 0.2091790013233448, "NIU": 0.2570387828904676, "PRI": 0.1674323209129856, "PYF": 0.3525749405075363, "SXM": 0.341007805500526, "VGB": 0.2740587926690905, "VIR": 0.1653696532883052}}, "upperIntervals": {"2010": {"HTI": 0.4018223110271546, "MHL": 0.3956758778644085, "NRU": 0.649481459438416, "ABW": 0.4290228913642843, "AIA": 0.3140068993400812, "ASM": 0.3678962125321393, "COK": 0.3140068993400812, "CUW": 0.2840811983378985, "GUM": 0.2849431003142885, "MNP": 0.3212671178517848, "MSR": 0.3140068993400812, "NCL": 0.2813968893379727, "NIU": 0.3140068993400812, "PRI": 0.2118643694972117, "PYF": 0.4564852070426399, "SXM": 0.2974680285978848, "VGB": 0.4158851310983072, "VIR": 0.3231405636741069}, "2011": {"HTI": 0.3772784010148352, "MHL": 0.4056739754302926, "NRU": 0.72054532584146, "ABW": 0.4277956847088067, "AIA": 0.3453966228699379, "ASM": 0.3961631277109748, "COK": 0.3453966228699379, "CUW": 0.2756495485660017, "GUM": 0.2462034508987365, "MNP": 0.2742255042452102, "MSR": 0.3453966228699379, "NCL": 0.2756574733333156, "NIU": 0.3453966228699379, "PRI": 0.1976856693820213, "PYF": 0.4973962250951715, "SXM": 0.4454342716569695, "VGB": 0.4260625365453143, "VIR": 0.2979627818967357}, "2012": {"HTI": 0.4165119298362679, "MHL": 0.3993030004665611, "NRU": 0.371180770499979,