{"data": {"2010": {"ATG": 0.0151248318679866, "BHS": 0.0, "BRB": 0.0, "BLZ": 0.100903695191318, "CPV": 0.189142346314411, "COM": 0.299184284292113, "CUB": 0.0218845272898818, "DMA": 0.0600251852376626, "DOM": 0.018559827909093, "FJI": 0.110013519984207, "GRD": 0.104141715068346, "GNB": 0.940707965796542, "GUY": 0.17615414747583, "HTI": 0.6260405324858, "JAM": 0.0780587460980109, "KIR": 0.368600036994445, "MDV": 0.0089134158960725, "MHL": 0.110193785654923, "MUS": 0.0, "FSM": 0.354951930184039, "NRU": 0.009938280825344, "PLW": 0.0152978441550854, "PNG": 0.805606289857677, "KNA": 0.0028636358516912, "LCA": 0.0580436829959568, "VCT": 0.0737121674186913, "WSM": 0.0330857367299216, "STP": 0.39658943841473, "SYC": 0.0300225946530811, "SGP": 0.0, "SLB": 0.661545272651738, "SUR": 0.0880911377247147, "TLS": 0.620466956163677, "TON": 0.0787747237771991, "TTO": 0.0, "TUV": 0.0298570648038174, "VUT": 0.559421013702412, "ABW": 0.2781170144972411, "AIA": 0.1916614430684115, "ASM": 0.2400651139776534, "COK": 0.1916614430684115, "CUW": 0.0122422861528193, "GUM": 0.0044786441145598, "MNP": 0.1510674608699753, "MSR": 0.1916614430684115, "NCL": 0.0298812362460056, "NIU": 0.1916614430684115, "PRI": 0.0250097256215801, "PYF": 0.3247858284131894, "SXM": 0.0009665530107631, "VGB": 0.1486382395175683, "VIR": 0.0445590552080517}, "2011": {"ATG": 0.0545208914473588, "BHS": 0.0, "BRB": 0.0, "BLZ": 0.0832452895745463, "CPV": 0.206469549772788, "COM": 0.304176215599621, "CUB": 0.0194921323190268, "DMA": 0.0464457058369672, "DOM": 0.0210271047527464, "FJI": 0.0985529448163318, "GRD": 0.112084353371503, "GNB": 0.86795266283572, "GUY": 0.162280409754535, "HTI": 0.620151892084809, "JAM": 0.0890670308041408, "KIR": 0.228942593703869, "MDV": 0.0054776026041696, "MHL": 0.100879853141538, "MUS": 0.0060045189306161, "FSM": 0.328726170489954, "NRU": 0.010007531551027, "PLW": 0.0142850427480383, "PNG": 0.686573473664452, "KNA": 0.0, "LCA": 0.0516918873280769, "VCT": 0.060375943599063, "WSM": 0.0333393438047957, "STP": 0.38688425843339, "SYC": 0.016747451958642, "SGP": 0.0, "SLB": 0.61941636081042, "SUR": 0.0582077927090597, "TLS": 0.475808909134715, "TON": 0.0783043698691241, "TTO": 0.0, "TUV": 0.0264193427267533, "VUT": 0.582649760949477, "ABW": 0.1657736040677493, "AIA": 0.2489991750959671, "ASM": 0.0951859121967807, "COK": 0.2489991750959671, "CUW": 0.0401383260610727, "GUM": 0.002247958496709, "MNP": 0.0093908914914033, "MSR": 0.2489991750959671, "NCL": 0.0149623786413865, "NIU": 0.2489991750959671, "PRI": 0.0111294761701591, "PYF": 0.156192103135476, "SXM": 0.0388201946947333, "VGB": 0.031198577298792, "VIR": 0.0212484603108428}, "2012": {"ATG": 0.0, "BHS": 0.0, "BRB": 0.0, "BLZ": 0.0801377490858002, "CPV": 0.192677049947995, "COM": 0.30723121861653, "CUB": 0.0165994829328705, "DMA": 0.0323661247237846, "DOM": 0.0213455644217631, "FJI": 0.0887487370607786, "GRD": 0.0952484559435866, "GNB": 0.853817488354689, "GUY": 0.15006311579697, "HTI": 0.621467709318779, "JAM": 0.0690519677020867, "KIR": 0.203788012025568, "MDV": 0.0036981567245903, "MHL": 0.0937421190450105, "MUS": 0.026146157394344, "FSM": 0.306669699832665, "NRU": 0.0097939766670836, "PLW": 0.0237135834713752, "PNG": 0.664879309518794, "KNA": 0.0, "LCA": 0.046600845406412, "VCT": 0.0465395417155392, "WSM": 0.0271992723440149, "STP": 0.421317078298239, "SYC": 0.0139128296414162, "SGP": 0.0, "SLB": 0.57789738217982, "SUR": 0.058444558420575, "TLS": 0.443164750764209, "TON": 0.0720542271673947, "TTO": 0.0, "TUV": 0.0232997611352702, "VUT": 0.563855098728706, "ABW": 0.1102253713571741, "AIA": 0.2099553285254135, "ASM": 0.0894475554475915, "COK": 0.2099553285254135, "CUW": 0.0276108058654598, "GUM": 0.0103928247100173, "MNP": 0.0084804339846116, "MSR": 0.2099553285254135, "NCL": 0.0378348990957621, "NIU": 0.2099553285254135, "PRI": 0.0104830912702829, "PYF": 0.2921448959319649, "SXM": 0.1826948370228248, "VGB": 0.0813265797136353, "VIR": 0.006671867925466}, "2013": {"ATG": 0.0, "BHS": 0.0, "BRB": 0.0, "BLZ": 0.0681449282633061, "CPV": 0.171858464644074, "COM": 0.305205661613282, "CUB": 0.0132614757926778, "DMA": 0.0178411858565637, "DOM": 0.0161536270304957, "FJI": 0.0825621352959731, "GRD": 0.0901064177709255, "GNB": 0.839237003839249, "GUY": 0.140252418171866, "HTI": 0.606928897401, "JAM": 0.0610459424612649, "KIR": 0.178188225296043, "MDV": 0.0043253071774724, "MHL": 0.0887510276029739, "MUS": 0.026611137459848, "FSM": 0.28701974915643, "NRU": 0.0090264923290795, "PLW": 0.0108138024035268, "PNG": 0.642739883058356, "KNA": 0.0, "LCA": 0.0402113080917016, "VCT": 0.0322577820779794, "WSM": 0.0179740373038509, "STP": 0.366028222764589, "SYC": 0.0200150631020541, "SGP": 0.0, "SLB": 0.553416494771796, "SUR": 0.0582360427294592, "TLS": 0.410075272815369, "TON": 0.05560077393457, "TTO": 0.0, "TUV": 0.0180981846907981, "VUT": 0.683514404935147, "ABW": 0.1329659850966341, "AIA": 0.199578100780882, "ASM": 0.1693805612238539, "COK": 0.199578100780882, "CUW": 0.1367665995533377, "GUM": 0.0049515191382848, "MNP": 0.025208581466432, "MSR": 0.199578100780882, "NCL": 0.0636934826346279, "NIU": 0.199578100780882, "PRI": 0.0301872952772349, "PYF": 0.07435009618159, "SXM": 0.1474803576538869, "VGB": 0.0704160197101529, "VIR": 0.0148710822589914}, "2014": {"ATG": 0.0, "BHS": 0.0, "BRB": 0.0, "BLZ": 0.0557958517781441, "CPV": 0.150683700028894, "COM": 0.280705487839978, "CUB": 0.0095672893412244, "DMA": 0.0029600676780832, "DOM": 0.0153017258996829, "FJI": 0.0631349016724603, "GRD": 0.0846081239355977, "GNB": 0.828623612425039, "GUY": 0.131098663318454, "HTI": 0.599738465519411, "JAM": 0.0670504613918812, "KIR": 0.152232106552444, "MDV": 0.0, "MHL": 0.083291367579328, "MUS": 0.0267199382140911, "FSM": 0.266901306249993, "NRU": 0.0079026759770012, "PLW": 0.0018984287352298, "PNG": 0.605576675816417, "KNA": 0.0, "LCA": 0.0334539795634068, "VCT": 0.0176198431291597, "WSM": 0.0210158162571567, "STP": 0.314236490702249, "SYC": 0.0, "SGP": 0.0, "SLB": 0.499203896299122, "SUR": 0.0576712713756775, "TLS": 0.376629539203862, "TON": 0.0470562880346413, "TTO": 0.0, "TUV": 0.0133586711331356, "VUT": 0.509688662316395, "ABW": 0.1247278517849453, "AIA": 0.2032076631463916, "ASM": 0.1072360164594303, "COK": 0.2032076631463916, "CUW": 0.2525031067401591, "GUM": 0.0136610554554364, "MNP": 0.0676798969022588, "MSR": 0.2032076631463916, "NCL": 0.0125416722068573, "NIU": 0.2032076631463916, "PRI": 0.0603990476764543, "PYF": 0.1417911787890656, "SXM": 0.0804294004037794, "VGB": 0.1582545422148612, "VIR": 0.0055456506237892}}, "upperIntervals": {"2010": {"ABW": 0.9488154830532208, "AIA": 0.666564537762768, "ASM": 0.666564537762768, "COK": 0.666564537762768, "CUW": 0.0727890652561876, "GUM": 0.0153076945911841, "MNP": 0.39658943841473, "MSR": 0.666564537762768, "NCL": 0.186258645313095, "NIU": 0.666564537762768, "PRI": 0.186258645313095, "PYF": 0.9488154830532208, "SXM": 0.009938280825344, "VGB": 0.780587460980109, "VIR": 0.2575203389877054}, "2011": {"ABW": 0.511356062506955, "AIA": 0.654492563437169, "ASM": 0.440702570607825, "COK": 0.654492563437169, "CUW": 0.153115232730714, "GUM": 0.0085251689940875, "MNP": 0.0950926990743542, "MSR": 0.654492563437169, "NCL": 0.100879853141538, "NIU": 0.654492563437169, "PRI": 0.0330889023203158, "PYF": 0.511356062506955, "SXM": 0.1067615339799717, "VGB": 0.112084353371503, "VIR": 0.100879853141538}, "2012": {"ABW": 0.6214677093187789, "AIA": 0.643819530121782, "ASM": 0.466545231161385, "COK": 0.643819530121782, "CUW": 0.134746794601514, "GUM": 0.058444558420575, "MNP": 0.0890719545096638, "MSR": 0.643819530121782, "NCL": 0.1674019781151154, "NIU": 0.643819530121782, "PRI": 0.0799951246584828, "PYF": 0.643819530121782, "SXM": 0.49671159551288, "VGB": 0.4440313392278247, "VIR": 0.0097939766670836}, "2013": {"ABW": 0.6254830145156342, "AIA": 0.631751617691007, "ASM": 0.631751617691007, "COK": 0.631751617691007, "CUW": 0.6069288974010001, "GUM": 0.0076599548557803, "MNP": 0.0887510276029738, "MSR": 0.631751617691007,