{"data": {"2010": {"ATG": 0.727167322392468, "BHS": 0.737857839534295, "BRB": 0.767306724247418, "BLZ": 0.40326953877696, "CPV": 0.623721029075107, "COM": 0.243046006606957, "CUB": 0.499353058353448, "DMA": 0.590009335442658, "DOM": 0.234642088973656, "FJI": 0.322663004054418, "GRD": 0.525058201895293, "GNB": 0.16327466000892, "GUY": 0.299874122148587, "HTI": 0.156007193082451, "JAM": 0.374798911558115, "KIR": 0.410057954401826, "MDV": 0.302333926153407, "MHL": 0.351145142993922, "MUS": 0.555824088847481, "FSM": 0.393467965231507, "NRU": 0.430842044786727, "PLW": 0.313278813096645, "PNG": 0.188780621790908, "KNA": 0.658174984812034, "LCA": 0.702787414954479, "VCT": 0.658174984812034, "WSM": 0.455297645412099, "STP": 0.369840620756183, "SYC": 0.530488295878413, "SGP": 0.926642772677769, "SLB": 0.348213068517325, "SUR": 0.352234782780961, "TLS": 0.2672295496857751, "TON": 0.3512210964741, "TTO": 0.387954703756597, "TUV": 0.369045121633625, "VUT": 0.494640647672121, "ABW": 0.5829037014653567, "AIA": 0.4137645407370404, "ASM": 0.4951420776781005, "COK": 0.4137645407370404, "CUW": 0.6269990035727494, "GUM": 0.6169265885396871, "MNP": 0.5601544336176149, "MSR": 0.4137645407370404, "NCL": 0.6301729362032791, "NIU": 0.4137645407370404, "PRI": 0.6118691616782349, "PYF": 0.53709837355043, "SXM": 0.5225311596014436, "VGB": 0.6780265337827762, "VIR": 0.6945129763116821}, "2011": {"ATG": 0.720576110216946, "BHS": 0.737635995886423, "BRB": 0.822506308218268, "BLZ": 0.352048937562665, "CPV": 0.634617972686327, "COM": 0.246775108280439, "CUB": 0.49008993999907, "DMA": 0.590152155818176, "DOM": 0.24185993441505, "FJI": 0.39893610417232, "GRD": 0.524286237846079, "GNB": 0.163085069644171, "GUY": 0.28853201774138, "HTI": 0.147759111743493, "JAM": 0.390565596110527, "KIR": 0.4494908128897, "MDV": 0.300748740048144, "MHL": 0.351741801444642, "MUS": 0.550636945038878, "FSM": 0.348878913261917, "NRU": 0.418493645236862, "PLW": 0.306690984514277, "PNG": 0.193619460157536, "KNA": 0.660691013765986, "LCA": 0.704118667850997, "VCT": 0.660691013765986, "WSM": 0.4499481044811, "STP": 0.386721643279126, "SYC": 0.524531978120596, "SGP": 0.910661079881395, "SLB": 0.349161838952318, "SUR": 0.364253285196082, "TLS": 0.3201698237955661, "TON": 0.351811110530201, "TTO": 0.402647829116649, "TUV": 0.307122651868213, "VUT": 0.496250630876401, "ABW": 0.6242411956075115, "AIA": 0.4134831209984244, "ASM": 0.4984464526105825, "COK": 0.4134831209984244, "CUW": 0.6459276543527677, "GUM": 0.5761572158214231, "MNP": 0.4915583210697419, "MSR": 0.4134831209984244, "NCL": 0.5583187622396016, "NIU": 0.4134831209984244, "PRI": 0.5975006250642612, "PYF": 0.5298152424090707, "SXM": 0.4938405937505411, "VGB": 0.6552210449970973, "VIR": 0.5827453374444485}, "2012": {"ATG": 0.718080109951498, "BHS": 0.730800128096288, "BRB": 0.806890425501029, "BLZ": 0.396532173795971, "CPV": 0.626441806345394, "COM": 0.248434310485931, "CUB": 0.481603281234004, "DMA": 0.579776217334956, "DOM": 0.230904200872793, "FJI": 0.402546568610865, "GRD": 0.523199776999382, "GNB": 0.134999636536606, "GUY": 0.255083098319141, "HTI": 0.144882020655636, "JAM": 0.368742726639073, "KIR": 0.429242720583055, "MDV": 0.266878767931134, "MHL": 0.36734191225186, "MUS": 0.497230058302585, "FSM": 0.393862778024938, "NRU": 0.423750137356146, "PLW": 0.330013321260819, "PNG": 0.213022238502278, "KNA": 0.64372520017228, "LCA": 0.6595298409995, "VCT": 0.64372520017228, "WSM": 0.452200496272154, "STP": 0.386956301603889, "SYC": 0.523411463046033, "SGP": 0.913946494259133, "SLB": 0.34577943960712, "SUR": 0.351320496344738, "TLS": 0.2388613774441007, "TON": 0.354236150844076, "TTO": 0.392184580627642, "TUV": 0.347530101154155, "VUT": 0.504824383056363, "ABW": 0.6421394602517526, "AIA": 0.4112735570075552, "ASM": 0.5117177838536036, "COK": 0.4112735570075552, "CUW": 0.6957232431282017, "GUM": 0.6839044399198195, "MNP": 0.4965457340579621, "MSR": 0.4112735570075552, "NCL": 0.54103379056798, "NIU": 0.4112735570075552, "PRI": 0.5824394371023901, "PYF": 0.5738164955120443, "SXM": 0.3986765325998608, "VGB": 0.6478845373048161, "VIR": 0.5662062385327261}, "2013": {"ATG": 0.716346291330864, "BHS": 0.734908710656725, "BRB": 0.798437118322506, "BLZ": 0.405562695702663, "CPV": 0.619276665824771, "COM": 0.258372210091011, "CUB": 0.455255060572867, "DMA": 0.580348276517711, "DOM": 0.227556340100447, "FJI": 0.40002978244151, "GRD": 0.523851937292633, "GNB": 0.124321698720937, "GUY": 0.278772288874157, "HTI": 0.168980926139655, "JAM": 0.364715670937053, "KIR": 0.418022282911938, "MDV": 0.256583012419534, "MHL": 0.419075636902744, "MUS": 0.494731991043739, "FSM": 0.380924105405258, "NRU": 0.280500336285501, "PLW": 0.280500336285501, "PNG": 0.207656569224278, "KNA": 0.643058195728421, "LCA": 0.66645365492458, "VCT": 0.643058195728421, "WSM": 0.460986921948583, "STP": 0.38757677482013, "SYC": 0.528916869263855, "SGP": 0.903419262773992, "SLB": 0.336127167109554, "SUR": 0.36471194625588, "TLS": 0.2431409000963385, "TON": 0.363044701194889, "TTO": 0.37816584938339, "TUV": 0.33701191532329, "VUT": 0.493761022600438, "ABW": 0.6035187333424151, "AIA": 0.4100937190573718, "ASM": 0.4603115605653118, "COK": 0.4100937190573718, "CUW": 0.5218191325905329, "GUM": 0.6254926777997073, "MNP": 0.4924069874102369, "MSR": 0.4100937190573718, "NCL": 0.5087934581868396, "NIU": 0.4100937190573718, "PRI": 0.5202425791039117, "PYF": 0.5385001399944244, "SXM": 0.4071445966511972, "VGB": 0.6496897955662514, "VIR": 0.5533934363368591}, "2014": {"ATG": 0.574223222516656, "BHS": 0.728335808086089, "BRB": 0.688247542147019, "BLZ": 0.38237953480615, "CPV": 0.642463652023422, "COM": 0.287615950825696, "CUB": 0.443406256269198, "DMA": 0.570594946461733, "DOM": 0.240943144392765, "FJI": 0.468781560874443, "GRD": 0.484349800417121, "GNB": 0.0755943827114539, "GUY": 0.258017314828499, "HTI": 0.145309253865319, "JAM": 0.359303156630457, "KIR": 0.485384862710162, "MDV": 0.341542546555514, "MHL": 0.403085293261477, "MUS": 0.508178833649245, "FSM": 0.603653592972081, "NRU": 0.319579779832869, "PLW": 0.319579779832869, "PNG": 0.219354128278348, "KNA": 0.484349800417121, "LCA": 0.522629102633986, "VCT": 0.570594946461733, "WSM": 0.495515142779991, "STP": 0.427312336214437, "SYC": 0.528009766141322, "SGP": 0.901885403593899, "SLB": 0.364122559801735, "SUR": 0.326281552279025, "TLS": 0.2896362090074911, "TON": 0.355760248085051, "TTO": 0.333086926800219, "TUV": 0.424395045265382, "VUT": 0.533443905428354, "ABW": 0.5281473065858208, "AIA": 0.4113462421630883, "ASM": 0.386524720999212, "COK": 0.4113462421630883, "CUW": 0.5802452191330455, "GUM": 0.618514613301988, "MNP": 0.5620192198728718, "MSR": 0.4113462421630883, "NCL": 0.5296464760651436, "NIU": 0.4113462421630883, "PRI": 0.5312818360900701, "PYF": 0.4940043802897774, "SXM": 0.461158165392333, "VGB": 0.608933989577082, "VIR": 0.613116010276621}}, "upperIntervals": {"2010": {"TLS": 0.28322938152938, "ABW": 0.6367687789147135, "AIA": 0.4345768121667094, "ASM": 0.505002048983951, "COK": 0.4345768121667094, "CUW": 0.655543354306518, "GUM": 0.655543354306518, "MNP": 0.590009335442658, "MSR": 0.4345768121667094, "NCL": 0.675958304527314, "NIU": 0.4345768121667094, "PRI": 0.6511303663787413, "PYF": 0.590009335442658, "SXM": 0.5903851271215945, "VGB": 0.727167322392468, "VIR": 0.737857839534295}, "2011": {"TLS": 0.343545927037944, "ABW": 0.644931341983253, "AIA": 0.437870425852759, "ASM": 0.524286237846079, "COK": 0.437870425852759, "CUW": 0.682507003492087, "GUM": 0.611977955235718, "MNP": 0.5194703983624284, "MSR": 0.437870425852759, "NCL": 0.603096705384432, "NIU": 0.437870425852759, "PRI": 0.626059787763574, "PYF": 0.590152155818176, "SXM": 0.502623935559796, "VGB": 0.668667125161731, "VIR": 0.626059787763574}, "2012": {"TLS": 0.2504734333261067, "ABW": 0.6595298409995, "AIA": 0.4261662412611923, "ASM": 0.5233056200227075, "COK": 0.4261662412611923, "CUW": 0.730800128096288, "GUM": 0.718080109951498, "MNP": 0.523411463046033, "MSR": 0.4261662412611923,