{"data": {"2010": {"ATG": 0.90377220829628, "BHS": 0.89353826146056, "BRB": 0.904560104858375, "BLZ": 0.977884855236386, "CPV": 0.768996852804692, "COM": 0.900398117094446, "CUB": 0.96006047390023, "DMA": 0.9170304364778, "DOM": 0.939301103833839, "FJI": 0.903518777726661, "GRD": 0.954433045817494, "GNB": 0.973192908514456, "GUY": 0.955878831741596, "HTI": 0.955285065070984, "JAM": 0.945930148268084, "KIR": 0.781445809020984, "MDV": 0.863618433768093, "MHL": 0.900421019781157, "MUS": 0.890010163223193, "FSM": 0.923380982909492, "NRU": 0.878158325164356, "PLW": 0.907410376491364, "PNG": 0.950930007507983, "KNA": 0.901147212398098, "LCA": 0.912544397461644, "VCT": 0.933689447205558, "WSM": 0.905597100152301, "STP": 0.876616033774698, "SYC": 0.890384528055985, "SGP": 0.923822896971312, "SLB": 0.960100595114442, "SUR": 0.964121675489168, "TLS": 0.933324612884964, "TON": 0.891712493621099, "TTO": 0.94949401711918, "TUV": 0.905342478854992, "VUT": 0.909096294688694, "ABW": 0.916484409488894, "AIA": 0.5746149351586194, "ASM": 0.027499753783453, "COK": 0.5746149351586194, "CUW": 0.4085936559567957, "GUM": 0.6638548728394785, "MNP": 0.909281820624699, "MSR": 0.5746149351586194, "NCL": 0.4994155078831084, "NIU": 0.5746149351586194, "PRI": 0.08634896759088, "PYF": 0.9152648555144705, "SXM": 0.6295057557104516, "VGB": 0.9067702175154476, "VIR": 0.1813882734337017}, "2011": {"ATG": 0.90377220829628, "BHS": 0.89353826146056, "BRB": 0.904560104858375, "BLZ": 0.977884855236386, "CPV": 0.768996852804692, "COM": 0.900398117094446, "CUB": 0.96006047390023, "DMA": 0.9170304364778, "DOM": 0.939301103833839, "FJI": 0.903518777726661, "GRD": 0.954433045817494, "GNB": 0.973192908514456, "GUY": 0.955878831741596, "HTI": 0.955285065070984, "JAM": 0.945930148268084, "KIR": 0.781445809020984, "MDV": 0.863618433768093, "MHL": 0.900421019781157, "MUS": 0.890010163223193, "FSM": 0.923380982909492, "NRU": 0.878158325164356, "PLW": 0.907410376491364, "PNG": 0.950930007507983, "KNA": 0.901147212398098, "LCA": 0.912544397461644, "VCT": 0.933689447205558, "WSM": 0.905597100152301, "STP": 0.876616033774698, "SYC": 0.890384528055985, "SGP": 0.923822896971312, "SLB": 0.960100595114442, "SUR": 0.964121675489168, "TLS": 0.933324612884964, "TON": 0.891712493621099, "TTO": 0.94949401711918, "TUV": 0.905342478854992, "VUT": 0.909096294688694, "ABW": 0.9280937233712068, "AIA": 0.5752152140637721, "ASM": 0.0123189972429046, "COK": 0.5752152140637721, "CUW": 0.7860503043115874, "GUM": 0.6400972482041206, "MNP": 0.7563111860833106, "MSR": 0.5752152140637721, "NCL": 0.6505734890718835, "NIU": 0.5752152140637721, "PRI": 0.5665802967000699, "PYF": 0.7795774142835149, "SXM": 0.7655467039770582, "VGB": 0.9211588575353272, "VIR": 0.196052903019431}, "2012": {"ATG": 0.90377220829628, "BHS": 0.89353826146056, "BRB": 0.904560104858375, "BLZ": 0.977884855236386, "CPV": 0.768996852804692, "COM": 0.900398117094446, "CUB": 0.96006047390023, "DMA": 0.9170304364778, "DOM": 0.939301103833839, "FJI": 0.903518777726661, "GRD": 0.954433045817494, "GNB": 0.973192908514456, "GUY": 0.955878831741596, "HTI": 0.955285065070984, "JAM": 0.945930148268084, "KIR": 0.781445809020984, "MDV": 0.863618433768093, "MHL": 0.900421019781157, "MUS": 0.890010163223193, "FSM": 0.923380982909492, "NRU": 0.878158325164356, "PLW": 0.907410376491364, "PNG": 0.950930007507983, "KNA": 0.901147212398098, "LCA": 0.912544397461644, "VCT": 0.933689447205558, "WSM": 0.905597100152301, "STP": 0.876616033774698, "SYC": 0.890384528055985, "SGP": 0.923822896971312, "SLB": 0.960100595114442, "SUR": 0.964121675489168, "TLS": 0.933324612884964, "TON": 0.891712493621099, "TTO": 0.94949401711918, "TUV": 0.905342478854992, "VUT": 0.909096294688694, "ABW": 0.9226462429635232, "AIA": 0.5818800825061673, "ASM": 0.015807878676863, "COK": 0.5818800825061673, "CUW": 0.6517225783721244, "GUM": 0.7845686431836473, "MNP": 0.7537797171775439, "MSR": 0.5818800825061673, "NCL": 0.659361008469606, "NIU": 0.5818800825061673, "PRI": 0.039798010042093, "PYF": 0.7685309975750997, "SXM": 0.8464669777506563, "VGB": 0.9134732547070704, "VIR": 0.4484481978641763}, "2013": {"ATG": 0.90377220829628, "BHS": 0.89353826146056, "BRB": 0.904560104858375, "BLZ": 0.977884855236386, "CPV": 0.768996852804692, "COM": 0.900398117094446, "CUB": 0.96006047390023, "DMA": 0.9170304364778, "DOM": 0.939301103833839, "FJI": 0.903518777726661, "GRD": 0.954433045817494, "GNB": 0.973192908514456, "GUY": 0.955878831741596, "HTI": 0.955285065070984, "JAM": 0.945930148268084, "KIR": 0.781445809020984, "MDV": 0.863618433768093, "MHL": 0.900421019781157, "MUS": 0.890010163223193, "FSM": 0.923380982909492, "NRU": 0.878158325164356, "PLW": 0.907410376491364, "PNG": 0.950930007507983, "KNA": 0.901147212398098, "LCA": 0.912544397461644, "VCT": 0.933689447205558, "WSM": 0.905597100152301, "STP": 0.876616033774698, "SYC": 0.890384528055985, "SGP": 0.923822896971312, "SLB": 0.960100595114442, "SUR": 0.964121675489168, "TLS": 0.933324612884964, "TON": 0.891712493621099, "TTO": 0.94949401711918, "TUV": 0.905342478854992, "VUT": 0.909096294688694, "ABW": 0.9136704701072708, "AIA": 0.5786310965104722, "ASM": 0.911317941854868, "COK": 0.5786310965104722, "CUW": 0.7786270368664244, "GUM": 0.5153928127686919, "MNP": 0.7729262622273023, "MSR": 0.5786310965104722, "NCL": 0.6510563946374349, "NIU": 0.5786310965104722, "PRI": 0.1290723939615673, "PYF": 0.6430413325306799, "SXM": 0.7376153870029383, "VGB": 0.913518989465672, "VIR": 0.4726963152337542}, "2014": {"ATG": 0.90377220829628, "BHS": 0.89353826146056, "BRB": 0.904560104858375, "BLZ": 0.977884855236386, "CPV": 0.768996852804692, "COM": 0.900398117094446, "CUB": 0.96006047390023, "DMA": 0.9170304364778, "DOM": 0.939301103833839, "FJI": 0.903518777726661, "GRD": 0.954433045817494, "GNB": 0.973192908514456, "GUY": 0.955878831741596, "HTI": 0.955285065070984, "JAM": 0.945930148268084, "KIR": 0.781445809020984, "MDV": 0.863618433768093, "MHL": 0.900421019781157, "MUS": 0.890010163223193, "FSM": 0.923380982909492, "NRU": 0.878158325164356, "PLW": 0.907410376491364, "PNG": 0.950930007507983, "KNA": 0.901147212398098, "LCA": 0.912544397461644, "VCT": 0.933689447205558, "WSM": 0.905597100152301, "STP": 0.876616033774698, "SYC": 0.890384528055985, "SGP": 0.923822896971312, "SLB": 0.960100595114442, "SUR": 0.964121675489168, "TLS": 0.933324612884964, "TON": 0.891712493621099, "TTO": 0.94949401711918, "TUV": 0.905342478854992, "VUT": 0.909096294688694, "ABW": 0.9169831431037878, "AIA": 0.5763722924271838, "ASM": 0.9077695224818976, "COK": 0.5763722924271838, "CUW": 0.1050003973676653, "GUM": 0.6795889198127277, "MNP": 0.3637113564121277, "MSR": 0.5763722924271838, "NCL": 0.4858933741821398, "NIU": 0.5763722924271838, "PRI": 0.0479648569562877, "PYF": 0.9203186620763916, "SXM": 0.680182181712366, "VGB": 0.6591974518097208, "VIR": 0.1228366072519783}}, "upperIntervals": {"2010": {"ABW": 0.9334422830693464, "AIA": 0.688546947175267, "ASM": 0.228992432397592, "COK": 0.688546947175267, "CUW": 0.6537007491087188, "GUM": 0.7578798764326451, "MNP": 0.9220504313707526, "MSR": 0.688546947175267, "NCL": 0.6754948858592801, "NIU": 0.688546947175267, "PRI": 0.498296277879006, "PYF": 0.9326163779943238, "SXM": 0.688546947175267, "VGB": 0.923538837191634, "VIR": 0.58239235516667}, "2011": {"ABW": 0.9498148801727736, "AIA": 0.688546947175267, "ASM": 0.0, "COK": 0.688546947175267, "CUW": 0.8487244993312321, "GUM": 0.6964811805869993, "MNP": 0.7982972595960052, "MSR": 0.688546947175267, "NCL": 0.6939552131709512, "NIU": 0.688546947175267, "PRI": 0.6479053728302938, "PYF": 0.81433619512065, "SXM": 0.8029247509151151, "VGB": 0.9422852644162169, "VIR": 0.58239235516667}, "2012": {"ABW": 0.933689447205558, "AIA": 0.688546947175267, "ASM": 0.0, "COK": 0.688546947175267, "CUW": 0.7578798764326451, "GUM": 0.813836384709969, "MNP": 0.7983919582080311, "MSR": 0.688546947175267, "NCL": 0.688546947175267, "NIU": 0.688546947175267, "PRI": 0.271344814659792, "PYF": 0.813836384709969,