{"data": {"2010": {"ATG": 0.475050405397549, "BHS": 0.436143411306852, "BRB": 0.373609501639728, "BLZ": 0.464824109326525, "CPV": 0.426110018775532, "COM": 0.52961830128444, "CUB": 0.421389347777565, "DMA": 0.415377486258332, "DOM": 0.421818441946186, "FJI": 0.431723623100551, "GRD": 0.382255710920963, "GNB": 0.661522867671654, "GUY": 0.49375316808245, "HTI": 0.537709177658745, "JAM": 0.430721219114068, "KIR": 0.4942217875556193, "MDV": 0.535078207988865, "MHL": 0.414883641992181, "MUS": 0.429282787754904, "FSM": 0.586518504967882, "NRU": 0.3748221711727175, "PLW": 0.4219690920321138, "PNG": 0.552871095305386, "KNA": 0.422161677258405, "LCA": 0.364165157037745, "VCT": 0.4453272989768661, "WSM": 0.484491087708238, "STP": 0.521849223511314, "SYC": 0.461905284427388, "SGP": 0.386789172164201, "SLB": 0.594528903273214, "SUR": 0.390764528856373, "TLS": 0.527918384433483, "TON": 0.575788487234172, "TTO": 0.37943797561062, "TUV": 0.4704373936119805, "VUT": 0.562532378794039, "ABW": 0.4636475270207518, "AIA": 0.4413403517847565, "ASM": 0.453476149943214, "COK": 0.4413403517847565, "CUW": 0.3873351640760902, "GUM": 0.4044872909645934, "MNP": 0.4159265348500027, "MSR": 0.4413403517847565, "NCL": 0.3697768207051222, "NIU": 0.4413403517847565, "PRI": 0.3680836905153054, "PYF": 0.4706611901616622, "SXM": 0.3945838376803694, "VGB": 0.4724611838611166, "VIR": 0.4032132301974335}, "2011": {"ATG": 0.474826851391279, "BHS": 0.433300370374754, "BRB": 0.365784115985879, "BLZ": 0.460956593485487, "CPV": 0.422834183343986, "COM": 0.529233783329438, "CUB": 0.431994812072262, "DMA": 0.417507135772514, "DOM": 0.417447006289357, "FJI": 0.434120004601702, "GRD": 0.380833005534424, "GNB": 0.65420839583995, "GUY": 0.481686631149385, "HTI": 0.537719480064315, "JAM": 0.428552272491476, "KIR": 0.4890156500453315, "MDV": 0.533716875789119, "MHL": 0.4138750263031675, "MUS": 0.420757062299698, "FSM": 0.585994102868508, "NRU": 0.3790493661996497, "PLW": 0.4290636376974026, "PNG": 0.541205580257838, "KNA": 0.426034875687737, "LCA": 0.363207659998337, "VCT": 0.4447896587381388, "WSM": 0.488493656298681, "STP": 0.521014751272387, "SYC": 0.477414848659684, "SGP": 0.388948032025285, "SLB": 0.592074463757355, "SUR": 0.386181379197183, "TLS": 0.517984098717137, "TON": 0.54951432153581, "TTO": 0.376826749421661, "TUV": 0.4659250963745829, "VUT": 0.548808746854941, "ABW": 0.4596317795479366, "AIA": 0.4392393239321053, "ASM": 0.4730102912186575, "COK": 0.4392393239321053, "CUW": 0.3887414940626325, "GUM": 0.3632997794949485, "MNP": 0.3562180411775057, "MSR": 0.4392393239321053, "NCL": 0.3999714170695247, "NIU": 0.4392393239321053, "PRI": 0.3449338582940433, "PYF": 0.4653824513035067, "SXM": 0.439110484155194, "VGB": 0.4765823135993344, "VIR": 0.3955188526334302}, "2012": {"ATG": 0.475940631773924, "BHS": 0.431876752044974, "BRB": 0.355785779138877, "BLZ": 0.459014638956761, "CPV": 0.436600282810079, "COM": 0.52802868019493, "CUB": 0.419399356060417, "DMA": 0.420666600769084, "DOM": 0.420286549612259, "FJI": 0.433855880281444, "GRD": 0.380066783955556, "GNB": 0.64207691619246, "GUY": 0.47257092775425, "HTI": 0.538639702671685, "JAM": 0.425753001005963, "KIR": 0.4819879773430355, "MDV": 0.522148757387733, "MHL": 0.4086466776934813, "MUS": 0.413454075375033, "FSM": 0.586200326078687, "NRU": 0.3790095288264489, "PLW": 0.4205111987342136, "PNG": 0.53887136591676, "KNA": 0.423748107355887, "LCA": 0.356942967681444, "VCT": 0.4490682629588198, "WSM": 0.47217303028887, "STP": 0.51819052051822, "SYC": 0.451195005648819, "SGP": 0.387974216558743, "SLB": 0.592298474200583, "SUR": 0.387990654132501, "TLS": 0.512324764807754, "TON": 0.575603336626301, "TTO": 0.368039464097158, "TUV": 0.457989615738368, "VUT": 0.554211344743595, "ABW": 0.4748962505584216, "AIA": 0.4354712913125871, "ASM": 0.4430561334553282, "COK": 0.4354712913125871, "CUW": 0.3746239259302373, "GUM": 0.377675544196822, "MNP": 0.4151277092380202, "MSR": 0.4354712913125871, "NCL": 0.4157959055204773, "NIU": 0.4354712913125871, "PRI": 0.3480902306123142, "PYF": 0.5168453135171012, "SXM": 0.5202745373077371, "VGB": 0.4568208629642256, "VIR": 0.3296046026641057}, "2013": {"ATG": 0.470953093007517, "BHS": 0.431378872590969, "BRB": 0.355943862119264, "BLZ": 0.415409809128516, "CPV": 0.441308618899479, "COM": 0.526198753142058, "CUB": 0.42033770307383, "DMA": 0.416857068003516, "DOM": 0.420800174414769, "FJI": 0.428593687560886, "GRD": 0.37957052092241, "GNB": 0.638917223393175, "GUY": 0.471282190519166, "HTI": 0.537907176825724, "JAM": 0.421651832163668, "KIR": 0.4844623502293421, "MDV": 0.517673343350464, "MHL": 0.4034274060028234, "MUS": 0.41594601271229, "FSM": 0.583204747225015, "NRU": 0.3815320970949829, "PLW": 0.4245434341338319, "PNG": 0.544225616907172, "KNA": 0.422181245985234, "LCA": 0.35292785365019, "VCT": 0.4510094441804654, "WSM": 0.497952622865235, "STP": 0.515374171191586, "SYC": 0.454115220350298, "SGP": 0.385209955350161, "SLB": 0.588097898061054, "SUR": 0.385236012971699, "TLS": 0.506951716498016, "TON": 0.554957346975081, "TTO": 0.3667640323588, "TUV": 0.4672055041771766, "VUT": 0.560513664098234, "ABW": 0.4428754826798203, "AIA": 0.4416039605169102, "ASM": 0.4444687807803103, "COK": 0.4416039605169102, "CUW": 0.4746323485793201, "GUM": 0.3690437392120567, "MNP": 0.3909081973629291, "MSR": 0.4416039605169102, "NCL": 0.4286946544762238, "NIU": 0.4416039605169102, "PRI": 0.3740356507002943, "PYF": 0.4732359951987585, "SXM": 0.4546075081448876, "VGB": 0.3748468308053769, "VIR": 0.3312434498979941}, "2014": {"ATG": 0.462183661878832, "BHS": 0.431714212920378, "BRB": 0.360095511833746, "BLZ": 0.430247652128717, "CPV": 0.438264529708345, "COM": 0.523904163727188, "CUB": 0.420364680902208, "DMA": 0.417112390804788, "DOM": 0.427302295670801, "FJI": 0.427455412623649, "GRD": 0.378326085377741, "GNB": 0.65066844344406, "GUY": 0.466303853007459, "HTI": 0.536693005169196, "JAM": 0.42048256704522, "KIR": 0.483019359979941, "MDV": 0.515804458197246, "MHL": 0.4118485362389686, "MUS": 0.410588295844664, "FSM": 0.582283308710708, "NRU": 0.375137228727385, "PLW": 0.4254534864902471, "PNG": 0.54178474676664, "KNA": 0.420631945634276, "LCA": 0.345925086502865, "VCT": 0.4500305002616806, "WSM": 0.484768760963474, "STP": 0.511565416497275, "SYC": 0.440909821996042, "SGP": 0.382975475363623, "SLB": 0.585089035382551, "SUR": 0.384215311835287, "TLS": 0.50502797401495, "TON": 0.574317861034357, "TTO": 0.365755523261358, "TUV": 0.4601305629120506, "VUT": 0.551853429462893, "ABW": 0.3736338402529102, "AIA": 0.43725990324581, "ASM": 0.4566762261236256, "COK": 0.43725990324581, "CUW": 0.4329384582856452, "GUM": 0.4047876503410315, "MNP": 0.4184542077631096, "MSR": 0.43725990324581, "NCL": 0.3982115179766513, "NIU": 0.43725990324581, "PRI": 0.3457372963661104, "PYF": 0.4389940985214892, "SXM": 0.4437909805010517, "VGB": 0.390731921504779, "VIR": 0.3428205808685965}}, "upperIntervals": {"2010": {"KIR": 0.6167603535499971, "MHL": 0.4710849512895226, "NRU": 0.441053687009411, "PLW": 0.521849223511314, "VCT": 0.607968732369843, "TUV": 0.537709177658745, "ABW": 0.576134971778349, "AIA": 0.5218779318855924, "ASM": 0.54806210146899, "COK": 0.5218779318855924, "CUW": 0.4362681275486747, "GUM": 0.4386210623526357, "MNP": 0.5080433482587806, "MSR": 0.5218779318855924, "NCL": 0.417974288962833, "NIU": 0.5218779318855924, "PRI": 0.3923754353541664, "PYF": 0.566904596276873, "SXM": 0.441053687009411, "VGB": 0.566904596276873, "VIR": 0.4771359912535801}, "2011": {"KIR": 0.625419840527961, "MHL": 0.482151910315403, "NRU": 0.4659053548105916, "PLW": 0.521014751272387, "VCT": 0.5811207587960413, "TUV": 0.537719480064315, "ABW": 0.540542758711216, "AIA": 0.540542758711216, "ASM": 0.580881301210693, "COK": 0.540542758711216, "CUW": 0.446180878286352, "GUM": 0.4246472291800778, "MNP": 0.401448432800787, "MSR": 0.540542758711216, "NCL": 0.4340943465557234, "NIU": 0.540542758711216, "PRI": 0.406901876622389, "PYF": 0.564448824203023, "SXM": 0.521014751272387,