{"ssi-15": {"data": {"2019": {"ALB": 8.49, "DZA": 6.84, "AGO": 9.39, "ARG": 5.86, "ARM": 8.24, "AUS": 1.0, "AUT": 2.62, "AZE": 6.88, "BHR": 1.0, "BGD": 9.52, "BLR": 4.31, "BEL": 2.04, "BEN": 9.39, "BOL": 8.02, "BIH": 3.63, "BWA": 6.63, "BRA": 7.96, "BRN": 1.0, "BGR": 3.95, "KHM": 9.33, "CMR": 9.74, "CAN": 1.0, "CHL": 5.35, "CHN": 3.3200000000000003, "COL": 8.46, "COG": 9.46, "CRI": 8.45, "CIV": 9.58, "HRV": 6.07, "CUB": 7.720000000000001, "CYP": 2.55, "CZE": 1.0, "DNK": 4.58, "DOM": 8.01, "ECU": 7.939999999999999, "SLV": 9.1, "ERI": 9.87, "EST": 1.0, "ETH": 9.88, "FIN": 2.27, "FRA": 5.43, "GAB": 8.34, "GEO": 7.65, "DEU": 1.3000000000000007, "GHA": 9.52, "GIB": 1.0, "GRC": 4.12, "GTM": 9.07, "HTI": 9.7, "HND": 8.98, "HKG": 4.04, "HUN": 5.32, "ISL": 3.66, "IND": 8.39, "IDN": 8.120000000000001, "IRQ": 6.34, "IRL": 2.56, "ISR": 2.68, "ITA": 4.69, "JAM": 7.59, "JPN": 1.0600000000000005, "JOR": 7.37, "KAZ": 1.0, "KEN": 9.67, "XKX": 5.54, "KWT": 1.0, "KGZ": 8.56, "LVA": 6.5600000000000005, "LBN": 5.57, "LBY": 3.49, "LTU": 6.17, "LUX": 1.0, "MYS": 3.33, "MLT": 6.74, "MUS": 6.69, "MEX": 6.38, "MDA": 7.88, "MNG": 3.73, "MNE": 6.45, "MAR": 8.370000000000001, "MOZ": 9.74, "MMR": 9.43, "NAM": 8.41, "NPL": 9.65, "NLD": 1.0, "NZL": 3.33, "NIC": 9.18, "NER": 9.9, "NGA": 9.55, "MKD": 6.43, "NOR": 3.41, "OMN": 1.0, "PAK": 9.07, "PAN": 7.65, "PRY": 8.879999999999999, "PER": 8.45, "PHL": 8.79, "POL": 2.04, "PRT": 5.07, "QAT": 1.0, "ROU": 6.390000000000001, "RUS": 1.0, "SAU": 1.0, "SEN": 9.48, "SRB": 3.43, "SGP": 1.5500000000000007, "SVK": 4.08, "SVN": 3.51, "ZAF": 2.56, "SSD": 9.88, "ESP": 4.55, "LKA": 8.92, "SDN": 9.54, "SUR": 6.57, "SWE": 6.26, "CHE": 5.61, "SYR": 8.74, "TWN": 1.0, "TJK": 9.34, "TZA": 9.82, "THA": 6.46, "TGO": 9.73, "TTO": 1.0, "TUN": 7.73, "TUR": 5.29, "TKM": 1.0, "UKR": 6.18, "ARE": 1.0, "GBR": 4.57, "USA": 1.0, "URY": 8.3, "UZB": 7.49, "VNM": 8.0, "ZMB": 9.65, "ZWE": 9.41}, "recentYear": {"ALB": "2019", "DZA": "2019", "AGO": "2019", "ARG": "2019", "ARM": "2019", "AUS": "2019", "AUT": "2019", "AZE": "2019", "BHR": "2019", "BGD": "2019", "BLR": "2019", "BEL": "2019", "BEN": "2019", "BOL": "2019", "BIH": "2019", "BWA": "2019", "BRA": "2019", "BRN": "2019", "BGR": "2019", "KHM": "2019", "CMR": "2019", "CAN": "2019", "CHL": "2019", "CHN": "2019", "COL": "2019", "COG": "2019", "CRI": "2019", "CIV": "2019", "HRV": "2019", "CUB": "2019", "CYP": "2019", "CZE": "2019", "DNK": "2019", "DOM": "2019", "ECU": "2019", "SLV": "2019", "ERI": "2019", "EST": "2019", "ETH": "2019", "FIN": "2019", "FRA": "2019", "GAB": "2019", "GEO": "2019", "DEU": "2019", "GHA": "2019", "GIB": "2019", "GRC": "2019", "GTM": "2019", "HTI": "2019", "HND": "2019", "HKG": "2019", "HUN": "2019", "ISL": "2019", "IND": "2019", "IDN": "2019", "IRQ": "2019", "IRL": "2019", "ISR": "2019", "ITA": "2019", "JAM": "2019", "JPN": "2019", "JOR": "2019", "KAZ": "2019", "KEN": "2019", "XKX": "2019", "KWT": "2019", "KGZ": "2019", "LVA": "2019", "LBN": "2019", "LBY": "2019", "LTU": "2019", "LUX": "2019", "MYS": "2019", "MLT": "2019", "MUS": "2019", "MEX": "2019", "MDA": "2019", "MNG": "2019", "MNE": "2019", "MAR": "2019", "MOZ": "2019", "MMR": "2019", "NAM": "2019", "NPL": "2019", "NLD": "2019", "NZL": "2019", "NIC": "2019", "NER": "2019", "NGA": "2019", "MKD": "2019", "NOR": "2019", "OMN": "2019", "PAK": "2019", "PAN": "2019", "PRY": "2019", "PER": "2019", "PHL": "2019", "POL": "2019", "PRT": "2019", "QAT": "2019", "ROU": "2019", "RUS": "2019", "SAU": "2019", "SEN": "2019", "SRB": "2019", "SGP": "2019", "SVK": "2019", "SVN": "2019", "ZAF": "2019", "SSD": "2019", "ESP": "2019", "LKA": "2019", "SDN": "2019", "SUR": "2019", "SWE": "2019", "CHE": "2019", "SYR": "2019", "TWN": "2019", "TJK": "2019", "TZA": "2019", "THA": "2019", "TGO": "2019", "TTO": "2019", "TUN": "2019", "TUR": "2019", "TKM": "2019", "UKR": "2019", "ARE": "2019", "GBR": "2019", "USA": "2019", "URY": "2019", "UZB": "2019", "VNM": "2019", "ZMB": "2019", "ZWE": "2019"}, "recentValue": {"ALB": 8.49, "DZA": 6.84, "AGO": 9.39, "ARG": 5.86, "ARM": 8.24, "AUS": 1.0, "AUT": 2.62, "AZE": 6.88, "BHR": 1.0, "BGD": 9.52, "BLR": 4.31, "BEL": 2.04, "BEN": 9.39, "BOL": 8.02, "BIH": 3.63, "BWA": 6.63, "BRA": 7.96, "BRN": 1.0, "BGR": 3.95, "KHM": 9.33, "CMR": 9.74, "CAN": 1.0, "CHL": 5.35, "CHN": 3.3200000000000003, "COL": 8.46, "COG": 9.46, "CRI": 8.45, "CIV": 9.58, "HRV": 6.07, "CUB": 7.720000000000001, "CYP": 2.55, "CZE": 1.0, "DNK": 4.58, "DOM": 8.01, "ECU": 7.939999999999999, "SLV": 9.1, "ERI": 9.87, "EST": 1.0, "ETH": 9.88, "FIN": 2.27, "FRA": 5.43, "GAB": 8.34, "GEO": 7.65, "DEU": 1.3000000000000007, "GHA": 9.52, "GIB": 1.0, "GRC": 4.12, "GTM": 9.07, "HTI": 9.7, "HND": 8.98, "HKG": 4.04, "HUN": 5.32, "ISL": 3.66, "IND": 8.39, "IDN": 8.120000000000001, "IRQ": 6.34, "IRL": 2.56, "ISR": 2.68, "ITA": 4.69, "JAM": 7.59, "JPN": 1.0600000000000005, "JOR": 7.37, "KAZ": 1.0, "KEN": 9.67, "XKX": 5.54, "KWT": 1.0, "KGZ": 8.56, "LVA": 6.5600000000000005, "LBN": 5.57, "LBY": 3.49, "LTU": 6.17, "LUX": 1.0, "MYS": 3.33, "MLT": 6.74, "MUS": 6.69, "MEX": 6.38, "MDA": 7.88, "MNG": 3.73, "MNE": 6.45, "MAR": 8.370000000000001, "MOZ": 9.74, "MMR": 9.43, "NAM": 8.41, "NPL": 9.65, "NLD": 1.0, "NZL": 3.33, "NIC": 9.18, "NER": 9.9, "NGA": 9.55, "MKD": 6.43, "NOR": 3.41, "OMN": 1.0, "PAK": 9.07, "PAN": 7.65, "PRY": 8.879999999999999, "PER": 8.45, "PHL": 8.79, "POL": 2.04, "PRT": 5.07, "QAT": 1.0, "ROU": 6.390000000000001, "RUS": 1.0, "SAU": 1.0, "SEN": 9.48, "SRB": 3.43, "SGP": 1.5500000000000007, "SVK": 4.08, "SVN": 3.51, "ZAF": 2.56, "SSD": 9.88, "ESP": 4.55, "LKA": 8.92, "SDN": 9.54, "SUR": 6.57, "SWE": 6.26, "CHE": 5.61, "SYR": 8.74, "TWN": 1.0, "TJK": 9.34, "TZA": 9.82, "THA": 6.46, "TGO": 9.73, "TTO": 1.0, "TUN": 7.73, "TUR": 5.29, "TKM": 1.0, "UKR": 6.18, "ARE": 1.0, "GBR": 4.57, "USA": 1.0, "URY": 8.3, "UZB": 7.49, "VNM": 8.0, "ZMB": 9.65, "ZWE": 9.41}}, "def": "Indicator: Total CO  emissions - Fuel Combustion (Mt of CO ). This indicator uses the common measure for Emission of Greenhouse Gases (GHG): the amount of emitted CO . Thus other GHG emissions, like CH , N O, HFCs, PFCs and SF , 2 4 2 6are not included. ", "name": "Greenhouse Gases", "source": "IEA", "dataset": "ssi", "category": "Environmental Wellbeing", "subcategory": "Climate and Energy", "link": "https://ssi.wi.th-koeln.de/ssi-final.html", "dim": "none", "priority": "3.0", "units": "Score"}}