{"ssi-14": {"data": {"2019": {"AFG": 4.912255248577488, "ALB": 5.665186161642872, "DZA": 1.029424786898467, "ASM": 5.000000000196426, "AGO": 2.9261126752868734, "ATG": 4.746114615898101, "ARG": 5.66469924837552, "ARM": 4.65788625053451, "ABW": 3.742522683598104, "AUS": 3.2636104462613886, "AUT": 4.817035539281136, "AZE": 3.2677841390115177, "BHS": 1.0, "BHR": 4.33498816278178, "BGD": 1.0, "BRB": 7.653064391920871, "BLR": 8.972869626715607, "BEL": 4.747336151287886, "BLZ": 1.0, "BEN": 1.0, "BMU": 1.0, "BTN": 4.397540842760556, "BOL": 2.936112778317288, "BIH": 5.405566574350413, "BWA": 1.0, "BRA": 4.937642176634455, "VGB": 5.717843520600166, "BRN": 1.0, "BGR": 2.9203592321413616, "BFA": 1.0, "BDI": 1.0, "CPV": 1.0, "KHM": 1.0, "CMR": 1.0, "CAN": 4.563790068529436, "CYM": 1.0, "CAF": 4.121975810130824, "TCD": 1.0, "CHL": 2.466798090871258, "CHN": 3.8720880915582008, "COL": 3.2761931721229125, "COM": 1.0, "COG": 8.17756890276154, "COK": 2.195245293498996, "CRI": 1.377295298317435, "CIV": 1.0, "HRV": 4.338732235280602, "CUB": 8.794708473918952, "CYP": 1.1788444821443314, "CZE": 4.150127358470432, "DNK": 5.7266371942534136, "DJI": 10.0, "DMA": 3.83463764686314, "DOM": 2.075665129592497, "ECU": 3.5130104494616035, "SLV": 4.204710816361047, "GNQ": 6.669952726889598, "ERI": 1.0, "EST": 5.042136024274857, "SWZ": 1.0, "ETH": 1.0, "FRO": 1.856357531268109, "FJI": 1.0, "FIN": 5.509027539609914, "FRA": 6.219857421554004, "PYF": 5.044168376069646, "GAB": 5.824667987430686, "GMB": 1.0, "GEO": 1.0, "DEU": 4.941393231039477, "GHA": 4.661677226285779, "GIB": 2.7034712058868067, "GRC": 4.224418896475878, "GRL": 5.555036672448377, "GRD": 5.394525191479772, "GUM": 7.774134211909576, "GTM": 1.0, "GIN": 1.0, "GNB": 7.104410248003131, "GUY": 1.6219193204558664, "HTI": 1.0, "HND": 1.0, "HKG": 2.356496543608096, "HUN": 1.3715442022673656, "ISL": 3.159622594939368, "IND": 1.0, "IDN": 2.5801197256029376, "IRQ": 1.0, "IRL": 1.969833209561461, "ISR": 1.615419548388502, "ITA": 5.510357087296931, "JAM": 6.255533228014798, "JPN": 6.549911501974648, "JOR": 1.0, "KAZ": 3.577388305802632, "KEN": 1.0, "KIR": 1.0, "XKX": 5.373053578065377, "KWT": 3.7667814509130366, "KGZ": 5.859165568350669, "LVA": 3.529888140310156, "LBN": 1.0, "LSO": 1.0, "LBR": 1.0, "LBY": 10.0, "LTU": 4.207459565647554, "LUX": 5.109102726031907, "MAC": 1.0, "MDG": 2.5499485165677527, "MWI": 3.567765860154953, "MYS": 3.537111121454501, "MDV": 2.5144989597063017, "MLI": 1.0, "MLT": 1.0, "MRT": 1.0, "MUS": 1.0, "MEX": 4.500525713816906, "MDA": 8.13534522864261, "MNG": 1.0, "MNE": 8.584045644616797, "MAR": 3.023421145882171, "MOZ": 1.0, "MMR": 1.0, "NAM": 2.2721846532119443, "NRU": 2.9665432126396567, "NPL": 1.0, "NLD": 5.294594983424691, "NCL": 1.0, "NZL": 2.980451991565232, "NIC": 1.0, "NER": 6.695744567387347, "NGA": 4.35042753269871, "MKD": 5.660033860579716, "NOR": 4.764735410933508, "OMN": 1.717640964038342, "PAK": 1.0, "PAN": 1.0, "PNG": 3.3580752092690034, "PRY": 3.37275528474946, "PER": 2.403839958391675, "PHL": 1.0, "POL": 2.6208796988538623, "PRT": 4.4027777530664665, "PRI": 7.786059792346592, "QAT": 4.606717162929609, "ROU": 3.8402622779991376, "RUS": 4.555519623835536, "RWA": 1.0, "WSM": 1.0, "STP": 2.5349498746734653, "SAU": 2.0525344876376224, "SEN": 1.0, "SRB": 4.106706019805944, "SYC": 1.0, "SLE": 7.354689632941547, "SGP": 1.3847327252140111, "SVK": 4.622783714510906, "SVN": 4.534271128868092, "SLB": 1.0, "SOM": 3.452962318061012, "ZAF": 4.652148518180404, "SSD": 3.211426759006088, "ESP": 4.75897761257697, "LKA": 1.0, "KNA": 3.2185873054471763, "LCA": 2.149460787523079, "VCT": 1.0, "SDN": 1.0, "SUR": 4.196949427258364, "SWE": 4.136604941239238, "CHE": 7.37515542179748, "SYR": 10.0, "TWN": 5.49430514321493, "TJK": 3.147807648257473, "TZA": 2.9646502226831792, "THA": 3.31495339124115, "TLS": 1.9523263795097243, "TGO": 1.0, "TON": 1.0, "TTO": 8.728454313884775, "TUN": 1.0, "TUR": 1.0, "TKM": 1.0, "TCA": 1.0, "UGA": 1.0, "UKR": 10.0, "ARE": 1.895454839032919, "GBR": 6.253918014808637, "USA": 4.876967155572544, "URY": 4.016326058213259, "UZB": 5.822814192161843, "VUT": 1.0, "VNM": 1.0, "VIR": 1.0, "ZMB": 1.656663902097744, "ZWE": 8.582839817161112}, "recentYear": {"AFG": "2019", "ALB": "2019", "DZA": "2019", "ASM": "2019", "AGO": "2019", "ATG": "2019", "ARG": "2019", "ARM": "2019", "ABW": "2019", "AUS": "2019", "AUT": "2019", "AZE": "2019", "BHS": "2019", "BHR": "2019", "BGD": "2019", "BRB": "2019", "BLR": "2019", "BEL": "2019", "BLZ": "2019", "BEN": "2019", "BMU": "2019", "BTN": "2019", "BOL": "2019", "BIH": "2019", "BWA": "2019", "BRA": "2019", "VGB": "2019", "BRN": "2019", "BGR": "2019", "BFA": "2019", "BDI": "2019", "CPV": "2019", "KHM": "2019", "CMR": "2019", "CAN": "2019", "CYM": "2019", "CAF": "2019", "TCD": "2019", "CHL": "2019", "CHN": "2019", "COL": "2019", "COM": "2019", "COG": "2019", "COK": "2019", "CRI": "2019", "CIV": "2019", "HRV": "2019", "CUB": "2019", "CYP": "2019", "CZE": "2019", "DNK": "2019", "DJI": "2019", "DMA": "2019", "DOM": "2019", "ECU": "2019", "SLV": "2019", "GNQ": "2019", "ERI": "2019", "EST": "2019", "SWZ": "2019", "ETH": "2019", "FRO": "2019", "FJI": "2019", "FIN": "2019", "FRA": "2019", "PYF": "2019", "GAB": "2019", "GMB": "2019", "GEO": "2019", "DEU": "2019", "GHA": "2019", "GIB": "2019", "GRC": "2019", "GRL": "2019", "GRD": "2019", "GUM": "2019", "GTM": "2019", "GIN": "2019", "GNB": "2019", "GUY": "2019", "HTI": "2019", "HND": "2019", "HKG": "2019", "HUN": "2019", "ISL": "2019", "IND": "2019", "IDN": "2019", "IRQ": "2019", "IRL": "2019", "ISR": "2019", "ITA": "2019", "JAM": "2019", "JPN": "2019", "JOR": "2019", "KAZ": "2019", "KEN": "2019", "KIR": "2019", "XKX": "2019", "KWT": "2019", "KGZ": "2019", "LVA": "2019", "LBN": "2019", "LSO": "2019", "LBR": "2019", "LBY": "2019", "LTU": "2019", "LUX": "2019", "MAC": "2019", "MDG": "2019", "MWI": "2019", "MYS": "2019", "MDV": "2019", "MLI": "2019", "MLT": "2019", "MRT": "2019", "MUS": "2019", "MEX": "2019", "MDA": "2019", "MNG": "2019", "MNE": "2019", "MAR": "2019", "MOZ": "2019", "MMR": "2019", "NAM": "2019", "NRU": "2019", "NPL": "2019", "NLD": "2019", "NCL": "2019", "NZL": "2019", "NIC": "2019", "NER": "2019", "NGA": "2019", "MKD": "2019", "NOR": "2019", "OMN": "2019", "PAK": "2019", "PAN": "2019", "PNG": "2019", "PRY": "2019", "PER": "2019", "PHL": "2019", "POL": "2019", "PRT": "2019", "PRI": "2019", "QAT": "2019", "ROU": "2019", "RUS": "2019", "RWA": "2019", "WSM": "2019", "STP": "2019", "SAU": "2019", "SEN": "2019", "SRB": "2019", "SYC": "2019", "SLE": "2019", "SGP": "2019", "SVK": "2019", "SVN": "2019", "SLB": "2019", "SOM": "2019", "ZAF": "2019", "SSD": "2019", "ESP": "2019", "LKA": "2019", "KNA": "2019", "LCA": "2019", "VCT": "2019", "SDN": "2019", "SUR": "2019", "SWE": "2019", "CHE": "2019", "SYR": "2019", "TWN": "2019", "TJK": "2019", "TZA": "2019", "THA": "2019", "TLS": "2019", "TGO": "2019", "TON": "2019", "TTO": "2019", "TUN": "2019", "TUR": "2019", "TKM": "2019", "TCA": "2019", "UGA": "2019", "UKR": "2019", "ARE": "2019", "GBR": "2019", "USA": "2019", "URY": "2019", "UZB": "2019", "VUT": "2019", "VNM": "2019", "VIR": "2019", "ZMB": "2019", "ZWE": "2019"}, "recentValue": {"AFG": 4.912255248577488, "ALB": 5.665186161642872, "DZA": 1.029424786898467, "ASM": 5.000000000196426, "AGO": 2.9261126752868734, "ATG": 4.746114615898101, "ARG": 5.66469924837552, "ARM": 4.65788625053451, "ABW": 3.742522683598104, "AUS": 3.2636104462613886, "AUT": 4.817035539281136, "AZE": 3.2677841390115177, "BHS": 1.0, "BHR": 4.33498816278178, "BGD": 1.0, "BRB": 7.653064391920871, "BLR": 8.972869626715607, "BEL": 4.747336151287886, "BLZ": 1.0, "BEN": 1.0, "BMU": 1.0, "BTN": 4.397540842760556, "BOL": 2.936112778317288, "BIH": 5.405566574350413, "BWA": 1.0, "BRA": 4.937642176634455, "VGB": 5.717843520600166, "BRN": 1.0, "BGR": 2.9203592321413616, "BFA": 1.0, "BDI": 1.0, "CPV": 1.0, "KHM": 1.0, "CMR": 1.0, "CAN": 4.563790068529436, "CYM": 1.0, "CAF": 4.121975810130824, "TCD": 1.0, "CHL": 2.466798090871258, "CHN": 3.8720880915582008,