{"ssi-8": {"data": {"2019": {"AFG": 1.0, "ALB": 8.396742801257517, "DZA": 2.588530088533353, "ASM": 8.03653603174939, "AND": 10.0, "AGO": 1.0, "ATG": 5.389201033394254, "ARG": 5.394471927317587, "ARM": 7.0603439572078885, "ABW": 6.764356099226411, "AUS": 3.986272879417081, "AUT": 5.983287898570421, "AZE": 5.1562258928083295, "BHS": 5.666302722639344, "BHR": 1.0, "BGD": 5.293819363655417, "BRB": 7.607789406340426, "BLR": 7.844547080852528, "BEL": 6.914531457345111, "BLZ": 2.321603555136381, "BEN": 1.0, "BMU": 8.604888248055353, "BTN": 5.020126247101807, "BOL": 4.182971691818921, "BIH": 10.0, "BWA": 4.040761597994305, "BRA": 6.018547237521574, "VGB": 6.527870502453334, "BRN": 4.9591201847466335, "BGR": 9.297373178431776, "BFA": 1.0, "BDI": 1.0, "CPV": 4.959950462771482, "KHM": 3.934005760653268, "CMR": 1.0, "CAN": 5.53092483871488, "CYM": 4.371428321805034, "CAF": 6.354351033529372, "TCD": 1.0, "CHL": 5.081881208933103, "CHN": 6.8079463386514325, "COL": 5.092433290448776, "COM": 1.5752654026568802, "COG": 1.0431641699399368, "CRI": 5.369631124401014, "CIV": 1.0, "HRV": 9.376944971754147, "CUB": 7.680194713844305, "CYP": 6.192507325088129, "CZE": 7.650902244066738, "DNK": 6.591794761271455, "DJI": 3.695713325662672, "DMA": 7.695749183157609, "DOM": 5.229402228196377, "ECU": 3.8471556402875615, "SLV": 6.917839913008296, "GNQ": 1.0, "EST": 8.172934397103825, "SWZ": 6.05583152076334, "ETH": 1.0, "FRO": 7.551062012065244, "FJI": 7.365659520589154, "FIN": 7.225436519721119, "FRA": 7.182534580477861, "PYF": 6.808790086610166, "GAB": 1.0, "GMB": 1.0, "GEO": 8.01010586576635, "DEU": 6.746371292607686, "GHA": 1.8231464026679705, "GIB": 7.894000783298797, "GRC": 9.092688714475967, "GRL": 8.47816378432002, "GRD": 6.549383740416078, "GUM": 6.791482254602426, "GTM": 3.6507091103377967, "GIN": 1.058891777227423, "GNB": 1.0, "GUY": 6.816868300913806, "HTI": 4.567153538446912, "HND": 3.489164735272801, "HKG": 6.459393682031213, "HUN": 8.566343606145411, "ISL": 4.6001259543844935, "IND": 5.283234670739287, "IDN": 4.891242944937788, "IRQ": 1.0, "IRL": 5.905071593411568, "ISR": 2.912587275696444, "ITA": 7.255653112860764, "JAM": 6.748450812737781, "JPN": 8.283342693785645, "JOR": 1.0, "KAZ": 4.41694344587613, "KEN": 1.078977895143458, "KIR": 4.468384647878441, "XKX": 8.380790598762799, "KWT": 1.0, "KGZ": 2.688692804032144, "LVA": 9.823826742846087, "LBN": 1.0, "LSO": 6.260259080159235, "LBR": 1.0, "LBY": 5.8190888861986085, "LIE": 6.527500403206787, "LTU": 10.0, "LUX": 1.647342918970586, "MAC": 2.7805851881636787, "MDG": 1.0, "MWI": 1.0, "MYS": 4.634795532306642, "MDV": 1.0, "MLI": 1.0, "MLT": 2.177393327612341, "MHL": 6.938063615194372, "MRT": 1.0, "MUS": 7.695527891501112, "MEX": 4.953500006571755, "FSM": 4.820589065894109, "MDA": 9.491340299507318, "MCO": 5.515832614225076, "MNG": 2.863878788786121, "MNE": 7.875733760906218, "MAR": 4.61882840990636, "MOZ": 1.0, "MMR": 6.242425982117924, "NAM": 3.2964772529431, "NRU": 1.0, "NPL": 6.939576730442515, "NLD": 6.992961394604189, "NCL": 3.972930606281958, "NZL": 3.694516553689153, "NIC": 4.783009709457495, "NER": 1.0, "NGA": 1.0, "MKD": 7.837849606180766, "MNP": 6.089030502141588, "NOR": 5.591419889781331, "OMN": 1.0, "PAK": 2.418581530178458, "PLW": 7.581256235827666, "PAN": 3.6046936309890016, "PNG": 2.668221566467593, "PRY": 4.671045482183464, "PER": 4.8659345849633, "PHL": 4.002471484303396, "POL": 8.100200534812874, "PRT": 8.856208278685724, "PRI": 10.0, "QAT": 1.0, "ROU": 8.980014538033492, "RUS": 7.602673570874981, "RWA": 1.0, "WSM": 6.491060744269984, "SMR": 5.727064086481732, "STP": 3.043746640757437, "SAU": 1.0, "SEN": 1.0, "SRB": 9.031608386564956, "SYC": 3.811643827756361, "SLE": 2.0967966191516467, "SGP": 5.341199973608148, "SVK": 7.7440743440697775, "SVN": 7.804260811898572, "SLB": 1.0, "SOM": 1.0, "ZAF": 4.166374439153827, "SSD": 4.168728994630623, "ESP": 8.16559190381757, "LKA": 5.671510447662808, "KNA": 6.000268469639542, "LCA": 6.9031655207535625, "VCT": 7.4327236861888, "SDN": 1.3780664332317905, "SUR": 5.462587150362228, "SWE": 5.335410848370063, "CHE": 5.31787323551983, "SYR": 10.0, "TJK": 1.3755784119275845, "TZA": 1.0, "THA": 7.0949420387671465, "TLS": 3.148354972606705, "TGO": 1.0, "TON": 8.30821142180457, "TTO": 6.678116856114624, "TUN": 5.461531012628267, "TUR": 3.756977509308257, "TKM": 3.392370048350301, "TCA": 3.585127218002972, "TUV": 5.222708496629306, "UGA": 1.0, "UKR": 8.705644737958478, "ARE": 6.266104290718217, "GBR": 6.303750939906086, "USA": 6.375272091169444, "URY": 7.240929777416909, "UZB": 3.679320796247116, "VUT": 1.0, "VNM": 5.495853072799265, "VIR": 8.364780910824814, "ZMB": 1.0, "ZWE": 3.804369075464856}, "recentYear": {"AFG": "2019", "ALB": "2019", "DZA": "2019", "ASM": "2019", "AND": "2019", "AGO": "2019", "ATG": "2019", "ARG": "2019", "ARM": "2019", "ABW": "2019", "AUS": "2019", "AUT": "2019", "AZE": "2019", "BHS": "2019", "BHR": "2019", "BGD": "2019", "BRB": "2019", "BLR": "2019", "BEL": "2019", "BLZ": "2019", "BEN": "2019", "BMU": "2019", "BTN": "2019", "BOL": "2019", "BIH": "2019", "BWA": "2019", "BRA": "2019", "VGB": "2019", "BRN": "2019", "BGR": "2019", "BFA": "2019", "BDI": "2019", "CPV": "2019", "KHM": "2019", "CMR": "2019", "CAN": "2019", "CYM": "2019", "CAF": "2019", "TCD": "2019", "CHL": "2019", "CHN": "2019", "COL": "2019", "COM": "2019", "COG": "2019", "CRI": "2019", "CIV": "2019", "HRV": "2019", "CUB": "2019", "CYP": "2019", "CZE": "2019", "DNK": "2019", "DJI": "2019", "DMA": "2019", "DOM": "2019", "ECU": "2019", "SLV": "2019", "GNQ": "2019", "EST": "2019", "SWZ": "2019", "ETH": "2019", "FRO": "2019", "FJI": "2019", "FIN": "2019", "FRA": "2019", "PYF": "2019", "GAB": "2019", "GMB": "2019", "GEO": "2019", "DEU": "2019", "GHA": "2019", "GIB": "2019", "GRC": "2019", "GRL": "2019", "GRD": "2019", "GUM": "2019", "GTM": "2019", "GIN": "2019", "GNB": "2019", "GUY": "2019", "HTI": "2019", "HND": "2019", "HKG": "2019", "HUN": "2019", "ISL": "2019", "IND": "2019", "IDN": "2019", "IRQ": "2019", "IRL": "2019", "ISR": "2019", "ITA": "2019", "JAM": "2019", "JPN": "2019", "JOR": "2019", "KAZ": "2019", "KEN": "2019", "KIR": "2019", "XKX": "2019", "KWT": "2019", "KGZ": "2019", "LVA": "2019", "LBN": "2019", "LSO": "2019", "LBR": "2019", "LBY": "2019", "LIE": "2019", "LTU": "2019", "LUX": "2019", "MAC": "2019", "MDG": "2019", "MWI": "2019", "MYS": "2019", "MDV": "2019", "MLI": "2019", "MLT": "2019", "MHL": "2019", "MRT": "2019", "MUS": "2019", "MEX": "2019", "FSM": "2019", "MDA": "2019", "MCO": "2019", "MNG": "2019", "MNE": "2019", "MAR": "2019", "MOZ": "2019", "MMR": "2019", "NAM": "2019", "NRU": "2019", "NPL": "2019", "NLD": "2019", "NCL": "2019", "NZL": "2019", "NIC": "2019", "NER": "2019", "NGA": "2019", "MKD": "2019", "MNP": "2019", "NOR": "2019", "OMN": "2019", "PAK": "2019", "PLW": "2019", "PAN": "2019", "PNG": "2019", "PRY": "2019", "PER": "2019", "PHL": "2019", "POL": "2019", "PRT": "2019", "PRI": "2019", "QAT": "2019", "ROU": "2019", "RUS": "2019", "RWA": "2019", "WSM": "2019", "SMR": "2019", "STP": "2019", "SAU": "2019", "SEN": "2019", "SRB": "2019", "SYC": "2019", "SLE": "2019", "SGP": "2019", "SVK": "2019", "SVN": "2019", "SLB": "2019", "SOM": "2019", "ZAF": "2019", "SSD": "2019", "ESP": "2019", "LKA": "2019", "KNA": "2019", "LCA": "2019", "VCT": "2019", "SDN": "2019", "SUR": "2019", "SWE": "2019", "CHE": "2019", "SYR": "2019", "TJK": "2019", "TZA": "2019", "THA": "2019", "TLS": "2019", "TGO": "2019", "TON": "2019", "TTO": "2019", "TUN": "2019", "TUR": "2019", "TKM": "2019", "TCA": "2019", "TUV": "2019", "UGA": "2019", "UKR": "2019", "ARE": "2019", "GBR": "2019", "USA": "2019", "URY": "2019", "UZB": "2019", "VUT": "2019", "VNM": "2019", "VIR": "2019", "ZMB": "2019", "ZWE": "2019"}, "recentValue": {"AFG": 1.0, "ALB": 8.396742801257517, "DZA": 2.588530088533353, "ASM": 8.03653603174939, "AND": 10.0, "AGO": 1.0, "ATG": 5.389201033394254, "ARG": 5.394471927317587, "ARM": 7.0603439572078885, "ABW": 6.764356099226411, "AUS": 3.986272879417081, "AUT": 5.983287898570421,