{"ssi-2": {"data": {"2019": {"AFG": 6.709999999999999, "ALB": 9.1, "DZA": 9.36, "ASM": 10.0, "AND": 10.0, "AGO": 5.58, "ATG": 9.67, "ARM": 9.99, "AUS": 10.0, "AUT": 10.0, "AZE": 9.14, "BHS": 9.89, "BHR": 10.0, "BGD": 9.7, "BRB": 9.85, "BLR": 9.65, "BEL": 10.0, "BLZ": 9.8, "BEN": 6.640000000000001, "BMU": 9.99, "BTN": 9.72, "BOL": 9.28, "BIH": 9.61, "BWA": 9.03, "BRA": 9.82, "BRN": 9.99, "BGR": 9.91, "BFA": 4.79, "BDI": 6.08, "CPV": 8.709999999999999, "KHM": 7.85, "CMR": 6.04, "CAN": 9.94, "TCD": 3.87, "CHL": 9.98, "CHN": 9.28, "COL": 9.73, "COM": 8.02, "COG": 7.32, "CRI": 9.97, "CIV": 7.290000000000001, "HRV": 9.96, "CUB": 9.53, "CYP": 9.96, "CZE": 9.99, "DNK": 10.0, "DJI": 7.56, "DOM": 9.67, "ECU": 9.4, "SLV": 9.74, "GNQ": 6.470000000000001, "EST": 9.97, "SWZ": 6.9, "ETH": 4.11, "FJI": 9.38, "FIN": 10.0, "FRA": 10.0, "PYF": 10.0, "GAB": 8.58, "GMB": 7.8, "GEO": 9.84, "DEU": 10.0, "GHA": 8.15, "GRC": 10.0, "GRL": 10.0, "GRD": 9.56, "GTM": 9.42, "GIN": 6.19, "GNB": 6.659999999999999, "GUY": 9.55, "HTI": 6.55, "HND": 9.48, "HKG": 10.0, "HUN": 10.0, "ISL": 10.0, "IND": 9.27, "IDN": 8.93, "IRQ": 9.65, "IRL": 9.74, "ISR": 10.0, "ITA": 9.94, "JAM": 9.06, "JPN": 9.9, "JOR": 9.89, "KAZ": 9.56, "KEN": 5.89, "KIR": 7.159999999999999, "KWT": 10.0, "KGZ": 8.75, "LVA": 9.86, "LBN": 9.26, "LSO": 6.859999999999999, "LBR": 7.290000000000001, "LBY": 9.85, "LTU": 9.75, "LUX": 9.99, "MAC": 10.0, "MDG": 5.44, "MWI": 6.88, "MYS": 9.67, "MDV": 9.93, "MLI": 7.83, "MLT": 10.0, "MHL": 8.85, "MRT": 7.07, "MUS": 9.99, "MEX": 9.93, "FSM": 7.859999999999999, "MDA": 8.91, "MNG": 8.33, "MNE": 9.7, "MAR": 8.68, "MOZ": 5.57, "MMR": 8.18, "NAM": 8.25, "NRU": 9.95, "NPL": 8.879999999999999, "NLD": 10.0, "NCL": 9.93, "NZL": 10.0, "NIC": 8.15, "NER": 5.029999999999999, "NGA": 7.140000000000001, "MKD": 9.31, "NOR": 10.0, "OMN": 9.19, "PAK": 9.15, "PLW": 10.0, "PAN": 9.64, "PNG": 4.13, "PRY": 9.96, "PER": 9.11, "PHL": 9.36, "POL": 9.97, "PRT": 9.99, "PRI": 9.71, "QAT": 9.96, "ROU": 10.0, "RUS": 9.71, "RWA": 5.7700000000000005, "WSM": 9.74, "STP": 8.43, "SAU": 10.0, "SEN": 8.07, "SRB": 8.55, "SYC": 9.62, "SLE": 6.08, "SGP": 10.0, "SVK": 9.98, "SVN": 9.95, "SLB": 6.779999999999999, "SOM": 5.24, "ZAF": 9.27, "SSD": 4.07, "ESP": 9.99, "LKA": 8.940000000000001, "LCA": 9.82, "VCT": 9.51, "SDN": 6.029999999999999, "SUR": 9.54, "SWE": 10.0, "CHE": 10.0, "SYR": 9.72, "TJK": 8.120000000000001, "TZA": 5.67, "THA": 9.99, "TLS": 7.83, "TGO": 6.51, "TON": 9.99, "TTO": 9.82, "TUN": 9.63, "TUR": 9.89, "TKM": 9.88, "TUV": 9.93, "UGA": 4.91, "UKR": 9.38, "ARE": 9.8, "GBR": 10.0, "USA": 9.93, "URY": 9.94, "UZB": 9.78, "VUT": 9.13, "VNM": 9.47, "ZMB": 6.0, "ZWE": 6.409999999999999}, "recentYear": {"AFG": "2019", "ALB": "2019", "DZA": "2019", "ASM": "2019", "AND": "2019", "AGO": "2019", "ATG": "2019", "ARM": "2019", "AUS": "2019", "AUT": "2019", "AZE": "2019", "BHS": "2019", "BHR": "2019", "BGD": "2019", "BRB": "2019", "BLR": "2019", "BEL": "2019", "BLZ": "2019", "BEN": "2019", "BMU": "2019", "BTN": "2019", "BOL": "2019", "BIH": "2019", "BWA": "2019", "BRA": "2019", "BRN": "2019", "BGR": "2019", "BFA": "2019", "BDI": "2019", "CPV": "2019", "KHM": "2019", "CMR": "2019", "CAN": "2019", "TCD": "2019", "CHL": "2019", "CHN": "2019", "COL": "2019", "COM": "2019", "COG": "2019", "CRI": "2019", "CIV": "2019", "HRV": "2019", "CUB": "2019", "CYP": "2019", "CZE": "2019", "DNK": "2019", "DJI": "2019", "DOM": "2019", "ECU": "2019", "SLV": "2019", "GNQ": "2019", "EST": "2019", "SWZ": "2019", "ETH": "2019", "FJI": "2019", "FIN": "2019", "FRA": "2019", "PYF": "2019", "GAB": "2019", "GMB": "2019", "GEO": "2019", "DEU": "2019", "GHA": "2019", "GRC": "2019", "GRL": "2019", "GRD": "2019", "GTM": "2019", "GIN": "2019", "GNB": "2019", "GUY": "2019", "HTI": "2019", "HND": "2019", "HKG": "2019", "HUN": "2019", "ISL": "2019", "IND": "2019", "IDN": "2019", "IRQ": "2019", "IRL": "2019", "ISR": "2019", "ITA": "2019", "JAM": "2019", "JPN": "2019", "JOR": "2019", "KAZ": "2019", "KEN": "2019", "KIR": "2019", "KWT": "2019", "KGZ": "2019", "LVA": "2019", "LBN": "2019", "LSO": "2019", "LBR": "2019", "LBY": "2019", "LTU": "2019", "LUX": "2019", "MAC": "2019", "MDG": "2019", "MWI": "2019", "MYS": "2019", "MDV": "2019", "MLI": "2019", "MLT": "2019", "MHL": "2019", "MRT": "2019", "MUS": "2019", "MEX": "2019", "FSM": "2019", "MDA": "2019", "MNG": "2019", "MNE": "2019", "MAR": "2019", "MOZ": "2019", "MMR": "2019", "NAM": "2019", "NRU": "2019", "NPL": "2019", "NLD": "2019", "NCL": "2019", "NZL": "2019", "NIC": "2019", "NER": "2019", "NGA": "2019", "MKD": "2019", "NOR": "2019", "OMN": "2019", "PAK": "2019", "PLW": "2019", "PAN": "2019", "PNG": "2019", "PRY": "2019", "PER": "2019", "PHL": "2019", "POL": "2019", "PRT": "2019", "PRI": "2019", "QAT": "2019", "ROU": "2019", "RUS": "2019", "RWA": "2019", "WSM": "2019", "STP": "2019", "SAU": "2019", "SEN": "2019", "SRB": "2019", "SYC": "2019", "SLE": "2019", "SGP": "2019", "SVK": "2019", "SVN": "2019", "SLB": "2019", "SOM": "2019", "ZAF": "2019", "SSD": "2019", "ESP": "2019", "LKA": "2019", "LCA": "2019", "VCT": "2019", "SDN": "2019", "SUR": "2019", "SWE": "2019", "CHE": "2019", "SYR": "2019", "TJK": "2019", "TZA": "2019", "THA": "2019", "TLS": "2019", "TGO": "2019", "TON": "2019", "TTO": "2019", "TUN": "2019", "TUR": "2019", "TKM": "2019", "TUV": "2019", "UGA": "2019", "UKR": "2019", "ARE": "2019", "GBR": "2019", "USA": "2019", "URY": "2019", "UZB": "2019", "VUT": "2019", "VNM": "2019", "ZMB": "2019", "ZWE": "2019"}, "recentValue": {"AFG": 6.709999999999999, "ALB": 9.1, "DZA": 9.36, "ASM": 10.0, "AND": 10.0, "AGO": 5.58, "ATG": 9.67, "ARM": 9.99, "AUS": 10.0, "AUT": 10.0, "AZE": 9.14, "BHS": 9.89, "BHR": 10.0, "BGD": 9.7, "BRB": 9.85, "BLR": 9.65, "BEL": 10.0, "BLZ": 9.8, "BEN": 6.640000000000001, "BMU": 9.99, "BTN": 9.72, "BOL": 9.28, "BIH": 9.61, "BWA": 9.03, "BRA": 9.82, "BRN": 9.99, "BGR": 9.91, "BFA": 4.79, "BDI": 6.08, "CPV": 8.709999999999999, "KHM": 7.85, "CMR": 6.04, "CAN": 9.94, "TCD": 3.87, "CHL": 9.98, "CHN": 9.28, "COL": 9.73, "COM": 8.02, "COG": 7.32, "CRI": 9.97, "CIV": 7.290000000000001, "HRV": 9.96, "CUB": 9.53, "CYP": 9.96, "CZE": 9.99, "DNK": 10.0, "DJI": 7.56, "DOM": 9.67, "ECU": 9.4, "SLV": 9.74, "GNQ": 6.470000000000001, "EST": 9.97, "SWZ": 6.9, "ETH": 4.11, "FJI": 9.38, "FIN": 10.0, "FRA": 10.0, "PYF": 10.0, "GAB": 8.58, "GMB": 7.8, "GEO": 9.84, "DEU": 10.0, "GHA": 8.15, "GRC": 10.0, "GRL": 10.0, "GRD": 9.56, "GTM": 9.42, "GIN": 6.19, "GNB": 6.659999999999999, "GUY": 9.55, "HTI": 6.55, "HND": 9.48, "HKG": 10.0, "HUN": 10.0, "ISL": 10.0, "IND": 9.27, "IDN": 8.93, "IRQ": 9.65, "IRL": 9.74, "ISR": 10.0, "ITA": 9.94, "JAM": 9.06, "JPN": 9.9, "JOR": 9.89, "KAZ": 9.56, "KEN": 5.89, "KIR": 7.159999999999999, "KWT": 10.0, "KGZ": 8.75, "LVA": 9.86, "LBN": 9.26, "LSO": 6.859999999999999, "LBR": 7.290000000000001, "LBY": 9.85, "LTU": 9.75, "LUX": 9.99, "MAC": 10.0, "MDG": 5.44, "MWI": 6.88, "MYS": 9.67, "MDV": 9.93, "MLI": 7.83, "MLT": 10.0, "MHL": 8.85, "MRT": 7.07, "MUS": 9.99, "MEX": 9.93, "FSM": 7.859999999999999, "MDA": 8.91, "MNG": 8.33, "MNE": 9.7, "MAR": 8.68, "MOZ": 5.57, "MMR": 8.18, "NAM": 8.25, "NRU": 9.95, "NPL": 8.879999999999999, "NLD": 10.0, "NCL": 9.93, "NZL": 10.0, "NIC": 8.15, "NER": 5.029999999999999, "NGA": 7.140000000000001, "MKD": 9.31, "NOR": 10.0, "OMN": 9.19, "PAK": 9.15, "PLW": 10.0, "PAN": 9.64, "PNG": 4.13, "PRY": 9.96, "PER": 9.11, "PHL": 9.36, "POL": 9.97, "PRT": 9.99, "PRI": 9.71, "QAT": 9.96, "ROU": 10.0, "RUS": 9.71, "RWA": 5.7700000000000005, "WSM": 9.74, "STP": 8.43, "SAU": 10.0, "SEN": 8.07, "SRB": 8.55, "SYC": 9.62, "SLE": 6.08, "SGP": 10.0, "SVK": 9.98, "SVN": 9.95, "SLB": 6.779999999999999, "SOM": 5.24, "ZAF": 9.27, "SSD": 4.07, "ESP": 9.99, "LKA": 8.940000000000001, "LCA": 9.82, "VCT": 9.51, "SDN": 6.029999999999999, "SUR": 9.54, "SWE": 10.0, "CHE": 10.0, "SYR": 9.72, "TJK": 8.120000000000001, "TZA": 5.67, "THA": 9.99, "TLS": 7.83, "TGO": 6.51, "TON": 9.99, "TTO": 9.82, "TUN": 9.63, "TUR": 9.89, "TKM": 9.88, "TUV": 9.93, "UGA": 4.91, "UKR": 9.38,