{"ssi-pdh": {"data": {"2019": {"AFG": 7.354999999999999, "ALB": 8.440573024031032, "DZA": 7.696088941793747, "AGO": 6.562844911570997, "ATG": 9.458666666666666, "ARG": 8.82689088410797, "ARM": 7.863159776239236, "ABW": 9.335, "AUS": 9.008222937420152, "AUT": 8.831504341041168, "AZE": 7.705027363135492, "BHS": 8.143568218743756, "BHR": 8.150540300370617, "BGD": 7.52149464688616, "BRB": 8.58639912885489, "BLR": 8.736606124011297, "BEL": 9.040965516734964, "BLZ": 7.839846543203377, "BEN": 6.68897700200362, "BMU": 10.0, "BTN": 7.373409659038348, "BOL": 8.02250064921572, "BIH": 8.175558696505089, "BWA": 7.653391405122306, "BRA": 8.312314164379021, "BRN": 7.910075848908299, "BGR": 8.45911756224562, "BFA": 6.16987709055344, "BDI": 7.108743756155242, "CPV": 7.714331058519295, "KHM": 7.451997942386547, "CMR": 6.65007255599516, "CAN": 8.989149418226852, "CAF": 5.373333333333333, "TCD": 5.6839540228025545, "CHL": 8.814520409576424, "CHN": 7.936070828943734, "COL": 8.495018484796557, "COM": 7.318666666666667, "COG": 7.325666666666667, "CRI": 8.922153680602651, "CIV": 6.0375147332166215, "HRV": 8.466569989528399, "CUB": 8.421585710842047, "CYP": 8.558157983563792, "CZE": 8.592937818333757, "DNK": 9.18940178441408, "DJI": 7.648833333333334, "DOM": 8.065025681031361, "ECU": 8.263051897856304, "SLV": 7.447435201974383, "GNQ": 6.3435, "ERI": 7.589666666666666, "EST": 8.845960188904476, "SWZ": 6.386500000000001, "ETH": 7.081905581597842, "FRO": 10.0, "FJI": 7.088344423535489, "FIN": 9.371302245400626, "FRA": 8.978958628619274, "PYF": 9.541833333333331, "GAB": 7.639833333333334, "GMB": 6.695092730251514, "GEO": 8.113292419109907, "DEU": 9.080054392993134, "GHA": 7.046027845299746, "GRC": 8.845085421832664, "GRD": 9.34416038675136, "GUM": 9.9385, "GTM": 7.734260361103273, "GIN": 6.686460698057431, "GNB": 6.278833333333333, "GUY": 8.270666666666667, "HTI": 7.215, "HND": 7.226674846071967, "HKG": 9.837216577874049, "HUN": 8.215452499189928, "ISL": 9.549319747239036, "IND": 7.338176652130872, "IDN": 7.774291319972026, "IRQ": 8.382333333333333, "IRL": 9.25991146023222, "ISR": 8.800578002668336, "ITA": 8.545342305424567, "JAM": 8.0528917166444, "JPN": 8.105553651663778, "JOR": 6.954015491629942, "KAZ": 8.49074390157388, "KEN": 7.287071428221354, "KIR": 7.975166666666666, "XKX": 8.657723577235773, "KWT": 7.608691083228443, "KGZ": 7.8448319577196175, "LVA": 8.829415939994767, "LBN": 7.644656957640414, "LSO": 6.494622094824967, "LBR": 6.947943940476204, "LBY": 8.753333333333334, "LIE": 9.342268461139405, "LTU": 8.803213088502728, "LUX": 8.189176611554496, "MAC": 9.702883076694269, "MDG": 7.308352755580427, "MWI": 6.962218037378606, "MYS": 7.885718577107557, "MDV": 8.064265310615717, "MLI": 5.728001271669612, "MLT": 8.443561312931646, "MRT": 6.13899097425453, "MUS": 7.922578070531854, "MEX": 8.175178847301098, "FSM": 7.936333333333333, "MDA": 7.695405028631122, "MNG": 7.670279981852031, "MNE": 8.153487843307012, "MAR": 7.63818651923513, "MOZ": 6.746340592778084, "MMR": 7.322519830404468, "NAM": 7.464060222157911, "NPL": 7.438515130048468, "NLD": 9.032802112280814, "NCL": 9.524796747967482, "NZL": 9.248234384213015, "NIC": 8.564593004535203, "NER": 5.377457819003944, "NGA": 6.022451051413094, "MKD": 7.801334063663163, "NOR": 9.397796374952971, "OMN": 8.94009350026609, "PAK": 5.8876429235048695, "PAN": 8.36496443507084, "PNG": 7.335000000000001, "PRY": 7.810951286495135, "PER": 8.585942603963618, "PHL": 8.205526448711993, "POL": 8.762742540338373, "PRT": 8.975724934887047, "PRI": 9.939089430894311, "QAT": 7.317192973320326, "ROU": 8.057342437952299, "RUS": 8.378694839252534, "RWA": 7.807705346843129, "WSM": 8.841000000000001, "STP": 8.322166666666668, "SAU": 7.941454992142628, "SEN": 6.632144924552477, "SRB": 8.375924535222888, "SYC": 8.389327103528627, "SLE": 5.649166666666668, "SGP": 8.88748820522211, "SVK": 8.083886368094143, "SVN": 9.291738699712592, "SLB": 8.774166666666666, "SOM": 6.118166666666667, "ZAF": 7.647679326865204, "SSD": 6.2275, "ESP": 9.06942198073606, "LKA": 7.92524625310156, "LCA": 8.344132460138281, "VCT": 8.716666666666665, "SDN": 7.480166666666666, "SUR": 7.687436395400831, "SWE": 9.34465745671052, "CHE": 8.805718188680395, "SYR": 6.946132736998336, "TJK": 7.565124585887532, "TZA": 6.445532135627186, "THA": 8.097119034981928, "TLS": 7.16198250021133, "TGO": 7.156443569236514, "TON": 8.450166666666664, "TTO": 8.874166666666667, "TUN": 7.816415418847695, "TUR": 8.41284449966321, "TKM": 7.992666666666667, "UGA": 7.147731108540667, "UKR": 7.80016963542867, "ARE": 7.896507983490761, "GBR": 9.109301787667954, "USA": 8.832987473423502, "URY": 8.76292770912532, "UZB": 7.676186855985204, "VUT": 8.362, "VNM": 8.016464100004855, "VIR": 9.903252032520326, "ZMB": 7.1738333333333335, "ZWE": 6.9835764476377}, "recentYear": {"AFG": "2019", "ALB": "2019", "DZA": "2019", "AGO": "2019", "ATG": "2019", "ARG": "2019", "ARM": "2019", "ABW": "2019", "AUS": "2019", "AUT": "2019", "AZE": "2019", "BHS": "2019", "BHR": "2019", "BGD": "2019", "BRB": "2019", "BLR": "2019", "BEL": "2019", "BLZ": "2019", "BEN": "2019", "BMU": "2019", "BTN": "2019", "BOL": "2019", "BIH": "2019", "BWA": "2019", "BRA": "2019", "BRN": "2019", "BGR": "2019", "BFA": "2019", "BDI": "2019", "CPV": "2019", "KHM": "2019", "CMR": "2019", "CAN": "2019", "CAF": "2019", "TCD": "2019", "CHL": "2019", "CHN": "2019", "COL": "2019", "COM": "2019", "COG": "2019", "CRI": "2019", "CIV": "2019", "HRV": "2019", "CUB": "2019", "CYP": "2019", "CZE": "2019", "DNK": "2019", "DJI": "2019", "DOM": "2019", "ECU": "2019", "SLV": "2019", "GNQ": "2019", "ERI": "2019", "EST": "2019", "SWZ": "2019", "ETH": "2019", "FRO": "2019", "FJI": "2019", "FIN": "2019", "FRA": "2019", "PYF": "2019", "GAB": "2019", "GMB": "2019", "GEO": "2019", "DEU": "2019", "GHA": "2019", "GRC": "2019", "GRD": "2019", "GUM": "2019", "GTM": "2019", "GIN": "2019", "GNB": "2019", "GUY": "2019", "HTI": "2019", "HND": "2019", "HKG": "2019", "HUN": "2019", "ISL": "2019", "IND": "2019", "IDN": "2019", "IRQ": "2019", "IRL": "2019", "ISR": "2019", "ITA": "2019", "JAM": "2019", "JPN": "2019", "JOR": "2019", "KAZ": "2019", "KEN": "2019", "KIR": "2019", "XKX": "2019", "KWT": "2019", "KGZ": "2019", "LVA": "2019", "LBN": "2019", "LSO": "2019", "LBR": "2019", "LBY": "2019", "LIE": "2019", "LTU": "2019", "LUX": "2019", "MAC": "2019", "MDG": "2019", "MWI": "2019", "MYS": "2019", "MDV": "2019", "MLI": "2019", "MLT": "2019", "MRT": "2019", "MUS": "2019", "MEX": "2019", "FSM": "2019", "MDA": "2019", "MNG": "2019", "MNE": "2019", "MAR": "2019", "MOZ": "2019", "MMR": "2019", "NAM": "2019", "NPL": "2019", "NLD": "2019", "NCL": "2019", "NZL": "2019", "NIC": "2019", "NER": "2019", "NGA": "2019", "MKD": "2019", "NOR": "2019", "OMN": "2019", "PAK": "2019", "PAN": "2019", "PNG": "2019", "PRY": "2019", "PER": "2019", "PHL": "2019", "POL": "2019", "PRT": "2019", "PRI": "2019", "QAT": "2019", "ROU": "2019", "RUS": "2019", "RWA": "2019", "WSM": "2019", "STP": "2019", "SAU": "2019", "SEN": "2019", "SRB": "2019", "SYC": "2019", "SLE": "2019", "SGP": "2019", "SVK": "2019", "SVN": "2019", "SLB": "2019", "SOM": "2019", "ZAF": "2019", "SSD": "2019", "ESP": "2019", "LKA": "2019", "LCA": "2019", "VCT": "2019", "SDN": "2019", "SUR": "2019", "SWE": "2019", "CHE": "2019", "SYR": "2019", "TJK": "2019", "TZA": "2019", "THA": "2019", "TLS": "2019", "TGO": "2019", "TON": "2019", "TTO": "2019", "TUN": "2019", "TUR": "2019", "TKM": "2019", "UGA": "2019", "UKR": "2019", "ARE": "2019", "GBR": "2019", "USA": "2019", "URY": "2019", "UZB": "2019", "VUT": "2019", "VNM": "2019", "VIR": "2019", "ZMB": "2019", "ZWE": "2019"}, "recentValue": {"AFG": 7.354999999999999, "ALB": 8.440573024031032, "DZA": 7.696088941793747, "AGO": 6.562844911570997, "ATG": 9.458666666666666, "ARG": 8.82689088410797, "ARM": 7.863159776239236, "ABW": 9.335, "AUS": 9.008222937420152, "AUT": 8.831504341041168, "AZE": 7.705027363135492, "BHS": 8.143568218743756, "BHR": 8.150540300370617, "BGD": 7.52149464688616, "BRB": 8.58639912885489,