{"ssi-ecwi": {"data": {"2019": {"AFG": 2.515162310606601, "ALB": 3.0570943222823503, "DZA": 3.5006380026617245, "AND": 1.0224718984228591, "AGO": 2.6708146614781727, "ATG": 7.346204491512087, "ARG": 5.931198394476584, "ARM": 2.793801322965121, "ABW": 9.278128980228288, "AUS": 6.76750043471539, "AUT": 5.54687681573097, "AZE": 5.333926058473044, "BHS": 4.508353388978235, "BHR": 9.40062755299858, "BGD": 3.5341050464884525, "BRB": 4.955108337279168, "BLR": 4.399122673239223, "BEL": 5.0937419697703294, "BLZ": 3.249929656788704, "BEN": 3.6086071491952953, "BTN": 6.038589740840966, "BOL": 4.054248853855055, "BIH": 2.787304473571364, "BWA": 4.804029106061707, "BRA": 3.55460080749854, "BRN": 7.19857437160536, "BGR": 7.0992252943735705, "BFA": 2.343005981989996, "BDI": 1.7133855612164333, "CPV": 4.566558348282898, "KHM": 4.036338392014952, "CMR": 3.0993675057812005, "CAN": 4.455813437850705, "CYM": 9.990271720081225, "CAF": 2.6229313966874424, "TCD": 2.996488070608623, "CHL": 4.213102131703066, "CHN": 5.334469762308137, "COL": 4.049323308958322, "COM": 3.946606257944405, "COG": 2.8180156982380304, "COK": 4.071776573367679, "CRI": 5.266003476664615, "CIV": 3.1314232150467536, "HRV": 4.55161056471575, "CUB": 3.211131013432542, "CYP": 4.498615266312915, "CZE": 8.559562064800934, "DNK": 8.012061719790578, "DJI": 4.4943844162842925, "DMA": 3.935639676075688, "DOM": 7.616692758037421, "ECU": 5.245509751308568, "SLV": 4.460655596498205, "GNQ": 6.382976684818126, "ERI": 5.949368675772177, "EST": 8.472096140523336, "SWZ": 2.4982612207360493, "ETH": 3.573772604024932, "FRO": 8.908858302099564, "FJI": 6.3530761637960245, "FIN": 6.192986214772112, "FRA": 4.80255449765727, "PYF": 4.1019925510157975, "GAB": 2.929470452980904, "GMB": 1.7611585047675724, "GEO": 4.057261423922508, "DEU": 7.156702403335903, "GHA": 2.6176353997286386, "GRC": 2.9982312685358985, "GRD": 4.537473072738776, "GUM": 5.972616537937641, "GTM": 5.087810665754351, "GIN": 1.8833905701603768, "GNB": 2.1268155074379407, "GUY": 4.651927353536668, "HTI": 2.587549187647642, "HND": 5.207701080828291, "HKG": 8.523585060647584, "HUN": 6.02397123803154, "ISL": 6.759746874579249, "IND": 4.824646710418484, "IDN": 5.465779058128762, "IRQ": 2.75255455227874, "IRL": 5.425225622842201, "ISR": 6.560300706953786, "ITA": 4.7272509029769045, "JAM": 3.5510098313431846, "JPN": 3.859554426706469, "JOR": 3.021209781149917, "KAZ": 4.6984446489262295, "KEN": 3.2667556841442256, "KIR": 3.243158434799191, "XKX": 3.748164481569144, "KWT": 5.241847444931512, "KGZ": 3.583077102792771, "LVA": 7.1446784522424815, "LBN": 2.6783073602215257, "LSO": 1.813759123806772, "LBR": 1.97366004321444, "LBY": 3.018925872690147, "LIE": 9.999302337727556, "LTU": 7.6459527318276495, "LUX": 7.980479224864586, "MAC": 9.048374180359597, "MDG": 2.9429824274569123, "MWI": 1.855604612313108, "MYS": 4.704499974862587, "MDV": 6.201382841402568, "MLI": 2.3856727319687345, "MLT": 5.038817991918536, "MHL": 2.278908991783334, "MRT": 4.619640797950683, "MUS": 4.332142421431567, "MEX": 6.060027885325954, "FSM": 2.133697413321637, "MDA": 6.146366537132974, "MNG": 3.19508999581111, "MNE": 3.6426255115682062, "MAR": 3.517597028878693, "MOZ": 2.752828041289999, "MMR": 4.000653390489518, "NAM": 2.40058725537782, "NRU": 5.105986789755329, "NPL": 3.9378375099843552, "NLD": 6.580080494333624, "NCL": 2.658295514629222, "NZL": 6.068202230198494, "NIC": 4.754341139901802, "NER": 2.905023876107541, "NGA": 2.940058135892063, "MKD": 3.1016781709646115, "NOR": 8.027320998341798, "OMN": 2.822768378874009, "PAK": 3.645001267051502, "PLW": 6.969136985500387, "PAN": 6.041762382427493, "PNG": 4.021055349530527, "PRY": 5.288526313741546, "PER": 5.796167180491327, "PHL": 6.461040455912405, "POL": 6.208029003428796, "PRT": 4.700368745422655, "PRI": 3.153152707191414, "QAT": 9.755768279242316, "ROU": 6.570055510181902, "RUS": 4.935926924739055, "RWA": 2.551762918303399, "WSM": 5.340653293200264, "SMR": 9.882022592222638, "STP": 3.949928679717864, "SAU": 4.707567093059966, "SEN": 3.2205122498375127, "SRB": 3.4613948494355693, "SYC": 6.098079946414437, "SLE": 2.5737464859745955, "SGP": 8.565012335766399, "SVK": 6.766721145120102, "SVN": 7.830393483346806, "SLB": 4.486937991571234, "SOM": 3.1946740626865617, "ZAF": 2.411057197354776, "SSD": 2.9057312284884738, "ESP": 4.185559634989081, "LKA": 6.840117808138371, "KNA": 8.17586507627742, "LCA": 2.7712180990618864, "VCT": 2.884311080537976, "SDN": 2.664322629391682, "SUR": 3.335423239675713, "SWE": 7.475965830680532, "CHE": 8.520130337527261, "SYR": 2.3822246673465663, "TWN": 2.90262798117031, "TJK": 2.870343175400485, "TZA": 4.136164977905475, "THA": 6.208116440864486, "TLS": 3.2375579689339737, "TGO": 2.9452368206713104, "TON": 6.10215065816023, "TTO": 7.96124044315843, "TUN": 3.332561660966525, "TUR": 5.472874297941237, "TKM": 6.454517978076559, "TCA": 8.191050591546468, "TUV": 2.3410461055485445, "UGA": 3.1129832684616887, "UKR": 4.360026920763849, "ARE": 6.412564970301151, "GBR": 4.791375662920838, "USA": 4.06593159842695, "URY": 7.178724023927543, "UZB": 5.720434220160036, "VUT": 4.775199746248541, "VNM": 4.91220987774106, "VIR": 3.13042689696898, "ZMB": 2.781309653597397, "ZWE": 1.831544819975952}, "recentYear": {"AFG": "2019", "ALB": "2019", "DZA": "2019", "AND": "2019", "AGO": "2019", "ATG": "2019", "ARG": "2019", "ARM": "2019", "ABW": "2019", "AUS": "2019", "AUT": "2019", "AZE": "2019", "BHS": "2019", "BHR": "2019", "BGD": "2019", "BRB": "2019", "BLR": "2019", "BEL": "2019", "BLZ": "2019", "BEN": "2019", "BTN": "2019", "BOL": "2019", "BIH": "2019", "BWA": "2019", "BRA": "2019", "BRN": "2019", "BGR": "2019", "BFA": "2019", "BDI": "2019", "CPV": "2019", "KHM": "2019", "CMR": "2019", "CAN": "2019", "CYM": "2019", "CAF": "2019", "TCD": "2019", "CHL": "2019", "CHN": "2019", "COL": "2019", "COM": "2019", "COG": "2019", "COK": "2019", "CRI": "2019", "CIV": "2019", "HRV": "2019", "CUB": "2019", "CYP": "2019", "CZE": "2019", "DNK": "2019", "DJI": "2019", "DMA": "2019", "DOM": "2019", "ECU": "2019", "SLV": "2019", "GNQ": "2019", "ERI": "2019", "EST": "2019", "SWZ": "2019", "ETH": "2019", "FRO": "2019", "FJI": "2019", "FIN": "2019", "FRA": "2019", "PYF": "2019", "GAB": "2019", "GMB": "2019", "GEO": "2019", "DEU": "2019", "GHA": "2019", "GRC": "2019", "GRD": "2019", "GUM": "2019", "GTM": "2019", "GIN": "2019", "GNB": "2019", "GUY": "2019", "HTI": "2019", "HND": "2019", "HKG": "2019", "HUN": "2019", "ISL": "2019", "IND": "2019", "IDN": "2019", "IRQ": "2019", "IRL": "2019", "ISR": "2019", "ITA": "2019", "JAM": "2019", "JPN": "2019", "JOR": "2019", "KAZ": "2019", "KEN": "2019", "KIR": "2019", "XKX": "2019", "KWT": "2019", "KGZ": "2019", "LVA": "2019", "LBN": "2019", "LSO": "2019", "LBR": "2019", "LBY": "2019", "LIE": "2019", "LTU": "2019", "LUX": "2019", "MAC": "2019", "MDG": "2019", "MWI": "2019", "MYS": "2019", "MDV": "2019", "MLI": "2019", "MLT": "2019", "MHL": "2019", "MRT": "2019", "MUS": "2019", "MEX": "2019", "FSM": "2019", "MDA": "2019", "MNG": "2019", "MNE": "2019", "MAR": "2019", "MOZ": "2019", "MMR": "2019", "NAM": "2019", "NRU": "2019", "NPL": "2019", "NLD": "2019", "NCL": "2019", "NZL": "2019", "NIC": "2019", "NER": "2019", "NGA": "2019", "MKD": "2019", "NOR": "2019", "OMN": "2019", "PAK": "2019", "PLW": "2019", "PAN": "2019", "PNG": "2019", "PRY": "2019", "PER": "2019", "PHL": "2019", "POL": "2019", "PRT": "2019", "PRI": "2019", "QAT": "2019", "ROU": "2019", "RUS": "2019", "RWA": "2019", "WSM": "2019", "SMR": "2019", "STP": "2019", "SAU": "2019", "SEN": "2019", "SRB": "2019", "SYC": "2019", "SLE": "2019", "SGP": "2019", "SVK": "2019", "SVN": "2019", "SLB": "2019", "SOM": "2019", "ZAF": "2019", "SSD": "2019", "ESP": "2019", "LKA": "2019", "KNA": "2019", "LCA": "2019", "VCT": "2019", "SDN": "2019", "SUR": "2019", "SWE": "2019", "CHE": "2019", "SYR": "2019", "TWN": "2019", "TJK": "2019", "TZA": "2019", "THA": "2019", "TLS": "2019", "TGO": "2019", "TON": "2019", "TTO": "2019", "TUN": "2019", "TUR": "2019", "TKM": "2019", "TCA": "2019",