{"ssi-19": {"data": {"2019": {"AFG": 1.4339075823020608, "ALB": 5.814747649190464, "DZA": 5.380046309092447, "AGO": 3.882446632939546, "ATG": 7.346204491512087, "ARG": 7.938082912082866, "ARM": 5.550094846263221, "ABW": 9.278128980228288, "AUS": 9.683665820336442, "AUT": 9.813156925211228, "AZE": 6.106397753879761, "BHS": 9.092433294035567, "BHR": 9.648045625504231, "BGD": 2.4697986496613176, "BRB": 6.516601114236593, "BLR": 7.052345850864899, "BEL": 9.73011088859774, "BLZ": 3.80025751302575, "BEN": 1.8954269295202053, "BTN": 5.253149578397229, "BOL": 4.316293145798101, "BIH": 6.019033862370432, "BWA": 6.841962440980923, "BRA": 6.208499174572393, "BRN": 9.910266377890483, "BGR": 7.605749701886641, "BFA": 1.3495309394946542, "BDI": 1.0, "CPV": 3.606661577532032, "KHM": 2.3535025191344583, "CMR": 2.162955649887256, "CAN": 9.67625094162302, "CYM": 9.990271720081225, "CAF": 1.0, "TCD": 1.0801466636202597, "CHL": 7.952224728413864, "CHN": 6.163870945666043, "COL": 6.156717432704248, "COM": 1.888886523612268, "COG": 2.1080868474118617, "CRI": 7.212825000263503, "CIV": 2.794801394751553, "HRV": 8.324890575961685, "CYP": 9.241238045480577, "CZE": 9.280640357149824, "DNK": 9.821025244447956, "DJI": 2.820619543712489, "DMA": 5.303906598765261, "DOM": 6.7304187620080285, "ECU": 5.400664932522899, "SLV": 4.327695985355579, "GNQ": 7.791115096950378, "EST": 8.990149440225586, "SWZ": 4.342625905888646, "ETH": 1.3313432978132334, "FJI": 5.922639625375323, "FIN": 9.64328412768905, "FRA": 9.557267054340578, "GAB": 6.329734486076578, "GMB": 1.3604151919311636, "GEO": 5.965964235429244, "DEU": 9.781196335487753, "GHA": 2.873147683692596, "GRC": 8.590468734317652, "GRD": 6.615071237753423, "GTM": 4.276179874392022, "GIN": 1.55585691908954, "GNB": 1.2762703794194752, "GUY": 4.524970520200247, "HTI": 1.1831122295750365, "HND": 3.133901355300883, "HKG": 9.895587657508775, "HUN": 8.633057954180885, "ISL": 9.829902598139345, "IND": 3.410791943180433, "IDN": 5.187635574435564, "IRQ": 5.199157926063992, "IRL": 10.0, "ISR": 9.30566340316451, "ITA": 9.43861258960249, "JAM": 4.741463049859433, "JPN": 9.397593085028658, "JOR": 4.825367167237732, "KAZ": 8.113265581904678, "KEN": 2.412608299139252, "KIR": 1.4552717148493322, "XKX": 5.056482351395022, "KWT": 9.733230760678346, "KGZ": 2.8966215640319004, "LVA": 8.53042472305137, "LBN": 6.566660756190981, "LSO": 1.754832949249241, "LBR": 1.0381954156676954, "LBY": 5.870367166421159, "LTU": 8.990169402469059, "LUX": 10.0, "MAC": 10.0, "MDG": 1.0786172648813797, "MWI": 1.0, "MYS": 8.330948255221896, "MDV": 6.994048085727522, "MLI": 1.459606377378495, "MLT": 9.428664234178154, "MHL": 2.278908991783334, "MRT": 2.9108899547583835, "MUS": 7.614180097264686, "MEX": 7.338280091732092, "FSM": 2.133697413321637, "MDA": 5.410858773014544, "MNG": 5.306223593634638, "MNE": 7.307814040687639, "MAR": 3.883761063146373, "MOZ": 1.0, "MMR": 2.7515387662412194, "NAM": 4.896650699383791, "NRU": 5.105986789755329, "NPL": 1.924595483759344, "NLD": 9.826110136807474, "NZL": 9.425957507783572, "NIC": 3.3312053602188465, "NER": 1.0, "NGA": 2.963574234963089, "MKD": 6.455548255772927, "NOR": 9.93279807987872, "OMN": 8.589901759799318, "PAK": 2.670614492370118, "PLW": 6.969136985500387, "PAN": 8.718699501543284, "PNG": 2.564520054384276, "PRY": 5.689655077046066, "PER": 5.664410034146945, "PHL": 4.201309701767116, "POL": 8.691314653668021, "PRT": 8.93585279895743, "PRI": 9.028626357144454, "QAT": 10.0, "ROU": 8.392335530177734, "RUS": 8.255521840947548, "RWA": 1.3049093639244358, "WSM": 3.543972267590969, "SMR": 9.882022592222638, "STP": 2.3471347195947168, "SAU": 9.638146716380868, "SEN": 1.9799887168106045, "SRB": 6.686107784355735, "SYC": 8.397985669746372, "SLE": 1.112671287568312, "SGP": 10.0, "SVK": 8.758749199810783, "SVN": 9.176622420313072, "SLB": 1.5096599792884258, "ZAF": 5.720814657356476, "ESP": 9.3364866671395, "LKA": 5.68671943370564, "KNA": 8.17586507627742, "LCA": 6.314754456120775, "VCT": 5.588367198718121, "SDN": 2.569077860557396, "SUR": 6.643035425793052, "SWE": 9.775493803407809, "CHE": 9.972731105581984, "TJK": 1.9193989210367608, "TZA": 1.6166400358260702, "THA": 6.87720705388359, "TLS": 1.959853882128565, "TGO": 1.0387153826581883, "TON": 3.4694971740109235, "TTO": 8.307714662673853, "TUN": 5.08093643974115, "TUR": 8.472794353145973, "TKM": 6.128043913144943, "TCA": 8.191050591546468, "TUV": 2.3410461055485445, "UGA": 1.3616692886300683, "UKR": 5.477378088511457, "ARE": 9.973099331100444, "GBR": 9.596303356483745, "USA": 9.897023909434123, "URY": 7.599551532424384, "UZB": 3.5539436237355138, "VUT": 1.9361762292836928, "VNM": 3.819424514533064, "ZMB": 2.1270069941128966, "ZWE": 1.8867467087994505}, "recentYear": {"AFG": "2019", "ALB": "2019", "DZA": "2019", "AGO": "2019", "ATG": "2019", "ARG": "2019", "ARM": "2019", "ABW": "2019", "AUS": "2019", "AUT": "2019", "AZE": "2019", "BHS": "2019", "BHR": "2019", "BGD": "2019", "BRB": "2019", "BLR": "2019", "BEL": "2019", "BLZ": "2019", "BEN": "2019", "BTN": "2019", "BOL": "2019", "BIH": "2019", "BWA": "2019", "BRA": "2019", "BRN": "2019", "BGR": "2019", "BFA": "2019", "BDI": "2019", "CPV": "2019", "KHM": "2019", "CMR": "2019", "CAN": "2019", "CYM": "2019", "CAF": "2019", "TCD": "2019", "CHL": "2019", "CHN": "2019", "COL": "2019", "COM": "2019", "COG": "2019", "CRI": "2019", "CIV": "2019", "HRV": "2019", "CYP": "2019", "CZE": "2019", "DNK": "2019", "DJI": "2019", "DMA": "2019", "DOM": "2019", "ECU": "2019", "SLV": "2019", "GNQ": "2019", "EST": "2019", "SWZ": "2019", "ETH": "2019", "FJI": "2019", "FIN": "2019", "FRA": "2019", "GAB": "2019", "GMB": "2019", "GEO": "2019", "DEU": "2019", "GHA": "2019", "GRC": "2019", "GRD": "2019", "GTM": "2019", "GIN": "2019", "GNB": "2019", "GUY": "2019", "HTI": "2019", "HND": "2019", "HKG": "2019", "HUN": "2019", "ISL": "2019", "IND": "2019", "IDN": "2019", "IRQ": "2019", "IRL": "2019", "ISR": "2019", "ITA": "2019", "JAM": "2019", "JPN": "2019", "JOR": "2019", "KAZ": "2019", "KEN": "2019", "KIR": "2019", "XKX": "2019", "KWT": "2019", "KGZ": "2019", "LVA": "2019", "LBN": "2019", "LSO": "2019", "LBR": "2019", "LBY": "2019", "LTU": "2019", "LUX": "2019", "MAC": "2019", "MDG": "2019", "MWI": "2019", "MYS": "2019", "MDV": "2019", "MLI": "2019", "MLT": "2019", "MHL": "2019", "MRT": "2019", "MUS": "2019", "MEX": "2019", "FSM": "2019", "MDA": "2019", "MNG": "2019", "MNE": "2019", "MAR": "2019", "MOZ": "2019", "MMR": "2019", "NAM": "2019", "NRU": "2019", "NPL": "2019", "NLD": "2019", "NZL": "2019", "NIC": "2019", "NER": "2019", "NGA": "2019", "MKD": "2019", "NOR": "2019", "OMN": "2019", "PAK": "2019", "PLW": "2019", "PAN": "2019", "PNG": "2019", "PRY": "2019", "PER": "2019", "PHL": "2019", "POL": "2019", "PRT": "2019", "PRI": "2019", "QAT": "2019", "ROU": "2019", "RUS": "2019", "RWA": "2019", "WSM": "2019", "SMR": "2019", "STP": "2019", "SAU": "2019", "SEN": "2019", "SRB": "2019", "SYC": "2019", "SLE": "2019", "SGP": "2019", "SVK": "2019", "SVN": "2019", "SLB": "2019", "ZAF": "2019", "ESP": "2019", "LKA": "2019", "KNA": "2019", "LCA": "2019", "VCT": "2019", "SDN": "2019", "SUR": "2019", "SWE": "2019", "CHE": "2019", "TJK": "2019", "TZA": "2019", "THA": "2019", "TLS": "2019", "TGO": "2019", "TON": "2019", "TTO": "2019", "TUN": "2019", "TUR": "2019", "TKM": "2019", "TCA": "2019", "TUV": "2019", "UGA": "2019", "UKR": "2019", "ARE": "2019", "GBR": "2019", "USA": "2019", "URY": "2019", "UZB": "2019", "VUT": "2019", "VNM": "2019", "ZMB": "2019", "ZWE": "2019"}, "recentValue": {"AFG": 1.4339075823020608, "ALB": 5.814747649190464, "DZA": 5.380046309092447, "AGO": 3.882446632939546, "ATG": 7.346204491512087, "ARG": 7.938082912082866, "ARM": 5.550094846263221, "ABW": 9.278128980228288, "AUS": 9.683665820336442, "AUT": 9.813156925211228, "AZE": 6.106397753879761, "BHS": 9.092433294035567, "BHR": 9.648045625504231, "BGD": 2.4697986496613176, "BRB": 6.516601114236593, "BLR": 7.052345850864899, "BEL": 9.73011088859774, "BLZ": 3.80025751302575, "BEN": 1.8954269295202053,