{"ssi-e": {"data": {"2019": {"AFG": 2.1647268604497176, "ALB": 3.7484278616200393, "DZA": 4.026272551996224, "AGO": 4.364812852482823, "ATG": 7.346204491512087, "ARG": 5.86955275935087, "ARM": 3.0739090530895448, "ABW": 9.278128980228288, "AUS": 5.86952715783106, "AUT": 3.901172027490648, "AZE": 6.08581749490439, "BHS": 5.841653075739296, "BHR": 9.484133384163204, "BGD": 3.993870656852454, "BRB": 4.955108337279168, "BLR": 6.331091757790786, "BEL": 3.631830518986998, "BLZ": 4.433001847388989, "BEN": 3.84996706553658, "BTN": 6.44179000578278, "BOL": 5.468427104235013, "BIH": 3.761627754316965, "BWA": 3.4472606011697167, "BRA": 3.4211262929665063, "BRN": 6.248104645917341, "BGR": 7.12652645813681, "BFA": 2.692233327456373, "BDI": 2.935690081384952, "CPV": 3.2566004508763164, "KHM": 4.688416401653792, "CMR": 3.920935864177208, "CAN": 3.716391614856912, "CYM": 9.990271720081225, "CAF": 2.6229313966874424, "TCD": 2.996488070608623, "CHL": 6.297283828686628, "CHN": 6.287698072332534, "COL": 5.737127689789786, "COM": 3.4922153435316163, "COG": 2.8180156982380304, "CRI": 6.04847497847859, "CIV": 4.488520196326105, "HRV": 3.0052026064074715, "CUB": 8.43664812573476, "CYP": 3.127874345187088, "CZE": 8.245494437888865, "DNK": 7.375186544317075, "DJI": 3.160312220295543, "DMA": 5.303906598765261, "DOM": 6.782413568273775, "ECU": 6.066328663377699, "SLV": 5.791206327260761, "GNQ": 6.382976684818126, "ERI": 5.949368675772177, "EST": 7.86617289508919, "SWZ": 2.1353533733810948, "ETH": 3.2817826567249506, "FJI": 6.22662008532755, "FIN": 4.826681702568236, "FRA": 3.34253318556159, "PYF": 2.787611333365279, "GAB": 2.929470452980904, "GMB": 2.335877288993501, "GEO": 4.914612758496819, "DEU": 6.194270028133479, "GHA": 4.339879728302313, "GRC": 2.1557659780588536, "GRD": 6.615071237753423, "GUM": 5.972616537937641, "GTM": 6.765181510231812, "GIN": 3.1784885597132875, "GNB": 3.1527137055285026, "GUY": 3.683627845041918, "HTI": 1.7308572192064895, "HND": 5.270431823969396, "HKG": 8.523585060647584, "HUN": 5.075050686237963, "ISL": 8.644359731358197, "IND": 4.454054441975199, "IDN": 6.761677828651101, "IRQ": 3.760458386213416, "IRL": 5.145489360473087, "ISR": 7.813508778036245, "ITA": 3.133335260162266, "JAM": 3.848815464749117, "JPN": 4.141313051798988, "JOR": 3.2624745514853863, "KAZ": 7.0501068013905694, "KEN": 4.292617865403267, "KIR": 1.4552717148493322, "XKX": 6.951909032093743, "KWT": 9.017485165595774, "KGZ": 3.8135674634315566, "LVA": 6.43360813563, "LBN": 5.936057988484381, "LSO": 1.3247010792058866, "LBR": 2.7727360141253823, "LBY": 3.018925872690147, "LTU": 7.02382242024306, "LUX": 8.126104463550133, "MAC": 9.048374180359597, "MDG": 3.012838026765192, "MWI": 2.377245721244418, "MYS": 7.696619335680982, "MDV": 6.201382841402568, "MLI": 2.6481888346979687, "MLT": 6.978194449720074, "MHL": 2.278908991783334, "MRT": 3.342342784832865, "MUS": 5.905190246199699, "MEX": 7.593707330249384, "FSM": 2.133697413321637, "MDA": 6.8630052615017405, "MNG": 5.300402353851224, "MNE": 3.8275108577592376, "MAR": 3.936706845948707, "MOZ": 2.680203011222821, "MMR": 4.854095102997101, "NAM": 2.3794474493349367, "NRU": 5.105986789755329, "NPL": 4.091249598878832, "NLD": 6.146720982638491, "NCL": 2.658295514629222, "NZL": 7.674676937056613, "NIC": 4.893753779887857, "NER": 3.086206130477778, "NGA": 3.57884662026968, "MKD": 2.6240331343706256, "NOR": 7.966685034644368, "OMN": 7.968021320771003, "PAK": 4.242687217817289, "PLW": 6.969136985500387, "PAN": 7.683134372056551, "PNG": 4.473531848950687, "PRY": 6.995622978252832, "PER": 6.330593033802121, "PHL": 6.814662922683942, "POL": 5.573018200972336, "PRT": 3.3267158065892186, "PRI": 5.537220471613312, "QAT": 9.930244429036406, "ROU": 7.418644985508765, "RUS": 7.001565011182359, "RWA": 3.425369472315216, "WSM": 3.90308262769527, "SMR": 9.882022592222638, "STP": 2.494878963280899, "SAU": 7.313024771256992, "SEN": 3.196601234027053, "SRB": 4.168092466462435, "SYC": 6.098079946414437, "SLE": 2.663588812964196, "SGP": 8.105842537005207, "SVK": 5.935102405525251, "SVN": 6.899315090582223, "SLB": 3.76363320347664, "SOM": 3.1946740626865617, "ZAF": 2.3918224552329286, "SSD": 2.9057312284884738, "ESP": 2.554964528830471, "LKA": 6.118759141419023, "KNA": 8.17586507627742, "LCA": 2.7712180990618864, "VCT": 2.884311080537976, "SDN": 2.1599089885956486, "SUR": 5.720333195577801, "SWE": 6.36244320210263, "CHE": 7.972452238146457, "SYR": 4.333541241519785, "TJK": 2.493278660915254, "TZA": 3.6321237002895694, "THA": 8.162678658016894, "TLS": 3.5234037877048743, "TGO": 2.8978958957355068, "TON": 5.580606056482052, "TTO": 7.96124044315843, "TUN": 3.3038562688875257, "TUR": 5.358974956468656, "TKM": 6.454517978076559, "TCA": 8.191050591546468, "TUV": 2.3410461055485445, "UGA": 3.374166163060729, "UKR": 4.600227702369337, "ARE": 8.829410437146729, "GBR": 3.962285540579933, "USA": 4.000581514885963, "URY": 5.875770330398542, "UZB": 4.454084247751093, "VUT": 3.5236594308477502, "VNM": 5.577231064004675, "VIR": 4.170287857494151, "ZMB": 2.5788677306405483, "ZWE": 3.3545564275807407}, "recentYear": {"AFG": "2019", "ALB": "2019", "DZA": "2019", "AGO": "2019", "ATG": "2019", "ARG": "2019", "ARM": "2019", "ABW": "2019", "AUS": "2019", "AUT": "2019", "AZE": "2019", "BHS": "2019", "BHR": "2019", "BGD": "2019", "BRB": "2019", "BLR": "2019", "BEL": "2019", "BLZ": "2019", "BEN": "2019", "BTN": "2019", "BOL": "2019", "BIH": "2019", "BWA": "2019", "BRA": "2019", "BRN": "2019", "BGR": "2019", "BFA": "2019", "BDI": "2019", "CPV": "2019", "KHM": "2019", "CMR": "2019", "CAN": "2019", "CYM": "2019", "CAF": "2019", "TCD": "2019", "CHL": "2019", "CHN": "2019", "COL": "2019", "COM": "2019", "COG": "2019", "CRI": "2019", "CIV": "2019", "HRV": "2019", "CUB": "2019", "CYP": "2019", "CZE": "2019", "DNK": "2019", "DJI": "2019", "DMA": "2019", "DOM": "2019", "ECU": "2019", "SLV": "2019", "GNQ": "2019", "ERI": "2019", "EST": "2019", "SWZ": "2019", "ETH": "2019", "FJI": "2019", "FIN": "2019", "FRA": "2019", "PYF": "2019", "GAB": "2019", "GMB": "2019", "GEO": "2019", "DEU": "2019", "GHA": "2019", "GRC": "2019", "GRD": "2019", "GUM": "2019", "GTM": "2019", "GIN": "2019", "GNB": "2019", "GUY": "2019", "HTI": "2019", "HND": "2019", "HKG": "2019", "HUN": "2019", "ISL": "2019", "IND": "2019", "IDN": "2019", "IRQ": "2019", "IRL": "2019", "ISR": "2019", "ITA": "2019", "JAM": "2019", "JPN": "2019", "JOR": "2019", "KAZ": "2019", "KEN": "2019", "KIR": "2019", "XKX": "2019", "KWT": "2019", "KGZ": "2019", "LVA": "2019", "LBN": "2019", "LSO": "2019", "LBR": "2019", "LBY": "2019", "LTU": "2019", "LUX": "2019", "MAC": "2019", "MDG": "2019", "MWI": "2019", "MYS": "2019", "MDV": "2019", "MLI": "2019", "MLT": "2019", "MHL": "2019", "MRT": "2019", "MUS": "2019", "MEX": "2019", "FSM": "2019", "MDA": "2019", "MNG": "2019", "MNE": "2019", "MAR": "2019", "MOZ": "2019", "MMR": "2019", "NAM": "2019", "NRU": "2019", "NPL": "2019", "NLD": "2019", "NCL": "2019", "NZL": "2019", "NIC": "2019", "NER": "2019", "NGA": "2019", "MKD": "2019", "NOR": "2019", "OMN": "2019", "PAK": "2019", "PLW": "2019", "PAN": "2019", "PNG": "2019", "PRY": "2019", "PER": "2019", "PHL": "2019", "POL": "2019", "PRT": "2019", "PRI": "2019", "QAT": "2019", "ROU": "2019", "RUS": "2019", "RWA": "2019", "WSM": "2019", "SMR": "2019", "STP": "2019", "SAU": "2019", "SEN": "2019", "SRB": "2019", "SYC": "2019", "SLE": "2019", "SGP": "2019", "SVK": "2019", "SVN": "2019", "SLB": "2019", "SOM": "2019", "ZAF": "2019", "SSD": "2019", "ESP": "2019", "LKA": "2019", "KNA": "2019", "LCA": "2019", "VCT": "2019", "SDN": "2019", "SUR": "2019", "SWE": "2019", "CHE": "2019", "SYR": "2019", "TJK": "2019", "TZA": "2019", "THA": "2019", "TLS": "2019", "TGO": "2019", "TON": "2019", "TTO": "2019", "TUN": "2019", "TUR": "2019", "TKM": "2019", "TCA": "2019", "TUV": "2019", "UGA": "2019", "UKR": "2019", "ARE": "2019", "GBR": "2019", "USA": "2019", "URY": "2019", "UZB": "2019", "VUT": "2019", "VNM": "2019", "VIR": "2019", "ZMB": "2019", "ZWE": "2019"},