{"ssi-4": {"data": {"2019": {"ALB": 8.496134000000001, "ARG": 10.0, "AUS": 10.0, "AUT": 9.715336, "BHR": 9.013112, "BGD": 6.821775, "BLR": 9.93515, "BEL": 10.0, "BLZ": 7.685080999999999, "BRA": 9.084739, "BRN": 7.961833, "BGR": 8.764116, "BFA": 5.350925, "BDI": 6.980408, "CPV": 7.638076, "CAN": 9.445598, "CHL": 9.742773, "CHN": 7.879346, "COL": 8.839421, "CRI": 9.783576, "CIV": 5.83826, "HRV": 8.856758000000001, "CUB": 8.200111, "CYP": 9.163994, "CZE": 9.382043, "DNK": 10.0, "DOM": 8.411054, "SLV": 6.649004, "EST": 9.780192, "FIN": 10.0, "FRA": 9.304613, "GEO": 8.835227999999999, "DEU": 9.622452, "GHA": 6.94832, "GRC": 10.0, "GRD": 10.0, "HND": 5.801505000000001, "HKG": 9.677083, "HUN": 8.896186, "ISL": 9.91797, "IND": 7.208311999999999, "IDN": 7.955925000000001, "IRL": 10.0, "ISR": 9.453624, "ITA": 9.01742, "JOR": 6.152979, "KAZ": 9.728211, "KGZ": 8.187554, "LVA": 10.0, "LSO": 7.178145000000001, "LIE": 8.727798, "LTU": 9.943304, "LUX": 7.778861000000001, "MAC": 9.414594, "MYS": 7.865895999999999, "MLI": 5.030059, "MLT": 8.826583, "MRT": 5.0847, "MUS": 8.242703, "MEX": 8.621701, "MDA": 7.144645, "MNE": 8.281673000000001, "MAR": 7.953265, "MOZ": 6.3247860000000005, "NPL": 7.413213000000001, "NLD": 10.0, "NZL": 10.0, "NER": 4.170829, "MKD": 7.300152, "NOR": 10.0, "OMN": 8.355577, "PAK": 4.7772190000000005, "PER": 9.383955, "PHL": 8.235354, "POL": 9.601974, "PRT": 9.851731, "QAT": 6.2603230000000005, "ROU": 8.014782, "RUS": 9.671083, "RWA": 7.186775, "SAU": 9.377175, "SEN": 5.40085, "SRB": 8.732063, "SYC": 7.776885, "SGP": 10.0, "SVK": 7.989427999999999, "SVN": 9.965408, "ZAF": 8.153611, "ESP": 10.0, "LKA": 7.880955, "LCA": 7.472181999999999, "SWE": 10.0, "CHE": 9.043726, "TZA": 5.160295, "TGO": 7.589422000000001, "TUR": 10.0, "GBR": 9.816678, "USA": 9.83794, "URY": 9.866813, "UZB": 6.879876}, "recentYear": {"ALB": "2019", "ARG": "2019", "AUS": "2019", "AUT": "2019", "BHR": "2019", "BGD": "2019", "BLR": "2019", "BEL": "2019", "BLZ": "2019", "BRA": "2019", "BRN": "2019", "BGR": "2019", "BFA": "2019", "BDI": "2019", "CPV": "2019", "CAN": "2019", "CHL": "2019", "CHN": "2019", "COL": "2019", "CRI": "2019", "CIV": "2019", "HRV": "2019", "CUB": "2019", "CYP": "2019", "CZE": "2019", "DNK": "2019", "DOM": "2019", "SLV": "2019", "EST": "2019", "FIN": "2019", "FRA": "2019", "GEO": "2019", "DEU": "2019", "GHA": "2019", "GRC": "2019", "GRD": "2019", "HND": "2019", "HKG": "2019", "HUN": "2019", "ISL": "2019", "IND": "2019", "IDN": "2019", "IRL": "2019", "ISR": "2019", "ITA": "2019", "JOR": "2019", "KAZ": "2019", "KGZ": "2019", "LVA": "2019", "LSO": "2019", "LIE": "2019", "LTU": "2019", "LUX": "2019", "MAC": "2019", "MYS": "2019", "MLI": "2019", "MLT": "2019", "MRT": "2019", "MUS": "2019", "MEX": "2019", "MDA": "2019", "MNE": "2019", "MAR": "2019", "MOZ": "2019", "NPL": "2019", "NLD": "2019", "NZL": "2019", "NER": "2019", "MKD": "2019", "NOR": "2019", "OMN": "2019", "PAK": "2019", "PER": "2019", "PHL": "2019", "POL": "2019", "PRT": "2019", "QAT": "2019", "ROU": "2019", "RUS": "2019", "RWA": "2019", "SAU": "2019", "SEN": "2019", "SRB": "2019", "SYC": "2019", "SGP": "2019", "SVK": "2019", "SVN": "2019", "ZAF": "2019", "ESP": "2019", "LKA": "2019", "LCA": "2019", "SWE": "2019", "CHE": "2019", "TZA": "2019", "TGO": "2019", "TUR": "2019", "GBR": "2019", "USA": "2019", "URY": "2019", "UZB": "2019"}, "recentValue": {"ALB": 8.496134000000001, "ARG": 10.0, "AUS": 10.0, "AUT": 9.715336, "BHR": 9.013112, "BGD": 6.821775, "BLR": 9.93515, "BEL": 10.0, "BLZ": 7.685080999999999, "BRA": 9.084739, "BRN": 7.961833, "BGR": 8.764116, "BFA": 5.350925, "BDI": 6.980408, "CPV": 7.638076, "CAN": 9.445598, "CHL": 9.742773, "CHN": 7.879346, "COL": 8.839421, "CRI": 9.783576, "CIV": 5.83826, "HRV": 8.856758000000001, "CUB": 8.200111, "CYP": 9.163994, "CZE": 9.382043, "DNK": 10.0, "DOM": 8.411054, "SLV": 6.649004, "EST": 9.780192, "FIN": 10.0, "FRA": 9.304613, "GEO": 8.835227999999999, "DEU": 9.622452, "GHA": 6.94832, "GRC": 10.0, "GRD": 10.0, "HND": 5.801505000000001, "HKG": 9.677083, "HUN": 8.896186, "ISL": 9.91797, "IND": 7.208311999999999, "IDN": 7.955925000000001, "IRL": 10.0, "ISR": 9.453624, "ITA": 9.01742, "JOR": 6.152979, "KAZ": 9.728211, "KGZ": 8.187554, "LVA": 10.0, "LSO": 7.178145000000001, "LIE": 8.727798, "LTU": 9.943304, "LUX": 7.778861000000001, "MAC": 9.414594, "MYS": 7.865895999999999, "MLI": 5.030059, "MLT": 8.826583, "MRT": 5.0847, "MUS": 8.242703, "MEX": 8.621701, "MDA": 7.144645, "MNE": 8.281673000000001, "MAR": 7.953265, "MOZ": 6.3247860000000005, "NPL": 7.413213000000001, "NLD": 10.0, "NZL": 10.0, "NER": 4.170829, "MKD": 7.300152, "NOR": 10.0, "OMN": 8.355577, "PAK": 4.7772190000000005, "PER": 9.383955, "PHL": 8.235354, "POL": 9.601974, "PRT": 9.851731, "QAT": 6.2603230000000005, "ROU": 8.014782, "RUS": 9.671083, "RWA": 7.186775, "SAU": 9.377175, "SEN": 5.40085, "SRB": 8.732063, "SYC": 7.776885, "SGP": 10.0, "SVK": 7.989427999999999, "SVN": 9.965408, "ZAF": 8.153611, "ESP": 10.0, "LKA": 7.880955, "LCA": 7.472181999999999, "SWE": 10.0, "CHE": 9.043726, "TZA": 5.160295, "TGO": 7.589422000000001, "TUR": 10.0, "GBR": 9.816678, "USA": 9.83794, "URY": 9.866813, "UZB": 6.879876}}, "def": "Indicator: Gross enrolment ratio, primary to tertiary, both sexes (%). The combined Gross enrolment ratio expresses the number of students enrolled in primary, secondary and tertiary levels of education, regardless of age, as a percentage of the population of official school age for the three levels. Since all students are included, regardless of age, the ratio can be more than 100%. This happens when students younger or older than the official school age are enrolled. ", "name": "Education", "source": "World Bank", "dataset": "ssi", "category": "Human Wellbeing", "subcategory": "Personal Development and Health", "link": "https://ssi.wi.th-koeln.de/ssi-final.html", "dim": "none", "priority": "3.0", "units": "Score"}}