{"ssi-1": {"data": {"2019": {"AFG": 7.109999999999999, "ALB": 9.61, "DZA": 9.69, "AGO": 8.059999999999999, "ATG": 10.0, "ARG": 9.66, "ARM": 9.73, "AUS": 10.0, "AUT": 10.0, "AZE": 10.0, "BGD": 8.65, "BRB": 9.55, "BLR": 10.0, "BEL": 10.0, "BLZ": 10.0, "BEN": 9.26, "BMU": 10.0, "BTN": 10.0, "BOL": 8.440000000000001, "BIH": 10.0, "BWA": 7.76, "BRA": 10.0, "BRN": 10.0, "BGR": 9.69, "BFA": 8.129999999999999, "CPV": 8.209999999999999, "KHM": 8.5, "CMR": 9.36, "CAN": 10.0, "TCD": 6.21, "CHL": 9.67, "CHN": 10.0, "COL": 9.45, "COG": 7.26, "CRI": 9.68, "CIV": 8.01, "HRV": 10.0, "CUB": 10.0, "CYP": 9.29, "CZE": 10.0, "DNK": 10.0, "DMA": 9.43, "DOM": 9.4, "ECU": 9.09, "SLV": 9.05, "EST": 10.0, "SWZ": 8.35, "ETH": 8.01, "FJI": 9.61, "FIN": 10.0, "FRA": 10.0, "PYF": 9.62, "GAB": 8.41, "GMB": 8.8, "GEO": 9.29, "DEU": 10.0, "GHA": 9.3, "GRC": 10.0, "GRL": 10.0, "GRD": 10.0, "GTM": 8.39, "GUY": 9.4, "HTI": 5.17, "HND": 8.620000000000001, "HKG": 10.0, "HUN": 10.0, "ISL": 10.0, "IND": 8.58, "IDN": 9.11, "IRQ": 7.6, "IRL": 10.0, "ISR": 10.0, "ITA": 10.0, "JAM": 9.07, "JPN": 10.0, "JOR": 9.13, "KAZ": 10.0, "KEN": 7.63, "KIR": 9.72, "KWT": 10.0, "KGZ": 9.36, "LVA": 10.0, "LBN": 9.38, "LSO": 6.21, "LBR": 6.16, "LTU": 10.0, "LUX": 10.0, "MAC": 9.08, "MDG": 5.88, "MWI": 8.14, "MYS": 9.68, "MLI": 9.48, "MLT": 10.0, "MRT": 8.83, "MUS": 9.45, "MEX": 9.33, "MNG": 8.120000000000001, "MNE": 10.0, "MAR": 9.6, "MOZ": 6.709999999999999, "MMR": 8.629999999999999, "NAM": 8.67, "NRU": 10.0, "NPL": 9.4, "NLD": 10.0, "NCL": 9.14, "NZL": 10.0, "NIC": 8.290000000000001, "NGA": 8.809999999999999, "MKD": 9.69, "NOR": 10.0, "OMN": 9.18, "PAK": 8.8, "PAN": 9.27, "PRY": 9.13, "PER": 9.3, "PHL": 8.51, "POL": 10.0, "PRT": 10.0, "ROU": 10.0, "RUS": 10.0, "RWA": 6.51, "WSM": 10.0, "STP": 8.790000000000001, "SAU": 9.52, "SEN": 9.04, "SRB": 9.57, "SLE": 7.32, "SVK": 9.42, "SVN": 10.0, "SLB": 8.77, "ZAF": 9.45, "ESP": 10.0, "LKA": 9.22, "VCT": 9.4, "SDN": 8.78, "SUR": 9.16, "SWE": 10.0, "CHE": 10.0, "TWN": 9.63, "TZA": 7.55, "THA": 9.11, "TLS": 6.93, "TGO": 7.890000000000001, "TTO": 9.43, "TUN": 10.0, "TUR": 10.0, "TKM": 9.62, "UKR": 9.67, "ARE": 9.7, "GBR": 10.0, "USA": 10.0, "URY": 10.0, "UZB": 9.72, "VUT": 9.03, "VNM": 9.31}, "recentYear": {"AFG": "2019", "ALB": "2019", "DZA": "2019", "AGO": "2019", "ATG": "2019", "ARG": "2019", "ARM": "2019", "AUS": "2019", "AUT": "2019", "AZE": "2019", "BGD": "2019", "BRB": "2019", "BLR": "2019", "BEL": "2019", "BLZ": "2019", "BEN": "2019", "BMU": "2019", "BTN": "2019", "BOL": "2019", "BIH": "2019", "BWA": "2019", "BRA": "2019", "BRN": "2019", "BGR": "2019", "BFA": "2019", "CPV": "2019", "KHM": "2019", "CMR": "2019", "CAN": "2019", "TCD": "2019", "CHL": "2019", "CHN": "2019", "COL": "2019", "COG": "2019", "CRI": "2019", "CIV": "2019", "HRV": "2019", "CUB": "2019", "CYP": "2019", "CZE": "2019", "DNK": "2019", "DMA": "2019", "DOM": "2019", "ECU": "2019", "SLV": "2019", "EST": "2019", "SWZ": "2019", "ETH": "2019", "FJI": "2019", "FIN": "2019", "FRA": "2019", "PYF": "2019", "GAB": "2019", "GMB": "2019", "GEO": "2019", "DEU": "2019", "GHA": "2019", "GRC": "2019", "GRL": "2019", "GRD": "2019", "GTM": "2019", "GUY": "2019", "HTI": "2019", "HND": "2019", "HKG": "2019", "HUN": "2019", "ISL": "2019", "IND": "2019", "IDN": "2019", "IRQ": "2019", "IRL": "2019", "ISR": "2019", "ITA": "2019", "JAM": "2019", "JPN": "2019", "JOR": "2019", "KAZ": "2019", "KEN": "2019", "KIR": "2019", "KWT": "2019", "KGZ": "2019", "LVA": "2019", "LBN": "2019", "LSO": "2019", "LBR": "2019", "LTU": "2019", "LUX": "2019", "MAC": "2019", "MDG": "2019", "MWI": "2019", "MYS": "2019", "MLI": "2019", "MLT": "2019", "MRT": "2019", "MUS": "2019", "MEX": "2019", "MNG": "2019", "MNE": "2019", "MAR": "2019", "MOZ": "2019", "MMR": "2019", "NAM": "2019", "NRU": "2019", "NPL": "2019", "NLD": "2019", "NCL": "2019", "NZL": "2019", "NIC": "2019", "NGA": "2019", "MKD": "2019", "NOR": "2019", "OMN": "2019", "PAK": "2019", "PAN": "2019", "PRY": "2019", "PER": "2019", "PHL": "2019", "POL": "2019", "PRT": "2019", "ROU": "2019", "RUS": "2019", "RWA": "2019", "WSM": "2019", "STP": "2019", "SAU": "2019", "SEN": "2019", "SRB": "2019", "SLE": "2019", "SVK": "2019", "SVN": "2019", "SLB": "2019", "ZAF": "2019", "ESP": "2019", "LKA": "2019", "VCT": "2019", "SDN": "2019", "SUR": "2019", "SWE": "2019", "CHE": "2019", "TWN": "2019", "TZA": "2019", "THA": "2019", "TLS": "2019", "TGO": "2019", "TTO": "2019", "TUN": "2019", "TUR": "2019", "TKM": "2019", "UKR": "2019", "ARE": "2019", "GBR": "2019", "USA": "2019", "URY": "2019", "UZB": "2019", "VUT": "2019", "VNM": "2019"}, "recentValue": {"AFG": 7.109999999999999, "ALB": 9.61, "DZA": 9.69, "AGO": 8.059999999999999, "ATG": 10.0, "ARG": 9.66, "ARM": 9.73, "AUS": 10.0, "AUT": 10.0, "AZE": 10.0, "BGD": 8.65, "BRB": 9.55, "BLR": 10.0, "BEL": 10.0, "BLZ": 10.0, "BEN": 9.26, "BMU": 10.0, "BTN": 10.0, "BOL": 8.440000000000001, "BIH": 10.0, "BWA": 7.76, "BRA": 10.0, "BRN": 10.0, "BGR": 9.69, "BFA": 8.129999999999999, "CPV": 8.209999999999999, "KHM": 8.5, "CMR": 9.36, "CAN": 10.0, "TCD": 6.21, "CHL": 9.67, "CHN": 10.0, "COL": 9.45, "COG": 7.26, "CRI": 9.68, "CIV": 8.01, "HRV": 10.0, "CUB": 10.0, "CYP": 9.29, "CZE": 10.0, "DNK": 10.0, "DMA": 9.43, "DOM": 9.4, "ECU": 9.09, "SLV": 9.05, "EST": 10.0, "SWZ": 8.35, "ETH": 8.01, "FJI": 9.61, "FIN": 10.0, "FRA": 10.0, "PYF": 9.62, "GAB": 8.41, "GMB": 8.8, "GEO": 9.29, "DEU": 10.0, "GHA": 9.3, "GRC": 10.0, "GRL": 10.0, "GRD": 10.0, "GTM": 8.39, "GUY": 9.4, "HTI": 5.17, "HND": 8.620000000000001, "HKG": 10.0, "HUN": 10.0, "ISL": 10.0, "IND": 8.58, "IDN": 9.11, "IRQ": 7.6, "IRL": 10.0, "ISR": 10.0, "ITA": 10.0, "JAM": 9.07, "JPN": 10.0, "JOR": 9.13, "KAZ": 10.0, "KEN": 7.63, "KIR": 9.72, "KWT": 10.0, "KGZ": 9.36, "LVA": 10.0, "LBN": 9.38, "LSO": 6.21, "LBR": 6.16, "LTU": 10.0, "LUX": 10.0, "MAC": 9.08, "MDG": 5.88, "MWI": 8.14, "MYS": 9.68, "MLI": 9.48, "MLT": 10.0, "MRT": 8.83, "MUS": 9.45, "MEX": 9.33, "MNG": 8.120000000000001, "MNE": 10.0, "MAR": 9.6, "MOZ": 6.709999999999999, "MMR": 8.629999999999999, "NAM": 8.67, "NRU": 10.0, "NPL": 9.4, "NLD": 10.0, "NCL": 9.14, "NZL": 10.0, "NIC": 8.290000000000001, "NGA": 8.809999999999999, "MKD": 9.69, "NOR": 10.0, "OMN": 9.18, "PAK": 8.8, "PAN": 9.27, "PRY": 9.13, "PER": 9.3, "PHL": 8.51, "POL": 10.0, "PRT": 10.0, "ROU": 10.0, "RUS": 10.0, "RWA": 6.51, "WSM": 10.0, "STP": 8.790000000000001, "SAU": 9.52, "SEN": 9.04, "SRB": 9.57, "SLE": 7.32, "SVK": 9.42, "SVN": 10.0, "SLB": 8.77, "ZAF": 9.45, "ESP": 10.0, "LKA": 9.22, "VCT": 9.4, "SDN": 8.78, "SUR": 9.16, "SWE": 10.0, "CHE": 10.0, "TWN": 9.63, "TZA": 7.55, "THA": 9.11, "TLS": 6.93, "TGO": 7.890000000000001, "TTO": 9.43, "TUN": 10.0, "TUR": 10.0, "TKM": 9.62, "UKR": 9.67, "ARE": 9.7, "GBR": 10.0, "USA": 10.0, "URY": 10.0, "UZB": 9.72, "VUT": 9.03, "VNM": 9.31}}, "def": "Indicator: Prevalence of undernourishment (percent). Sufficient food is defined as the availability of at least the minimum level of dietary energy for each person. It is one of the very basic conditions for people for proper development. ", "name": "Sufficient Food", "source": "FAO", "dataset": "ssi", "category": "Human Wellbeing", "subcategory": "Basic Needs", "link": "https://ssi.wi.th-koeln.de/ssi-final.html", "dim": "none", "priority": "3.0", "units": "Score"}}