{"ssi-bn": {"data": {"2019": {"AFG": 5.915987987308752, "ALB": 9.488985461549962, "DZA": 9.26192466061986, "ASM": 7.3824115301167, "AND": 10.0, "AGO": 6.077009689207982, "ATG": 9.45826567946761, "ARG": 9.66, "ARM": 9.689872421136585, "AUS": 10.0, "AUT": 10.0, "AZE": 9.45574988578246, "BHS": 9.687935796649358, "BHR": 10.0, "BGD": 7.3951154763590035, "BRB": 9.70921565452984, "BLR": 9.808939503653583, "BEL": 9.983305478136913, "BLZ": 9.514916547863756, "BEN": 4.66395484168279, "BMU": 9.993332221728108, "BTN": 8.765967036040127, "BOL": 7.804762727899745, "BIH": 9.714577578148038, "BWA": 8.151602399869416, "BRA": 9.53580578228905, "BRN": 9.99499874937461, "BGR": 9.382069107394877, "BFA": 4.227425177697146, "BDI": 5.276968826892954, "CPV": 8.084787017498781, "KHM": 7.337308221593378, "CMR": 6.04639499276507, "CAN": 9.95661874547769, "TCD": 2.885808589446444, "CHL": 9.882170405069566, "CHN": 9.232399939821962, "COL": 9.374559851335698, "COM": 5.365799101718214, "COG": 4.752619260860783, "CRI": 9.809264763400767, "CIV": 5.7229729378319, "HRV": 9.868751588460976, "CUB": 9.598726682970124, "CYP": 9.718418005332504, "CZE": 9.966585135716064, "DNK": 9.986648849277056, "DJI": 6.93408970233296, "DMA": 9.43, "DOM": 9.136336699717242, "ECU": 9.093368755051795, "SLV": 9.167262265799977, "GNQ": 6.5495114321604175, "EST": 9.959929651175402, "SWZ": 6.955304337010454, "ETH": 3.204975982322655, "FJI": 9.499532822824923, "FIN": 9.979959866130976, "FRA": 9.956477520849356, "PYF": 9.768614013471092, "GAB": 6.993381308444281, "GMB": 6.455865105611588, "GEO": 9.370248472191758, "DEU": 9.973261904477292, "GHA": 5.195221818851768, "GRC": 9.966554934125964, "GRL": 9.986648849277056, "GRD": 9.56370846361778, "GTM": 8.01305180928756, "GIN": 3.748506369208941, "GNB": 3.694996617048519, "GUY": 9.166555473398686, "HTI": 4.89801870474071, "HND": 8.725735607363195, "HKG": 9.878530490026034, "HUN": 9.932883883792687, "ISL": 9.9598389247242, "IND": 7.792820316405076, "IDN": 8.409349533991488, "IRQ": 8.837108279342912, "IRL": 9.61283006764224, "ISR": 10.0, "ITA": 9.93987927418766, "JAM": 8.951927909847912, "JPN": 9.963231641137298, "JOR": 9.577672216687382, "KAZ": 9.78168173231392, "KEN": 5.075875258133711, "KIR": 6.92897606730428, "KWT": 10.0, "KGZ": 9.24564196948756, "LVA": 9.683793392928935, "LBN": 9.49328863006994, "LSO": 5.670480069091601, "LBR": 4.2421470673170845, "LBY": 9.924716620639604, "LTU": 9.692827801226752, "LUX": 9.916043774479178, "MAC": 9.528903399657276, "MDG": 3.226426987031044, "MWI": 5.2743795411376055, "MYS": 9.769081286030769, "MDV": 9.934998741821763, "MLI": 6.632148113340207, "MLT": 10.0, "MHL": 8.596365511075014, "MRT": 6.710298293645878, "MUS": 9.66051374529393, "MEX": 9.453847161220375, "FSM": 8.3308943097365, "MDA": 8.245198602823342, "MNG": 7.3415140157531, "MNE": 9.825851501801896, "MAR": 9.034651599147882, "MOZ": 4.789700398071208, "MMR": 7.685256332295395, "NAM": 6.2723562033459, "NRU": 8.674457163307636, "NPL": 8.032994566080053, "NLD": 9.922737927923036, "NCL": 9.682001555460795, "NZL": 10.0, "NIC": 7.951120921018034, "NER": 2.615492305475204, "NGA": 6.270758310742378, "MKD": 9.6334616058185, "NOR": 9.936261267216436, "OMN": 9.449004682272236, "PAK": 7.84230140336021, "PLW": 10.0, "PAN": 9.062901428813534, "PNG": 2.308181102080164, "PRY": 9.346926283356115, "PER": 8.570313588698024, "PHL": 8.477912852604375, "POL": 9.949869109327546, "PRT": 9.983318856082777, "PRI": 9.714998713329816, "QAT": 9.97997995989972, "ROU": 9.44660721966867, "RUS": 9.578318401152186, "RWA": 6.3010125356693, "WSM": 9.852735289553388, "STP": 6.830119493403047, "SAU": 9.837369468917457, "SEN": 7.215776362982115, "SRB": 9.277749094881733, "SYC": 9.808159868191384, "SLE": 4.118806956535698, "SGP": 10.0, "SVK": 9.72720447598459, "SVN": 9.953265259991044, "SLB": 5.840159363418771, "SOM": 4.479866069426629, "ZAF": 8.720387975295868, "SSD": 2.144551235107243, "ESP": 9.993332221728108, "LKA": 9.24296516593695, "LCA": 9.31712401978207, "VCT": 9.203258455110204, "SDN": 5.786700044462867, "SUR": 9.038579572945222, "SWE": 9.97661200950066, "CHE": 9.99666555493786, "SYR": 9.415221718047857, "TWN": 9.63, "TJK": 8.874908450232036, "TZA": 5.039650273352004, "THA": 9.651917547832506, "TLS": 6.621396469149397, "TGO": 4.356736451107709, "TON": 9.659534150257972, "TTO": 9.527742668372, "TUN": 9.565992956936729, "TUR": 9.872709932028243, "TKM": 9.789256837508823, "TUV": 9.138451728821464, "UGA": 3.013884536607201, "UKR": 9.55582368950938, "ARE": 9.786443841697997, "GBR": 9.969909547282054, "USA": 9.97661200950066, "URY": 9.865547007919943, "UZB": 9.832600028306516, "VUT": 6.550950265175807, "VNM": 9.029465545356654, "ZMB": 3.97994974842648, "ZWE": 4.8170738005556855}, "recentYear": {"AFG": "2019", "ALB": "2019", "DZA": "2019", "ASM": "2019", "AND": "2019", "AGO": "2019", "ATG": "2019", "ARG": "2019", "ARM": "2019", "AUS": "2019", "AUT": "2019", "AZE": "2019", "BHS": "2019", "BHR": "2019", "BGD": "2019", "BRB": "2019", "BLR": "2019", "BEL": "2019", "BLZ": "2019", "BEN": "2019", "BMU": "2019", "BTN": "2019", "BOL": "2019", "BIH": "2019", "BWA": "2019", "BRA": "2019", "BRN": "2019", "BGR": "2019", "BFA": "2019", "BDI": "2019", "CPV": "2019", "KHM": "2019", "CMR": "2019", "CAN": "2019", "TCD": "2019", "CHL": "2019", "CHN": "2019", "COL": "2019", "COM": "2019", "COG": "2019", "CRI": "2019", "CIV": "2019", "HRV": "2019", "CUB": "2019", "CYP": "2019", "CZE": "2019", "DNK": "2019", "DJI": "2019", "DMA": "2019", "DOM": "2019", "ECU": "2019", "SLV": "2019", "GNQ": "2019", "EST": "2019", "SWZ": "2019", "ETH": "2019", "FJI": "2019", "FIN": "2019", "FRA": "2019", "PYF": "2019", "GAB": "2019", "GMB": "2019", "GEO": "2019", "DEU": "2019", "GHA": "2019", "GRC": "2019", "GRL": "2019", "GRD": "2019", "GTM": "2019", "GIN": "2019", "GNB": "2019", "GUY": "2019", "HTI": "2019", "HND": "2019", "HKG": "2019", "HUN": "2019", "ISL": "2019", "IND": "2019", "IDN": "2019", "IRQ": "2019", "IRL": "2019", "ISR": "2019", "ITA": "2019", "JAM": "2019", "JPN": "2019", "JOR": "2019", "KAZ": "2019", "KEN": "2019", "KIR": "2019", "KWT": "2019", "KGZ": "2019", "LVA": "2019", "LBN": "2019", "LSO": "2019", "LBR": "2019", "LBY": "2019", "LTU": "2019", "LUX": "2019", "MAC": "2019", "MDG": "2019", "MWI": "2019", "MYS": "2019", "MDV": "2019", "MLI": "2019", "MLT": "2019", "MHL": "2019", "MRT": "2019", "MUS": "2019", "MEX": "2019", "FSM": "2019", "MDA": "2019", "MNG": "2019", "MNE": "2019", "MAR": "2019", "MOZ": "2019", "MMR": "2019", "NAM": "2019", "NRU": "2019", "NPL": "2019", "NLD": "2019", "NCL": "2019", "NZL": "2019", "NIC": "2019", "NER": "2019", "NGA": "2019", "MKD": "2019", "NOR": "2019", "OMN": "2019", "PAK": "2019", "PLW": "2019", "PAN": "2019", "PNG": "2019", "PRY": "2019", "PER": "2019", "PHL": "2019", "POL": "2019", "PRT": "2019", "PRI": "2019", "QAT": "2019", "ROU": "2019", "RUS": "2019", "RWA": "2019", "WSM": "2019", "STP": "2019", "SAU": "2019", "SEN": "2019", "SRB": "2019", "SYC": "2019", "SLE": "2019", "SGP": "2019", "SVK": "2019", "SVN": "2019", "SLB": "2019", "SOM": "2019", "ZAF": "2019", "SSD": "2019", "ESP": "2019", "LKA": "2019", "LCA": "2019", "VCT": "2019", "SDN": "2019", "SUR": "2019", "SWE": "2019", "CHE": "2019", "SYR": "2019", "TWN": "2019", "TJK": "2019", "TZA": "2019", "THA": "2019", "TLS": "2019", "TGO": "2019", "TON": "2019", "TTO": "2019", "TUN": "2019", "TUR": "2019", "TKM": "2019", "TUV": "2019", "UGA": "2019", "UKR": "2019", "ARE": "2019", "GBR": "2019", "USA": "2019", "URY": "2019", "UZB": "2019", "VUT": "2019", "VNM": "2019", "ZMB": "2019", "ZWE": "2019"}, "recentValue": {"AFG": 5.915987987308752, "ALB": 9.488985461549962, "DZA": 9.26192466061986, "ASM": 7.3824115301167, "AND": 10.0, "AGO": 6.077009689207982, "ATG": 9.45826567946761, "ARG": 9.66, "ARM": 9.689872421136585, "AUS": 10.0, "AUT": 10.0, "AZE": 9.45574988578246, "BHS": 9.687935796649358, "BHR": 10.0, "BGD": 7.3951154763590035, "BRB": 9.70921565452984, "BLR": 9.808939503653583, "BEL": 9.983305478136913, "BLZ": 9.514916547863756,