{"ssi-13": {"data": {"2019": {"AFG": 9.750117485710488, "ALB": 9.752623928841077, "DZA": 5.27759844268534, "ASM": 9.990176982208364, "AGO": 9.246780028198, "ATG": 9.97995371108824, "ARG": 2.6722768405372603, "ARM": 9.702180225858164, "ABW": 9.962931071487706, "AUS": 1.0, "AUT": 6.99680243989086, "AZE": 8.786719028727019, "BHS": 9.899308158929625, "BHR": 8.5736521424198, "BGD": 7.0666728172448, "BRB": 9.954944869567017, "BLR": 8.11816512727339, "BEL": 4.68205343712904, "BLZ": 9.972135679044433, "BEN": 9.801985705628502, "BMU": 9.978663978406598, "BTN": 9.874595986564223, "BOL": 9.380315882928, "BIH": 9.508419526228854, "BWA": 9.82782519294009, "BRA": 1.0, "VGB": 9.995148805664003, "BRN": 9.649576195853813, "BGR": 8.479513941623864, "BFA": 9.888980551370157, "BDI": 9.98120379494972, "CPV": 9.971125529570823, "KHM": 9.66360209850254, "CMR": 9.683731122186128, "CAN": 1.0, "CYM": 9.979734857686292, "CAF": 9.985625792418505, "TCD": 9.972578465454983, "CHL": 6.9768097042343005, "CHN": 1.0, "COL": 6.61957570741648, "COM": 9.992936756170112, "COG": 9.816339411978, "COK": 9.997112198970289, "CRI": 9.565299304147036, "CIV": 9.6088350032682, "HRV": 9.209541690394724, "CUB": 9.276330163776196, "CYP": 9.765822239679796, "CZE": 6.442412728832441, "DNK": 8.523975657468771, "DJI": 9.981914703714033, "DMA": 9.99458161499147, "DOM": 9.30309297094753, "ECU": 8.612844026769615, "SLV": 9.744778637767748, "GNQ": 9.875200487844, "ERI": 9.981865919880152, "EST": 9.818668884073263, "SWZ": 9.956032349345058, "ETH": 9.412917831550262, "FRO": 9.97391438618758, "FJI": 9.92314797837952, "FIN": 7.579355424392681, "FRA": 1.0, "PYF": 9.96862533142474, "GAB": 9.86517588746966, "GMB": 9.983778851808507, "GEO": 9.510453895213544, "DEU": 1.0, "GHA": 9.486532087598976, "GIB": 9.620667106579733, "GRC": 7.66449197362326, "GRL": 9.975831407793605, "GRD": 9.990943064717891, "GUM": 9.948998190768137, "GTM": 9.36815568114435, "GIN": 9.894645426861572, "GNB": 9.990588586792434, "GUY": 9.936357841683956, "HTI": 9.904712339120271, "HND": 9.653393852130115, "HKG": 7.3264460470997, "HUN": 7.913868646517519, "ISL": 9.555859020527445, "IND": 1.0, "IDN": 1.0, "IRQ": 5.90235459475356, "IRL": 8.720808587454023, "ISR": 7.90875675854778, "ITA": 1.0, "JAM": 9.77049257871742, "JPN": 1.0, "JOR": 9.176250785417244, "KAZ": 2.6890587100378003, "KEN": 9.3553616099419, "KIR": 9.998074949252006, "XKX": 9.824578262675152, "KWT": 6.75686927818626, "KGZ": 9.526420010684522, "LVA": 9.651082863898854, "LBN": 9.239709595679509, "LSO": 9.963507552159165, "LBR": 9.967028912399696, "LBY": 8.80846210174094, "LTU": 9.431675956903264, "LUX": 9.63297886506648, "MAC": 9.894160166614167, "MDG": 9.891323040939426, "MWI": 9.930965876234144, "MYS": 3.01766781883282, "MDV": 9.950712132738394, "MLI": 9.886962754879717, "MLT": 9.74700609556087, "MRT": 9.88731315769782, "MUS": 9.818920526951876, "MEX": 1.0, "FSM": 9.996538517, "MDA": 9.734457316224702, "MNG": 9.541354104959884, "MNE": 9.915221734680918, "MAR": 8.322431773142847, "MOZ": 9.415276489461816, "MMR": 8.830286755605673, "NAM": 9.844658967624234, "NRU": 9.998060407980232, "NPL": 9.691110765238994, "NLD": 2.18889803579568, "NCL": 9.863305508006338, "NZL": 8.159730722102884, "NIC": 9.806426687186, "NER": 9.933300982792206, "NGA": 6.88513388788364, "MKD": 9.787723734600748, "MNP": 10.0, "NOR": 6.18191899766658, "OMN": 7.571202756502, "PAK": 3.15091327202204, "PAN": 9.128686099313311, "PNG": 9.809433343608, "PRY": 8.973604762815874, "PER": 7.80677452037092, "PHL": 6.322860878444979, "POL": 1.1632063345019397, "PRT": 7.8642427982704, "PRI": 9.434502106380052, "QAT": 5.79915634693916, "ROU": 7.17183339045602, "RUS": 1.0, "RWA": 9.963825730572838, "WSM": 9.990885254170015, "STP": 9.995385003419695, "SAU": 1.0, "SEN": 9.742658573322032, "SRB": 8.654900834581387, "SYC": 9.964188289179395, "SLE": 9.970454005320182, "SGP": 2.67641157323614, "SVK": 8.528234699734066, "SVN": 9.424998690386674, "SLB": 9.990945303589122, "SOM": 9.975244191107125, "ZAF": 1.0, "SSD": 9.953835002, "ESP": 1.0, "LKA": 9.282605101978616, "KNA": 9.992460134956332, "LCA": 9.986232117510124, "VCT": 9.992193206128752, "SDN": 9.263172362, "SUR": 9.9194713158452, "SWE": 5.567786019968, "CHE": 7.6497264259664, "SYR": 9.184028838518634, "TWN": 1.05091899607846, "TJK": 9.546787844253808, "TZA": 9.640876736867794, "THA": 1.0, "TLS": 9.985469247509688, "TGO": 9.91985174931082, "TON": 9.995217187436175, "TTO": 8.242953950540226, "TUN": 9.190658719832198, "TUR": 1.0, "TKM": 6.524422692267001, "TCA": 9.993481825000122, "TUV": 10.0, "UGA": 9.780395586322362, "UKR": 2.64698593077788, "ARE": 1.0, "GBR": 1.0, "USA": 1.0, "URY": 9.5540282470842, "UZB": 6.30738174606092, "VUT": 9.99488859169441, "VNM": 3.3613697636840003, "VIR": 9.932189117443704, "ZMB": 9.622983770755503, "ZWE": 9.676242930367872}, "recentYear": {"AFG": "2019", "ALB": "2019", "DZA": "2019", "ASM": "2019", "AGO": "2019", "ATG": "2019", "ARG": "2019", "ARM": "2019", "ABW": "2019", "AUS": "2019", "AUT": "2019", "AZE": "2019", "BHS": "2019", "BHR": "2019", "BGD": "2019", "BRB": "2019", "BLR": "2019", "BEL": "2019", "BLZ": "2019", "BEN": "2019", "BMU": "2019", "BTN": "2019", "BOL": "2019", "BIH": "2019", "BWA": "2019", "BRA": "2019", "VGB": "2019", "BRN": "2019", "BGR": "2019", "BFA": "2019", "BDI": "2019", "CPV": "2019", "KHM": "2019", "CMR": "2019", "CAN": "2019", "CYM": "2019", "CAF": "2019", "TCD": "2019", "CHL": "2019", "CHN": "2019", "COL": "2019", "COM": "2019", "COG": "2019", "COK": "2019", "CRI": "2019", "CIV": "2019", "HRV": "2019", "CUB": "2019", "CYP": "2019", "CZE": "2019", "DNK": "2019", "DJI": "2019", "DMA": "2019", "DOM": "2019", "ECU": "2019", "SLV": "2019", "GNQ": "2019", "ERI": "2019", "EST": "2019", "SWZ": "2019", "ETH": "2019", "FRO": "2019", "FJI": "2019", "FIN": "2019", "FRA": "2019", "PYF": "2019", "GAB": "2019", "GMB": "2019", "GEO": "2019", "DEU": "2019", "GHA": "2019", "GIB": "2019", "GRC": "2019", "GRL": "2019", "GRD": "2019", "GUM": "2019", "GTM": "2019", "GIN": "2019", "GNB": "2019", "GUY": "2019", "HTI": "2019", "HND": "2019", "HKG": "2019", "HUN": "2019", "ISL": "2019", "IND": "2019", "IDN": "2019", "IRQ": "2019", "IRL": "2019", "ISR": "2019", "ITA": "2019", "JAM": "2019", "JPN": "2019", "JOR": "2019", "KAZ": "2019", "KEN": "2019", "KIR": "2019", "XKX": "2019", "KWT": "2019", "KGZ": "2019", "LVA": "2019", "LBN": "2019", "LSO": "2019", "LBR": "2019", "LBY": "2019", "LTU": "2019", "LUX": "2019", "MAC": "2019", "MDG": "2019", "MWI": "2019", "MYS": "2019", "MDV": "2019", "MLI": "2019", "MLT": "2019", "MRT": "2019", "MUS": "2019", "MEX": "2019", "FSM": "2019", "MDA": "2019", "MNG": "2019", "MNE": "2019", "MAR": "2019", "MOZ": "2019", "MMR": "2019", "NAM": "2019", "NRU": "2019", "NPL": "2019", "NLD": "2019", "NCL": "2019", "NZL": "2019", "NIC": "2019", "NER": "2019", "NGA": "2019", "MKD": "2019", "MNP": "2019", "NOR": "2019", "OMN": "2019", "PAK": "2019", "PAN": "2019", "PNG": "2019", "PRY": "2019", "PER": "2019", "PHL": "2019", "POL": "2019", "PRT": "2019", "PRI": "2019", "QAT": "2019", "ROU": "2019", "RUS": "2019", "RWA": "2019", "WSM": "2019", "STP": "2019", "SAU": "2019", "SEN": "2019", "SRB": "2019", "SYC": "2019", "SLE": "2019", "SGP": "2019", "SVK": "2019", "SVN": "2019", "SLB": "2019", "SOM": "2019", "ZAF": "2019", "SSD": "2019", "ESP": "2019", "LKA": "2019", "KNA": "2019", "LCA": "2019", "VCT": "2019", "SDN": "2019", "SUR": "2019", "SWE": "2019", "CHE": "2019", "SYR": "2019", "TWN": "2019", "TJK": "2019", "TZA": "2019", "THA": "2019", "TLS": "2019", "TGO": "2019", "TON": "2019", "TTO": "2019", "TUN": "2019", "TUR": "2019", "TKM": "2019", "TCA": "2019", "TUV": "2019", "UGA": "2019", "UKR": "2019", "ARE": "2019", "GBR": "2019", "USA": "2019", "URY": "2019", "UZB": "2019", "VUT": "2019", "VNM": "2019", "VIR": "2019", "ZMB": "2019", "ZWE": "2019"}, "recentValue": {"AFG": 9.750117485710488, "ALB": 9.752623928841077, "DZA": 5.27759844268534, "ASM": 9.990176982208364, "AGO": 9.246780028198, "ATG": 9.97995371108824, "ARG": 2.6722768405372603,