{"ssi-ce": {"data": {"2019": {"AFG": 4.621934449113083, "ALB": 6.584401160261427, "DZA": 2.469003846058033, "ASM": 3.682824826598407, "AGO": 4.691418772633253, "ATG": 3.6181695663039593, "ARG": 3.068944116298717, "ARM": 4.534971456284204, "ABW": 3.3408003487415043, "AUS": 1.3440783282515851, "AUT": 4.165241011981558, "AZE": 3.749014623962789, "BHS": 2.1471791496272696, "BHR": 2.469098659693343, "BGD": 2.863933853665196, "BRB": 4.239273232367142, "BLR": 4.209365402048366, "BEL": 2.594950808465049, "BLZ": 3.149629330439068, "BEN": 3.097383027684454, "BMU": 2.1529013635090903, "BTN": 7.085144789604573, "BOL": 3.8551487622457583, "BIH": 3.6958475199499743, "BWA": 2.841140676005581, "BRA": 3.4147257642839883, "VGB": 3.851889707857445, "BRN": 1.76249161670686, "BGR": 3.1448583065370763, "BFA": 2.146432197103484, "BDI": 2.8517965245209846, "CPV": 2.1523590856573063, "KHM": 3.576044688172699, "CMR": 4.091491368873459, "CAN": 1.8528494000331623, "CYM": 2.1529783749873928, "CAF": 4.297262717394295, "TCD": 2.152463623767861, "CHL": 3.722641119861541, "CHN": 1.92471711017818, "COL": 4.830099501266934, "COM": 2.1539273273078643, "COG": 5.4895793448083054, "COK": 2.7997497014086634, "CRI": 4.785520620144895, "CIV": 3.097483925553179, "HRV": 4.844352682852215, "CUB": 5.009607915943975, "CYP": 2.327696628689452, "CZE": 2.273932098540421, "DNK": 5.101126483860109, "DJI": 4.638788994760196, "DMA": 3.371550353277676, "DOM": 3.5265844778837128, "ECU": 5.050261342100356, "SLV": 5.79574067362535, "GNQ": 4.038526086002969, "ERI": 3.150519856571462, "EST": 2.65256963054686, "SWZ": 3.0893987674852976, "ETH": 4.37981625276173, "FRO": 2.8119141856749743, "FJI": 2.369835654377481, "FIN": 4.120564198995655, "FRA": 2.410710529246593, "PYF": 3.971284082328231, "GAB": 5.134106387232614, "GMB": 2.153269146109973, "GEO": 4.061162333795036, "DEU": 1.7226590668864608, "GHA": 5.399052614416178, "GIB": 2.258300517043717, "GRC": 3.6087524537159457, "GRL": 5.45400656246991, "GRD": 3.777344281346355, "GUM": 4.260662449404167, "GTM": 3.823629377710577, "GIN": 2.7736599676360507, "GNB": 4.140375236115504, "GUY": 2.525915532895693, "HTI": 3.130786123900217, "HND": 4.020536358855661, "HKG": 2.889917081382771, "HUN": 2.7566242330147257, "ISL": 5.426026440754509, "IND": 1.701925283786585, "IDN": 2.1394343877849704, "IRQ": 2.4733104857500328, "IRL": 2.7356157748133647, "ISR": 2.418978936211737, "ITA": 2.551586393832713, "JAM": 4.640936675376979, "JPN": 1.6232496740940898, "JOR": 2.867696528087559, "KAZ": 1.761130716424908, "KEN": 3.819913667329503, "KIR": 2.1542964346228297, "XKX": 4.135339913235879, "KWT": 2.2460994681460864, "KGZ": 7.092828009778396, "LVA": 5.027229483883944, "LBN": 2.6784181494407897, "LSO": 3.2510220775056524, "LBR": 2.15206428112482, "LBY": 4.187273988419743, "LTU": 4.646243187900584, "LUX": 2.925320415872677, "MAC": 2.932211195978935, "MDG": 3.2871557754799765, "MWI": 5.657693260448277, "MYS": 2.4416931914171003, "MDV": 2.9248383890491327, "MLI": 2.87554242075154, "MLT": 2.846969297031173, "MRT": 2.1463115527622363, "MUS": 2.8469016601321235, "MEX": 2.314840017295741, "FSM": 3.161730304279605, "MDA": 4.998083271211016, "MNG": 2.4424726618779027, "MNE": 6.53203812093951, "MAR": 3.809505342172872, "MOZ": 4.4829734108595, "MMR": 3.540190869292545, "NAM": 4.935631649561461, "NRU": 3.095438252134149, "NPL": 4.208794772963781, "NLD": 1.8450773130995937, "NCL": 2.144572972663473, "NZL": 4.110960999233202, "NIC": 3.881785716073044, "NER": 5.065611939391435, "NGA": 4.112556950380725, "MKD": 5.008081636296391, "MNP": 10.0, "NOR": 5.109487592217983, "OMN": 1.898997165268152, "PAK": 2.312123001284081, "PAN": 3.2701703614786912, "PNG": 3.205615625412383, "PRY": 6.772730677794407, "PER": 4.493710274986831, "PHL": 2.8322624593632497, "POL": 1.5791867927884933, "PRT": 4.254867687347366, "PRI": 4.18805368507671, "QAT": 2.273469287262861, "ROU": 4.124345304191516, "RUS": 1.4609470655730556, "RWA": 2.840073121081905, "WSM": 2.1537799202359973, "STP": 2.937128637255295, "SAU": 1.1969406478215203, "SEN": 3.1000696770430305, "SRB": 3.742643740855292, "SYC": 2.1518598141543483, "SLE": 4.1856196536940455, "SGP": 1.548148578438525, "SVK": 3.620532027848987, "SVN": 3.796221269910832, "SLB": 2.153784235268172, "SOM": 3.2536571787175577, "ZAF": 1.8576906022164976, "SSD": 4.215618977938225, "ESP": 2.368396980827342, "LKA": 3.137076682838825, "KNA": 3.1801375591694003, "LCA": 2.7791398038943225, "VCT": 2.153873903157168, "SDN": 3.796275501789064, "SUR": 4.914657419109069, "SWE": 4.811570466038657, "CHE": 5.639764020097645, "SYR": 5.322751216184793, "TWN": 1.5501385061731996, "TJK": 6.585517708721369, "TZA": 4.34608790992331, "THA": 2.1511836388341905, "TLS": 2.691371403724807, "TGO": 3.134400626820933, "TON": 2.1540911600146244, "TTO": 2.9124270376142367, "TUN": 2.903230604696872, "TUR": 1.6096058972598466, "TKM": 1.5982161775340171, "TCA": 2.153966488878728, "TUV": 10.0, "UGA": 3.165203347989121, "UKR": 3.5763089290462493, "ARE": 1.1733521146091783, "GBR": 2.443325291810143, "USA": 1.4860970159688645, "URY": 6.493826505001822, "UZB": 4.072545701659492, "VUT": 2.1540675542931385, "VNM": 2.857013504151138, "VIR": 2.149553836927054, "ZMB": 5.517870606103625, "ZWE": 6.777066398959519}, "recentYear": {"AFG": "2019", "ALB": "2019", "DZA": "2019", "ASM": "2019", "AGO": "2019", "ATG": "2019", "ARG": "2019", "ARM": "2019", "ABW": "2019", "AUS": "2019", "AUT": "2019", "AZE": "2019", "BHS": "2019", "BHR": "2019", "BGD": "2019", "BRB": "2019", "BLR": "2019", "BEL": "2019", "BLZ": "2019", "BEN": "2019", "BMU": "2019", "BTN": "2019", "BOL": "2019", "BIH": "2019", "BWA": "2019", "BRA": "2019", "VGB": "2019", "BRN": "2019", "BGR": "2019", "BFA": "2019", "BDI": "2019", "CPV": "2019", "KHM": "2019", "CMR": "2019", "CAN": "2019", "CYM": "2019", "CAF": "2019", "TCD": "2019", "CHL": "2019", "CHN": "2019", "COL": "2019", "COM": "2019", "COG": "2019", "COK": "2019", "CRI": "2019", "CIV": "2019", "HRV": "2019", "CUB": "2019", "CYP": "2019", "CZE": "2019", "DNK": "2019", "DJI": "2019", "DMA": "2019", "DOM": "2019", "ECU": "2019", "SLV": "2019", "GNQ": "2019", "ERI": "2019", "EST": "2019", "SWZ": "2019", "ETH": "2019", "FRO": "2019", "FJI": "2019", "FIN": "2019", "FRA": "2019", "PYF": "2019", "GAB": "2019", "GMB": "2019", "GEO": "2019", "DEU": "2019", "GHA": "2019", "GIB": "2019", "GRC": "2019", "GRL": "2019", "GRD": "2019", "GUM": "2019", "GTM": "2019", "GIN": "2019", "GNB": "2019", "GUY": "2019", "HTI": "2019", "HND": "2019", "HKG": "2019", "HUN": "2019", "ISL": "2019", "IND": "2019", "IDN": "2019", "IRQ": "2019", "IRL": "2019", "ISR": "2019", "ITA": "2019", "JAM": "2019", "JPN": "2019", "JOR": "2019", "KAZ": "2019", "KEN": "2019", "KIR": "2019", "XKX": "2019", "KWT": "2019", "KGZ": "2019", "LVA": "2019", "LBN": "2019", "LSO": "2019", "LBR": "2019", "LBY": "2019", "LTU": "2019", "LUX": "2019", "MAC": "2019", "MDG": "2019", "MWI": "2019", "MYS": "2019", "MDV": "2019", "MLI": "2019", "MLT": "2019", "MRT": "2019", "MUS": "2019", "MEX": "2019", "FSM": "2019", "MDA": "2019", "MNG": "2019", "MNE": "2019", "MAR": "2019", "MOZ": "2019", "MMR": "2019", "NAM": "2019", "NRU": "2019", "NPL": "2019", "NLD": "2019", "NCL": "2019", "NZL": "2019", "NIC": "2019", "NER": "2019", "NGA": "2019", "MKD": "2019", "MNP": "2019", "NOR": "2019", "OMN": "2019", "PAK": "2019", "PAN": "2019", "PNG": "2019", "PRY": "2019", "PER": "2019", "PHL": "2019", "POL": "2019", "PRT": "2019", "PRI": "2019", "QAT": "2019", "ROU": "2019", "RUS": "2019", "RWA": "2019", "WSM": "2019", "STP": "2019", "SAU": "2019", "SEN": "2019", "SRB": "2019", "SYC": "2019", "SLE": "2019", "SGP": "2019", "SVK": "2019", "SVN": "2019", "SLB": "2019", "SOM": "2019", "ZAF": "2019", "SSD": "2019", "ESP": "2019", "LKA": "2019", "KNA": "2019", "LCA": "2019", "VCT": "2019", "SDN": "2019", "SUR": "2019", "SWE": "2019", "CHE": "2019", "SYR": "2019", "TWN": "2019", "TJK": "2019", "TZA": "2019", "THA": "2019", "TLS": "2019", "TGO": "2019", "TON": "2019", "TTO": "2019", "TUN": "2019",