{"data": {"2020": {"ATG": 29.606666666666666, "BHS": 21.96, "BRB": 10.616666666666667, "BLZ": 18.64, "CPV": 28.31, "COM": 26.196666666666665, "CUB": 18.08333333333333, "DMA": 23.08, "DOM": 9.846666666666668, "FJI": 20.81, "GRD": 47.69666666666667, "GNB": 39.32333333333333, "GUY": 34.36666666666667, "HTI": 23.44, "JAM": 21.02, "KIR": 50.333333333333336, "MDV": 40.77, "MHL": 63.406666666666666, "MUS": 17.796666666666667, "FSM": 39.74, "NRU": 41.040000000000006, "PLW": 53.82000000000001, "PNG": 12.253333333333334, "KNA": 46.95333333333333, "LCA": 24.16333333333333, "VCT": 29.296666666666667, "WSM": 12.416666666666668, "STP": 44.41, "SYC": 35.60666666666667, "SGP": 45.89, "SLB": 38.25333333333333, "SUR": 41.16666666666667, "TLS": 32.06333333333333, "TON": 26.67, "TTO": 29.09666666666667, "TUV": 52.17333333333334, "VUT": 22.32333333333333, "ABW": 25.301462761507683, "AIA": 36.35377101702717, "ASM": 28.761049493961554, "COK": 38.462534900341105, "CUW": 24.759401243061497, "GUM": 23.114714587365235, "MNP": 27.986447453422027, "MSR": 39.05788116296046, "NCL": 32.29724062485813, "NIU": 24.312496265137142, "PRI": 37.9025979464607, "PYF": 26.349512475466895, "SXM": 19.991355314099405, "VGB": 22.361059242765037, "VIR": 39.13103183959729}, "2021": {"ATG": 27.94, "BHS": 22.036666666666665, "BRB": 10.363333333333332, "BLZ": 18.333333333333336, "CPV": 29.87, "COM": 25.94333333333333, "CUB": 17.866666666666667, "DMA": 23.116666666666667, "DOM": 9.583333333333334, "FJI": 20.48, "GRD": 45.086666666666666, "GNB": 39.35, "GUY": 33.736666666666665, "HTI": 23.40333333333333, "JAM": 22.386666666666667, "KIR": 48.09666666666666, "MDV": 39.876666666666665, "MHL": 63.91333333333334, "MUS": 17.956666666666667, "FSM": 40.04666666666666, "NRU": 36.72666666666667, "PLW": 40.50333333333334, "PNG": 12.176666666666668, "KNA": 46.32, "LCA": 20.356666666666666, "VCT": 24.76333333333333, "WSM": 12.06, "STP": 43.153333333333336, "SYC": 35.166666666666664, "SGP": 46.32333333333334, "SLB": 36.72666666666667, "SUR": 41.52, "TLS": 48.53333333333334, "TON": 26.906666666666663, "TTO": 27.87, "TUV": 51.830000000000005, "VUT": 21.996666666666663, "ABW": 27.06944197370411, "AIA": 24.802938085315397, "ASM": 17.367584435537804, "COK": 45.207740630419295, "CUW": 17.543269381104594, "GUM": 17.367584435537804, "MNP": 35.30568349816393, "MSR": 31.605912709464157, "NCL": 27.198181958941984, "NIU": 43.33984811731385, "PRI": 12.03372888906254, "PYF": 27.198181958941984, "SXM": 25.018483088509463, "VGB": 26.056553562441373, "VIR": 26.22004422089662}}, "upperIntervals": {"2020": {"ABW": 41.060093487493134, "AIA": 47.913225368702626, "ASM": 46.62701340329071, "COK": 41.38661633396846, "CUW": 47.104779049606876, "GUM": 46.62701340329071, "MNP": 47.104779049606876, "MSR": 48.391801387756004, "NCL": 46.62701340329071, "NIU": 41.056083283988144, "PRI": 41.38661633396846, "PYF": 46.62701340329071, "SXM": 46.62701340329071, "VGB": 40.57831763767198, "VIR": 47.43531209958718}, "2021": {"ABW": 41.024896430057524, "AIA": 44.46796456780477, "ASM": 41.024896430057524, "COK": 45.01252072778516, "CUW": 41.024896430057524, "GUM": 41.024896430057524, "MNP": 48.03620754677719, "MSR": 46.57364597931091, "NCL": 42.44855249739052, "NIU": 48.229464600516664, "PRI": 41.024896430057524, "PYF": 42.44855249739052, "SXM": 44.433238607910084, "VGB": 45.96194492513804, "VIR": 42.44855249739052}}, "lowerIntervals": {"2020": {"ABW": 15.0241608599276, "AIA": 17.600340686963282, "ASM": 13.139690348291138, "COK": 17.600340686963282, "CUW": 15.670085193079357, "GUM": 5.745928642958327, "MNP": 14.751649380954904, "MSR": 17.526949427695765, "NCL": 9.758080972840652, "NIU": 14.888245428423085, "PRI": 17.374057973477843, "PYF": 12.867521799938395, "SXM": 11.061878639851185, "VGB": 12.517015368615453, "VIR": 17.877455859018717}, "2021": {"ABW": 20.331683496783466, "AIA": 21.108529460133443, "ASM": 14.586344928390098, "COK": 20.733622699565213, "CUW": 14.461630020041632, "GUM": 14.586344928390098, "MNP": 20.831237386986604, "MSR": 29.0017568543738, "NCL": 21.076776325266742, "NIU": 20.733622699565213, "PRI": 10.391626154841614, "PYF": 21.076776325266742, "SXM": 22.64415829651848, "VGB": 20.424193309117914, "VIR": 18.974964151690877}}, "categoryImportances": {"2020": {"LDC Criteria": 0.8286053326854346, "Economic Policy & Debt": 0.17139466731456526}, "2021": {"LDC Criteria": 0.45734668207356766, "Blue": 0.5426533179264323}}, "featureImportances": {"2020": {"wdi2-NE.DAB.TOTL.CN": 0.1093516615806797, "wdi2-NY.GDY.TOTL.KN": 0.06204300573388556, "ldc-AFF-Index": 0.07824832558973455, "ldc-AFF-Value": 0.09641264351152735, "ldc-AIN-Index": 0.17678865523043313, "ldc-AIN-Value": 0.3407681378227368, "ldc-ALR-Index": 0.05910915797738898, "ldc-ALR-Value": 0.054983999710980516, "ldc-DRY-Index": 0.007939063585713557, "ldc-DRY-Value": 0.014355349256919744}, "2021": {"key-50": 0.32351683416150756, "key-39": 0.1866946314000198, "key-49": 0.03244185236490501, "ldc-AFF-Index": 0.01856514657649397, "ldc-AFF-Value": 0.021733831807405075, "ldc-AIN-Index": 0.12488203445575739, "ldc-AIN-Value": 0.21020473211877527, "ldc-ALR-Index": 0.02759342998248877, "ldc-ALR-Value": 0.038378733488473475, "ldc-DRY-Index": 0.01598877364417369}}, "performance": {"2020": 0.5344053284873898, "2021": 0.3998968910002501}}