{"data": {"2015": {"ATG": 0.4058648938964923, "BHS": 0.4375069207668456, "BRB": 0.4203938590208551, "BLZ": 0.5096146175290889, "CPV": 0.4434247327875939, "COM": 0.3796198822151295, "CUB": 0.436643231678337, "DMA": 0.4398846421925084, "DOM": 0.434903170417817, "FJI": 0.5408254433944703, "GRD": 0.4716847683010195, "GNB": 0.456147936876127, "GUY": 0.361657134441874, "HTI": 0.434142653208263, "JAM": 0.436425452378627, "KIR": 0.5129219164895986, "MDV": 0.4675940341435157, "MHL": 0.4388017528660524, "MUS": 0.5017667687465847, "FSM": 0.4009056349943385, "NRU": 0.4539236442974002, "PLW": 0.4390451174326542, "PNG": 0.3799970659800362, "KNA": 0.4226187788777936, "LCA": 0.4000376099096424, "VCT": 0.4589692087468431, "WSM": 0.4065442598506658, "STP": 0.4433228480732539, "SYC": 0.467187591148456, "SGP": 0.436729536489486, "SLB": 0.4104440665589374, "SUR": 0.4440148165110611, "TLS": 0.4090264510308061, "TON": 0.4923072525157382, "TTO": 0.436729536489486, "TUV": 0.4696094520291158, "VUT": 0.4131840934408613, "ABW": 0.4711208451413374, "AIA": 0.4496317531743626, "ASM": 0.4721243655074482, "COK": 0.4496317531743626, "CUW": 0.4437892673829458, "GUM": 0.4528914883035835, "MNP": 0.4728259883615474, "MSR": 0.4496317531743626, "NCL": 0.4314318066889498, "NIU": 0.4496317531743626, "PRI": 0.4675754782305231, "PYF": 0.4324411063864147, "SXM": 0.4617271365594596, "VGB": 0.4365675678660791, "VIR": 0.4720748308370207}}, "upperIntervals": {"2015": {"ATG": 0.6927997172079899, "BHS": 0.436729536489486, "BRB": 0.625927931617788, "BLZ": 0.779354054389107, "CPV": 0.447913259360312, "COM": 0.6889958081314109, "DMA": 0.447913259360312, "FJI": 0.779354054389107, "GRD": 0.692770119559707, "GNB": 0.692770119559707, "GUY": 0.436729536489486, "KIR": 0.779354054389107, "MDV": 0.688995808131411, "MHL": 0.437816088043024, "MUS": 0.692770119559707, "FSM": 0.6891845237028257, "NRU": 0.618918537147397, "PLW": 0.436729536489486, "PNG": 0.598487508610263, "KNA": 0.688995808131411, "LCA": 0.688995808131411, "VCT": 0.625927931617788, "WSM": 0.692770119559707, "STP": 0.471724961532725, "SYC": 0.779354054389107, "SLB": 0.779354054389107, "SUR": 0.471724961532725, "TLS": 0.688995808131411, "TON": 0.779354054389107, "TUV": 0.779354054389107, "VUT": 0.692770119559707, "ABW": 0.583383687454572, "AIA": 0.583383687454572, "ASM": 0.583383687454572, "COK": 0.583383687454572, "CUW": 0.543684746013674, "GUM": 0.583383687454572, "MNP": 0.583383687454572, "MSR": 0.583383687454572, "NCL": 0.4392230121598147, "NIU": 0.583383687454572, "PRI": 0.6734912454387892, "PYF": 0.4595737008532157, "SXM": 0.583383687454572, "VGB": 0.543684746013674, "VIR": 0.625927931617788}}, "lowerIntervals": {"2015": {"ATG": 0.255927182148597, "BHS": 0.428656531302515, "BRB": 0.255927182148597, "BLZ": 0.428656531302515, "CPV": 0.428656531302515, "COM": 0.255927182148597, "DMA": 0.430615153820646, "FJI": 0.430563723836572, "GRD": 0.36892793851951, "GNB": 0.389858936265117, "GUY": 0.255927182148597, "KIR": 0.262185894867243, "MDV": 0.368682355709841, "MHL": 0.417138573435785, "MUS": 0.398733678306268, "FSM": 0.255927182148597, "NRU": 0.222001350140399, "PLW": 0.4305585397590619, "PNG": 0.255927182148597, "KNA": 0.255927182148597, "LCA": 0.255927182148597, "VCT": 0.43046004228637, "WSM": 0.255927182148597, "STP": 0.417138573435785, "SYC": 0.417138573435785, "SLB": 0.255927182148597, "SUR": 0.428656531302515, "TLS": 0.255927182148597, "TON": 0.255927182148597, "TUV": 0.413964220909503, "VUT": 0.255927182148597, "ABW": 0.4284986192228555, "AIA": 0.413964220909503, "ASM": 0.428656531302515, "COK": 0.413964220909503, "CUW": 0.4286565313025149, "GUM": 0.428656531302515, "MNP": 0.428656531302515, "MSR": 0.413964220909503, "NCL": 0.419233569287995, "NIU": 0.413964220909503, "PRI": 0.328806126256913, "PYF": 0.4135452185505548, "SXM": 0.428656531302515, "VGB": 0.328806126256913, "VIR": 0.4313447560181224}}, "categoryImportances": {"2015": {"Indicators": 0.8367315568849815, "Economic Policy & Debt": 0.163268443115018}}, "featureImportances": {"2015": {"wdi2-NY.GDP.MKTP.CN": 0.163268443115018, "ndgain-id_ecos_02-raw": 0.2006475777783168, "ndgain-id_ecos_02-score": 0.0299992027420515, "ndgain-id_ecos_06-score": 0.1310349395977642, "ndgain-id_food_04-raw": 0.1027869088737825, "ndgain-id_food_04-score": 0.0981457096355375, "ndgain-id_habi_01-raw": 0.089291827188423, "ndgain-id_habi_01-score": 0.0925670438447866, "ndgain-id_habi_02-raw": 0.0451474772590023, "ndgain-id_habi_02-score": 0.0471108699653171}}}