{"data": {"2015": {"ATG": 8.201568025442043e-06, "BHS": 5.3446497383794e-06, "BRB": 6.634715079369917e-06, "BLZ": 8.389975926856115e-06, "CPV": 6.743304629598923e-06, "COM": 5.358894987887493e-06, "CUB": 2.82830479093288e-05, "DMA": 6.86718379507073e-06, "DOM": 2.43150924751597e-06, "FJI": 3.4338519089055244e-05, "GRD": 5.15106544354517e-06, "GNB": 5.569312716581458e-06, "GUY": 5.155744448960033e-06, "HTI": 5.6710361690891255e-06, "JAM": 2.42128991799091e-06, "KIR": 0.0001035328698928, "MDV": 2.34042668723942e-05, "MHL": 1.5461529775316667e-05, "MUS": 7.92013337504604e-07, "FSM": 5.848154198386758e-06, "NRU": 0.0001564615095679, "PLW": 4.40716145222055e-05, "PNG": 1.23338400485953e-07, "KNA": 5.149783661850809e-06, "LCA": 5.165274710111774e-06, "VCT": 5.234864866604511e-06, "WSM": 5.16761147829862e-06, "STP": 1.5363593804022942e-05, "SYC": 1.4742295052178354e-05, "SGP": 0.0002654018914536, "SLB": 1.0095843130711516e-05, "SUR": 7.0650705813804985e-06, "TLS": 1.258782328594651e-05, "TON": 1.198040640326968e-05, "TTO": 2.18925687864511e-06, "TUV": 1.5301401367880492e-05, "VUT": 6.881238730861657e-06, "ABW": 1.8637847786033814e-05, "AIA": 2.3580697108902807e-05, "ASM": 2.098351066293985e-05, "COK": 2.3580697108902807e-05, "CUW": 4.03292609718082e-05, "GUM": 3.0301549846846687e-05, "MNP": 5.7595271653118274e-05, "MSR": 2.3580697108902807e-05, "NCL": 1.7129301424114125e-05, "NIU": 2.3580697108902807e-05, "PRI": 0.0001283267459682, "PYF": 7.736279085540887e-06, "SXM": 2.78264453315806e-05, "VGB": 0.0001481003237288, "VIR": 5.671261570420677e-05}}, "upperIntervals": {"2015": {"ATG": 1.7307329655094403e-05, "BRB": 1.5971563260966006e-05, "BLZ": 1.7482225983309857e-05, "CPV": 1.7220993758938943e-05, "COM": 1.147781412256952e-05, "CUB": 3.054457005985948e-05, "DMA": 1.7307329655094403e-05, "FJI": 4.7690049433531866e-05, "GRD": 1.0628117428372536e-05, "GNB": 1.2116378836183485e-05, "GUY": 1.101222438948105e-05, "HTI": 1.1747811758445876e-05, "KIR": 0.0007061244730969, "MDV": 4.26378448152734e-05, "MHL": 4.935189376154045e-05, "FSM": 1.2902998801513843e-05, "NRU": 0.0002654018914536, "PLW": 6.890873322674578e-05, "KNA": 1.0628117428372536e-05, "LCA": 1.0628117428372536e-05, "VCT": 1.1013583420423086e-05, "STP": 4.439015661574189e-05, "SYC": 2.706758984609763e-05, "SLB": 4.20204683286907e-05, "SUR": 1.7220993758938943e-05, "TLS": 2.812910584099816e-05, "TON": 3.5433436130059175e-05, "TUV": 4.20204683286907e-05, "VUT": 1.9996971573823225e-05, "ABW": 5.216032729747375e-05, "AIA": 5.634106021254881e-05, "ASM": 6.181689891594365e-05, "COK": 5.634106021254881e-05, "CUW": 8.148228275878462e-05, "GUM": 0.0001174247301083, "MNP": 0.0004297319660265, "MSR": 5.634106021254881e-05, "NCL": 5.6232797317179103e-05, "NIU": 5.634106021254881e-05, "PRI": 0.0002399230791073, "PYF": 2.062068743485409e-05, "SXM": 0.0001609321739354, "VGB": 0.0002551286351636, "VIR": 0.0002071843287108}}, "lowerIntervals": {"2015": {"ATG": 2.0580202253054443e-06, "BRB": 2.026221774585064e-06, "BLZ": 2.221867772965759e-06, "CPV": 2.35132062284358e-06, "COM": 2.047269570922641e-06, "CUB": 2.606671763716246e-06, "DMA": 2.449555808184247e-06, "FJI": 2.837955893481292e-06, "GRD": 1.900496999120548e-06, "GNB": 2.118206762361318e-06, "GUY": 1.828224473249256e-06, "HTI": 2.0593640840875475e-06, "KIR": 1.37386038281246e-06, "MDV": 1.9001982442937144e-06, "MHL": 2.722913712924641e-06, "FSM": 1.6905610667789054e-06, "NRU": 7.62014402658375e-06, "PLW": 2.746519713567952e-06, "KNA": 1.900496999120548e-06, "LCA": 2.0113987523693013e-06, "VCT": 2.0593640840875475e-06, "STP": 2.786159923567268e-06, "SYC": 2.413434739656013e-06, "SLB": 2.221867772965759e-06, "SUR": 2.4675024599787515e-06, "TLS": 2.058854621523884e-06, "TON": 1.979015002511121e-06, "TUV": 2.6678104263055367e-06, "VUT": 2.218588339074586e-06, "ABW": 2.480523078679988e-06, "AIA": 2.7223543850352e-06, "ASM": 3.051579509352205e-06, "COK": 2.7223543850352e-06, "CUW": 3.16810815880709e-06, "GUM": 2.8210562901150614e-06, "MNP": 3.222037691740689e-06, "MSR": 2.7223543850352e-06, "NCL": 3.1079751757504047e-06, "NIU": 2.7223543850352e-06, "PRI": 2.629885157735689e-05, "PYF": 2.48046623147296e-06, "SXM": 3.051206344169768e-06, "VGB": 3.758424165185623e-05, "VIR": 6.123506191617782e-06}}, "categoryImportances": {"2015": {"Indicators": 0.5936747524736894, "Economic Policy & Debt": 0.4063252475263101}}, "featureImportances": {"2015": {"wdi2-NE.DAB.TOTL.CN": 0.4063252475263101, "ndgain-id_ecos_02-raw": 0.036918485098775, "ndgain-id_ecos_02-score": 0.0271876208253746, "ndgain-id_ecos_06-score": 0.1242753675571538, "ndgain-id_food_04-raw": 0.0937454730532246, "ndgain-id_food_04-score": 0.0952116096368196, "ndgain-id_habi_01-raw": 0.0364948612112718, "ndgain-id_habi_01-score": 0.037635292350488, "ndgain-id_habi_02-raw": 0.0727008481376285, "ndgain-id_habi_02-score": 0.0695051946029534}}}