{"data": {"2015": {"ATG": 0.5902577606393059, "BHS": 0.5292040122904776, "BRB": 0.6098811409675641, "BLZ": 0.6982964064408755, "CPV": 0.4934683316228461, "COM": 0.5561211001123255, "CUB": 0.837434915485488, "DMA": 0.3914462350174894, "DOM": 0.957003982098801, "FJI": 0.6666480715117371, "GRD": 0.5378695759419437, "GNB": 0.531836336869996, "GUY": 0.7280495886870428, "HTI": 0.747569649130645, "JAM": 0.941872618072802, "KIR": 0.661205807830812, "MDV": 0.611581441023215, "MHL": 0.5588412260373405, "MUS": 0.949964237304934, "FSM": 0.5990498987197086, "NRU": 0.4892891753758237, "PLW": 0.456821408225008, "PNG": 0.6931894534648749, "KNA": 0.5388200714360852, "LCA": 0.530695503476691, "VCT": 0.4745881446417308, "WSM": 0.6352632429669723, "STP": 0.5289278813095204, "SYC": 0.6316850757854116, "SGP": 0.992496765344765, "SLB": 0.5528013905941827, "SUR": 0.534657299243424, "TLS": 0.5553911594207034, "TON": 0.7147445634343551, "TTO": 0.343991836960724, "TUV": 0.4583508952169921, "VUT": 0.6762057726630643, "ABW": 0.805322219450694, "AIA": 0.6442299529452258, "ASM": 0.8271466879940197, "COK": 0.6442299529452258, "CUW": 0.7658799801818202, "GUM": 0.7150782608042417, "MNP": 0.8122582121282564, "MSR": 0.6442299529452258, "NCL": 0.7093476777547753, "NIU": 0.6442299529452258, "PRI": 0.8134145569580119, "PYF": 0.6979049598453909, "SXM": 0.8066873061862045, "VGB": 0.7820854780393541, "VIR": 0.8049509320580392}}, "upperIntervals": {"2015": {"ATG": 0.9502099194900304, "BHS": 0.948194288327595, "BRB": 0.969967085939215, "BLZ": 0.9499747914738778, "CPV": 0.9504393021100694, "COM": 0.9487873053633152, "DMA": 0.8480640881657132, "FJI": 0.9195014926152588, "GRD": 0.969967085939215, "GNB": 0.941872618072802, "GUY": 0.9560336364159846, "KIR": 0.9172990726974144, "MDV": 0.9179364701136205, "MHL": 0.8544777278293374, "FSM": 0.8810358782503847, "NRU": 0.9678370763061782, "PLW": 0.848746843072589, "PNG": 0.91726908396881, "KNA": 0.9677814373634998, "LCA": 0.967666403227936, "VCT": 0.969967085939215, "WSM": 0.8715433487957439, "STP": 0.837906184067092, "SYC": 0.920043549070822, "SLB": 0.9038359832009404, "TLS": 0.8439339212898235, "TON": 0.9038359832009404, "TUV": 0.8466323344267095, "VUT": 0.8778473851100204, "ABW": 0.9524407457096744, "AIA": 0.882332742934533, "ASM": 0.9620570288910962, "COK": 0.882332742934533, "CUW": 0.9588823955846034, "GUM": 0.9863294635015714, "MNP": 0.9614676656703026, "MSR": 0.882332742934533, "NCL": 0.9445022561197468, "NIU": 0.882332742934533, "PRI": 0.920477515709564, "PYF": 0.950425260136411, "SXM": 0.9884538095849604, "VGB": 0.9185832974117182, "VIR": 0.9392905060250516}}, "lowerIntervals": {"2015": {"ATG": 0.10296365595801, "BHS": 0.0, "BRB": 0.10296365595801, "BLZ": 0.0563937946501064, "CPV": 0.0563531828085433, "COM": 0.0111580466890731, "DMA": 0.0087758689699485, "FJI": 0.0088645141110591, "GRD": 0.0563531828085433, "GNB": 0.0088645141110591, "GUY": 0.3423530022806443, "KIR": 0.0563937946501064, "MDV": 0.1159966445447048, "MHL": 0.0, "FSM": 0.0, "NRU": 0.0, "PLW": 0.0, "PNG": 0.285833848668937, "KNA": 0.0696770450879851, "LCA": 0.0923476292651901, "VCT": 0.0562876523381862, "WSM": 0.0563937946501064, "STP": 0.0, "SYC": 0.0088645141110591, "SLB": 0.0, "TLS": 0.0, "TON": 0.5013990637276086, "TUV": 0.0, "VUT": 0.0593576332688701, "ABW": 0.534657299243424, "AIA": 0.0657219178935394, "ASM": 0.5875585163606883, "COK": 0.0657219178935394, "CUW": 0.0606678220102189, "GUM": 0.0202226073367396, "MNP": 0.5319197970735112, "MSR": 0.0657219178935394, "NCL": 0.0714129450637486, "NIU": 0.0657219178935394, "PRI": 0.6974197653604955, "PYF": 0.0786392738925032, "SXM": 0.0563531828085433, "VGB": 0.5392324911154679, "VIR": 0.6253126599259161}}, "categoryImportances": {"2015": {"Indicators": 0.8736604027344621, "Economic Policy & Debt": 0.1263395972655372}}, "featureImportances": {"2015": {"wdi2-NY.GDP.MKTP.CN": 0.1263395972655372, "ndgain-id_ecos_02-raw": 0.0908529547565429, "ndgain-id_ecos_02-score": 0.0410380809609852, "ndgain-id_ecos_06-score": 0.1819112717913268, "ndgain-id_food_04-score": 0.0636098378193475, "ndgain-id_habi_01-raw": 0.0825357559266238, "ndgain-id_habi_01-score": 0.0793481774202766, "ndgain-id_habi_02-raw": 0.1272177392545969, "ndgain-id_habi_02-score": 0.1111975968210697, "ndgain-id_habi_03-score": 0.0959489879836928}}}