{"data": {"2015": {"ATG": 44.681309187877325, "BHS": 77.3235706344036, "BRB": 41.66204301359768, "BLZ": 39.463705267420536, "CPV": 45.354268594512185, "COM": 37.15168615419614, "CUB": 42.6908031287722, "DMA": 45.56995480667759, "DOM": 58.08358014386564, "FJI": 43.80791853909909, "GRD": 38.65964071149007, "GNB": 34.133207482745775, "GUY": 41.38519126460567, "HTI": 42.93198936435024, "JAM": 45.868425367951936, "KIR": 33.542738712182455, "MDV": 42.42020785939509, "MHL": 55.14955917356499, "MUS": 41.81265176408346, "FSM": 36.7329432495691, "NRU": 82.23565277162345, "PLW": 42.10921737413808, "PNG": 60.79090864869487, "KNA": 40.094044007502255, "LCA": 42.50400080856903, "VCT": 39.74470049655204, "WSM": 48.7144726426968, "STP": 55.22294965709377, "SYC": 50.34659683082787, "SGP": 100.0, "SLB": 48.61103020217377, "SUR": 54.95000907794553, "TLS": 32.66583661445893, "TON": 44.99894491523755, "TTO": 44.424499683253806, "TUV": 6.41512950915625, "VUT": 42.63403316907538, "ABW": 61.99220323098375, "AIA": 48.18865750209954, "ASM": 60.52927626633928, "COK": 48.18865750209954, "CUW": 80.27568001149038, "GUM": 73.41185053909928, "MNP": 73.49059200988893, "MSR": 48.18865750209954, "NCL": 46.34138876601953, "NIU": 48.18865750209954, "PRI": 64.6904894165895, "PYF": 48.27985283533241, "SXM": 69.3086438755322, "VGB": 75.18188821621435, "VIR": 80.5682128434}}, "upperIntervals": {"2015": {"ATG": 90.61662140691574, "BHS": 98.9012639918023, "BRB": 87.81920169280538, "BLZ": 87.81521200280307, "CPV": 87.57787928827706, "COM": 81.509973196597, "DMA": 92.7353679543262, "DOM": 92.02399795754415, "FJI": 92.5318192459051, "GRD": 85.87256341949718, "GNB": 72.4275698314637, "GUY": 90.05404396062542, "HTI": 85.87256341949718, "JAM": 85.87256341949718, "KIR": 91.9153543642616, "MDV": 90.2404327979624, "MHL": 90.83844621012568, "MUS": 83.11359169026719, "FSM": 89.00750303467538, "NRU": 100.00000244488, "PLW": 91.79864431378904, "PNG": 99.65, "KNA": 86.5845870350175, "LCA": 95.4479436684014, "VCT": 85.87256341949718, "STP": 93.85387859133876, "SYC": 90.05404396062542, "SLB": 95.72029987600196, "SUR": 92.5389457600488, "TLS": 81.67730563280992, "TON": 94.83343369877542, "TTO": 87.33913321582367, "VUT": 89.60274622898561, "ABW": 90.1893166377747, "AIA": 92.6933394712704, "ASM": 90.69117217514231, "COK": 92.6933394712704, "CUW": 98.21397227744504, "GUM": 98.20717780484736, "MNP": 91.05768022471236, "MSR": 92.6933394712704, "NCL": 92.6938363154558, "NIU": 92.6933394712704, "PRI": 92.8580780810446, "PYF": 96.28471326274018, "SXM": 96.74385621761064, "VGB": 97.95839619296648, "VIR": 95.6891694981567}}, "lowerIntervals": {"2015": {"ATG": 12.7632125378075, "BHS": 30.45255335160593, "BRB": 11.384567228898527, "BLZ": 15.120190046063962, "CPV": 17.29829133848584, "COM": 11.996071718636635, "DMA": 19.245068868595222, "DOM": 16.5943395469461, "FJI": 6.41512950915625, "GRD": 10.806759619419571, "GNB": 16.121082280744023, "GUY": 12.754891629527602, "HTI": 6.41512950915625, "JAM": 9.03663555040191, "KIR": 6.41512950915625, "MDV": 6.41512950915625, "MHL": 25.929240911065616, "MUS": 6.41512950915625, "FSM": 6.41512950915625, "NRU": 6.41512950915625, "PLW": 16.1569531940171, "PNG": 9.03663555040191, "KNA": 12.7632125378075, "LCA": 13.484679579897346, "VCT": 12.537458391846048, "STP": 22.345610202152585, "SYC": 11.291402804213394, "SLB": 6.41512950915625, "SUR": 21.72912149772284, "TLS": 6.41512950915625, "TON": 10.88129115916768, "TTO": 15.232400891586586, "VUT": 12.7632125378075, "ABW": 26.4421981227094, "AIA": 16.5943395469461, "ASM": 31.98730031685346, "COK": 16.5943395469461, "CUW": 49.59045555287476, "GUM": 21.1480932796156, "MNP": 51.96780782483281, "MSR": 16.5943395469461, "NCL": 19.61712603541974, "NIU": 16.5943395469461, "PRI": 33.52312614207751, "PYF": 19.61712603541974, "SXM": 24.008485926172654, "VGB": 30.015819925102257, "VIR": 60.5150941785405}}, "categoryImportances": {"2015": {"Indicators": 0.9412215465924086, "Financial Sector": 0.0587784534075909}}, "featureImportances": {"2015": {"wdi-FM.AST.DOMS.CN": 0.0587784534075909, "ndgain-id_ecos_02-raw": 0.0343810257924067, "ndgain-id_ecos_02-score": 0.0271548168256408, "ndgain-id_ecos_06-score": 0.3345437077415862, "ndgain-id_food_04-raw": 0.1843301360311818, "ndgain-id_food_04-score": 0.2198751492212878, "ndgain-id_habi_01-raw": 0.0427146277036985, "ndgain-id_habi_01-score": 0.0467805718368112, "ndgain-id_habi_02-raw": 0.0264215060115156, "ndgain-id_habi_02-score": 0.0250200054282801}}}