{"data": {"2010": {"ASM": 7.267046984959995, "ATG": 7.420124692253994, "ABW": 9.450166862196014, "BHS": 8.030076607592028, "BRB": 7.924518797236011, "BLZ": 7.836626402888003, "VGB": 6.679876133812007, "CPV": 8.302564296804, "COM": 9.028713575658005, "CUB": 1.897184823, "CUW": 4.337899543, "DMA": 8.963915695861996, "DOM": 7.824726135, "FJI": 5.587100141816007, "PYF": 10.987601212601984, "GRD": 7.510595433767999, "GUM": 9.433829396104004, "GNB": 6.655044241695984, "GUY": 5.625687037760007, "HTI": 10.04784689, "JAM": 4.04040404, "KIR": 10.90695759106598, "MDV": 6.630215743465994, "MHL": 6.5092441092179865, "MUS": 4.644808743, "FSM": 11.54783945742399, "NRU": 6.42684311511399, "NCL": 10.690795983761989, "MNP": 6.570276398674017, "PLW": 5.08994096665999, "PNG": 10.09684248991203, "PRI": 7.980706795380018, "KNA": 8.389996946751992, "LCA": 8.085538843995993, "VCT": 9.497815210443994, "WSM": 7.595466197480007, "STP": 9.65127834121602, "SYC": 6.739274977763989, "SGP": 1.445347787, "SXM": 4.496526057013996, "SLB": 10.057632880759996, "SUR": 3.529411765, "TLS": 8.835690149887991, "TON": 5.606458974287988, "TTO": 1.88003581, "TUV": 7.249214011990005, "VIR": 7.243305055495998, "VUT": 7.796623307939988, "AIA": 11.063452000690004, "COK": 11.063452000690004, "MSR": 11.063452000690004, "NIU": 11.063452000690004}, "2011": {"ASM": 6.003532884619994, "ATG": 7.92553912805002, "ABW": 7.331746648440003, "BHS": 8.29079310853002, "BRB": 5.259173123324013, "BLZ": 6.5906360754159925, "VGB": 6.182237369149999, "CPV": 7.150315485931993, "COM": 7.809281892505992, "CUB": 2.183406114, "CUW": 3.454545455, "DMA": 7.693393020929988, "DOM": 7.113402062, "FJI": 6.453804668448989, "PYF": 10.034812934352, "GRD": 6.770114514181996, "GUM": 7.064369640018001, "GNB": 4.3280477362920005, "GUY": 7.280025376657992, "HTI": 9.813084112, "JAM": 3.830369357, "KIR": 10.381584177264015, "MDV": 6.9258969946740185, "MHL": 7.605050689383992, "MUS": 4.67032967, "FSM": 9.39244972213799, "NRU": 6.131087121031989, "NCL": 7.31251472724799, "MNP": 3.637244442654003, "PLW": 4.703229708527997, "PNG": 8.90939599087599, "PRI": 12.17906859643199, "KNA": 7.45546809498, "LCA": 7.353281115888015, "VCT": 10.118143791924007, "WSM": 6.473002024663989, "STP": 7.856096931047999, "SYC": 5.907399013646008, "SGP": 1.3478819, "SXM": 9.213015404017982, "SLB": 8.068684309432001, "SUR": 3.351955307, "TLS": 9.266674431035977, "TON": 8.23555410228402, "TTO": 1.708633094, "TUV": 10.183184349027997, "VIR": 6.015352962739981, "VUT": 7.765069918995998, "AIA": 10.403927008599329, "COK": 10.403927008599329, "MSR": 10.403927008599329, "NIU": 10.403927008599329}, "2012": {"ASM": 5.467020681025995, "ATG": 5.316272629873997, "ABW": 10.902395547999989, "BHS": 7.24893235605398, "BRB": 7.529187133793981, "BLZ": 6.401874929398035, "VGB": 3.968440312284008, "CPV": 6.702640276393999, "COM": 6.771951680154007, "CUB": 2.096985583, "CUW": 2.863436123, "DMA": 7.426060181807996, "DOM": 7.02106319, "FJI": 5.76238057520002, "PYF": 15.505563651196043, "GRD": 8.005931332355988, "GUM": 5.536941260843993, "GNB": 5.581701227526014, "GUY": 7.010500243389987, "HTI": 3.846153846, "JAM": 4.366812227, "KIR": 8.986171366747993, "MDV": 6.785160360384008, "MHL": 7.216011921421979, "MUS": 4.557640751, "FSM": 7.052992789225988, "NRU": 4.808073900723998, "NCL": 11.526352433198022, "MNP": 4.651662244691996, "PLW": 5.239619718125988, "PNG": 7.236795813566006, "PRI": 7.786770343859976, "KNA": 6.317724088558017, "LCA": 8.063287505385984, "VCT": 9.807163541231988, "WSM": 6.768477364029994, "STP": 6.489821030262019, "SYC": 4.011664778924004, "SGP": 1.34899913, "SXM": 5.0770040577260005, "SLB": 7.074864703778023, "SUR": 3.482587065, "TLS": 6.373918816316008, "TON": 8.315535671571988, "TTO": 1.497277677, "TUV": 8.04042757150199, "VIR": 5.48626365564999, "VUT": 7.48379331759001, "AIA": 10.230378861814003, "COK": 10.230378861814003, "MSR": 10.230378861814003, "NIU": 10.230378861814003}, "2013": {"ASM": 9.63446550234998, "ATG": 4.472688267913991, "ABW": 7.1593225773639775, "BHS": 3.4727751931399937, "BRB": 5.823201394253994, "BLZ": 7.968232377480015, "VGB": 5.297114299714001, "CPV": 6.607103333351973, "COM": 7.611853497141976, "CUB": 2.175390891, "CUW": 2.947845805, "DMA": 10.781405287559997, "DOM": 7.262569832, "FJI": 8.548627477264015, "PYF": 16.791507965464042, "GRD": 8.241026399471979, "GUM": 4.05193838555998, "GNB": 7.820298051496001, "GUY": 6.530305433549999, "HTI": 5.99078341, "JAM": 3.68852459, "KIR": 8.456161623021986, "MDV": 6.3591429504799954, "MHL": 6.39261137680399, "MUS": 4.699738903, "FSM": 6.139556967768003, "NRU": 4.177810826422003, "NCL": 9.538808127481996, "MNP": 4.80203454953, "PLW": 3.8374280072019946, "PNG": 8.092849462565981, "PRI": 6.396596096461989, "KNA": 5.064936382673998, "LCA": 6.692620353339988, "VCT": 13.152423708750009, "WSM": 5.936808014929987, "STP": 7.094709605337968, "SYC": 7.370267355869991, "SGP": 1.405709343, "SXM": 6.05437146480599, "SLB": 10.404130901504006, "SUR": 4.060913706, "TLS": 6.34675486652799, "TON": 9.45786835451797, "TTO": 2.309368192, "TUV": 6.645807805443988, "VIR": 8.196780926445992, "VUT": 7.906308846379985, "AIA": 11.248367046274012, "COK": 11.248367046274012, "MSR": 11.248367046274012, "NIU": 11.248367046274012}, "2014": {"ASM": 9.28748947223597, "ATG": 4.067910738133999, "ABW": 4.751492219152, "BHS": 4.766286364731985, "BRB": 5.060466372593978, "BLZ": 8.098361412859994, "VGB": 12.426491054923972, "CPV": 7.257574681753995, "COM": 7.991665128317996, "CUB": 2.173174873, "CUW": 2.736842105, "DMA": 8.127370973307992, "DOM": 7.580477674, "FJI": 7.998668054065984, "PYF": 9.192333626107985, "GRD": 5.381915902309991, "GUM": 13.263877578995965, "GNB": 6.407592936914016, "GUY": 6.078337776693989, "HTI": 3.985507246, "JAM": 3.626220363, "KIR": 9.731435323198014, "MDV": 9.815423778889969, "MHL": 5.3065033060980005, "MUS": 4.545454545, "FSM": 6.162183222321992, "NRU": 6.2226835580059845, "NCL": 12.184615291061998, "MNP": 6.352693575695985, "PLW": 3.877537494107989, "PNG": 8.475261752945995, "PRI": 12.64945323372799, "KNA": 6.92190934753599, "LCA": 5.969051865975972, "VCT": 7.884479440399985, "WSM": 6.173612252231983, "STP": 7.418052505678005, "SYC": 5.55236107999798, "SGP": 1.3239188, "SXM": 4.515622864609989, "SLB": 6.913038548394007, "SUR": 3.51758794, "TLS": 6.935717804845985, "TON": 14.021570252066006, "TTO": 1.680310211, "TUV": 10.091337678475988, "VIR": 13.493148567119997, "VUT": 9.129732889236008, "AIA": 10.191085805871984, "COK": 10.191085805871984, "MSR": 10.191085805871984, "NIU": 10.191085805871984}}, "upperIntervals": {"2010": {"ASM": 14.79660259, "ATG": 15.285748379999998, "ABW": 19.9428097, "BHS": 11.40135185, "BRB": 16.94193381, "BLZ": 14.402609209999998, "VGB": 11.59498271, "CPV": 15.285748379999998, "COM": 20.03383850699992, "DMA": 16.94193381, "FJI": 11.00856073, "PYF": 19.452191642999978, "GRD": 16.94193381, "GUM": 19.9428097, "GNB": 24.65300727, "GUY": 12.610649004999996, "KIR": 16.94193381, "MDV": 12.507898695999993, "MHL": 12.499999999999998, "FSM": 26.959578210000004, "NRU": 13.81434687, "NCL": 19.9428097, "MNP": 10.565761671499986, "PLW": 10.95770898, "PNG": 17.03958139, "PRI": 15.668789809999998, "KNA": 15.285748379999998, "LCA": 14.79660259, "VCT": 18.98148148, "WSM": 15.020849705499987, "STP": 25.35358329, "SYC": 14.402609209999998, "SXM": 10.81272085, "SLB": 24.83516484, "TLS": 15.703053288499968, "TON": 11.40135185, "TUV": 17.50552142799993, "VIR": 19.42810073, "VUT": 14.79660259, "AIA": 27.072390653499657, "COK": 27.072390653499657, "MSR": 27.072390653499657, "NIU": 27.072390653499657}, "2011": {"ASM": 12.556306310000002, "ATG": 17.84879189, "ABW": 15.274411664999985, "BHS": 16.39458365, "BRB": 12.556306310000002, "BLZ": 12.556306310000002, "VGB": 13.0293442, "CPV": 13.0293442, "COM": 15.162064506499854, "DMA": 15.61643836, "FJI": 12.556306310000002, "PYF": 17.84879189, "GRD": 13.634610943999991, "GUM": 17.84879189, "GNB": 11.76470588, "GUY": 12.556306310000002, "KIR": 23.726940467999977,