{"data": {"2020": {"ASM": 26.189648838961784, "ATG": 28.27960847161833, "ABW": 27.09741099505286, "BHS": 32.9058577790048, "BRB": 30.59865789479501, "BLZ": 34.92125828157159, "VGB": 27.03380028516784, "CPV": 29.887070502005294, "COM": 17.0791943848811, "CUB": 18.89728583, "CUW": 27.616801494640036, "DMA": 36.88356443446366, "DOM": 30.5845627, "FJI": 23.593121462044287, "PYF": 33.73530640112747, "GRD": 32.21931626497581, "GUM": 28.93365829521425, "GNB": 52.192850256743405, "GUY": 27.16875816464058, "HTI": 24.32400766, "JAM": 29.966614938627366, "KIR": 22.769085152515782, "MDV": 32.84528175333462, "MHL": 27.56539882955908, "MUS": 25.143364779802173, "FSM": 24.040914620643576, "NRU": 25.648442628299552, "NCL": 35.57169487949138, "MNP": 33.06698136985161, "PLW": 27.590127016989136, "PNG": 18.08669491550238, "PRI": 76.65594668, "KNA": 32.76681953080259, "LCA": 32.07935110695635, "VCT": 34.11954561635237, "WSM": 20.88347911149356, "STP": 16.341058569710317, "SYC": 34.00719021301064, "SGP": 100.0, "SXM": 29.03569054918501, "SLB": 11.680661215502086, "SUR": 26.70655740322784, "TLS": 16.447230346600517, "TON": 21.95280129029115, "TTO": 62.5569877287845, "TUV": 22.326512102109273, "VIR": 30.763694447806063, "VUT": 13.583894776238797, "AIA": 29.762603298176565, "COK": 29.762603298176565, "MSR": 29.762603298176565, "NIU": 29.762603298176565}}, "upperIntervals": {"2020": {"ASM": 44.162218970999994, "ATG": 39.92933859155, "ABW": 43.713772649, "BHS": 44.71182688066668, "BRB": 45.824456146, "BLZ": 57.97768662899999, "VGB": 46.65223447, "CPV": 43.005540613133334, "COM": 32.25381767, "CUW": 41.4322399, "DMA": 61.035695000000004, "FJI": 40.89745875449999, "PYF": 43.21864296774999, "GRD": 42.297563031, "GUM": 41.38399211569999, "GNB": 72.93073536, "GUY": 41.2874663135625, "JAM": 41.551234917249985, "KIR": 32.25381767, "MDV": 61.12805347, "MHL": 43.47996071225, "MUS": 41.493206870499996, "FSM": 32.31590296699999, "NRU": 47.75405731000001, "NCL": 44.07688841, "MNP": 42.85161576724999, "PLW": 42.82019851999999, "PNG": 26.284831837875, "KNA": 43.511132985416666, "LCA": 46.20146562266667, "VCT": 44.1195536905, "WSM": 32.25381767, "STP": 25.17596182, "SYC": 61.035695000000004, "SXM": 42.82019851999999, "SLB": 28.83928736, "SUR": 38.66848142388886, "TLS": 25.17596182, "TON": 35.561510817249996, "TTO": 77.82314934599994, "TUV": 30.609113965111106, "VIR": 43.402501412749984, "VUT": 29.99865353, "AIA": 57.81673882, "COK": 57.81673882, "MSR": 57.81673882, "NIU": 57.81673882}}, "lowerIntervals": {"2020": {"ASM": 12.434116545, "ATG": 20.61690371125, "ABW": 19.30314657561765, "BHS": 11.632882910450002, "BRB": 19.362366708949324, "BLZ": 14.57993088, "VGB": 12.37876724, "CPV": 17.11815807975, "COM": 9.967783778, "CUW": 18.071471650041904, "DMA": 20.711200260777776, "FJI": 14.37191647, "PYF": 18.905756073092785, "GRD": 18.099627567899997, "GUM": 20.709047185527776, "GNB": 29.99865353, "GUY": 15.802891190000002, "JAM": 20.616868699549997, "KIR": 12.5446901099, "MDV": 16.390585774500003, "MHL": 15.627508922000002, "MUS": 17.122538876862503, "FSM": 15.750711468199997, "NRU": 12.221613971225002, "NCL": 24.628109921306855, "MNP": 19.286402459601376, "PLW": 12.295245830000002, "PNG": 10.581965116257143, "KNA": 18.89728583, "LCA": 15.770581419999997, "VCT": 24.45883006466667, "WSM": 9.967783778, "STP": 10.84436658, "SYC": 19.085227289333332, "SXM": 18.73500957206598, "SLB": 4.169754347, "SUR": 16.630446080499997, "TLS": 8.6468688772375, "TON": 10.560568987449999, "TTO": 36.6015270365, "TUV": 14.57993088, "VIR": 19.6711593005, "VUT": 4.169754347, "AIA": 10.332726640774998, "COK": 10.332726640774998, "MSR": 10.332726640774998, "NIU": 10.332726640774998}}, "categoryImportances": {"2020": {"Environment": 0.6694488068461194, "Infrastructure": 0.09027831323759197, "Economic Policy & Debt": 0.009470822383468056, "Social Protection & Labor": 0.07284517954274021, "Health": 0.1579568779900804}}, "featureImportances": {"2020": {"wdi2-NE.DAB.TOTL.CN": 0.00410362625320879, "wdi2-NE.DAB.TOTL.KN": 0.005367196130259266, "wdi-EN.URB.LCTY.UR.ZS": 0.6694488068461194, "wdi-IT.NET.SECR.P6": 0.09027831323759197, "wdi2-SL.EMP.TOTL.SP.ZS": 0.019944806786155345, "wdi2-SL.TLF.CACT.ZS": 0.033268775377231476, "wdi2-SL.TLF.TOTL.IN": 0.005987072202790267, "wdi2-SL.UEM.TOTL.ZS": 0.013644525176563125, "wdi2-SP.POP.0004.FE.5Y": 0.054049676435537056, "wdi2-SP.POP.0004.MA.5Y": 0.10390720155454335}}}