{"data": {"2010": {"ASM": 25.92454327954397, "ATG": 30.76680582874192, "ABW": 23.805364040028017, "BHS": 37.307455873663976, "BRB": 25.227813039587986, "BLZ": 17.08079450135602, "VGB": 42.502746573578, "CPV": 28.241358482208007, "COM": 32.89883479887598, "CUB": 13.04247859, "CUW": 36.10939060738802, "DMA": 15.275417111650022, "DOM": 21.07742321, "FJI": 15.624956008600025, "PYF": 25.482284643829978, "GRD": 27.30674897932001, "GUM": 42.70848941470803, "GNB": 20.66458609805801, "GUY": 36.317678805730026, "HTI": 0.0, "JAM": 0.0, "KIR": 27.05670601846802, "MDV": 50.30704559084004, "MHL": 24.184112489664017, "MUS": 0.0, "FSM": 21.877639004226, "NRU": 34.436020099243954, "NCL": 45.381797311474095, "MNP": 30.18846125027596, "PLW": 28.58877607236596, "PNG": 28.92125203648601, "PRI": 42.972516505138046, "KNA": 42.447225380584, "LCA": 30.34408079710796, "VCT": 25.912178299528005, "WSM": 12.607250298026, "STP": 17.901218676406035, "SYC": 45.95048188818998, "SGP": 77.200679, "SXM": 54.17870315626995, "SLB": 20.951335108788, "SUR": 0.0, "TLS": 31.39012413329197, "TON": 30.804211950501983, "TTO": 99.71714791, "TUV": 30.17783180587396, "VIR": 58.51203082351199, "VUT": 28.68170940106797, "AIA": 35.234973859388, "COK": 35.234973859388, "MSR": 35.234973859388, "NIU": 35.234973859388}, "2011": {"ASM": 20.37254579414397, "ATG": 24.402020343145992, "ABW": 40.41343974581398, "BHS": 24.321291667653988, "BRB": 26.891079503275968, "BLZ": 22.399195136783984, "VGB": 13.509392502336016, "CPV": 17.750707884870003, "COM": 11.57192182487, "CUB": 11.56531532, "CUW": 25.44828282507405, "DMA": 14.188501701806, "DOM": 20.93340781, "FJI": 22.339105156919988, "PYF": 28.69494887488807, "GRD": 14.242125138773996, "GUM": 29.406357958310025, "GNB": 7.887448327730003, "GUY": 27.707233240699992, "HTI": 0.0, "JAM": 0.0, "KIR": 10.005043431982005, "MDV": 31.604176917500013, "MHL": 19.081312278768, "MUS": 0.0, "FSM": 12.57659917084799, "NRU": 22.99359492718798, "NCL": 37.97216143514196, "MNP": 21.24192610497196, "PLW": 21.13825392873995, "PNG": 21.72687226475006, "PRI": 19.504560003481988, "KNA": 33.602394366628005, "LCA": 19.214754489484, "VCT": 22.57987459916798, "WSM": 17.560079739660026, "STP": 9.695066155855995, "SYC": 22.545082411302, "SGP": 77.9694902, "SXM": 26.881102403534, "SLB": 19.97988417455997, "SUR": 0.0, "TLS": 19.762502442140025, "TON": 14.93689517016801, "TTO": 99.72640219, "TUV": 30.35559880300801, "VIR": 53.29121054471196, "VUT": 9.558776241378004, "AIA": 35.735155594337954, "COK": 35.735155594337954, "MSR": 35.735155594337954, "NIU": 35.735155594337954}, "2012": {"ASM": 18.389968156669955, "ATG": 26.13879052620603, "ABW": 31.20342839845399, "BHS": 17.53880426843, "BRB": 38.37449730818008, "BLZ": 21.510111876366, "VGB": 14.975712968834015, "CPV": 18.474237974212016, "COM": 12.586359016636006, "CUB": 11.35228999, "CUW": 25.78496634483999, "DMA": 28.596547673928, "DOM": 22.69664227, "FJI": 10.282326567739998, "PYF": 9.990646540468, "GRD": 25.25580843346397, "GUM": 35.708885418396115, "GNB": 11.818423117468004, "GUY": 20.11449270569001, "HTI": 0.0, "JAM": 0.0, "KIR": 8.828091259154002, "MDV": 30.60185907902405, "MHL": 14.755640051704, "MUS": 0.0, "FSM": 12.526562854962023, "NRU": 21.29779891853601, "NCL": 39.06277682933006, "MNP": 23.90119433555193, "PLW": 22.16846175751398, "PNG": 19.38016562032396, "PRI": 26.82435121052396, "KNA": 31.709466418720048, "LCA": 14.70218259964802, "VCT": 25.95781092388, "WSM": 29.74723357930004, "STP": 8.730116924366, "SYC": 25.34613312697799, "SGP": 84.29882268, "SXM": 19.97613896407602, "SLB": 21.39359716660801, "SUR": 0.0, "TLS": 17.66943307022, "TON": 11.244317938478, "TTO": 99.73718791, "TUV": 31.18678136331, "VIR": 21.80353038859401, "VUT": 12.104458398398014, "AIA": 38.89217015229008, "COK": 38.89217015229008, "MSR": 38.89217015229008, "NIU": 38.89217015229008}, "2013": {"ASM": 24.94406090632204, "ATG": 31.13437296875805, "ABW": 25.24378921197801, "BHS": 19.64881450441997, "BRB": 27.37239066853406, "BLZ": 13.100305087356013, "VGB": 27.69375329861592, "CPV": 17.285173532936014, "COM": 8.357965349517988, "CUB": 10.38140021, "CUW": 14.858603589902014, "DMA": 26.83024373701004, "DOM": 22.14367285, "FJI": 11.483735884388013, "PYF": 16.36580939681201, "GRD": 24.495396034468047, "GUM": 24.78808045591593, "GNB": 8.446414854805985, "GUY": 27.433510426880005, "HTI": 0.0, "JAM": 0.0, "KIR": 15.256792128850034, "MDV": 23.987845564352, "MHL": 32.46542036906606, "MUS": 0.0, "FSM": 17.080669497518016, "NRU": 24.61526692535006, "NCL": 23.02869186540993, "MNP": 28.653888881636, "PLW": 11.59267669207401, "PNG": 24.96318309809003, "PRI": 16.508988612471967, "KNA": 22.721025831728017, "LCA": 16.82753205028004, "VCT": 29.781777930506056, "WSM": 17.125474829884023, "STP": 13.868662493074012, "SYC": 34.73751504249999, "SGP": 91.79053138, "SXM": 20.375512497520013, "SLB": 11.191431535965997, "SUR": 0.0, "TLS": 47.51104078253199, "TON": 10.86548203434, "TTO": 99.74750132, "TUV": 33.29908244954206, "VIR": 11.427061731554016, "VUT": 9.885276409558005, "AIA": 36.69801686895206, "COK": 36.69801686895206, "MSR": 36.69801686895206, "NIU": 36.69801686895206}, "2014": {"ASM": 12.611073407825998, "ATG": 20.36272969603801, "ABW": 22.369189668679944, "BHS": 13.58612121691002, "BRB": 14.811579951874045, "BLZ": 12.063872777640006, "VGB": 23.279055246924063, "CPV": 26.56218832911193, "COM": 8.281421674498006, "CUB": 14.4273469, "CUW": 12.25544166628396, "DMA": 14.478369647347998, "DOM": 22.59653493, "FJI": 14.89712835421205, "PYF": 14.139250018230037, "GRD": 12.875073861829968, "GUM": 31.08465495605801, "GNB": 8.417169739698009, "GUY": 12.102301558690025, "HTI": 0.0, "JAM": 0.0, "KIR": 20.876089826260102, "MDV": 19.595600662000063, "MHL": 8.853700240883999, "MUS": 0.0, "FSM": 9.386029500625993, "NRU": 26.296563617140016, "NCL": 24.34847793490605, "MNP": 19.16271234378398, "PLW": 19.835848827928, "PNG": 22.385204298998, "PRI": 11.617742454837954, "KNA": 17.33905614354998, "LCA": 9.491387405380005, "VCT": 9.877324461760004, "WSM": 13.861412380040042, "STP": 13.901144782558044, "SYC": 54.151020766134096, "SGP": 95.26528959, "SXM": 14.95272417180002, "SLB": 19.025570273812043, "SUR": 0.0, "TLS": 33.416052537929964, "TON": 22.236387636606043, "TTO": 99.75745326, "TUV": 23.360655567639988, "VIR": 14.411832436959957, "VUT": 7.486291499890006, "AIA": 32.71605635746802, "COK": 32.71605635746802, "MSR": 32.71605635746802, "NIU": 32.71605635746802}}, "upperIntervals": {"2010": {"ASM": 64.10940097699971, "ATG": 71.17141504, "ABW": 56.73312711, "BHS": 71.17141504, "BRB": 56.73312711, "BLZ": 42.05137728249996, "VGB": 77.200679, "CPV": 76.47619826, "COM": 74.81663971, "CUW": 74.81663971, "DMA": 53.34818917, "FJI": 53.34818917, "PYF": 53.34818917, "GRD": 66.9579172229998, "GUM": 77.200679, "GNB": 54.96951285000001, "GUY": 75.95128728349997, "KIR": 74.85571660999997, "MDV": 81.8950115264996, "MHL": 63.7839285, "FSM": 63.7839285, "NRU": 71.17141504, "NCL": 64.27810903, "MNP": 64.62277433049968, "PLW": 63.7839285, "PNG": 49.98203779, "PRI": 92.7052853845, "KNA": 76.47619826, "LCA": 64.40101128749988, "VCT": 53.34818917, "WSM": 54.96951285000001, "STP": 54.96951285000001, "SYC": 77.200679, "SXM": 95.91375519, "SLB": 70.33727988999995, "TLS": 71.17141504, "TON": 71.17141504, "TUV": 63.7839285, "VIR": 90.27863777, "VUT": 63.79655587, "AIA": 51.12175464, "COK": 51.12175464, "MSR": 51.12175464, "NIU": 51.12175464}, "2011": {"ASM": 44.98781667, "ATG": 48.07881642000001, "ABW": 77.9694902, "BHS": 49.30688575, "BRB": 49.30688575, "BLZ": 48.11068633699998, "VGB": 53.6526517, "CPV": 54.33012608, "COM": 53.6526517, "CUW": 48.14021988649996, "DMA": 53.6526517, "FJI": 48.11068633699998, "PYF": 54.33012608, "GRD": 53.6526517, "GUM": 77.9694902, "GNB": 48.81329229999991, "GUY": 54.33012608, "KIR": 38.01799607, "MDV": 68.31547974, "MHL": 68.31547974, "FSM": 43.36447067299992, "NRU": 60.96276862, "NCL": 77.98294141299998, "MNP": 36.10848172, "PLW": 44.98781667, "PNG": 48.71621476, "PRI": 36.16844890149994,