{"data": {"2020": {"ASM": 10.632217627613247, "ATG": 17.525744362051704, "ABW": 10.652480549574468, "BHS": 11.704150544841763, "BRB": 11.538953604544067, "BLZ": 14.654541570572187, "VGB": 13.342844325988024, "CPV": 18.67121870268086, "COM": 22.095813880209494, "CUB": 3.7417719824757194, "CUW": 4.418805924413977, "DMA": 14.710512055053186, "DOM": 11.488055727265332, "FJI": 26.194051539077606, "PYF": 10.406764666627216, "GRD": 20.663708106379595, "GUM": 10.525955271895548, "GNB": 23.657225454091705, "GUY": 23.48377528334826, "HTI": 21.038367006466245, "JAM": 10.866486321272848, "KIR": 19.689523279892914, "MDV": 18.56796185654075, "MHL": 20.070322936452335, "MUS": 9.161557904350223, "FSM": 21.596183005980166, "NRU": 14.061246258344736, "NCL": 10.406764666627216, "MNP": 10.632217627613247, "PLW": 13.9682755059364, "PNG": 22.49477795563876, "PRI": 3.696903765275195, "KNA": 21.508487329147023, "LCA": 11.301491112731687, "VCT": 11.896576203255977, "WSM": 21.359580628281616, "STP": 24.590849185128747, "SYC": 11.302294965427686, "SGP": 8.656605696607844, "SXM": 10.718367681704915, "SLB": 23.352225800433274, "SUR": 19.42801416637255, "TLS": 24.57334875360123, "TON": 23.561416216849096, "TTO": 10.854374807314628, "TUV": 20.974178409397272, "VIR": 3.6928868947670526, "VUT": 22.575357640802302, "AIA": 20.525372746247548, "COK": 20.525372746247548, "MSR": 20.525372746247548, "NIU": 20.525372746247548}}, "upperIntervals": {"2020": {"ASM": 12.8773863645, "ATG": 43.8, "ABW": 12.708704545499998, "BHS": 21.969521633901042, "BRB": 13.136946807500001, "BLZ": 43.8, "VGB": 22.20131986818055, "CPV": 43.8, "COM": 43.8, "CUB": 4.568729694666667, "CUW": 7.214444444449998, "DMA": 43.8, "DOM": 43.8, "FJI": 43.8, "PYF": 12.711999999999998, "GRD": 43.8, "GUM": 12.951999999999998, "GNB": 43.8, "GUY": 43.8, "HTI": 43.8, "JAM": 43.8, "KIR": 43.8, "MDV": 43.8, "MHL": 43.8, "MUS": 12.7, "FSM": 24.89018548307381, "NRU": 22.483392481928572, "NCL": 12.711999999999998, "MNP": 12.8773863645, "PLW": 22.261796843709675, "PNG": 30.538461539999997, "PRI": 4.673809210524998, "KNA": 43.8, "LCA": 15.408363000999989, "VCT": 22.06252564144393, "WSM": 43.8, "STP": 29.08571429, "SYC": 18.611096532499996, "SGP": 12.885548369166665, "SXM": 12.8773863645, "SLB": 26.687359517899992, "SUR": 43.8, "TLS": 43.8, "TON": 28.063159415, "TTO": 14.889292420999993, "TUV": 30.538461539999997, "VIR": 4.393686484723333, "VUT": 43.8, "AIA": 27.899504214166654, "COK": 27.899504214166654, "MSR": 27.899504214166654, "NIU": 27.899504214166654}}, "lowerIntervals": {"2020": {"ASM": 8.607692308, "ATG": 8.780128205333334, "ABW": 8.607692308, "BHS": 8.604071234614286, "BRB": 8.771506410466667, "BLZ": 1.4, "VGB": 3.0625000000000004, "CPV": 1.4, "COM": 1.4, "CUB": 2.892335526367857, "CUW": 2.898684210571428, "DMA": 1.4, "DOM": 1.4, "FJI": 11.25365841270476, "PYF": 8.607692308, "GRD": 8.780128205333334, "GUM": 8.607692308, "GNB": 1.4, "GUY": 8.767885337080953, "HTI": 1.4, "JAM": 1.4, "KIR": 1.4, "MDV": 9.783901713633336, "MHL": 11.281161494, "MUS": 1.4, "FSM": 16.463551492075, "NRU": 10.020916088975001, "NCL": 8.607692308, "MNP": 8.607692308, "PLW": 10.180089460265, "PNG": 1.5, "PRI": 2.731798245666667, "KNA": 10.806716429626189, "LCA": 8.604071234614286, "VCT": 1.4, "WSM": 1.4, "STP": 21.49570104814286, "SYC": 8.18350729827143, "SGP": 3.605122441509722, "SXM": 8.780128205333334, "SLB": 19.30561141603571, "SUR": 1.5, "TLS": 1.4, "TON": 18.101073775000007, "TTO": 8.607692308, "TUV": 1.5, "VIR": 2.898684210571428, "VUT": 1.4, "AIA": 13.13955505048, "COK": 13.13955505048, "MSR": 13.13955505048, "NIU": 13.13955505048}}, "categoryImportances": {"2020": {"Economic Policy & Debt": 0.09242484176220456, "Private Sector & Trade": 0.8574005337715835, "Financial": 0.05017462446621177}}, "featureImportances": {"2020": {"wdi2-NY.GDP.MKTP.PP.CD": 0.007392069447341806, "wdi2-NY.GNP.MKTP.PP.KD": 0.017116138805762567, "mvi-wdi-BX.TRF.PWKR.DT.GD.ZS": 0.05017462446621177, "wdi-BX.TRF.PWKR.CD.DT": 0.011082647298105298, "wdi-BX.TRF.PWKR.DT.GD.ZS": 0.05683398621099488, "wdi-IC.CUS.DURS.EX": 0.029300741774470583, "wdi-IC.ELC.OUTG": 0.3061035260769114, "wdi-IC.ELC.OUTG.ZS": 0.2573724218237027, "wdi-IC.FRM.BKWC.ZS": 0.15442956683398068, "wdi-IC.FRM.BNKS.ZS": 0.11019427726251829}}, "performance": {"2020": 0.442037858782779}}