{"data": {"2020": {"ASM": 72550879285.13467, "ATG": 133910228.1820896, "ABW": 11984252274.14931, "BHS": 37515606065.82674, "BRB": 6260000.0, "BLZ": 331655691434.6129, "VGB": 327404663001.23444, "CPV": 3262959851.268875, "COM": 355986257.42178136, "CUB": 61573427377.77854, "CUW": 437452412320.38696, "DMA": 48311628758.13633, "DOM": 56531443881.37297, "FJI": 5827961877.838581, "PYF": 14818059190.848389, "GRD": 145145389.4482199, "GUM": 10297647562.202581, "GNB": 207758610.6350839, "GUY": 188316933.36200017, "HTI": 7091298792.894733, "JAM": 45170000.0, "KIR": 214950617.11096, "MDV": 5410011539.071291, "MHL": 41345118285.622025, "MUS": 310770000.0, "FSM": 201685562.013501, "NRU": 69031083326.00056, "NCL": 28683300453.960518, "MNP": 37769740331.209694, "PLW": 58009279607.10404, "PNG": 0.0, "PRI": 135039868681.46626, "KNA": 9836854842.564026, "LCA": 421245892.0368016, "VCT": 437442758.32437265, "WSM": 31165250808.883144, "STP": 35965032338.39828, "SYC": 140789803503.5921, "SGP": 2532460089636.6665, "SXM": 82400958641.32526, "SLB": 164076204.96845967, "SUR": 18374365901.357506, "TLS": 153667856.6184814, "TON": 185207643.8125651, "TTO": 231443831.4254457, "TUV": 2232220414.738003, "VIR": 726248212044.4995, "VUT": 154617842.25973982, "AIA": 4549873673800.0, "COK": 4549873673800.0, "MSR": 4549873673800.0, "NIU": 4549873673800.0}}, "upperIntervals": {"2020": {"ASM": 160756923208.33328, "ATG": 558206328.327738, "ABW": 2143471675.0783708, "BHS": 110545046326.38861, "BLZ": 1310000000000.0, "VGB": 1310000000000.0, "CPV": 5097517041.666665, "COM": 558206328.327738, "CUB": 203679127920.13882, "CUW": 3070000000000.0, "DMA": 229122744242.42416, "DOM": 145378778263.8887, "FJI": 3147445229.1666613, "PYF": 39779610000.0, "GRD": 487467995.14563084, "GUM": 39727610000.0, "GNB": 558206328.327738, "GUY": 790326265.7342631, "HTI": 39779610000.0, "KIR": 1047230354.5454531, "MDV": 1066128145.5902281, "MHL": 214337446752.84082, "FSM": 1712700000.0, "NRU": 81368478210.3171, "NCL": 203679127920.13882, "MNP": 205915789047.9796, "PLW": 214337446752.84082, "PRI": 80364009321.42825, "KNA": 2933430000.0, "LCA": 1712700000.0, "VCT": 1013639354.545455, "WSM": 2143471675.0783708, "STP": 53923192583.33331, "SYC": 1310000000000.0, "SGP": 3070000000000.0, "SXM": 24562083954.545376, "SLB": 558206328.327738, "SUR": 51039338941.91919, "TLS": 443397495.1456308, "TON": 1712700000.0, "TTO": 668581004.6402197, "TUV": 11464940999.999979, "VIR": 6340000000000.0, "VUT": 558206328.327738, "AIA": 34200000000000.0, "COK": 34200000000000.0, "MSR": 34200000000000.0, "NIU": 34200000000000.0}}, "lowerIntervals": {"2020": {"ASM": 0.0, "ATG": 0.0, "ABW": 5993617.021276595, "BHS": 50408.16326530613, "BLZ": 6260000.0, "VGB": 0.0, "CPV": 22448005.43478261, "COM": 0.0, "CUB": 69538500.0, "CUW": 0.0, "DMA": 617500.0000000001, "DOM": 159211166.6666667, "FJI": 5993617.021276595, "PYF": 50408.16326530613, "GRD": 0.0, "GUM": 50408.16326530613, "GNB": 1551914.8936170214, "GUY": 0.0, "HTI": 9286990.396158464, "KIR": 6246680.85106383, "MDV": 1551914.8936170214, "MHL": 5758936.170212766, "FSM": 0.0, "NRU": 0.0, "NCL": 0.0, "MNP": 0.0, "PLW": 1267500.0, "PRI": 0.0, "KNA": 3124750.0, "LCA": 0.0, "VCT": 0.0, "WSM": 0.0, "STP": 1267500.0, "SYC": 10700818.181818182, "SGP": 0.0, "SXM": 0.0, "SLB": 0.0, "SUR": 6246680.85106383, "TLS": 0.0, "TON": 0.0, "TTO": 17425474.452554744, "TUV": 650000.0, "VIR": 0.0, "VUT": 0.0, "AIA": 582000000000.0, "COK": 582000000000.0, "MSR": 582000000000.0, "NIU": 582000000000.0}}, "categoryImportances": {"2020": {"Infrastructure": 0.035780698313098144, "Economic Policy & Debt": 0.021625909415651446, "Health": 0.2573580784953368, "Environment": 0.6852353137759136}}, "featureImportances": {"2020": {"wdi2-NE.DAB.TOTL.CN": 0.007119061784911877, "wdi2-NY.GDY.TOTL.KN": 0.01450684763073957, "wdi2-SP.POP.GROW": 0.034107655821040375, "wdi2-SP.POP.TOTL": 0.22325042267429643, "wdi2-SP.RUR.TOTL": 0.13336410646147903, "wdi2-SP.RUR.TOTL.ZS": 0.061399857138777554, "wdi2-SP.URB.GROW": 0.022939662053815597, "wdi2-SP.URB.TOTL": 0.4029547940467453, "wdi2-SP.URB.TOTL.IN.ZS": 0.06457689407509613, "wdi-IT.NET.SECR.P6": 0.035780698313098144}}, "performance": {"2020": 0.7681568856804549}}