{"data": {"2010": {"ASM": 15.021795138333983, "ATG": 16.678251492545968, "ABW": 14.00088631903907, "BHS": 12.608056173916111, "BRB": 11.0808979603824, "BLZ": 15.192504860613644, "VGB": 13.865636070721958, "CPV": 15.632265967457393, "COM": 16.301834377749447, "CUB": 34.27172583, "CUW": 13.24200913, "DMA": 17.64303380085572, "DOM": 11.26760563, "FJI": 14.938331923373973, "PYF": 16.144976002178073, "GRD": 14.89011325276241, "GUM": 14.104578390345331, "GNB": 23.66758043649201, "GUY": 14.348424956969987, "HTI": 25.35885167, "JAM": 25.82972583, "KIR": 17.28743003138, "MDV": 13.98255544935972, "MHL": 16.501548449573985, "MUS": 9.56284153, "FSM": 24.51561363856399, "NRU": 16.18367447907396, "NCL": 15.954532521793752, "MNP": 12.019655423631631, "PLW": 16.070270035859966, "PNG": 15.796309780511017, "PRI": 12.71487645309993, "KNA": 16.54962040707199, "LCA": 18.43810903170801, "VCT": 20.034763066876003, "WSM": 15.78638797306998, "STP": 16.52611454123105, "SYC": 14.845635693910303, "SGP": 22.53839205, "SXM": 10.868846472692024, "SLB": 11.417466008341997, "SUR": 4.117647059, "TLS": 14.178989238733998, "TON": 14.65495966852833, "TTO": 18.93464637, "TUV": 14.46776305221834, "VIR": 10.513969126025486, "VUT": 14.812069515342005, "AIA": 19.091342976309345, "COK": 19.091342976309345, "MSR": 19.091342976309345, "NIU": 19.091342976309345}, "2011": {"ASM": 12.713124825128013, "ATG": 16.496577100888103, "ABW": 11.473070281078016, "BHS": 15.551792336434092, "BRB": 11.311180552126086, "BLZ": 11.249129249975974, "VGB": 12.598948910588003, "CPV": 16.600957681984045, "COM": 15.824745634086034, "CUB": 32.28081962, "CUW": 10.54545455, "DMA": 15.462501302060042, "DOM": 10.67010309, "FJI": 12.569953524188636, "PYF": 14.142424967528012, "GRD": 15.623541048384572, "GUM": 11.92764290148093, "GNB": 26.885950921755924, "GUY": 13.689222637068022, "HTI": 25.70093458, "JAM": 29.00136799, "KIR": 15.00071346485204, "MDV": 14.037056892946556, "MHL": 17.503654825768514, "MUS": 9.340659341, "FSM": 15.51397992889802, "NRU": 12.041301395143991, "NCL": 14.117264404866692, "MNP": 12.4161000052218, "PLW": 15.663740603057974, "PNG": 16.448953900192013, "PRI": 14.612383171376244, "KNA": 14.955871819114094, "LCA": 16.139593126668096, "VCT": 16.311860849577116, "WSM": 15.016968500355013, "STP": 18.818306343410026, "SYC": 14.61402355251456, "SGP": 22.52888318, "SXM": 12.78088745071124, "SLB": 13.768013158460018, "SUR": 3.351955307, "TLS": 14.85594775195, "TON": 15.724996821592509, "TTO": 15.87230216, "TUV": 14.61540953430124, "VIR": 12.358923510553993, "VUT": 18.28400351087068, "AIA": 18.912216793648025, "COK": 18.912216793648025, "MSR": 18.912216793648025, "NIU": 18.912216793648025}, "2012": {"ASM": 16.699025869737596, "ATG": 15.978601535328178, "ABW": 13.872960730381587, "BHS": 15.451762733391202, "BRB": 15.220864714903486, "BLZ": 14.508546210683347, "VGB": 15.500793094984372, "CPV": 16.032954104937033, "COM": 14.955546453978934, "CUB": 31.55307995, "CUW": 8.59030837, "DMA": 13.996872008282637, "DOM": 9.277833501, "FJI": 14.156251993116465, "PYF": 13.22487849494332, "GRD": 16.53133795157135, "GUM": 14.655463743012874, "GNB": 13.631782598492675, "GUY": 16.78839751306245, "HTI": 16.82692308, "JAM": 29.69432314, "KIR": 14.894840974923966, "MDV": 14.587729944384265, "MHL": 17.83701620009656, "MUS": 8.847184987, "FSM": 17.971733981898456, "NRU": 15.718036763659576, "NCL": 13.662428780070774, "MNP": 15.311540796566623, "PLW": 17.95044560503178, "PNG": 15.78176215395682, "PRI": 14.022784640268767, "KNA": 14.5948733399874, "LCA": 16.466766896705792, "VCT": 15.63723197391386, "WSM": 14.470333192932628, "STP": 16.29904379459875, "SYC": 16.810277790949797, "SGP": 22.7589208, "SXM": 14.42541808622186, "SLB": 13.917133031106168, "SUR": 3.980099502, "TLS": 14.152051001681194, "TON": 16.66526461669608, "TTO": 19.646098, "TUV": 14.772016108176802, "VIR": 14.363617184609232, "VUT": 15.724815279697925, "AIA": 16.045302540505045, "COK": 16.045302540505045, "MSR": 16.045302540505045, "NIU": 16.045302540505045}, "2013": {"ASM": 13.59916636533928, "ATG": 11.255818322201677, "ABW": 12.268805875130203, "BHS": 13.238653209611224, "BRB": 9.436566892784253, "BLZ": 13.252019388987792, "VGB": 11.557068635671296, "CPV": 15.914110612785922, "COM": 12.61985090136194, "CUB": 30.04758668, "CUW": 8.843537415, "DMA": 12.9780970918106, "DOM": 9.852717115, "FJI": 13.278375160488238, "PYF": 12.494736145489515, "GRD": 14.44013597330287, "GUM": 11.635650640259826, "GNB": 11.81392447414772, "GUY": 14.466416963487031, "HTI": 22.11981567, "JAM": 36.47540984, "KIR": 13.358413556956991, "MDV": 12.422479720436296, "MHL": 18.333231277563293, "MUS": 8.355091384, "FSM": 15.55617352399188, "NRU": 13.810662712932665, "NCL": 13.80242996494159, "MNP": 14.204052359800988, "PLW": 12.30596414353897, "PNG": 14.150176274709269, "PRI": 13.381696059314244, "KNA": 10.741818598225214, "LCA": 14.219681923992972, "VCT": 15.629080045292955, "WSM": 13.64068934111346, "STP": 17.20689984060928, "SYC": 13.764597908365886, "SGP": 24.89186851, "SXM": 11.429481659314234, "SLB": 7.797421945579481, "SUR": 3.045685279, "TLS": 13.304026823743351, "TON": 14.601698567522051, "TTO": 18.82352941, "TUV": 10.335610576617576, "VIR": 13.88814727629579, "VUT": 17.28589832580599, "AIA": 19.069869020317324, "COK": 19.069869020317324, "MSR": 19.069869020317324, "NIU": 19.069869020317324}, "2014": {"ASM": 15.235634869531422, "ATG": 18.556482343964664, "ABW": 11.847396093983482, "BHS": 18.90266281018776, "BRB": 18.449758658265804, "BLZ": 12.97028170358148, "VGB": 15.806540187877436, "CPV": 15.997249404350995, "COM": 18.130153748506498, "CUB": 29.8811545, "CUW": 8.421052632, "DMA": 13.629098528919863, "DOM": 11.63032191, "FJI": 12.68179041372374, "PYF": 14.039998505029692, "GRD": 18.04793295486408, "GUM": 20.558999015911056, "GNB": 14.81521917483692, "GUY": 19.71358094957262, "HTI": 24.63768116, "JAM": 35.70432357, "KIR": 18.604840912658737, "MDV": 17.618564899623028, "MHL": 18.354628218047868, "MUS": 8.333333333, "FSM": 17.922737347327345, "NRU": 18.582273224242464, "NCL": 15.894051378602295, "MNP": 17.578258959731034, "PLW": 18.375877965647184, "PNG": 15.47196170185137, "PRI": 14.766042243109167, "KNA": 16.96838805461721, "LCA": 17.921489096813662, "VCT": 16.201239836031323, "WSM": 14.251544000869425, "STP": 19.645982881201288, "SYC": 19.909689325486315, "SGP": 24.88967343, "SXM": 14.981489665609526, "SLB": 16.0100829104337, "SUR": 3.51758794, "TLS": 19.959526547190173, "TON": 16.78042926355281, "TTO": 22.40413615, "TUV": 15.455724497528845, "VIR": 15.336024665342675, "VUT": 18.383512947545075, "AIA": 16.603663066611013, "COK": 16.603663066611013, "MSR": 16.603663066611013, "NIU": 16.603663066611013}}, "upperIntervals": {"2010": {"ASM": 25.82972583, "ATG": 32.20024643199999, "ABW": 25.98941607, "BHS": 25.98941607, "BRB": 23.148790225999885, "BLZ": 29.367088610000003, "VGB": 26.02189399499997, "CPV": 25.97380603, "COM": 29.0271011, "DMA": 32.20024643199999, "FJI": 26.608303543999867, "PYF": 33.44807676, "GRD": 28.97110916, "GUM": 31.63361662, "GNB": 62.82227307000001, "GUY": 25.72952620449999, "KIR": 26.73889375449993, "MDV": 25.98941607, "MHL": 26.66189454, "FSM": 34.27172583, "NRU": 28.97110916, "NCL": 33.44807676, "MNP": 25.98941607, "PLW": 26.66189454, "PNG": 29.0271011, "PRI": 23.02174485, "KNA": 32.18882743, "LCA": 31.63361662, "VCT": 32.41720747, "WSM": 32.41720747, "STP": 25.82972583, "SYC": 31.63361662, "SXM": 19.592873909, "SLB": 25.71947605, "TLS": 25.97380603, "TON": 25.82972583, "TUV": 28.97110916, "VIR": 22.53839205, "VUT": 25.8779569295, "AIA": 25.97380603, "COK": 25.97380603, "MSR": 25.97380603, "NIU": 25.97380603}, "2011": {"ASM": 29.00136799, "ATG": 32.30821948499998, "ABW": 19.40517448, "BHS": 35.40512821, "BRB": 23.30566092, "BLZ": 22.0, "VGB": 29.49192965, "CPV": 29.49192965, "COM": 28.48740763, "DMA": 31.74206883, "FJI": 26.8115942, "PYF": 32.95711754, "GRD": 32.28081962, "GUM": 25.51086156, "GNB": 61.87893251999999, "GUY": 29.025896072999977, "KIR": 29.00136799,