{"data": {"2010": {"ASM": 2.421372142198181, "ATG": 2.139778119609441, "ABW": 2.4469430835649346, "BHS": 2.261653969661446, "BRB": 2.488582247651144, "BLZ": 2.1023462836709377, "VGB": 2.2660060171406378, "CPV": 2.26729482355998, "COM": 1.7240758568118018, "CUB": 2.451624967, "CUW": 2.0516400381766062, "DMA": 2.4955134566176453, "DOM": 2.741002368, "FJI": 2.174340914351089, "PYF": 2.491347916424405, "GRD": 2.493745605741994, "GUM": 2.0670492659004087, "GNB": 0.584233010257923, "GUY": 2.2201496771456704, "HTI": 0.647952772, "JAM": 2.797409928, "KIR": 2.637301294518636, "MDV": 2.323213050625688, "MHL": 2.583022800770329, "MUS": 2.778543269, "FSM": 2.56548689065114, "NRU": 2.2133801716036645, "NCL": 2.411570175328654, "MNP": 2.046133964464641, "PLW": 2.2313590580656486, "PNG": 1.6947202314627898, "PRI": 1.781086526708667, "KNA": 2.0984896110231617, "LCA": 2.496696830185703, "VCT": 2.592960153778405, "WSM": 1.7634711804667926, "STP": 1.7263447348514291, "SYC": 2.030928589493253, "SGP": 1.668550359, "SXM": 2.225506124789352, "SLB": 1.1868958203551343, "SUR": 2.425742988, "TLS": 1.9090170158773825, "TON": 2.343348707563276, "TTO": 1.127251213, "TUV": 2.240578636147024, "VIR": 2.018971587384548, "VUT": 1.8487288142103249, "AIA": 2.2290287470291763, "COK": 2.2290287470291763, "MSR": 2.2290287470291763, "NIU": 2.2290287470291763}, "2011": {"ASM": 2.186979958523492, "ATG": 2.31441624474291, "ABW": 2.1773190452787725, "BHS": 1.7937576520267675, "BRB": 2.601464354491669, "BLZ": 1.617914231888132, "VGB": 2.232656149427082, "CPV": 2.42706992731642, "COM": 1.6083296068361514, "CUB": 2.459188797, "CUW": 1.8317487293561163, "DMA": 2.014545385241397, "DOM": 2.721440781, "FJI": 2.1661118291136776, "PYF": 1.7760973471094368, "GRD": 2.0333662900368026, "GUM": 2.078171531314034, "GNB": 1.9371006151405432, "GUY": 1.944228365497908, "HTI": 0.712486867, "JAM": 2.664470582, "KIR": 2.461679032342299, "MDV": 2.742197463821383, "MHL": 2.1238090158102865, "MUS": 2.758787952, "FSM": 2.0264418409580207, "NRU": 2.0039589381838003, "NCL": 1.729468530750822, "MNP": 1.474308745686624, "PLW": 2.0025656345373144, "PNG": 1.848770237817287, "PRI": 2.260687944164399, "KNA": 2.203724529195482, "LCA": 2.150125434422013, "VCT": 1.9949512107108225, "WSM": 2.003444778032552, "STP": 1.8786013510501005, "SYC": 1.8060152047233515, "SGP": 1.703771035, "SXM": 2.208947099001373, "SLB": 2.1043962949505213, "SUR": 2.790889392, "TLS": 2.043563915163128, "TON": 2.246636553130172, "TTO": 1.174573597, "TUV": 2.4765719773607326, "VIR": 1.6784288493615926, "VUT": 1.9111423977596933, "AIA": 1.5046698093028703, "COK": 1.5046698093028703, "MSR": 1.5046698093028703, "NIU": 1.5046698093028703}, "2012": {"ASM": 2.266735955306006, "ATG": 2.2107516069539965, "ABW": 2.276012965575996, "BHS": 1.818105092264001, "BRB": 2.4103810244560044, "BLZ": 1.9449139078020032, "VGB": 2.4203278808460005, "CPV": 2.384590733935996, "COM": 2.129785984159998, "CUB": 2.405633903, "CUW": 2.010671062901999, "DMA": 2.171894776982, "DOM": 2.67240567, "FJI": 2.2715137217400043, "PYF": 1.9578346308219967, "GRD": 2.388699567110005, "GUM": 2.010008835818004, "GNB": 1.9932293417400024, "GUY": 2.023201595924004, "HTI": 0.613910475, "JAM": 2.567201278, "KIR": 2.647994035593995, "MDV": 2.74942258445199, "MHL": 1.9706468271420017, "MUS": 2.781493893, "FSM": 2.215123362340006, "NRU": 2.2335274586659937, "NCL": 1.714840908193998, "MNP": 1.7920199149339984, "PLW": 2.0855776062860016, "PNG": 1.5744031774239995, "PRI": 1.9596731726080017, "KNA": 2.1591625829200005, "LCA": 1.9283933919740013, "VCT": 2.0038402165659988, "WSM": 2.2571341976480057, "STP": 1.953910513515996, "SYC": 1.8979088436559943, "SGP": 1.678959308, "SXM": 2.013042989417999, "SLB": 2.1758258342260017, "SUR": 3.129761984, "TLS": 2.1020589102460057, "TON": 2.2748336073219986, "TTO": 1.149237235, "TUV": 2.338450601726002, "VIR": 2.014415417184, "VUT": 1.9310927039839991, "AIA": 1.705211800528001, "COK": 1.705211800528001, "MSR": 1.705211800528001, "NIU": 1.705211800528001}, "2013": {"ASM": 2.283862322169041, "ATG": 2.3593651488431875, "ABW": 2.43136884279258, "BHS": 1.9191744138537143, "BRB": 2.2086004868327045, "BLZ": 1.9434392649723145, "VGB": 2.3660951649373247, "CPV": 2.344944325605664, "COM": 1.9785227306912847, "CUB": 2.371507024, "CUW": 2.007130781488348, "DMA": 2.037121694252068, "DOM": 2.783754663, "FJI": 2.1017045668725904, "PYF": 1.842013561152937, "GRD": 2.342227298058525, "GUM": 2.222268304720421, "GNB": 2.0776065908561754, "GUY": 1.9895485619811035, "HTI": 0.666161067, "JAM": 2.63390341, "KIR": 2.461346064908987, "MDV": 2.338149569808608, "MHL": 2.392276044152552, "MUS": 2.772374953, "FSM": 2.286917730029165, "NRU": 2.195696594122265, "NCL": 1.623915853981608, "MNP": 1.8761062532316588, "PLW": 2.162949320617801, "PNG": 1.624109222766675, "PRI": 2.1544142209880284, "KNA": 2.113803554617733, "LCA": 1.9592097098300183, "VCT": 2.1998783285221952, "WSM": 2.291835721786151, "STP": 1.9846014362757487, "SYC": 2.073308543904894, "SGP": 1.666786654, "SXM": 2.137593515049244, "SLB": 2.285964431553304, "SUR": 3.309669438, "TLS": 2.193413820951672, "TON": 2.3009728537864773, "TTO": 1.159685949, "TUV": 2.3027258126993613, "VIR": 2.0834391237287018, "VUT": 2.129024296329204, "AIA": 1.697332006338926, "COK": 1.697332006338926, "MSR": 1.697332006338926, "NIU": 1.697332006338926}}, "upperIntervals": {"2010": {"ASM": 3.2051769089999995, "ATG": 2.802648210311771, "ABW": 2.768452057899753, "BHS": 2.74680217675, "BRB": 2.8046937997420005, "BLZ": 2.536673007082973, "VGB": 2.871781367711666, "CPV": 2.9069989993333336, "COM": 2.508799448427187, "CUW": 2.5896487395452525, "DMA": 2.7665567198687, "FJI": 2.619357394610552, "PYF": 2.7528927078903345, "GRD": 2.876337297827499, "GUM": 2.776790513083333, "GNB": 0.938595397, "GUY": 2.751071915877586, "KIR": 3.62975762, "MDV": 3.093718633989999, "MHL": 3.0944608867499985, "FSM": 3.62975762, "NRU": 2.822382979, "NCL": 2.649997675066511, "MNP": 2.529329320176461, "PLW": 2.8077111743836203, "PNG": 2.6572696165, "PRI": 3.016064183, "KNA": 2.9233161089999995, "LCA": 3.2051769089999995, "VCT": 3.201560331, "WSM": 2.4844832125011536, "STP": 2.429385316259948, "SYC": 3.013894155949999, "SXM": 2.854344965663492, "SLB": 1.82805632665, "TLS": 2.665580937426891, "TON": 2.91395591559, "TUV": 2.822382979, "VIR": 2.797503032550953, "VUT": 2.531737878591109, "AIA": 2.614740473501808, "COK": 2.614740473501808, "MSR": 2.614740473501808, "NIU": 2.614740473501808}, "2011": {"ASM": 3.016836036, "ATG": 3.188261118, "ABW": 3.192663876000001, "BHS": 2.664470582, "BRB": 3.192663876000001, "BLZ": 2.635632688, "VGB": 3.127954662, "CPV": 3.192663876000001, "COM": 2.758787952, "CUW": 3.016836036, "DMA": 2.698774906767375, "FJI": 3.192663876000001, "PYF": 2.8491499209833324, "GRD": 3.208702356, "GUM": 3.188261118, "GNB": 2.790889392, "GUY": 2.790889392, "KIR": 3.127954662, "MDV": 3.192663876000001, "MHL": 3.3235458168749994, "FSM": 2.790889392, "NRU": 3.192663876000001, "NCL": 2.8240305236999985, "MNP": 2.626126565, "PLW": 2.790889392, "PNG": 2.790889392, "PRI": 3.188261118, "KNA": 3.188261118, "LCA": 3.188261118, "VCT": 2.848394332, "WSM": 2.848394332, "STP": 2.721440781, "SYC": 2.790889392, "SXM": 3.0889028397, "SLB": 2.790889392, "TLS": 2.708011836858332, "TON": 3.10842875085, "TUV": 3.162170699, "VIR": 2.938049611, "VUT": 2.848926344975, "AIA": 2.640859572, "COK": 2.640859572, "MSR": 2.640859572, "NIU": 2.640859572}, "2012": {"ASM": 3.129761984, "ATG": 3.152580872, "ABW": 3.1342489140000005, "BHS": 3.039058971, "BRB": 3.311134386, "BLZ": 3.152580872, "VGB": 3.1342489140000005, "CPV": 3.152580872, "COM": 3.274265016, "CUW": 3.274265016, "DMA": 3.086475996, "FJI": 3.152580872, "PYF": 3.152580872, "GRD": 3.1247894460000003, "GUM": 3.152580872, "GNB": 3.039058971, "GUY": 3.129761984, "KIR": 3.274265016, "MDV": 3.1342489140000005, "MHL": 3.274265016, "FSM": 3.129761984, "NRU": 3.1342489140000005, "NCL": 3.039058971, "MNP": 3.039058971, "PLW": 3.129761984, "PNG": 3.129761984,