{"data": {"2020": {"ASM": 60.81426719779996, "ATG": 52.85258709601882, "ABW": 63.09945097328566, "BHS": 61.07665750328331, "BRB": 47.306896184630716, "BLZ": 56.46562549211903, "VGB": 45.775594466658006, "CPV": 35.66366720397148, "COM": 46.425377845933305, "CUB": 29.644244719799982, "CUW": 29.057484904999992, "DMA": 41.311210995166704, "DOM": 42.32135256480004, "FJI": 52.54981792232261, "PYF": 65.05352617386663, "GRD": 56.5617999368457, "GUM": 65.60883412276661, "GNB": 52.37362526195832, "GUY": 52.49837557192927, "HTI": 43.815783986433324, "JAM": 44.15435129470002, "KIR": 41.68089219733153, "MDV": 43.95284255927631, "MHL": 46.301884883495205, "MUS": 64.22293806535232, "FSM": 50.828881819309736, "NRU": 47.2619959198747, "NCL": 65.05352617386663, "MNP": 60.81426719779996, "PLW": 47.550043122974685, "PNG": 43.637463667878386, "PRI": 29.892777313599982, "KNA": 53.81844913445593, "LCA": 64.39646929389163, "VCT": 62.71604251831902, "WSM": 43.07533549423334, "STP": 61.89079817323356, "SYC": 60.73783824322498, "SGP": 35.24146919730001, "SXM": 61.21363782719996, "SLB": 59.39670413626566, "SUR": 44.56856313969664, "TLS": 55.519586341324995, "TON": 54.32289463407006, "TTO": 57.843596725983325, "TUV": 44.400527142838925, "VIR": 29.75216657049998, "VUT": 51.78201321515234, "AIA": 50.95469388486465, "COK": 50.95469388486465, "MSR": 50.95469388486465, "NIU": 50.95469388486465}}, "upperIntervals": {"2020": {"ASM": 69.89166667, "ATG": 69.89166667, "ABW": 69.89166667, "BHS": 69.89166667, "BRB": 69.73846154, "BLZ": 69.89166667, "VGB": 60.89999999999999, "CPV": 61.34192307699997, "COM": 65.97383333349998, "CUB": 32.28333333, "CUW": 32.344999996999995, "DMA": 69.7461217965, "DOM": 69.89166667, "FJI": 59.901825398666666, "PYF": 69.89166667, "GRD": 69.89166667, "GUM": 69.89166667, "GNB": 65.87449525312499, "GUY": 59.901825398666666, "HTI": 59.88809524, "JAM": 69.89166667, "KIR": 59.70000000000001, "MDV": 54.00927835, "MHL": 52.99903215512499, "MUS": 69.89166667, "FSM": 58.75668245986667, "NRU": 69.73846154, "NCL": 69.89166667, "MNP": 69.89166667, "PLW": 69.73846154, "PNG": 62.284722218, "PRI": 32.28333333, "KNA": 69.79463675433334, "LCA": 69.89166667, "VCT": 69.89166667, "WSM": 59.766450001, "STP": 69.75172414, "SYC": 69.89166667, "SGP": 60.89999999999999, "SXM": 69.89166667, "SLB": 69.27666667, "SUR": 62.422222217999995, "TLS": 69.27666667, "TON": 61.162500003999995, "TTO": 69.7461217965, "TUV": 54.675190472500006, "VIR": 32.28333333, "VUT": 69.27666667, "AIA": 69.73846154, "COK": 69.73846154, "MSR": 69.73846154, "NIU": 69.73846154}}, "lowerIntervals": {"2020": {"ASM": 43.1121753205, "ATG": 45.3392074635, "ABW": 47.16153846, "BHS": 46.22983173075, "BRB": 18.94, "BLZ": 28.900000000000002, "VGB": 32.8008333365, "CPV": 28.900000000000002, "COM": 28.900000000000002, "CUB": 14.0, "CUW": 14.0, "DMA": 28.900000000000002, "DOM": 28.900000000000002, "FJI": 28.900000000000002, "PYF": 54.49999999999999, "GRD": 41.11428571, "GUM": 54.49999999999999, "GNB": 28.900000000000002, "GUY": 28.900000000000002, "HTI": 28.900000000000002, "JAM": 28.900000000000002, "KIR": 28.900000000000002, "MDV": 17.1, "MHL": 43.15102490825, "MUS": 54.133076923, "FSM": 43.15102490825, "NRU": 43.15102490825, "NCL": 54.49999999999999, "MNP": 43.1121753205, "PLW": 43.15102490825, "PNG": 17.1, "PRI": 19.2, "KNA": 41.11428571, "LCA": 47.16153846, "VCT": 47.16153846, "WSM": 28.900000000000002, "STP": 45.65846153700001, "SYC": 45.1935389655, "SGP": 19.2, "SXM": 43.15454545, "SLB": 28.900000000000002, "SUR": 17.1, "TLS": 28.900000000000002, "TON": 41.11428571, "TTO": 42.025535717, "TUV": 17.1, "VIR": 14.0, "VUT": 28.900000000000002, "AIA": 42.985642169749994, "COK": 42.985642169749994, "MSR": 42.985642169749994, "NIU": 42.985642169749994}}, "categoryImportances": {"2020": {"Economic Policy & Debt": 0.14013454220205082, "Private Sector & Trade": 0.7930284550756618, "Financial": 0.06683700272228746}}, "featureImportances": {"2020": {"wdi2-NY.GDP.MKTP.PP.CD": 0.019706087183654252, "wdi2-NY.GNP.MKTP.PP.KD": 0.02769661582255821, "mvi-wdi-BX.TRF.PWKR.DT.GD.ZS": 0.06683700272228746, "wdi-BX.TRF.PWKR.CD.DT": 0.022764667108588217, "wdi-BX.TRF.PWKR.DT.GD.ZS": 0.06996717208725015, "wdi-IC.CUS.DURS.EX": 0.14494335219837812, "wdi-IC.ELC.OUTG": 0.07932573961489951, "wdi-IC.ELC.OUTG.ZS": 0.38728706745193264, "wdi-IC.FRM.BKWC.ZS": 0.10634476571539371, "wdi-IC.FRM.BNKS.ZS": 0.07512753009505772}}}