{"data": {"2011": {"ASM": 94.60422253368012, "ATG": 95.11948721770008, "ABW": 91.56681929601024, "BHS": 94.2030962124803, "BRB": 92.86795208142026, "BLZ": 60.02305218492018, "VGB": 95.3531391496804, "CPV": 74.57755068939997, "COM": 52.48301722123979, "CUB": 87.59646004, "CUW": 88.08536994534052, "DMA": 87.87268060891974, "DOM": 86.48453225, "FJI": 56.60054089710007, "PYF": 90.37305484593996, "GRD": 89.31108170073992, "GUM": 95.94970182626004, "GNB": 15.584334786288084, "GUY": 66.73392763996006, "HTI": 17.96016537, "JAM": 82.49309604, "KIR": 94.43194366364035, "MDV": 95.78227938948032, "MHL": 86.91059985270009, "MUS": 82.43970836, "FSM": 93.5322265613204, "NRU": 96.56051720092016, "NCL": 91.21576113482983, "MNP": 93.44428678008006, "PLW": 96.83553879952014, "PNG": 41.82709213197989, "PRI": 87.44869928900059, "KNA": 97.5087013417901, "LCA": 95.54290734094045, "VCT": 90.35689183723984, "WSM": 61.524003437899815, "STP": 58.03615293252, "SYC": 95.62319678880031, "SGP": 97.70145037, "SXM": 86.8721870393597, "SLB": 34.02987767219988, "SUR": 79.29074198, "TLS": 62.530288441879954, "TON": 96.41195491516036, "TTO": 99.92924194, "TUV": 94.36917590704012, "VIR": 94.08780171752014, "VUT": 61.673369051680176, "AIA": 68.24840160592005, "COK": 68.24840160592005, "MSR": 68.24840160592005, "NIU": 68.24840160592005}, "2012": {"ASM": 90.00319494345909, "ATG": 95.65891923269766, "ABW": 89.18533491798334, "BHS": 95.35552646687648, "BRB": 93.92729994858672, "BLZ": 63.81033382866764, "VGB": 95.80956780228156, "CPV": 63.31865806944226, "COM": 53.49232509115125, "CUB": 87.46447104, "CUW": 89.31338545216794, "DMA": 87.96635999251035, "DOM": 84.82242766, "FJI": 60.42150885853666, "PYF": 87.31862208137878, "GRD": 88.41780641552641, "GUM": 93.90707656704625, "GNB": 16.472584115822908, "GUY": 65.45619725694264, "HTI": 18.04955731, "JAM": 80.82174271, "KIR": 92.94895891099452, "MDV": 97.50607559015288, "MHL": 85.85073306329599, "MUS": 83.15324465, "FSM": 92.38832184666435, "NRU": 93.07776107806242, "NCL": 89.8370385623502, "MNP": 95.29081527515956, "PLW": 95.79221155464413, "PNG": 39.751555967106, "PRI": 88.96199789859556, "KNA": 96.02900098574092, "LCA": 93.78889866397564, "VCT": 90.41942685716884, "WSM": 60.4548216170462, "STP": 59.66663122395502, "SYC": 95.96095735499806, "SGP": 96.3290894, "SXM": 91.42456014471996, "SLB": 38.17361180328441, "SUR": 80.30943598, "TLS": 62.21042174650717, "TON": 94.96779745003803, "TTO": 99.92804798, "TUV": 89.01697960675459, "VIR": 81.40290674282376, "VUT": 60.3374065933252, "AIA": 69.91945778359583, "COK": 69.91945778359583, "MSR": 69.91945778359583, "NIU": 69.91945778359583}, "2013": {"ASM": 88.27857069712623, "ATG": 94.87394397609062, "ABW": 86.81369281155297, "BHS": 95.83940534808814, "BRB": 92.93001476482554, "BLZ": 67.72779110969446, "VGB": 94.85530432400368, "CPV": 74.59254932633463, "COM": 58.99370480169635, "CUB": 87.50883462, "CUW": 92.02476134262736, "DMA": 85.3248623553444, "DOM": 86.76671153, "FJI": 65.3321183153698, "PYF": 86.06244166928327, "GRD": 86.93731027708675, "GUM": 95.08085132136164, "GNB": 17.89722443148529, "GUY": 75.22842442607542, "HTI": 18.69779908, "JAM": 81.40787349, "KIR": 93.64858888680926, "MDV": 94.92732154228932, "MHL": 85.41930994590196, "MUS": 83.78117107, "FSM": 92.4814332051677, "NRU": 92.09091009656032, "NCL": 88.44497750668452, "MNP": 95.06701633722524, "PLW": 94.95998128276534, "PNG": 42.68408708311346, "PRI": 90.37680833302473, "KNA": 94.20626933511592, "LCA": 94.15021225205513, "VCT": 88.09684114239957, "WSM": 60.44653022010559, "STP": 60.167121286778624, "SYC": 95.16692203645306, "SGP": 94.00615626, "SXM": 91.25298033035776, "SLB": 36.19169561296695, "SUR": 76.88419915, "TLS": 78.4786291651394, "TON": 94.45914119362348, "TTO": 99.92994946, "TUV": 92.08762779341782, "VIR": 83.54119498814849, "VUT": 56.39894055847072, "AIA": 71.88854864595176, "COK": 71.88854864595176, "MSR": 71.88854864595176, "NIU": 71.88854864595176}, "2014": {"ASM": 84.24503186056904, "ATG": 91.95013241592764, "ABW": 87.94887788498866, "BHS": 92.54583441368528, "BRB": 92.6896231354433, "BLZ": 63.870110490503976, "VGB": 92.84452025906133, "CPV": 66.37644418566137, "COM": 58.80698187781071, "CUB": 85.59641456, "CUW": 84.52250512520722, "DMA": 86.66404335543645, "DOM": 86.56359598, "FJI": 62.97604745079254, "PYF": 85.85971754091578, "GRD": 88.99910269286585, "GUM": 89.8935660365335, "GNB": 16.96844963993762, "GUY": 75.3571627056824, "HTI": 22.01589404, "JAM": 80.97134481, "KIR": 94.1346652492781, "MDV": 92.1477831767466, "MHL": 88.29218998877577, "MUS": 84.5423603, "FSM": 92.26063922727748, "NRU": 90.02092942154636, "NCL": 94.4811181574014, "MNP": 91.73664768647114, "PLW": 96.32459455745928, "PNG": 41.04440479094464, "PRI": 82.122845478528, "KNA": 92.35720430825472, "LCA": 93.52554008609364, "VCT": 91.232793147132, "WSM": 65.85651534759819, "STP": 60.87588691678224, "SYC": 95.29400884555704, "SGP": 90.57887358, "SXM": 89.1451348718973, "SLB": 36.85595605937089, "SUR": 76.25349582, "TLS": 83.87989184032547, "TON": 90.51348397429186, "TTO": 99.91950642, "TUV": 84.8221205158548, "VIR": 77.88693091299298, "VUT": 65.71367818904498, "AIA": 70.71283320285417, "COK": 70.71283320285417, "MSR": 70.71283320285417, "NIU": 70.71283320285417}}, "upperIntervals": {"2011": {"ASM": 99.9958545135, "ATG": 99.88747563, "ABW": 96.81165029000002, "BHS": 99.23845358, "BRB": 97.70145037, "BLZ": 78.87501665, "VGB": 99.41712857, "CPV": 88.64308127, "COM": 71.64883909, "CUW": 99.23845358, "DMA": 97.17518204, "FJI": 73.87026165, "PYF": 97.86257155, "GRD": 97.17518204, "GUM": 100.0, "GNB": 26.230875731, "GUY": 87.03964201, "KIR": 98.90275075, "MDV": 99.41712857, "MHL": 96.48398605, "FSM": 99.23845358, "NRU": 100.0, "NCL": 97.86257155, "MNP": 99.44064592299998, "PLW": 100.0, "PNG": 57.32151683, "PRI": 98.78594551, "KNA": 99.92924194, "LCA": 99.23845358, "VCT": 97.17518204, "WSM": 73.87595173, "STP": 71.64883909, "SYC": 99.41712857, "SXM": 96.48398605, "SLB": 48.303862390000006, "TLS": 80.19388911, "TON": 99.41712857, "TUV": 100.0, "VIR": 99.92924194, "VUT": 71.64883909, "AIA": 78.87501665, "COK": 78.87501665, "MSR": 78.87501665, "NIU": 78.87501665}, "2012": {"ASM": 99.32734151700907, "ATG": 99.92804798, "ABW": 94.16552487, "BHS": 99.85327141341608, "BRB": 99.03840897, "BLZ": 75.03681752599998, "VGB": 99.1046182955, "CPV": 85.57870038349999, "COM": 72.68378039, "CUW": 99.03840897, "DMA": 96.93591366, "FJI": 75.81242014, "PYF": 92.73169325943331, "GRD": 95.01932949, "GUM": 99.90257264953333, "GNB": 29.68773614, "GUY": 87.46447104, "KIR": 98.24042053, "MDV": 99.92804798, "MHL": 94.16552487, "FSM": 99.32468489, "NRU": 99.85891737, "NCL": 96.93591366, "MNP": 99.92804798, "PLW": 99.92804798, "PNG": 52.6160022, "PRI": 97.88942416730984, "KNA": 99.503306154108, "LCA": 99.03840897, "VCT": 97.32109121, "WSM": 72.68378039, "STP": 72.68378039, "SYC": 99.92804798, "SXM": 99.85327141341608, "SLB": 47.57241299, "TLS": 88.63153032, "TON": 99.03840897, "TUV": 99.03840897, "VIR": 96.3290894, "VUT": 72.68378039, "AIA": 79.37942532, "COK": 79.37942532, "MSR": 79.37942532, "NIU": 79.37942532}, "2013": {"ASM": 97.22744583356516, "ATG": 99.52492730530898, "ABW": 95.8298429747428, "BHS": 99.3920734287943, "BRB": 98.93296533817086, "BLZ": 78.24480442163325, "VGB": 97.29144797407189, "CPV": 84.37199912960307, "COM": 78.8383122298382, "CUW": 97.2328298932867, "DMA": 92.63542939399998, "FJI": 76.2711372521143, "PYF": 95.18214832276236, "GRD": 96.62974644035214, "GUM": 99.27919040971844, "GNB": 26.73111821, "GUY": 90.21079131, "KIR": 98.93600997092275, "MDV": 98.98371086496547, "MHL": 96.23494051692384, "FSM": 99.23302131264624, "NRU": 98.96050914, "NCL": 96.75551868369396, "MNP": 99.56966111652886, "PLW": 99.29672303722622, "PNG": 59.51916184803571, "PRI": 97.27405567126048, "KNA": 98.42992437133464, "LCA": 98.9876490641354, "VCT": 96.42212567917385, "WSM": 73.5444977820893, "STP": 73.90594179767344, "SYC": 98.71503604678954, "SXM": 99.24264344656102, "SLB": 46.89518023,