{"data": {"2010": {"ASM": 82.65866196480792, "ATG": 75.14057352503202, "ABW": 74.91669843078193, "BHS": 86.70173084869587, "BRB": 77.64079150927195, "BLZ": 37.99604326879793, "VGB": 90.63359354428792, "CPV": 83.28748839216392, "COM": 80.78537252944187, "CUB": 52.57228258, "CUW": 75.8327360825459, "DMA": 76.86404537802777, "DOM": 88.1111922, "FJI": 54.59802653868011, "PYF": 66.93173747304402, "GRD": 83.03149774602991, "GUM": 86.2448271924219, "GNB": 69.67588018674806, "GUY": 81.64623156901197, "HTI": 69.84667802, "JAM": 92.31481481, "KIR": 85.60607305652385, "MDV": 86.19302475472796, "MHL": 89.8081419963118, "MUS": 75.67869096, "FSM": 71.78654375098004, "NRU": 81.14122101086383, "NCL": 77.07772960132584, "MNP": 78.16473409182596, "PLW": 85.72512063937585, "PNG": 52.89667918474196, "PRI": 85.70527066298799, "KNA": 79.55775366555999, "LCA": 75.90380798514997, "VCT": 71.259487435298, "WSM": 64.52775797344216, "STP": 75.12477340980601, "SYC": 89.44589241873396, "SGP": 97.40085095, "SXM": 90.42484077934998, "SLB": 80.39815060173787, "SUR": 29.81438515, "TLS": 79.96721585072605, "TON": 84.48573520350389, "TTO": 100.0, "TUV": 72.20460120556598, "VIR": 85.80422064746604, "VUT": 71.41070869729393, "AIA": 64.73960194238005, "COK": 64.73960194238005, "MSR": 64.73960194238005, "NIU": 64.73960194238005}, "2011": {"ASM": 70.79456593759605, "ATG": 50.19677822393598, "ABW": 79.25388533194996, "BHS": 49.94851073935598, "BRB": 62.973381128404135, "BLZ": 49.14715491865603, "VGB": 73.53782016651597, "CPV": 78.97965347613183, "COM": 63.30920801237608, "CUB": 56.03603604, "CUW": 49.23605036886193, "DMA": 72.08548361991993, "DOM": 87.91038292, "FJI": 49.502695591096, "PYF": 72.44043078076389, "GRD": 72.28433031217989, "GUM": 75.50466901757193, "GNB": 55.78342262038406, "GUY": 62.78258113170104, "HTI": 87.16861082, "JAM": 91.27347687, "KIR": 69.1137053711119, "MDV": 73.2536996989598, "MHL": 78.03387309417191, "MUS": 79.78762358, "FSM": 77.52962854127189, "NRU": 74.39142324715985, "NCL": 67.0241932365041, "MNP": 66.06150257935985, "PLW": 81.11544096549193, "PNG": 46.05782896416998, "PRI": 56.76818460111965, "KNA": 75.42681429600381, "LCA": 60.34422448861214, "VCT": 49.06116610099605, "WSM": 75.50271850248397, "STP": 56.27349605649204, "SYC": 62.407950402336105, "SGP": 97.36190186, "SXM": 71.78114428281594, "SLB": 44.46010595519592, "SUR": 39.3644285, "TLS": 73.68444879647583, "TON": 75.67645549439196, "TTO": 100.0, "TUV": 68.56152080947606, "VIR": 72.97223606912395, "VUT": 73.57700633259184, "AIA": 63.85840468346912, "COK": 63.85840468346912, "MSR": 63.85840468346912, "NIU": 63.85840468346912}, "2012": {"ASM": 72.23399517520004, "ATG": 57.384978373323975, "ABW": 67.55067150848802, "BHS": 52.02878182946001, "BRB": 69.21627880807502, "BLZ": 46.73608224984008, "VGB": 79.26358089479362, "CPV": 78.95682619760593, "COM": 67.57006205741993, "CUB": 56.43585848, "CUW": 51.43228403150006, "DMA": 81.99662563651398, "DOM": 85.52341118, "FJI": 51.25124671126799, "PYF": 66.29697920309616, "GRD": 69.50389503397605, "GUM": 72.38129150384688, "GNB": 44.07834116522797, "GUY": 70.24700985767998, "HTI": 79.90909091, "JAM": 89.07584129, "KIR": 63.50746489004399, "MDV": 80.21487773466886, "MHL": 71.39204698336394, "MUS": 79.2992492, "FSM": 76.61207949010405, "NRU": 76.57679552200004, "NCL": 72.63358369067903, "MNP": 63.20489254371003, "PLW": 80.90991504268159, "PNG": 46.023067846464045, "PRI": 62.75589356838789, "KNA": 77.28496702991184, "LCA": 52.696229433752, "VCT": 57.70500072375593, "WSM": 81.91966898600388, "STP": 54.849870404727895, "SYC": 75.9807887506479, "SGP": 97.31110685, "SXM": 68.16458223120398, "SLB": 45.546421193679976, "SUR": 36.76470588, "TLS": 75.94778917315985, "TON": 74.44091385094792, "TTO": 100.0, "TUV": 74.75708931044396, "VIR": 49.43663579292806, "VUT": 47.20045162018401, "AIA": 64.53921470820603, "COK": 64.53921470820603, "MSR": 64.53921470820603, "NIU": 64.53921470820603}, "2013": {"ASM": 46.50321773414988, "ATG": 48.63811385370581, "ABW": 68.97409719374386, "BHS": 69.17291874638194, "BRB": 51.476187902111874, "BLZ": 49.26158091359609, "VGB": 79.92458132626393, "CPV": 74.14535071926197, "COM": 51.48080533520002, "CUB": 58.72518286, "CUW": 55.026619239400006, "DMA": 62.763795194018, "DOM": 83.4303116, "FJI": 50.86215449069204, "PYF": 68.69801475907796, "GRD": 53.88801868645997, "GUM": 78.14571209138596, "GNB": 35.94438512693192, "GUY": 66.37206198706605, "HTI": 86.63507109, "JAM": 90.15777611, "KIR": 70.59155440781602, "MDV": 59.681450127289935, "MHL": 67.57898806130596, "MUS": 79.39750693, "FSM": 71.13958800159206, "NRU": 68.65380586518597, "NCL": 70.34140647223612, "MNP": 56.97395763201993, "PLW": 76.18948847609785, "PNG": 47.05510209908603, "PRI": 56.02629703012208, "KNA": 69.49310864170597, "LCA": 58.971249012976045, "VCT": 49.880482271119874, "WSM": 71.40919161777985, "STP": 59.36754685145001, "SYC": 74.50442006958008, "SGP": 97.13565011, "SXM": 60.777339464638, "SLB": 51.218931650402, "SUR": 40.06410256, "TLS": 67.8831379263822, "TON": 65.46227262589798, "TTO": 100.0, "TUV": 71.14954091360997, "VIR": 46.26206270972016, "VUT": 37.02372635093393, "AIA": 61.68970407264005, "COK": 61.68970407264005, "MSR": 61.68970407264005, "NIU": 61.68970407264005}, "2014": {"ASM": 45.92846836925406, "ATG": 61.66964077245953, "ABW": 70.52580301218373, "BHS": 57.16813965501351, "BRB": 60.37020631323181, "BLZ": 50.7535156686, "VGB": 75.2648275915561, "CPV": 72.60819106333962, "COM": 48.552902395839936, "CUB": 60.3635237, "CUW": 49.109470889014034, "DMA": 54.33783431437405, "DOM": 86.66062734, "FJI": 67.08764914125982, "PYF": 53.13736268971987, "GRD": 74.36723143894574, "GUM": 50.18303196521386, "GNB": 37.75768457575404, "GUY": 57.09457210457584, "HTI": 91.2875121, "JAM": 90.20368574, "KIR": 77.06962524302801, "MDV": 64.14095375939787, "MHL": 74.39386696438572, "MUS": 79.7071842, "FSM": 68.18375587913164, "NRU": 75.14782944986173, "NCL": 63.97940895230809, "MNP": 56.6521809843335, "PLW": 75.7593806833317, "PNG": 38.65656137212802, "PRI": 42.088950642384106, "KNA": 73.71691681915976, "LCA": 70.00864716338096, "VCT": 70.21074433404095, "WSM": 72.6553371799609, "STP": 61.21615217037584, "SYC": 71.84452529470828, "SGP": 97.06156339, "SXM": 62.96538060235764, "SLB": 38.55298977984805, "SUR": 37.66055046, "TLS": 68.91558949740393, "TON": 48.356700413320006, "TTO": 100.0, "TUV": 58.024140493647806, "VIR": 47.33483824022813, "VUT": 39.58514368765411, "AIA": 59.79430754209993, "COK": 59.79430754209993, "MSR": 59.79430754209993, "NIU": 59.79430754209993}}, "upperIntervals": {"2010": {"ASM": 100.0, "ATG": 98.97610922, "ABW": 94.41535777, "BHS": 100.0, "BRB": 100.0, "BLZ": 52.60017394049997, "VGB": 100.0, "CPV": 99.5767268, "COM": 100.0, "CUW": 98.62833521000002, "DMA": 84.14597508, "FJI": 75.67869096, "PYF": 81.4335768, "GRD": 100.0, "GUM": 100.0, "GNB": 100.0, "GUY": 100.0, "KIR": 100.0, "MDV": 99.75773048, "MHL": 100.0, "FSM": 99.50598904, "NRU": 99.5767268, "NCL": 88.1111922, "MNP": 100.0, "PLW": 100.0, "PNG": 66.60066508749992, "PRI": 99.75773048, "KNA": 99.50598904, "LCA": 100.0, "VCT": 82.56590064, "WSM": 82.56590064, "STP": 94.66013238, "SYC": 100.0, "SXM": 100.0, "SLB": 100.0, "TLS": 100.0, "TON": 100.0, "TUV": 99.99999999999996, "VIR": 100.0, "VUT": 82.56590064, "AIA": 73.69135839, "COK": 73.69135839, "MSR": 73.69135839, "NIU": 73.69135839}, "2011": {"ASM": 89.21058946, "ATG": 67.13735943299987, "ABW": 99.5616979045, "BHS": 65.8033241, "BRB": 87.20569942499996, "BLZ": 71.28926702, "VGB": 93.37245864249994, "CPV": 98.02504926, "COM": 89.21058946, "CUW": 60.53981859, "DMA": 89.21058946, "FJI": 71.28926702, "PYF": 89.21058946, "GRD": 89.21058946, "GUM": 99.79543827, "GNB": 87.16861082, "GUY": 87.9989314, "KIR": 87.91038292, "MDV": 92.15719064, "MHL": 99.28618107, "FSM": 90.89575682, "NRU": 99.28618107, "NCL": 92.15719064, "MNP": 78.78384376, "PLW": 90.89575682, "PNG": 62.776427, "PRI": 68.41785822, "KNA": 90.89575682, "LCA": 87.9989314, "VCT": 71.28926702, "WSM": 89.62833851749996,