{"data": {"2010": {"ASM": 3.088897125981993, "ATG": 0.2661558485159998, "ABW": 2.2474837204600107, "BHS": 0.3515092986920005, "BRB": 2.534102249192008, "BLZ": 18.97352225362, "VGB": 0.4560504247659979, "CPV": 10.985936729227989, "COM": 31.84901829943592, "CUB": 7.908994369, "CUW": 0.2711956036239996, "DMA": 3.3733933085860173, "DOM": 10.17092816, "FJI": 15.408459438533953, "PYF": 4.175101592794, "GRD": 5.361396080136013, "GUM": 0.0571799924039999, "GNB": 74.61829520795608, "GUY": 21.336442922111992, "HTI": 60.43070948, "JAM": 8.930632237, "KIR": 4.202415109562008, "MDV": 0.320707080554, "MHL": 8.686658539881988, "MUS": 7.08646113, "FSM": 3.4637839909719963, "NRU": 0.4276025250959992, "NCL": 1.2340192714340017, "MNP": 0.1794960427259999, "PLW": 0.354905641937999, "PNG": 40.44959870429412, "PRI": 0.1966508700279996, "KNA": 0.4167366990659991, "LCA": 1.3115246867419978, "VCT": 2.542958895315999, "WSM": 27.92562087599804, "STP": 30.22553099460593, "SYC": 0.4064992462519983, "SGP": 0.0, "SXM": 2.053505504086001, "SLB": 43.84012452942009, "SUR": 6.091403111, "TLS": 26.004078753205945, "TON": 0.7010127845359988, "TTO": 0.061241336, "TUV": 0.5332409380319999, "VIR": 0.1695497130599995, "VUT": 27.52123833346993, "AIA": 14.244870881161946, "COK": 14.244870881161946, "MSR": 14.244870881161946, "NIU": 14.244870881161946}, "2011": {"ASM": 2.870360689321079, "ATG": 0.3387408224710017, "ABW": 2.0746576108365264, "BHS": 0.3553153469244237, "BRB": 1.5495927921647046, "BLZ": 13.655654699067318, "VGB": 0.4995326316279365, "CPV": 11.340972678259782, "COM": 31.79760733505347, "CUB": 10.09598752, "CUW": 0.106610554555746, "DMA": 5.518026197534534, "DOM": 9.735764283, "FJI": 19.51704536469432, "PYF": 3.4209047764903864, "GRD": 6.382371468508946, "GUM": 0.0626110605126187, "GNB": 74.66394094077583, "GUY": 23.832537237952657, "HTI": 60.27949333, "JAM": 8.891856326, "KIR": 3.632679725160663, "MDV": 0.3719782883079082, "MHL": 7.650262876736404, "MUS": 6.445637629, "FSM": 3.9492875225376967, "NRU": 0.3118737004256286, "NCL": 1.6544634106238392, "MNP": 0.0849477456107441, "PLW": 0.2952915063847312, "PNG": 39.49823768270515, "PRI": 0.171941399585909, "KNA": 0.2848295242961752, "LCA": 1.8314920178769605, "VCT": 3.189796292830489, "WSM": 24.24336905780549, "STP": 29.79124254610296, "SYC": 0.5082687302524209, "SGP": 0.0, "SXM": 8.452294917209482, "SLB": 45.30668934142675, "SUR": 6.144965951, "TLS": 23.373845467230705, "TON": 1.0599034240685352, "TTO": 0.06163599, "TUV": 0.5221816003987326, "VIR": 0.1196230000960228, "VUT": 27.31886357483541, "AIA": 13.24803105116508, "COK": 13.24803105116508, "MSR": 13.24803105116508, "NIU": 13.24803105116508}, "2012": {"ASM": 4.2743375143330455, "ATG": 0.1409945669479668, "ABW": 2.4088046799414427, "BHS": 0.3107963898379902, "BRB": 1.5926756213333204, "BLZ": 22.21115722546428, "VGB": 0.3517194734554037, "CPV": 11.316712593630433, "COM": 33.428164379841114, "CUB": 10.23884653, "CUW": 0.2136774562744652, "DMA": 4.5429388713588965, "DOM": 9.452848736, "FJI": 15.429445639421486, "PYF": 3.4289430127004694, "GRD": 6.581117282673031, "GUM": 0.1255402090157081, "GNB": 64.1312482210604, "GUY": 14.167625824124702, "HTI": 59.96002215, "JAM": 10.98651754, "KIR": 2.801140727369846, "MDV": 0.2294821568963058, "MHL": 6.788493111840977, "MUS": 5.9224389, "FSM": 3.591485452413955, "NRU": 0.2851360227402275, "NCL": 1.7270833264756364, "MNP": 0.1491863294321414, "PLW": 0.3677383335745329, "PNG": 37.24582478323605, "PRI": 0.2399611738495528, "KNA": 0.3157761487790208, "LCA": 1.57738759613247, "VCT": 2.310290588108048, "WSM": 25.16910720842337, "STP": 28.485315588712083, "SYC": 0.3054154211358654, "SGP": 0.0, "SXM": 0.1616995107742262, "SLB": 43.71983042454327, "SUR": 5.840469362, "TLS": 14.20267856140396, "TON": 1.181536727734758, "TTO": 0.062605374, "TUV": 0.4716368518511974, "VIR": 0.3342180315655897, "VUT": 27.358099786149104, "AIA": 13.165092025470482, "COK": 13.165092025470482, "MSR": 13.165092025470482, "NIU": 13.165092025470482}, "2013": {"ASM": 0.6301489972862199, "ATG": 0.2161942906877897, "ABW": 2.452008550930525, "BHS": 0.3810435657481892, "BRB": 0.5910636761829938, "BLZ": 19.993639018095564, "VGB": 0.3318421220335542, "CPV": 12.538005919503751, "COM": 27.798717712623, "CUB": 10.08589677, "CUW": 0.243612683231969, "DMA": 4.059427829698285, "DOM": 10.66517846, "FJI": 22.425728768089304, "PYF": 2.873277016639936, "GRD": 5.587827007980175, "GUM": 0.1269058490171256, "GNB": 67.61290986966308, "GUY": 12.636278519538156, "HTI": 60.40924251, "JAM": 10.77291503, "KIR": 2.917178316347165, "MDV": 0.4216597871738382, "MHL": 6.9994510999322, "MUS": 5.611343441, "FSM": 3.5819731631416825, "NRU": 0.3742691150919932, "NCL": 1.917693018496177, "MNP": 0.2094150297998102, "PLW": 0.2164412155268441, "PNG": 38.01131606404669, "PRI": 0.3771793681685687, "KNA": 0.4267061669588525, "LCA": 1.7885851531727277, "VCT": 2.7187997357421323, "WSM": 25.25605511128116, "STP": 28.195546737406453, "SYC": 0.6525998626169703, "SGP": 0.028441889, "SXM": 0.2227587216441664, "SLB": 42.89170717981853, "SUR": 6.842344113, "TLS": 12.7727895174706, "TON": 1.0156476847338571, "TTO": 0.060866931, "TUV": 0.5215044763178156, "VIR": 0.531957903544778, "VUT": 29.62166891703957, "AIA": 13.15062973705695, "COK": 13.15062973705695, "MSR": 13.15062973705695, "NIU": 13.15062973705695}, "2014": {"ASM": 0.5174228529639673, "ATG": 0.2100857767495534, "ABW": 2.7298988245996223, "BHS": 0.3942404012926199, "BRB": 0.595351387635286, "BLZ": 22.05520961124701, "VGB": 0.3542657770438604, "CPV": 11.524779426219885, "COM": 31.00042619364749, "CUB": 11.37567114, "CUW": 0.2792891900203095, "DMA": 3.0486646554462986, "DOM": 10.0495773, "FJI": 18.72362877917899, "PYF": 3.514812642989208, "GRD": 6.385373811152977, "GUM": 0.2172989776756471, "GNB": 68.83174051502026, "GUY": 10.651511967428512, "HTI": 58.97003451, "JAM": 11.13282011, "KIR": 2.514802738213304, "MDV": 0.2424888255294838, "MHL": 7.596716224630553, "MUS": 5.095081809, "FSM": 3.1467661745215407, "NRU": 0.3458537108627461, "NCL": 0.9260747390611191, "MNP": 0.2302063933195906, "PLW": 0.0729048264260073, "PNG": 37.355939061832935, "PRI": 0.5911788380062207, "KNA": 0.5641888731470591, "LCA": 1.5585721529636891, "VCT": 3.267287737064644, "WSM": 19.604493938222152, "STP": 26.82968054450108, "SYC": 0.3358026205400163, "SGP": 0.044713301, "SXM": 0.2360714888015874, "SLB": 43.89943530376912, "SUR": 6.917737752, "TLS": 10.533927550865684, "TON": 0.8638583462449732, "TTO": 0.060358684, "TUV": 0.4510767956430058, "VIR": 0.93894139244215, "VUT": 20.850170979416685, "AIA": 13.29075693078156, "COK": 13.29075693078156, "MSR": 13.29075693078156, "NIU": 13.29075693078156}}, "upperIntervals": {"2010": {"ASM": 23.24529087, "ATG": 1.3813282968499978, "ABW": 4.807830885, "BHS": 1.3633171109999993, "BRB": 5.733435715000001, "BLZ": 32.55941216399993, "VGB": 1.110269961, "CPV": 23.24529087, "COM": 39.88387818, "CUW": 1.379045501, "DMA": 8.69149161, "FJI": 23.46868895, "PYF": 8.501924433, "GRD": 8.930632237, "GUM": 0.430748758, "GNB": 90.42811251, "GUY": 33.99440282, "KIR": 23.24529087, "MDV": 1.110269961, "MHL": 10.17092816, "FSM": 23.24529087, "NRU": 1.840428861, "NCL": 2.8755131212999965, "MNP": 1.110269961, "PLW": 1.110269961, "PNG": 49.31050777000001, "PRI": 0.62044297, "KNA": 1.492058669, "LCA": 2.9469269070000004, "VCT": 8.037316361, "WSM": 45.07991676, "STP": 39.88387818, "SYC": 0.752452544, "SXM": 4.327536961, "SLB": 58.6085841, "TLS": 42.39084749, "TON": 2.9469269070000004, "TUV": 1.974533799699991, "VIR": 0.430748758, "VUT": 42.39084749, "AIA": 23.77736341, "COK": 23.77736341, "MSR": 23.77736341, "NIU": 23.77736341}, "2011": {"ASM": 15.01533576, "ATG": 1.138083755, "ABW": 4.255180562, "BHS": 0.9688029472916668, "BRB": 2.710001593, "BLZ": 24.14296441533332, "VGB": 0.9155913634833264, "CPV": 24.691582350000004, "COM": 39.83392762, "CUW": 0.298158863, "DMA": 9.266886774457843, "FJI": 34.72436486349979, "PYF": 6.130717040999999, "GRD": 9.569184176, "GUM": 0.246548315,