{"data": {"2020": {"ASM": 19.83266247618668, "ATG": 3.141929458963947, "ABW": 3.651081480308759, "BHS": 11.753279245606784, "BRB": 0.225145032, "BLZ": 17.029152510106425, "VGB": 18.254196148277416, "CPV": 7.650652251691585, "COM": 3.411018273755587, "CUB": 20.123695419440665, "CUW": 20.38274950406497, "DMA": 17.679011254739695, "DOM": 18.97322023343334, "FJI": 3.539280906614147, "PYF": 6.083838237093925, "GRD": 2.7722972640218306, "GUM": 9.790847848432414, "GNB": 3.6406526159856933, "GUY": 2.929595123656288, "HTI": 10.874313111490988, "JAM": 0.386032742, "KIR": 4.477988726749413, "MDV": 3.7175832949601046, "MHL": 12.374728077999205, "MUS": 5.045286958, "FSM": 6.975652431186381, "NRU": 10.510422863104463, "NCL": 22.75184021179819, "MNP": 18.24076548303021, "PLW": 14.851079784154786, "PNG": 6.529150099121516, "PRI": 12.269527012326597, "KNA": 9.27517528979622, "LCA": 2.7877597465222292, "VCT": 3.1965087350664834, "WSM": 4.405713156057174, "STP": 8.295635281482195, "SYC": 10.122234139177841, "SGP": 33.17011994248926, "SXM": 20.00798788735545, "SLB": 3.328805636984883, "SUR": 13.381840435846364, "TLS": 3.852870375800034, "TON": 3.4024876038499015, "TTO": 3.702857639059121, "TUV": 9.093429354936667, "VIR": 10.72988744165464, "VUT": 4.8015222904075, "AIA": 88.5475426132757, "COK": 88.5475426132757, "MSR": 88.5475426132757, "NIU": 88.5475426132757}}, "upperIntervals": {"2020": {"ASM": 49.45296822969359, "ATG": 6.260135171004388, "ABW": 6.260135171004388, "BHS": 49.45296822969359, "BLZ": 65.33277803, "VGB": 65.33277803, "CPV": 28.29319468146736, "COM": 9.07118883848862, "CUB": 50.101354010795, "CUW": 51.27097935865335, "DMA": 55.69970993424928, "DOM": 49.28718747540694, "FJI": 10.453798376956952, "PYF": 25.2960349717171, "GRD": 6.069094124288329, "GUM": 40.01166304459078, "GNB": 9.423249732799105, "GUY": 6.099569194711906, "HTI": 29.992225752735713, "KIR": 13.551440330519382, "MDV": 10.34682394217883, "MHL": 50.76048778118499, "FSM": 27.213469214125, "NRU": 42.85725372622379, "NCL": 75.82558541155565, "MNP": 49.45296822969359, "PLW": 60.6352643472311, "PNG": 21.765949146128325, "PRI": 43.64698697308555, "KNA": 35.13235754392739, "LCA": 6.099569194711906, "VCT": 10.620771459082121, "WSM": 14.32285749732998, "STP": 25.405720412197084, "SYC": 35.771166135127395, "SGP": 65.33277803, "SXM": 49.45296822969359, "SLB": 9.07118883848862, "SUR": 52.44529182259664, "TLS": 10.34682394217883, "TON": 9.085341976854949, "TTO": 9.437402871165432, "TUV": 28.51697930859718, "VIR": 42.85725372622379, "VUT": 20.304117450599996, "AIA": 258.5512704, "COK": 258.5512704, "MSR": 258.5512704, "NIU": 258.5512704}}, "lowerIntervals": {"2020": {"ASM": 0.25323270504545453, "ATG": 0.22514503199999997, "ABW": 0.22514503199999997, "BHS": 0.25750306085180547, "BLZ": 0.22447055316346154, "VGB": 0.22447055316346154, "CPV": 0.2575030608518054, "COM": 0.25750306085180547, "CUB": 2.5013481117627694, "CUW": 0.2517945974513549, "DMA": 0.22447055316346154, "DOM": 2.609699701907199, "FJI": 0.4390163414765694, "PYF": 0.2518283213931818, "GRD": 0.22514503199999997, "GUM": 0.2518283213931818, "GNB": 0.639836622658412, "GUY": 0.2518283213931818, "HTI": 2.0131404614752424, "KIR": 0.2518283213931818, "MDV": 0.2518283213931818, "MHL": 0.2518283213931818, "FSM": 0.22514503199999997, "NRU": 0.2518283213931818, "NCL": 0.2517945974513549, "MNP": 0.25323270504545453, "PLW": 0.2518283213931818, "PNG": 0.6427626040986786, "PRI": 1.9786697999565734, "KNA": 0.22511130805817306, "LCA": 0.22514503199999997, "VCT": 0.2518283213931818, "WSM": 0.22514503199999997, "STP": 0.2518283213931818, "SYC": 0.22447055316346154, "SGP": 2.270260708950999, "SXM": 0.25323270504545453, "SLB": 0.2518283213931818, "SUR": 0.2575030608518054, "TLS": 0.5734783108120699, "TON": 0.22514503199999997, "TTO": 0.756895951877086, "TUV": 0.2518283213931818, "VIR": 0.2518283213931818, "VUT": 0.22514503199999997, "AIA": 9.406086806, "COK": 9.406086806, "MSR": 9.406086806, "NIU": 9.406086806}}, "categoryImportances": {"2020": {"Infrastructure": 0.051847450591516464, "Economic Policy & Debt": 0.07047535679458225, "Social Protection & Labor": 0.01893330718470983, "Health": 0.3323157695304306, "Environment": 0.5264281158987609}}, "featureImportances": {"2020": {"wdi2-NE.DAB.TOTL.CN": 0.021982878662973753, "wdi2-NY.GDY.TOTL.KN": 0.0484924781316085, "wdi-IT.NET.SECR.P6": 0.051847450591516464, "wdi2-SM.POP.REFG.OR": 0.01893330718470983, "wdi2-SP.POP.GROW": 0.08989752660606802, "wdi2-SP.POP.TOTL": 0.24241824292436262, "wdi2-SP.RUR.TOTL": 0.11497635937807411, "wdi2-SP.RUR.TOTL.ZS": 0.09799251426393168, "wdi2-SP.URB.GROW": 0.058378353388462034, "wdi2-SP.URB.TOTL": 0.25508088886829305}}, "performance": {"2020": 0.913019376762304}}