{"data": {"2010": {"ASM": 4.401940918614644, "ATG": 6.11360763295631, "ABW": 11.224351224597765, "BHS": 4.781457785472359, "BRB": 4.720290337971766, "BLZ": 3.8235250052836607, "VGB": 5.652337378737621, "CPV": 9.60165404272631, "COM": 5.277804971284805, "CUB": 2.684370869, "CUW": 5.406860935715746, "DMA": 10.38628703386125, "DOM": 0.145956346, "FJI": 7.542228655009235, "PYF": 6.866187357145131, "GRD": 10.2988801691589, "GUM": 6.231695764390335, "GNB": 7.188084642897908, "GUY": 5.252725050690303, "HTI": 0.0, "JAM": 4.166666667, "KIR": 9.23730527232994, "MDV": 4.444368254660043, "MHL": 4.547383982295514, "MUS": 20.5652659, "FSM": 4.60260730563654, "NRU": 7.915596108750813, "NCL": 4.51645817348734, "MNP": 4.829231328282528, "PLW": 6.782988169808354, "PNG": 5.019889090221006, "PRI": 5.8795362468869214, "KNA": 5.557084003577644, "LCA": 6.691553694623433, "VCT": 6.706057732944883, "WSM": 9.820795831025494, "STP": 6.245941242979328, "SYC": 5.418576198450318, "SGP": 1.305085867, "SXM": 4.623379629157166, "SLB": 4.977222204781624, "SUR": 0.0, "TLS": 1.581273288641717, "TON": 7.07614687071008, "TTO": 0.0, "TUV": 7.776210017557079, "VIR": 5.616753577961954, "VUT": 4.115756725016382, "AIA": 5.319104009301538, "COK": 5.319104009301538, "MSR": 5.319104009301538, "NIU": 5.319104009301538}, "2011": {"ASM": 5.151350954269367, "ATG": 6.20751547050464, "ABW": 9.30843340699206, "BHS": 7.7061741022729375, "BRB": 6.440444905277204, "BLZ": 7.707802611664255, "VGB": 8.629741690101437, "CPV": 7.582040141050752, "COM": 8.050600769936345, "CUB": 2.668918919, "CUW": 11.307595584739508, "DMA": 6.467250824914282, "DOM": 0.34754546, "FJI": 7.258123414662063, "PYF": 8.06111573904274, "GRD": 6.722988678968702, "GUM": 6.794819041829794, "GNB": 2.682873962635181, "GUY": 9.3829494376623, "HTI": 0.0, "JAM": 5.245075584, "KIR": 9.344404073840344, "MDV": 6.5543928918509815, "MHL": 6.9200018590820935, "MUS": 18.16184548, "FSM": 4.4583104223103085, "NRU": 17.00838626846198, "NCL": 4.166083355507866, "MNP": 6.067267335051762, "PLW": 8.522684317810821, "PNG": 7.527345511775491, "PRI": 7.637751420747103, "KNA": 6.72369510115082, "LCA": 8.804228588696702, "VCT": 8.314926525607278, "WSM": 5.181662060982601, "STP": 7.600038214386616, "SYC": 5.817763804841319, "SGP": 1.327741319, "SXM": 13.246063411203396, "SLB": 6.431554825828018, "SUR": 0.0, "TLS": 2.3377933673379583, "TON": 7.152080583682936, "TTO": 0.0, "TUV": 7.649951093535006, "VIR": 10.654080202107211, "VUT": 5.978064546330288, "AIA": 7.259004073688785, "COK": 7.259004073688785, "MSR": 7.259004073688785, "NIU": 7.259004073688785}, "2012": {"ASM": 4.144761341312004, "ATG": 9.95105135300198, "ABW": 13.78303769492404, "BHS": 7.715639848032003, "BRB": 7.937123661279993, "BLZ": 7.2201187584200195, "VGB": 11.37759087661203, "CPV": 10.602075421086033, "COM": 6.373184817918012, "CUB": 3.109398741, "CUW": 10.14638067475397, "DMA": 7.186453930302, "DOM": 1.527826188, "FJI": 7.748836509798029, "PYF": 6.821209100184011, "GRD": 8.946263939081986, "GUM": 13.027858124015962, "GNB": 2.1079322868619967, "GUY": 9.48673019717601, "HTI": 0.0, "JAM": 7.132094425, "KIR": 10.057450785880022, "MDV": 7.093333174971996, "MHL": 13.021239931762006, "MUS": 18.05505899, "FSM": 5.830434356230002, "NRU": 11.110478479644016, "NCL": 4.618064245489995, "MNP": 9.388822296179985, "PLW": 6.815869290322008, "PNG": 4.829403397640011, "PRI": 14.282449951806012, "KNA": 10.380058198835998, "LCA": 8.020814177400027, "VCT": 10.103027208799997, "WSM": 6.392680347459989, "STP": 5.208906252250013, "SYC": 10.450334984300005, "SGP": 1.358284899, "SXM": 10.433383598662004, "SLB": 3.820812063590013, "SUR": 0.0, "TLS": 2.766001919647994, "TON": 11.380905255816025, "TTO": 0.0, "TUV": 12.150848563230026, "VIR": 12.215807264842052, "VUT": 5.160107368180017, "AIA": 7.044907163670004, "COK": 7.044907163670004, "MSR": 7.044907163670004, "NIU": 7.044907163670004}, "2013": {"ASM": 8.49689429164488, "ATG": 15.973221935735294, "ABW": 11.953516840212329, "BHS": 13.818127761938207, "BRB": 13.878560434823386, "BLZ": 9.293853645516466, "VGB": 7.482108745137529, "CPV": 9.08119601739534, "COM": 5.906120284184381, "CUB": 3.68861024, "CUW": 11.593967554027127, "DMA": 9.088793295138364, "DOM": 3.84468976, "FJI": 10.51846746202707, "PYF": 12.12102345145304, "GRD": 8.285406105465979, "GUM": 9.667697292042613, "GNB": 5.418231269932675, "GUY": 11.194156556080053, "HTI": 0.0, "JAM": 6.937139995, "KIR": 11.127094930688738, "MDV": 11.715954969314028, "MHL": 9.46485197076966, "MUS": 17.31301939, "FSM": 6.03696678471401, "NRU": 10.028531803004476, "NCL": 7.481354857598077, "MNP": 9.842471735964905, "PLW": 9.845766381996524, "PNG": 6.904927151068416, "PRI": 13.545118651376413, "KNA": 13.750850871323156, "LCA": 10.408685345289424, "VCT": 12.861936182460996, "WSM": 10.842930220787244, "STP": 7.039345160289971, "SYC": 8.306487311275587, "SGP": 1.546832329, "SXM": 10.90297624471536, "SLB": 2.6802414743843936, "SUR": 0.0, "TLS": 4.624380964742639, "TON": 9.721580924721824, "TTO": 0.0, "TUV": 11.061857619182142, "VIR": 9.906992970470734, "VUT": 8.877246109344842, "AIA": 7.391172743827616, "COK": 7.391172743827616, "MSR": 7.391172743827616, "NIU": 7.391172743827616}, "2014": {"ASM": 9.114796164776, "ATG": 12.999211453688003, "ABW": 11.473539718290006, "BHS": 13.314647106746012, "BRB": 11.84773884259402, "BLZ": 10.523805096680018, "VGB": 7.865540792693981, "CPV": 11.851763969421954, "COM": 7.647035617438005, "CUB": 3.480326345, "CUW": 16.23285040334002, "DMA": 9.113998041218004, "DOM": 4.370965916, "FJI": 10.09638312095002, "PYF": 13.085301691629985, "GRD": 8.95775603903, "GUM": 15.645015387089986, "GNB": 6.223651229687997, "GUY": 12.446373933006, "HTI": 0.0, "JAM": 6.498545102, "KIR": 7.3585123828179935, "MDV": 12.150348045816015, "MHL": 8.82386499451599, "MUS": 17.19441607, "FSM": 5.908273367351997, "NRU": 10.989668803894018, "NCL": 9.630369363799996, "MNP": 21.12467137411596, "PLW": 8.707464084925977, "PNG": 9.495645531902, "PRI": 14.820454839086027, "KNA": 13.93093919874202, "LCA": 12.136354431981996, "VCT": 12.048708866020002, "WSM": 8.440582291635977, "STP": 6.723791129331997, "SYC": 8.149114093197971, "SGP": 1.662616444, "SXM": 11.54296979139601, "SLB": 7.653833365251994, "SUR": 0.0, "TLS": 9.384890241811998, "TON": 11.326526865236008, "TTO": 0.0, "TUV": 12.166658782564012, "VIR": 14.342178462210024, "VUT": 7.721366445231987, "AIA": 8.325516424384007, "COK": 8.325516424384007, "MSR": 8.325516424384007, "NIU": 8.325516424384007}}, "upperIntervals": {"2010": {"ASM": 20.5652659, "ATG": 20.565269065548385, "ABW": 20.5652659, "BHS": 8.980554390340622, "BRB": 9.314359090807155, "BLZ": 10.343233997981663, "VGB": 20.5652659, "CPV": 20.5652659, "COM": 20.565269065548385, "CUW": 11.576045575599991, "DMA": 20.5652659, "FJI": 20.5652659, "PYF": 20.5652659, "GRD": 20.5652659, "GUM": 20.5652659, "GNB": 22.72112524, "GUY": 14.77960497, "KIR": 20.5652659, "MDV": 8.894869257999995, "MHL": 19.849777066020582, "FSM": 20.56532921096774, "NRU": 20.5652659, "NCL": 8.890117254321051, "MNP": 8.670555594494154, "PLW": 20.5652659, "PNG": 22.72112524, "PRI": 11.574121035921422, "KNA": 20.5652659, "LCA": 20.56673788, "VCT": 20.56673788, "WSM": 20.5652659, "STP": 20.56673788, "SYC": 20.5652659, "SXM": 16.37280139902809, "SLB": 20.5652659, "TLS": 5.693406009039771, "TON": 20.5652659, "TUV": 20.5652659, "VIR": 14.734740143793331, "VUT": 20.56673788, "AIA": 14.77960497, "COK": 14.77960497, "MSR": 14.77960497, "NIU": 14.77960497}, "2011": {"ASM": 18.16184548, "ATG": 24.23489053, "ABW": 40.2055125, "BHS": 24.23489053, "BRB": 22.43118607224996, "BLZ": 29.87012987, "VGB": 18.16184548, "CPV": 18.97636140924998, "COM": 24.23489053, "CUW": 24.23489053, "DMA": 18.16184548, "FJI": 29.87012987, "PYF": 24.23489053, "GRD": 18.16184548, "GUM": 18.16184548, "GNB": 22.3726628, "GUY": 24.23489053, "KIR": 24.23489053, "MDV": 19.501916377666635, "MHL": 18.16184548, "FSM": 18.16184548, "NRU": 40.2055125, "NCL": 14.88459727, "MNP": 18.16184548, "PLW": 21.201444556124944,