{"data": {"2010": {"ASM": 34.965178728626015, "ATG": 18.57446689360601, "ABW": 25.72814174951009, "BHS": 32.586086392086045, "BRB": 40.99983620801997, "BLZ": 5.539322070028003, "VGB": 28.29098541610198, "CPV": 27.19864691431804, "COM": 22.629286246176008, "CUB": 0.0, "CUW": 26.141057662606016, "DMA": 35.96173684234208, "DOM": 12.24706429, "FJI": 20.893392232338048, "PYF": 26.858714103858063, "GRD": 28.428128654368063, "GUM": 11.151729689087995, "GNB": 15.850902193364004, "GUY": 25.394031709797986, "HTI": 0.0, "JAM": 0.0, "KIR": 29.333983828986035, "MDV": 19.81089378382602, "MHL": 46.5612504203859, "MUS": 38.67608776, "FSM": 25.99045782474799, "NRU": 29.456682372664066, "NCL": 21.657011106782004, "MNP": 33.43202709405201, "PLW": 32.84915529608206, "PNG": 8.549213396329993, "PRI": 26.268292292892067, "KNA": 18.808691771592, "LCA": 18.983885574312016, "VCT": 22.33019766784205, "WSM": 24.4307037188881, "STP": 19.27952836443801, "SYC": 20.425536232661983, "SGP": 0.0, "SXM": 17.834582181750005, "SLB": 24.045737693428013, "SUR": 0.0, "TLS": 14.990141173, "TON": 18.734935495944008, "TTO": 0.0, "TUV": 30.501628097976063, "VIR": 12.920470069756032, "VUT": 25.874778273600047, "AIA": 17.42068132064001, "COK": 17.42068132064001, "MSR": 17.42068132064001, "NIU": 17.42068132064001}, "2011": {"ASM": 38.56532726758199, "ATG": 18.791476221213987, "ABW": 31.430583485122064, "BHS": 20.14753589543799, "BRB": 27.55133284522799, "BLZ": 19.21596297158397, "VGB": 22.87709003201006, "CPV": 32.168663694552194, "COM": 16.902304946933963, "CUB": 0.0, "CUW": 18.900699458468026, "DMA": 29.29011949512812, "DOM": 12.36268851, "FJI": 18.960520020469964, "PYF": 29.77169381394208, "GRD": 29.11936160946412, "GUM": 21.131034163602024, "GNB": 14.250088828783968, "GUY": 22.574188300551995, "HTI": 0.0, "JAM": 0.0, "KIR": 16.195923113121985, "MDV": 22.75929578886003, "MHL": 30.898355606058125, "MUS": 40.57121933, "FSM": 33.68283525938215, "NRU": 38.063840764956126, "NCL": 10.930832395375988, "MNP": 40.707544970824, "PLW": 39.39295405838598, "PNG": 12.071075963484004, "PRI": 33.70999179798408, "KNA": 29.11114560929405, "LCA": 21.535737937617977, "VCT": 19.38603787782396, "WSM": 19.97466390771007, "STP": 15.640904931591953, "SYC": 23.460428387278, "SGP": 0.0, "SXM": 30.26153260147812, "SLB": 16.82700826720198, "SUR": 0.0, "TLS": 15.75526456181598, "TON": 21.44366575783805, "TTO": 0.0, "TUV": 22.86917743215201, "VIR": 17.49014349042997, "VUT": 14.785051909873978, "AIA": 18.27951031440796, "COK": 18.27951031440796, "MSR": 18.27951031440796, "NIU": 18.27951031440796}, "2012": {"ASM": 36.540455399007975, "ATG": 19.945156163817977, "ABW": 31.255166077573985, "BHS": 9.959469961171996, "BRB": 17.671151849633958, "BLZ": 10.671925032975988, "VGB": 43.26952806768804, "CPV": 32.516701288403894, "COM": 15.78746183519204, "CUB": 0.0, "CUW": 17.868391892297947, "DMA": 32.93257245328193, "DOM": 12.76286743, "FJI": 6.329001966814006, "PYF": 11.561903715070033, "GRD": 27.896636486429934, "GUM": 22.90156046988797, "GNB": 6.379067662985995, "GUY": 21.01732792971997, "HTI": 0.0, "JAM": 0.0, "KIR": 10.767593249606014, "MDV": 26.37534541428196, "MHL": 29.12100362616788, "MUS": 41.11548087, "FSM": 33.085457232707874, "NRU": 46.55672660743807, "NCL": 12.764258757521992, "MNP": 31.064845841043983, "PLW": 38.59101549782593, "PNG": 12.386241976001989, "PRI": 34.74414596539399, "KNA": 33.85024975040395, "LCA": 8.158727555438, "VCT": 17.873302400809983, "WSM": 25.84579930063796, "STP": 10.948572753119992, "SYC": 35.77503818095392, "SGP": 0.012773839, "SXM": 23.81112701970194, "SLB": 10.329244954385995, "SUR": 0.0, "TLS": 10.411879919044008, "TON": 14.72601072224208, "TTO": 0.0, "TUV": 32.31726161075794, "VIR": 29.121907687039965, "VUT": 10.483120778881975, "AIA": 19.21873995400598, "COK": 19.21873995400598, "MSR": 19.21873995400598, "NIU": 19.21873995400598}, "2013": {"ASM": 20.858506288805973, "ATG": 21.04106422609598, "ABW": 37.333424306323984, "BHS": 19.825674461984043, "BRB": 16.388379136888013, "BLZ": 8.467007367816006, "VGB": 25.827515727854028, "CPV": 33.431468290687995, "COM": 5.618304009153993, "CUB": 0.0, "CUW": 37.02329149672792, "DMA": 30.982755649235965, "DOM": 11.75702866, "FJI": 5.387762768555998, "PYF": 20.66106216845203, "GRD": 13.994798047752026, "GUM": 27.690001311654004, "GNB": 8.104643293988012, "GUY": 24.482712551277995, "HTI": 0.0, "JAM": 0.0, "KIR": 11.32715467221602, "MDV": 26.44845570988195, "MHL": 30.484344620021982, "MUS": 42.03601108, "FSM": 28.760219042246028, "NRU": 39.25516883306998, "NCL": 13.70712432270205, "MNP": 32.022726970747925, "PLW": 32.68212778311393, "PNG": 9.831570015658, "PRI": 32.851344732421936, "KNA": 39.62807872417, "LCA": 14.254416831120052, "VCT": 20.157050780752, "WSM": 12.37662194971203, "STP": 15.689872032934042, "SYC": 25.69833092392604, "SGP": 0.644166024, "SXM": 10.810026313594026, "SLB": 7.14085770593999, "SUR": 0.0, "TLS": 8.642019899752, "TON": 30.51934181812989, "TTO": 0.0, "TUV": 23.658571068311986, "VIR": 36.38394767840397, "VUT": 13.392989166939982, "AIA": 19.14981525749801, "COK": 19.14981525749801, "MSR": 19.14981525749801, "NIU": 19.14981525749801}, "2014": {"ASM": 9.477233205849991, "ATG": 29.27967150256992, "ABW": 37.040143578448, "BHS": 25.90014694755189, "BRB": 19.96236355443996, "BLZ": 10.856833496450024, "VGB": 24.12593692108792, "CPV": 34.24522780163005, "COM": 5.783490800354007, "CUB": 0.0, "CUW": 35.242392504267826, "DMA": 29.948787535893928, "DOM": 14.01879742, "FJI": 11.24623281836799, "PYF": 13.880327441004027, "GRD": 41.21808677070782, "GUM": 17.792749751219986, "GNB": 11.497494136164036, "GUY": 18.498199393373984, "HTI": 0.0, "JAM": 0.0, "KIR": 14.56153753648994, "MDV": 13.231130272087984, "MHL": 33.02187004820182, "MUS": 42.90091931, "FSM": 38.39237595849983, "NRU": 40.49191584341399, "NCL": 16.83851784679995, "MNP": 27.33491751630591, "PLW": 33.94666914488594, "PNG": 11.639285830623995, "PRI": 23.89551126740401, "KNA": 39.16820130856785, "LCA": 30.90148045523981, "VCT": 31.58575236826379, "WSM": 24.80354848498588, "STP": 20.476746833611934, "SYC": 15.186983393504, "SGP": 1.097610369, "SXM": 24.849246716245904, "SLB": 15.138877515348032, "SUR": 0.0, "TLS": 23.716698213354, "TON": 16.670235326254026, "TTO": 0.0, "TUV": 30.39117351594588, "VIR": 32.7419667693719, "VUT": 18.680508104081948, "AIA": 17.306709115782024, "COK": 17.306709115782024, "MSR": 17.306709115782024, "NIU": 17.306709115782024}}, "upperIntervals": {"2010": {"ASM": 80.65363115, "ATG": 57.83797858, "ABW": 67.17829809, "BHS": 58.44412964, "BRB": 71.32764169, "BLZ": 27.908131180000005, "VGB": 71.32764169, "CPV": 68.94197952, "COM": 68.94197952, "CUW": 58.44412964, "DMA": 53.68417383, "FJI": 50.1164052, "PYF": 53.68417383, "GRD": 68.94197952, "GUM": 58.44412964, "GNB": 68.94197952, "GUY": 58.52862806299992, "KIR": 71.32764169, "MDV": 58.44412964, "MHL": 95.84975655, "FSM": 94.26062155, "NRU": 68.94197952, "NCL": 53.68417383, "MNP": 61.97410582, "PLW": 80.65363115, "PNG": 40.10961909, "PRI": 58.44412964, "KNA": 53.68417383, "LCA": 60.22609848599992, "VCT": 53.68417383, "WSM": 50.237307668499895, "STP": 68.94197952, "SYC": 61.97410582, "SXM": 61.97410582, "SLB": 68.94197952, "TLS": 68.94197952, "TON": 61.97410582, "TUV": 68.94197952, "VIR": 44.14496757, "VUT": 57.83797858, "AIA": 41.80613676, "COK": 41.80613676, "MSR": 41.80613676, "NIU": 41.80613676}, "2011": {"ASM": 76.47581003, "ATG": 54.70916630000001, "ABW": 58.89173746000001, "BHS": 55.0490421095, "BRB": 66.75997826, "BLZ": 55.0559676, "VGB": 44.21073292, "CPV": 52.49611303, "COM": 46.70479085, "CUW": 41.65581597, "DMA": 57.9942899, "FJI": 55.0490421095, "PYF": 54.70916630000001, "GRD": 57.9942899, "GUM": 58.89173746000001, "GNB": 74.56140351, "GUY": 55.92956189, "KIR": 46.70479085, "MDV": 52.49611303, "MHL": 81.09856097, "FSM": 74.65712383599991, "NRU": 62.56579032999999, "NCL": 40.98472249, "MNP": 55.0559676, "PLW": 78.9881949364999, "PNG": 41.65581597, "PRI": 44.8562978, "KNA": 52.49611303, "LCA": 66.75997826,