{"data": {"2010": {"ASM": 1.0913192174520523, "ATG": 7.963058419554248, "ABW": 8.253685145013662, "BHS": 8.177702733037068, "BRB": 8.612842046217123, "BLZ": 9.815271162947225, "VGB": 1.4861865324352614, "CPV": 3.4969077169713505, "COM": 0.9344836998551715, "CUB": 0.060215134, "CUW": 10.014270817127448, "DMA": 4.345790039862654, "DOM": 1.828067306, "FJI": 8.13927216739444, "PYF": 10.853910160457088, "GRD": 1.104062021461914, "GUM": 2.830528717760308, "GNB": 1.0217248752923072, "GUY": 5.816023461209293, "HTI": 0.155731577, "JAM": 0.482902627, "KIR": 0.6822560974635662, "MDV": 6.698952565261517, "MHL": 0.7007432068557571, "MUS": 0.620162355, "FSM": 0.966507485512361, "NRU": 0.9437207223849656, "NCL": 7.559666243407304, "MNP": 9.396226702484608, "PLW": 1.069895105891053, "PNG": 1.781103736613991, "PRI": 11.055907094031143, "KNA": 7.373085259396965, "LCA": 7.642301043081307, "VCT": 4.614156408655868, "WSM": 12.208845717616006, "STP": 0.9244085741776192, "SYC": 0.9520548314393436, "SGP": 0.186691987, "SXM": 0.8876486765325642, "SLB": 0.8282440291459227, "SUR": 13.02605931, "TLS": 5.673429167799354, "TON": 3.4205050542630424, "TTO": 0.0, "TUV": 7.72616540113392, "VIR": 0.53222086263392, "VUT": 2.8715856227218186, "AIA": 4.483510292212774, "COK": 4.483510292212774, "MSR": 4.483510292212774, "NIU": 4.483510292212774}, "2011": {"ASM": 0.8589006688457431, "ATG": 6.691219353581984, "ABW": 4.258947473853166, "BHS": 7.235353886650839, "BRB": 6.973927152228373, "BLZ": 10.839124317394756, "VGB": 4.84132569318656, "CPV": 2.5334453096405083, "COM": 1.154051018298378, "CUB": 0.070109879, "CUW": 5.8416393768363575, "DMA": 6.37495651500644, "DOM": 1.992593847, "FJI": 10.918072655904565, "PYF": 7.557906455796679, "GRD": 0.9747016998448488, "GUM": 2.4897419468185977, "GNB": 0.8021067436441159, "GUY": 5.066677214223927, "HTI": 0.065987073, "JAM": 0.512995745, "KIR": 0.6361653025672446, "MDV": 2.137548790248588, "MHL": 4.634224541731921, "MUS": 0.369047081, "FSM": 0.7350299719454649, "NRU": 2.0639983437493385, "NCL": 5.780672961285563, "MNP": 6.172790349783424, "PLW": 0.9666309711023136, "PNG": 2.727184567259814, "PRI": 5.571515151903209, "KNA": 1.255222961928124, "LCA": 5.4680503305794605, "VCT": 5.113397506212553, "WSM": 7.846760008683103, "STP": 1.4851058329640556, "SYC": 0.9264528178492544, "SGP": 0.187056641, "SXM": 7.696884104107452, "SLB": 0.8076237737744174, "SUR": 13.00115958, "TLS": 1.776468877429658, "TON": 0.8633725742677012, "TTO": 0.0, "TUV": 5.894820020585114, "VIR": 0.8262785020013104, "VUT": 2.010975341437854, "AIA": 5.310824734445923, "COK": 5.310824734445923, "MSR": 5.310824734445923, "NIU": 5.310824734445923}, "2012": {"ASM": 1.0180885156703146, "ATG": 7.339881286673807, "ABW": 5.452422778879381, "BHS": 7.458471392206341, "BRB": 7.077465747612747, "BLZ": 9.191037722643568, "VGB": 6.075062728821212, "CPV": 3.329217628236504, "COM": 1.2050584522632142, "CUB": 0.076033733, "CUW": 6.242119394435982, "DMA": 3.9876843155399015, "DOM": 2.370973167, "FJI": 11.433495909225364, "PYF": 7.351653940756667, "GRD": 5.816193937259227, "GUM": 6.187102678324744, "GNB": 0.981112795672934, "GUY": 5.441876980302527, "HTI": 0.209175113, "JAM": 0.625903278, "KIR": 0.9116504207847856, "MDV": 2.3943626699460503, "MHL": 5.412782485732854, "MUS": 0.570343682, "FSM": 0.7229959458031735, "NRU": 3.543491650227252, "NCL": 4.494915345432676, "MNP": 7.241059716349751, "PLW": 0.5823189916169536, "PNG": 2.452392306844379, "PRI": 6.446511941316536, "KNA": 6.006351690389966, "LCA": 6.337464148897887, "VCT": 5.212274026512158, "WSM": 7.223226926408164, "STP": 1.6644160924608389, "SYC": 0.7533662507783074, "SGP": 0.198670671, "SXM": 7.417766253454377, "SLB": 0.7839347761452813, "SUR": 12.29094806, "TLS": 1.7009094280091934, "TON": 0.8502765288347749, "TTO": 0.0, "TUV": 6.323223453813238, "VIR": 6.740658821115673, "VUT": 1.9398938306809763, "AIA": 5.316312786203873, "COK": 5.316312786203873, "MSR": 5.316312786203873, "NIU": 5.316312786203873}, "2013": {"ASM": 5.024827525448885, "ATG": 5.567292780953317, "ABW": 7.105743909984548, "BHS": 5.252523894253326, "BRB": 5.617069633033794, "BLZ": 11.799326057589017, "VGB": 1.3340975354987208, "CPV": 3.758348320765265, "COM": 0.8977127894423097, "CUB": 0.091741034, "CUW": 5.057040524437931, "DMA": 7.192026746537197, "DOM": 2.995885296, "FJI": 12.199223313655596, "PYF": 9.033133211209451, "GRD": 5.109978040140844, "GUM": 1.9580905928149368, "GNB": 0.4137947910837166, "GUY": 1.8104690521424929, "HTI": 0.127892945, "JAM": 0.52849053, "KIR": 0.9248747857862274, "MDV": 5.06915327796931, "MHL": 4.0509759800698735, "MUS": 0.70282267, "FSM": 0.5954271785091989, "NRU": 2.1288063369718806, "NCL": 5.28184099881821, "MNP": 5.771874852448558, "PLW": 0.5183461492194877, "PNG": 2.883801458635956, "PRI": 5.272176379586998, "KNA": 5.037057592073945, "LCA": 4.804356218815586, "VCT": 5.287570993878398, "WSM": 10.574330824547276, "STP": 1.3996254759932, "SYC": 2.1702487864181794, "SGP": 0.198830885, "SXM": 5.988685623525208, "SLB": 0.8490838299728574, "SUR": 14.53422473, "TLS": 3.955231862482552, "TON": 0.8549268843133135, "TTO": 0.0, "TUV": 5.512581869250709, "VIR": 5.652533886381139, "VUT": 2.197223679972927, "AIA": 6.412701218083378, "COK": 6.412701218083378, "MSR": 6.412701218083378, "NIU": 6.412701218083378}, "2014": {"ASM": 4.867249020326159, "ATG": 5.547909441549065, "ABW": 7.319292317113599, "BHS": 5.6236171657983824, "BRB": 0.6574298007969058, "BLZ": 10.520751755921614, "VGB": 3.567255885111328, "CPV": 4.992779963120646, "COM": 0.7297344843692075, "CUB": 0.085396664, "CUW": 5.549563827958005, "DMA": 5.057867301352055, "DOM": 2.343656955, "FJI": 10.615531973779447, "PYF": 10.538289897635789, "GRD": 0.5825443059463362, "GUM": 5.457706872039253, "GNB": 0.3387417977697168, "GUY": 2.0853757831427617, "HTI": 0.073973368, "JAM": 0.56970773, "KIR": 0.531925033072679, "MDV": 0.7050496607758877, "MHL": 0.6525367435726437, "MUS": 0.804578466, "FSM": 0.5766738361217384, "NRU": 3.22315936575546, "NCL": 4.485020892319222, "MNP": 5.81031744014614, "PLW": 0.5283752508572318, "PNG": 2.9247011349525924, "PRI": 5.120003527295612, "KNA": 5.442534740187313, "LCA": 0.5597238936839043, "VCT": 6.147588506549257, "WSM": 9.400814858747282, "STP": 1.5261350618549, "SYC": 2.884538981351861, "SGP": 0.192789212, "SXM": 5.915632580286648, "SLB": 2.482102683515584, "SUR": 15.18762473, "TLS": 2.657861716209918, "TON": 1.2773647203945986, "TTO": 0.0, "TUV": 5.635819140719429, "VIR": 6.254439879522486, "VUT": 3.718982760552279, "AIA": 6.026660675040998, "COK": 6.026660675040998, "MSR": 6.026660675040998, "NIU": 6.026660675040998}}, "upperIntervals": {"2010": {"ASM": 4.884731162, "ATG": 21.24231601, "ABW": 24.30058627, "BHS": 21.24231601, "BRB": 21.24231601, "BLZ": 18.56114899, "VGB": 11.5885594755416, "CPV": 15.87242379, "COM": 4.884731162, "CUW": 21.24231601, "DMA": 24.03662312, "FJI": 16.05744162, "PYF": 32.51402351, "GRD": 4.884731162, "GUM": 16.184505132966667, "GNB": 4.884731162, "GUY": 16.81555995, "KIR": 2.864771455, "MDV": 17.06854499, "MHL": 2.373676033, "FSM": 2.902993062124965, "NRU": 4.884731162, "NCL": 24.30058627, "MNP": 44.97926436, "PLW": 4.884731162, "PNG": 3.8754312855543, "PRI": 21.24231601, "KNA": 21.24231601, "LCA": 19.893411589499934, "VCT": 13.569950604499995, "WSM": 41.42687735, "STP": 2.373676033, "SYC": 4.884731162, "SXM": 4.884731162, "SLB": 4.884731162, "TLS": 16.81555995, "TON": 15.87242379, "TUV": 21.24231601, "VIR": 1.7891916110749395, "VUT": 10.10717514737074, "AIA": 10.31633433, "COK": 10.31633433, "MSR": 10.31633433, "NIU": 10.31633433}, "2011": {"ASM": 2.756068258293938, "ATG": 15.86316351, "ABW": 11.522242019342317, "BHS": 15.86316351, "BRB": 15.86316351, "BLZ": 13.782214117158444, "VGB": 15.86316351, "CPV": 9.054600172399992, "COM": 3.7453529785, "CUW": 15.86316351, "DMA": 13.049253819332344, "FJI": 14.251656250302313, "PYF": 13.72881210388836, "GRD": 3.7453529785, "GUM": 15.86316351, "GNB": 3.7453529785, "GUY": 15.86316351, "KIR": 2.165856596106265,