{"data": {"2020": {"ASM": 15.308440885312766, "ATG": 14.525686375975244, "ABW": 15.866480634123072, "BHS": 14.508685132043428, "BRB": 15.096123687921972, "BLZ": 12.8154798, "VGB": 14.77868426798208, "CPV": 14.83699921742489, "COM": 16.940283280824925, "CUB": 18.05604327041881, "CUW": 15.458298336236835, "DMA": 15.159692786501912, "DOM": 16.21495195923084, "FJI": 12.29666833, "PYF": 14.7306704115917, "GRD": 14.574570640627341, "GUM": 12.98530266239947, "GNB": 14.69474543, "GUY": 20.72844039544134, "HTI": 9.92956193, "JAM": 21.22821246, "KIR": 15.74864807525515, "MDV": 15.21810596980426, "MHL": 15.839065163937741, "MUS": 13.7163948, "FSM": 17.089067684042632, "NRU": 15.463160429255263, "NCL": 13.74923843735593, "MNP": 16.145317292688215, "PLW": 15.218655159834057, "PNG": 15.955060230916608, "PRI": 16.85186450789969, "KNA": 15.200684452173409, "LCA": 14.28997537340613, "VCT": 14.797209023178311, "WSM": 15.82334541521986, "STP": 16.57627852653965, "SYC": 16.82976305226327, "SGP": 17.85941851, "SXM": 13.033994708891065, "SLB": 15.239064234767266, "SUR": 14.066807999300726, "TLS": 14.977173479626778, "TON": 14.957764558554201, "TTO": 15.017169162889083, "TUV": 15.876273258954884, "VIR": 15.539189061770387, "VUT": 15.136778770536269, "AIA": 14.94134703989897, "COK": 14.683274992881547, "MSR": 14.94134703989897, "NIU": 14.683274992881547}}, "upperIntervals": {"2020": {"ASM": 20.442011075, "ATG": 18.046468769932734, "ABW": 20.442011075, "BHS": 18.046468769932734, "BRB": 19.256208200612917, "VGB": 17.347522727295186, "CPV": 20.17393254, "COM": 20.823870407409576, "CUB": 25.79914011, "CUW": 18.788300419424907, "DMA": 20.17393254, "DOM": 18.971779482316386, "PYF": 17.067488965642905, "GRD": 16.997596241485606, "GUM": 18.299733259054467, "GUY": 38.94025076, "KIR": 19.383013149869313, "MDV": 20.710089609999997, "MHL": 20.442011075, "FSM": 21.220524553433332, "NRU": 26.76894493074999, "NCL": 21.78790109, "MNP": 20.711932725999997, "PLW": 20.19856083224757, "PNG": 19.14697008084914, "PRI": 21.77056429191176, "KNA": 18.874323751065514, "LCA": 17.133824167287788, "VCT": 17.215202077724104, "WSM": 19.261882042021465, "STP": 20.806420615789577, "SYC": 38.94025076, "SXM": 20.216083830401637, "SLB": 18.53522805245667, "SUR": 20.80506078595745, "TLS": 17.364249507815774, "TON": 17.364249507815774, "TTO": 17.528913189030565, "TUV": 19.383013149869313, "VIR": 19.068166535735074, "VUT": 17.80276195855882, "AIA": 18.040986356991244, "COK": 17.126227569216937, "MSR": 18.040986356991244, "NIU": 17.126227569216937}}, "lowerIntervals": {"2020": {"ASM": 12.923508964416667, "ATG": 12.8154798, "ABW": 13.244687160664554, "BHS": 12.940105937229658, "BRB": 12.936479251166665, "VGB": 12.8154798, "CPV": 12.887871068047806, "COM": 13.980219562227852, "CUB": 8.824335735, "CUW": 13.325673024858006, "DMA": 12.8154798, "DOM": 11.746644836363043, "PYF": 13.248320612462974, "GRD": 13.2314472288751, "GUM": 8.824335735, "GUY": 5.3549817528500006, "KIR": 12.569171023485659, "MDV": 12.29666833, "MHL": 13.247286445041777, "FSM": 13.659303980573325, "NRU": 1.77391856, "NCL": 9.110119435124998, "MNP": 13.247286445041777, "PLW": 10.9389169725, "PNG": 11.513452407377049, "PRI": 11.174931836966916, "KNA": 13.163288502641395, "LCA": 12.29666833, "VCT": 13.156779449196142, "WSM": 13.18758232568099, "STP": 13.004017028832994, "SYC": 13.097807166587089, "SXM": 8.47181487625, "SLB": 13.28798708413531, "SUR": 8.824335735, "TLS": 12.887871068047806, "TON": 12.887871068047806, "TTO": 13.229030899356482, "TUV": 12.569171023485659, "VIR": 13.248320612462974, "VUT": 13.288589640569343, "AIA": 12.936479251166665, "COK": 12.940105937229658, "MSR": 12.936479251166665, "NIU": 12.940105937229658}}, "categoryImportances": {"2020": {"Financial Sector": 0.11967314719170857, "Infrastructure": 0.09493071185260185, "Economic Policy & Debt": 0.3579540748362632, "Profile": 0.04300751517137012, "Finance": 0.3844345509480563}}, "featureImportances": {"2020": {"wdi-FM.AST.DOMS.CN": 0.11967314719170857, "key-wdi2-NE.TRD.GNFS.ZS": 0.0583304581088671, "key-wdi2-NY.GDP.DEFL.KD.ZG": 0.21918635453040355, "key-wdi2-NY.GDP.MKTP.KD.ZG": 0.10691773830878563, "key-wdi2-SP.POP.TOTL": 0.04300751517137012, "wdi-IT.NET.SECR": 0.037640417699811295, "wdi-IT.NET.SECR.P6": 0.057290294152790563, "wdi2-NE.CON.GOVT.CN": 0.07384671911028877, "wdi2-NE.CON.GOVT.ZS": 0.22465546978864243, "wdi2-NE.CON.PRVT.CN": 0.05945188593733195}}, "performance": {"2020": 0.4584671865886213}}