{"data": {"2010": {"ASM": 303000000.0, "ATG": 205185185.2, "ABW": 649162011.2, "BHS": 1263700000.0, "BRB": 698792050.0, "BLZ": 222794746.4, "VGB": 4385094614.111672, "CPV": 306711102.0, "COM": 101138332.6, "CUB": 22360000000.0, "CUW": 584891183613.1188, "DMA": 4385094614.111672, "DOM": 5346759609.0, "FJI": 470360736.1, "PYF": 4385094614.111672, "GRD": 4385094614.111672, "GUM": 12814760123.599049, "GNB": 78196624.33, "GUY": 6673826939.757254, "HTI": 863169257.4, "JAM": 2131161829.0, "KIR": 95738396.62, "MDV": 78160874624.21382, "MHL": 89542900.0, "MUS": 1382355998.0, "FSM": 4385094614.111672, "NRU": 4395785277.14517, "NCL": 8664495149.301342, "MNP": 175325232811.25912, "PLW": 68747700.0, "PNG": 92515017116.31212, "PRI": 10841900000.0, "KNA": 4385094614.111672, "LCA": 4385094614.111672, "VCT": 4385094614.111672, "WSM": 4385094614.111672, "STP": 4385094614.111672, "SYC": 264671274.0, "SGP": 23241290796.0, "SXM": 7909721819.396177, "SLB": 4385094614.111672, "SUR": 582064544.3, "TLS": 909809100.0, "TON": 66675566.38, "TTO": 226327379513.714, "TUV": 4385094614.111672, "VIR": 1219000000.0, "VUT": 132386296.8, "AIA": 433436110296.25433, "COK": 433436110296.25433, "MSR": 433436110296.25433, "NIU": 433436110296.25433}, "2011": {"ASM": 322760869.6, "ATG": 444553926.6366003, "ABW": 772592944.7802119, "BHS": 1355212009.0, "BRB": 903462933.657295, "BLZ": 219605446.7, "VGB": 31442414883.0968, "CPV": 325238275.1, "COM": 104172482.7, "CUB": 22099799630.0, "CUW": 621484607.7753308, "DMA": 188051961597.5273, "DOM": 5206566748.0, "FJI": 805971062.0831451, "PYF": 3083290354.2778306, "GRD": 189464559655.23065, "GUM": 16744963018.284264, "GNB": 87617198.92, "GUY": 364560197222.2222, "HTI": 930377044.7, "JAM": 2100155678.0, "KIR": 98427334.23, "MDV": 174318307367.6696, "MHL": 89950968.91, "MUS": 1417874713.0, "FSM": 490899899.4901998, "NRU": 7209236009.314629, "NCL": 13039424974.708605, "MNP": 2054822002.350807, "PLW": 67353724.67, "PNG": 30354602890.636177, "PRI": 10607487038.0, "KNA": 5427438167.275395, "LCA": 183747556947.78, "VCT": 186999423614.44662, "WSM": 1298098559.1668217, "STP": 1137211697.7983248, "SYC": 506188720.1345552, "SGP": 23198869263.0, "SXM": 64819206874.220535, "SLB": 2626021530.816861, "SUR": 124124103559.31004, "TLS": 835795391.5, "TON": 395206297.6946586, "TTO": 280989996429.6798, "TUV": 990850612.2133484, "VIR": 1145943493.0, "VUT": 131964857.6, "AIA": 440697640692.6407, "COK": 440697640692.6407, "MSR": 440697640692.6407, "NIU": 440697640692.6407}, "2012": {"ASM": 309586956.5, "ATG": 451680977.1807208, "ABW": 864147493.2803022, "BHS": 1292006291.0, "BRB": 923083942.7623284, "BLZ": 228511423.3, "VGB": 19883341551.0946, "CPV": 305953929.0, "COM": 105526724.9, "CUB": 21958498767.0, "CUW": 676748834.7011842, "DMA": 197517872174.52832, "DOM": 5548365620.0, "FJI": 918401107.2575972, "PYF": 2664067004.003412, "GRD": 194470376474.1967, "GUM": 29624912343.46494, "GNB": 92713023.12, "GUY": 564682019047.619, "HTI": 1019474742.0, "JAM": 2103886638.0, "KIR": 105790074.1, "MDV": 96131013428.8144, "MHL": 94988031.44, "MUS": 1457183952.0, "FSM": 511049330.75450814, "NRU": 2454742107.39216, "NCL": 13355736825.371653, "MNP": 118919038361.37424, "PLW": 65826261.81, "PNG": 30084382858.85613, "PRI": 10740922109.0, "KNA": 382408183600.7131, "LCA": 162490385869.81244, "VCT": 1151262397.850684, "WSM": 1020537441.3132168, "STP": 1059230387.149452, "SYC": 481541410.82833415, "SGP": 23398429714.0, "SXM": 1621614669.7037897, "SLB": 2602910563.7403617, "SUR": 122631116512.63496, "TLS": 817620326.9, "TON": 403967973.5465904, "TTO": 480661607843.13727, "TUV": 1116028838.7978055, "VIR": 1041577055.0, "VUT": 130211126.6, "AIA": 459522141176.4706, "COK": 459522141176.4706, "MSR": 459522141176.4706, "NIU": 459522141176.4706}, "2013": {"ASM": 289826087.0, "ATG": 201963367.8488996, "ABW": 709774248.3325002, "BHS": 1243266799.0, "BRB": 694479574.026399, "BLZ": 230078943.2, "VGB": 14042765932.692, "CPV": 311881556.8, "COM": 103838297.4, "CUB": 22125647349.0, "CUW": 427460141.0064984, "DMA": 386302000000.0, "DOM": 5896824870.0, "FJI": 837578878.5109988, "PYF": 3099545463.726, "GRD": 398508906184.948, "GUM": 11490299913.24, "GNB": 74623321.98, "GUY": 3468237610.776, "HTI": 1029398704.0, "JAM": 2045145313.0, "KIR": 106784059.5, "MDV": 386202000000.0, "MHL": 95227405.65, "MUS": 1482700402.0, "FSM": 305995822.08190054, "NRU": 2969332778.262, "NCL": 22017931563.446, "MNP": 2442358485.213, "PLW": 66470896.4, "PNG": 64775429537.678, "PRI": 10511317618.0, "KNA": 385460000000.0, "LCA": 167031033949.454, "VCT": 385422000000.0, "WSM": 866657175.1899967, "STP": 2187999784.516, "SYC": 237077038.71209937, "SGP": 26143082986.0, "SXM": 1703756301.5116, "SLB": 2506848802.012, "SUR": 609832000000.0, "TLS": 688552384.2, "TON": 1001238347.4205992, "TTO": 304434000000.0, "TUV": 1105912699.311, "VIR": 1025922089.0, "VUT": 132454270.9, "AIA": 471438000000.0, "COK": 471438000000.0, "MSR": 471438000000.0, "NIU": 471438000000.0}, "2014": {"ASM": 311468944.1, "ATG": 189593798.7446008, "ABW": 640529688.3637973, "BHS": 1188265669.0, "BRB": 666213731.9878985, "BLZ": 241824478.1, "VGB": 10929401960.208, "CPV": 327974698.0, "COM": 113702935.5, "CUB": 21908526510.0, "CUW": 446169420.9274794, "DMA": 2016744765.812, "DOM": 6151270673.0, "FJI": 964878333.1673998, "PYF": 3269439254.894, "GRD": 183982057305.296, "GUM": 12836232096.8514, "GNB": 140861185.3, "GUY": 555500000000.0, "HTI": 1108431347.0, "JAM": 2036081977.0, "KIR": 122238461.8, "MDV": 643583850.2707978, "MHL": 89695212.02, "MUS": 1550320022.0, "FSM": 141461443.78720045, "NRU": 5464554244.618, "NCL": 11257584039.628, "MNP": 2439405742.0177984, "PLW": 67393523.25, "PNG": 51971313811.542, "PRI": 11284279333.0, "KNA": 215503028652.648, "LCA": 153445143263.24, "VCT": 1037104519.616398, "WSM": 1773412083.4712, "STP": 1965179243.1912, "SYC": 244385740.9655413, "SGP": 26306196768.0, "SXM": 1758918417.7061996, "SLB": 3306621371.926, "SUR": 616526000000.0, "TLS": 769919709.4, "TON": 494988315.5611993, "TTO": 311244000000.0, "TUV": 2504224520.9418, "VIR": 997743150.7, "VUT": 131013220.6, "AIA": 479890000000.0, "COK": 479890000000.0, "MSR": 479890000000.0, "NIU": 479890000000.0}}, "upperIntervals": {"2010": {"VGB": 9031670434.07987, "CUW": 728571428571.4286, "DMA": 9031670434.07987, "PYF": 9031670434.07987, "GRD": 9031670434.07987, "GUM": 47271233027.98324, "GUY": 22105956943.01704, "MDV": 143300208432.89893, "FSM": 9031670434.07987, "NRU": 9031670434.07987, "NCL": 27953429578.88536, "MNP": 303200000000.0, "PNG": 176424467271.9265, "KNA": 9031670434.07987, "LCA": 9031670434.07987, "VCT": 9031670434.07987, "WSM": 9031670434.07987, "STP": 9031670434.07987, "SXM": 25773772716.13143, "SLB": 9031670434.07987, "TTO": 335311111111.111, "TUV": 9031670434.07987, "AIA": 579088181818.1814, "COK": 579088181818.1814, "MSR": 579088181818.1814, "NIU": 579088181818.1814}, "2011": {"ATG": 1352997056.6159277, "ABW": 1555769406.7802248, "BRB": 1614757394.5703654, "VGB": 41422918307.0, "CUW": 1504822334.5851464, "DMA": 293000000000.0, "FJI": 1590269280.658653, "PYF": 5363860983.936777, "GRD": 249000000000.0, "GUM": 22947135522.894173, "GUY": 542000000000.0, "MDV": 249000000000.0, "FSM": 1376325169.095003, "NRU": 16432727128.88171, "NCL": 21257170930.021847, "MNP": 3443373934.225473, "PNG": 44715284250.0941, "KNA": 8281644362.656243, "LCA": 249000000000.0, "VCT": 290074999999.99994, "WSM": 2122025570.6657288, "STP": 1922235132.963564, "SYC": 1488805888.8970346, "SXM": 87563549512.0, "SLB": 5003526329.867945, "SUR": 150216666666.66647, "TON": 1330986033.4793537, "TTO": 430000000000.0, "TUV": 1658617014.1355717, "AIA": 542000000000.0, "COK": 542000000000.0, "MSR": 542000000000.0, "NIU": 542000000000.0}, "2012": {"ATG": 1457141765.3397508, "ABW": 1815604615.0389884, "BRB": 1815604615.0389884, "VGB": 27298694384.78705, "CUW": 1667601928.302292, "DMA": 281000000000.0, "FJI": 1815604615.0389884, "PYF": 4446699775.93175, "GRD": 249000000000.00003, "GUM": 42600754403.97596, "GUY": 774999999999.9999,