{"data": {"2011": {"ASM": 3.70514582270201, "ATG": 9.509105813794, "ABW": 4.79098829, "BHS": 11.000585626951992, "BRB": 32.6915298951001, "BLZ": 4.775579168, "VGB": 4.917093750399999, "CPV": 0.601738999, "COM": 3.214534455978002, "CUB": 8.897861697337953, "CUW": 11.198019191094014, "DMA": 6.226185230066017, "DOM": 2.38651253, "FJI": 4.333377447, "PYF": 17.73558079, "GRD": 5.099504002764012, "GUM": 9.711614937316009, "GNB": 5.736816251821996, "GUY": 0.230409936, "HTI": 5.515766088387985, "JAM": 7.331939997, "KIR": 3.4412559708819903, "MDV": 12.465855671601972, "MHL": 3.73818410290001, "MUS": 0.800067383, "FSM": 4.155827573139991, "NRU": 7.602465186174003, "NCL": 15.44593369, "MNP": 5.052930097832017, "PLW": 6.413111891539987, "PNG": 23.76377845, "PRI": 12.423518607301991, "KNA": 0.116633026, "LCA": 0.8543315871179953, "VCT": 0.026135304, "WSM": 1.030545546, "STP": 2.001836969, "SYC": 14.989520069867998, "SGP": 47.77568771, "SXM": 11.30972160881001, "SLB": 13.523715753061982, "SUR": 6.935176211, "TLS": 2.970612276049994, "TON": 0.07884325, "TTO": 0.123158048, "TUV": 6.162709984246004, "VIR": 6.88060557046401, "VUT": 5.9190226380419935, "AIA": 7.276997332304016, "COK": 7.276997332304016, "MSR": 7.276997332304016, "NIU": 7.276997332304016}, "2012": {"ASM": 12.444889354714014, "ATG": 11.168447407458006, "ABW": 11.25918122, "BHS": 19.903735484226026, "BRB": 26.97097194813009, "BLZ": 5.816420954736003, "VGB": 11.50568374320999, "CPV": 6.072068588093995, "COM": 3.010301873448001, "CUB": 8.304383012782031, "CUW": 21.329712886566035, "DMA": 9.006074095, "DOM": 3.200658343, "FJI": 2.38863545, "PYF": 2.598981554, "GRD": 6.527693344849986, "GUM": 7.309082089197989, "GNB": 6.402706318922003, "GUY": 0.123526347, "HTI": 4.299795486004011, "JAM": 2.079426804, "KIR": 5.918452190905994, "MDV": 19.83998828779404, "MHL": 5.322482592333988, "MUS": 0.929231407, "FSM": 11.461587046487985, "NRU": 10.33202894796799, "NCL": 10.75819123, "MNP": 3.22150532012999, "PLW": 3.189892400623992, "PNG": 4.456405985, "PRI": 19.511581749112032, "KNA": 35.76767411, "LCA": 8.167351265, "VCT": 0.050756063, "WSM": 0.301258665, "STP": 14.54785828, "SYC": 10.569955235119986, "SGP": 48.51652374, "SXM": 3.7027626077679767, "SLB": 5.021457721189993, "SUR": 25.08869068, "TLS": 6.9494936416199895, "TON": 6.630684691, "TTO": 0.762964138, "TUV": 4.503274987769992, "VIR": 16.80441044562595, "VUT": 6.146382842088, "AIA": 8.520012377078004, "COK": 8.520012377078004, "MSR": 8.520012377078004, "NIU": 8.520012377078004}, "2013": {"ASM": 11.578646725978306, "ATG": 10.862703278872932, "ABW": 5.140044047, "BHS": 19.6319077803982, "BRB": 21.29640299734324, "BLZ": 6.348447474951138, "VGB": 8.55085068713642, "CPV": 4.557755961811755, "COM": 4.958782868742208, "CUB": 10.130448629287793, "CUW": 18.34755179894768, "DMA": 4.18177063268969, "DOM": 4.454537827, "FJI": 2.375210821, "PYF": 7.925036654, "GRD": 6.677961856988751, "GUM": 10.204121708664918, "GNB": 10.233663291746751, "GUY": 0.296978499, "HTI": 5.7101082515098325, "JAM": 3.566952552, "KIR": 7.052786419398731, "MDV": 11.01706625262166, "MHL": 5.572451109448617, "MUS": 0.575721791, "FSM": 9.450097415904525, "NRU": 7.499938375566223, "NCL": 14.03023306, "MNP": 6.411093889314471, "PLW": 5.6003877931759565, "PNG": 5.6548520821262125, "PRI": 18.225292144046165, "KNA": 35.1205966, "LCA": 8.518445421, "VCT": 0.214005, "WSM": 0.695837344, "STP": 14.51788571, "SYC": 10.88018219, "SGP": 50.46861735, "SXM": 7.680416472448534, "SLB": 7.178995600063504, "SUR": 10.88441202, "TLS": 5.055224733370475, "TON": 5.973503093, "TTO": 0.181789479, "TUV": 5.353894885807522, "VIR": 15.974583317194966, "VUT": 5.347991054847027, "AIA": 7.121386941042607, "COK": 7.121386941042607, "MSR": 7.121386941042607, "NIU": 7.121386941042607}, "2014": {"ASM": 3.4692224387540014, "ATG": 4.736407870656223, "ABW": 7.322688277, "BHS": 8.09965982328239, "BRB": 8.43747301467341, "BLZ": 6.214214594261993, "VGB": 7.611698870801122, "CPV": 0.002953693, "COM": 2.126239687, "CUB": 6.25414846444402, "CUW": 10.654227191549074, "DMA": 3.5198337402799944, "DOM": 4.304970425, "FJI": 2.58623733, "PYF": 15.56429988, "GRD": 4.178760843670005, "GUM": 3.79471107992305, "GNB": 14.813609753821968, "GUY": 0.217317495, "HTI": 6.957825550988029, "JAM": 4.572056343, "KIR": 2.759484638, "MDV": 15.006645213872783, "MHL": 3.279344632488008, "MUS": 0.029877141, "FSM": 2.798468316276, "NRU": 4.035369009510012, "NCL": 13.15387719, "MNP": 7.924051680737873, "PLW": 20.28263822, "PNG": 4.505356135837999, "PRI": 10.985889416076992, "KNA": 27.63543911, "LCA": 6.26898307, "VCT": 0.046039138, "WSM": 1.976740084, "STP": 1.38764213, "SYC": 5.862670478, "SGP": 50.86894859, "SXM": 16.38113447268502, "SLB": 5.898921878154009, "SUR": 14.93506503, "TLS": 2.637199769304002, "TON": 2.696506088, "TTO": 0.136127589, "TUV": 4.208869186249997, "VIR": 11.755328089332007, "VUT": 3.042700454278003, "AIA": 7.565752197238002, "COK": 7.565752197238002, "MSR": 7.565752197238002, "NIU": 7.565752197238002}}, "upperIntervals": {"2011": {"ASM": 18.3995425, "ATG": 47.22455138000001, "BHS": 22.55317594, "BRB": 47.51594082999999, "VGB": 25.493092460499767, "COM": 9.046388991, "CUB": 25.23701609, "CUW": 30.3585435, "DMA": 36.20956289, "GRD": 36.20956289, "GUM": 47.51594082999999, "GNB": 15.794013020499875, "HTI": 22.55284519, "KIR": 16.79995157, "MDV": 47.51594082999999, "MHL": 10.08272596664968, "FSM": 22.55317594, "NRU": 47.22455138000001, "MNP": 22.55317594, "PLW": 22.55317594, "PRI": 47.22455138000001, "LCA": 4.971641759, "SYC": 47.77568771, "SXM": 30.3585435, "SLB": 23.76377845, "TLS": 16.79995157, "TUV": 47.22455138000001, "VIR": 22.55317594, "VUT": 23.76377845, "AIA": 20.98457948, "COK": 20.98457948, "MSR": 20.98457948, "NIU": 20.98457948}, "2012": {"ASM": 35.76767411, "ATG": 46.09225956, "BHS": 48.51652374, "BRB": 46.09225956, "BLZ": 21.16410897, "VGB": 46.09225956, "CPV": 20.56775059, "COM": 14.54785828, "CUB": 22.84198202, "CUW": 48.51652374, "GRD": 19.89187058, "GUM": 46.09225956, "GNB": 14.54785828, "HTI": 11.369944951999976, "KIR": 15.14408947, "MDV": 46.09225956, "MHL": 18.4953547, "FSM": 46.09225956, "NRU": 47.50221331, "MNP": 18.4953547, "PLW": 12.34846455, "PRI": 48.51652374, "SYC": 48.51652374, "SXM": 18.4953547, "SLB": 15.14408947, "TLS": 19.89187058, "TUV": 14.54785828, "VIR": 48.51652374, "VUT": 14.54785828, "AIA": 20.55940432, "COK": 20.55940432, "MSR": 20.55940432, "NIU": 20.55940432}, "2013": {"ASM": 35.475805871630435, "ATG": 34.01082780346535, "BHS": 50.46861735000001, "BRB": 38.75162471, "BLZ": 14.39693276, "VGB": 29.522777368624205, "CPV": 14.51788571, "COM": 14.51788571, "CUB": 22.14121394, "CUW": 38.75162471, "DMA": 12.586511528714958, "GRD": 19.03549644, "GUM": 38.75162471, "GNB": 57.68815982, "HTI": 15.124514400446651, "KIR": 14.51788571, "MDV": 38.75162471, "MHL": 14.51788571, "FSM": 34.34439843483147, "NRU": 23.19756234349998, "MNP": 17.03421204, "PLW": 14.03023306, "PNG": 14.60654488449992, "PRI": 48.47126951, "SXM": 29.81807664, "SLB": 17.03421204, "TLS": 16.428290561999873, "TUV": 13.360672179029596, "VIR": 50.46861735000001, "VUT": 14.51788571, "AIA": 17.519324535999996, "COK": 17.519324535999996, "MSR": 17.519324535999996, "NIU": 17.519324535999996}, "2014": {"ASM": 11.49022019299991, "ATG": 20.68648753, "BHS": 20.28263822, "BRB": 28.60412471, "BLZ": 19.61596997, "VGB": 36.50761059, "CUB": 23.81377899899985, "CUW": 34.75993281, "DMA": 19.61596997, "GRD": 6.26898307, "GUM": 20.28263822, "GNB": 60.29985291, "HTI": 11.85598974, "MDV": 34.75993281, "MHL": 6.26898307, "FSM": 6.26898307, "NRU": 20.28263822, "MNP": 20.68648753, "PNG": 11.48007374, "PRI": 27.63543911, "SXM": 28.60412471, "SLB": 26.7596180204984, "TLS": 6.662134573, "TUV": 20.28263822, "VIR": 27.63543911, "VUT": 11.48007374, "AIA": 17.06310375, "COK": 17.06310375, "MSR": 17.06310375, "NIU": 17.06310375}}, "lowerIntervals": {"2011": {"ASM": 0.026135304, "ATG": 0.026135304, "BHS": 2.100620439, "BRB": 0.116633026, "VGB": 0.07884325, "COM": 0.076379794,