{"data": {"2010": {"ASM": 3.753380386532724, "ATG": 3.256164253826644, "ABW": 2.9786552438883995, "BHS": -7.331603139, "BRB": 10.310113818318754, "BLZ": -36.38451384, "VGB": 10.09782428788249, "CPV": 9.995301298, "COM": -4.158151308, "CUB": -0.711864407, "CUW": 4.966648245854429, "DMA": 11.935257293738506, "DOM": 20.7742497, "FJI": -3.139654519503176, "PYF": 9.50707487055143, "GRD": 8.887491464675088, "GUM": 6.863307180191297, "GNB": 3.893464456, "GUY": 9.600545213355804, "HTI": 33.71651423, "JAM": -2.03922146, "KIR": -9.300920331, "MDV": 10.75288551736448, "MHL": 18.82392599, "MUS": -0.693839755, "FSM": 8.62444789253185, "NRU": 6.434999106204923, "NCL": 9.80889971729713, "MNP": 12.6749673786226, "PLW": 3.288668857, "PNG": 9.344948209633316, "PRI": -7.777852214, "KNA": 14.752116664460775, "LCA": 8.779332331745321, "VCT": 9.475781493417616, "WSM": 9.17499482748326, "STP": 8.58004835398656, "SYC": 3.5075709268644664, "SGP": 13.260299814214196, "SXM": 3.4014571786424805, "SLB": 83.27731092, "SUR": -5.533984967539164, "TLS": 2.79860021, "TON": 3.7131112473925065, "TTO": 8.794629550239545, "TUV": 8.72998856597012, "VIR": 14.966133091750466, "VUT": -4.745687749, "AIA": 13.82402053819241, "COK": 13.82402053819241, "MSR": 13.82402053819241, "NIU": 13.82402053819241}, "2011": {"ASM": 16.308446990289276, "ATG": 3.840296177576387, "ABW": 2.1556313485322924, "BHS": 14.83461023, "BRB": 6.035519707534844, "BLZ": 38.03044119, "VGB": 1.0590869190241987, "CPV": 2.191868716, "COM": 2.428319141, "CUB": 8.535336292, "CUW": 6.410522675814801, "DMA": 6.800997344648549, "DOM": -5.842843222, "FJI": 20.757854424625737, "PYF": 5.963888990823765, "GRD": -4.552177458758325, "GUM": 6.049331678008802, "GNB": 9.764885492, "GUY": 12.427319154883287, "HTI": -18.81490595, "JAM": 8.972402391, "KIR": 30.5744888, "MDV": -7.388662630180596, "MHL": -44.83790369, "MUS": 1.435390582, "FSM": 18.20652397279265, "NRU": 4.369560814063426, "NCL": 11.402041600094774, "MNP": 6.814029096602553, "PLW": 18.97678442, "PNG": 1.9827364653657635, "PRI": 8.114194392, "KNA": 4.602821734900592, "LCA": -6.4667305474145484, "VCT": -7.52749311129739, "WSM": 9.043625226831663, "STP": 0.8487388304445005, "SYC": 7.41174796465073, "SGP": -0.4074874899356545, "SXM": 1.835234736135427, "SLB": -35.30490601, "SUR": 13.401324407159732, "TLS": 69.19948765, "TON": 8.301640294772048, "TTO": 5.83002887649547, "TUV": 6.482697659889694, "VIR": 7.690756065585384, "VUT": -18.08515578, "AIA": 1.4805290038722687, "COK": 1.4805290038722687, "MSR": 1.4805290038722687, "NIU": 1.4805290038722687}, "2012": {"ASM": 6.3292541991578215, "ATG": 5.630359569740853, "ABW": 0.7821750669256933, "BHS": 20.95197268, "BRB": 4.38844504310454, "BLZ": -13.59943205, "VGB": 4.488804564117183, "CPV": -21.0995183, "COM": 24.44518856, "CUB": 7.156338471, "CUW": 4.363958078335062, "DMA": -1.721448786715075, "DOM": -0.640283162, "FJI": -1.6771944027789132, "PYF": -0.2100885566322915, "GRD": -4.8456299109152985, "GUM": 5.376950187814362, "GNB": -36.16156607, "GUY": -1.9235850513145087, "HTI": -18.1193689, "JAM": -5.750449585, "KIR": 61.74496644, "MDV": 4.3164596032929525, "MHL": -42.98732224, "MUS": -0.806205228, "FSM": 36.32491650061361, "NRU": 3.6683156628575664, "NCL": 1.358994965946845, "MNP": 5.428325232406208, "PLW": -1.227089003, "PNG": 4.672129485486677, "PRI": 5.778404891, "KNA": 4.490094765633673, "LCA": 0.4423874844043726, "VCT": -4.266990587944848, "WSM": 0.1272615909215752, "STP": 11.882059937427876, "SYC": 5.094839686750788, "SGP": 4.857729825212955, "SXM": 1.819878675, "SLB": -10.98511694, "SUR": -0.2091735034776315, "TLS": -10.01995171, "TON": 3.866592183760005, "TTO": 5.3681798150053, "TUV": 3.683097418274405, "VIR": 4.824682968772833, "VUT": -13.40550958, "AIA": -0.9300622268470315, "COK": -0.9300622268470315, "MSR": -0.9300622268470315, "NIU": -0.9300622268470315}, "2013": {"ASM": 29.9527631732653, "ATG": -0.543114698046618, "ABW": 0.0929148571116056, "BHS": -10.60035204, "BRB": -0.2756857196992877, "BLZ": 28.31883248, "VGB": 1.0572815473043369, "CPV": -12.92592191, "COM": 6.528571659, "CUB": 4.021723176, "CUW": 0.1687011420548068, "DMA": 7.85018583669835, "DOM": -1.73240739, "FJI": 12.02860219431362, "PYF": -0.0546182768845527, "GRD": 39.24439651263644, "GUM": -0.5973132684233817, "GNB": 4.597260357, "GUY": 11.954659872038771, "HTI": 2.123540268, "JAM": 5.473160463, "KIR": 22.76333988, "MDV": 2.5996938783863337, "MHL": 98.78268795, "MUS": -3.296414917, "FSM": 8.291073777982715, "NRU": 3.547652220268682, "NCL": 0.451987046620507, "MNP": -0.7881585966009087, "PLW": -12.9235439, "PNG": 6.066993896544308, "PRI": -8.854729086, "KNA": 0.8132178516643114, "LCA": 40.02253545683324, "VCT": 21.36053839060033, "WSM": 3.293473752963876, "STP": 0.4838803215236028, "SYC": 18.70923447, "SGP": 0.6770351004297565, "SXM": 4.170485793, "SLB": -2.945859873, "SUR": 8.916832061816423, "TLS": -21.57945478, "TON": 10.01987939174026, "TTO": -0.8169963372222608, "TUV": 6.286983258229974, "VIR": -0.4068175603592966, "VUT": 16.3971984, "AIA": 0.767977832797963, "COK": 0.767977832797963, "MSR": 0.767977832797963, "NIU": 0.767977832797963}, "2014": {"ASM": -0.7806829901218512, "ATG": 4.924867338767898, "ABW": -0.5125818389645789, "BHS": 13.07727161, "BRB": 0.2299795663139314, "BLZ": 14.75969258, "VGB": 5.15886268457935, "CPV": 18.1385907, "COM": 2.582950756, "CUB": -4.868068294, "CUW": 1.3582953022165725, "DMA": 2.555327142678812, "DOM": 8.677904926, "FJI": 7.046784841076339, "PYF": 3.8092742076654953, "GRD": -4.77799258095161, "GUM": 5.53870939219328, "GNB": 58.18558973, "GUY": 1.7502130900027262, "HTI": 8.182783583, "JAM": 3.840099044, "KIR": -4.101438963, "MDV": 4.5903143745571615, "MHL": -13.12168962, "MUS": -6.028825139, "FSM": -0.6953772715475773, "NRU": 5.182933032397337, "NCL": 1.328339860621116, "MNP": 3.493807433379126, "PLW": 37.06029469, "PNG": 1.8128108833121563, "PRI": -6.021325528, "KNA": 4.297469511970095, "LCA": -1.8049061001798583, "VCT": -0.2570972025184809, "WSM": 5.102628323599472, "STP": 1.3484867475757192, "SYC": 8.155002892, "SGP": 13.741603182477396, "SXM": 8.666959965, "SLB": -14.27399508, "SUR": 1.929196999026956, "TLS": 7.319679677, "TON": 1.3879903431657277, "TTO": 6.985068239246797, "TUV": 10.009704904781543, "VIR": 1.4173880467059474, "VUT": -7.226408728, "AIA": 6.464179148508531, "COK": 6.464179148508531, "MSR": 6.464179148508531, "NIU": 6.464179148508531}}, "upperIntervals": {"2010": {"ASM": 15.30416435475495, "ATG": 14.995085781407033, "ABW": 15.346525293673563, "BRB": 23.040010504685227, "VGB": 23.28948120280213, "CUW": 14.025877382842616, "DMA": 26.788101366548325, "FJI": 29.34287837, "PYF": 23.454636946697704, "GRD": 17.43307358505698, "GUM": 14.790810904337912, "GUY": 17.529165985531137, "MDV": 21.660210129855976, "FSM": 16.55553713104126, "NRU": 19.003315706945592, "NCL": 20.879452909514992, "MNP": 27.91347623868048, "PNG": 17.49619547216345, "KNA": 42.1290431799444, "LCA": 16.479419202588055, "VCT": 15.345819416473924, "WSM": 17.061481875762485, "STP": 15.34231526209008, "SYC": 20.406325819940065, "SGP": 21.32669098, "SXM": 14.995085781407033, "SUR": 34.79308040899149, "TON": 11.44027764871592, "TTO": 20.167830874101902, "TUV": 17.546458053126354, "VIR": 21.32669098, "AIA": 34.20739863, "COK": 34.20739863, "MSR": 34.20739863, "NIU": 34.20739863}, "2011": {"ASM": 62.76160816000001, "ATG": 18.97678442, "ABW": 10.365984980724988, "BRB": 18.97678442, "VGB": 14.50466024, "CUW": 14.50466024, "DMA": 25.87808298683332, "FJI": 38.03044119, "PYF": 15.140280731458333, "GRD": 20.24239407, "GUM": 14.83461023, "GUY": 62.76160816000001, "MDV": 14.50466024, "FSM": 69.19948765, "NRU": 18.97678442, "NCL": 23.425809905000005, "MNP": 15.477074758579482, "PNG": 30.92710533, "KNA": 10.930170851330097, "LCA": 38.03044119, "VCT": 16.50590185, "WSM": 29.16490038, "STP": 30.5744888, "SYC": 18.97678442, "SGP": 23.5857996, "SXM": 18.97678442, "SUR": 38.03044119, "TON": 30.5744888, "TTO": 13.522232626654828, "TUV": 18.97678442, "VIR": 37.00357641,