{"data": {"2010": {"ASM": 61822767496.40866, "ATG": 60521348880.21404, "ABW": 2016151418.0, "BHS": 9146702351.0, "BRB": 3944646359.0, "BLZ": 955221384.7, "VGB": 60715501115.835335, "CPV": 1344932171.0, "COM": 807529239.0, "CUB": 56099982154.0, "CUW": 580688091979.7307, "DMA": 412669990.7, "DOM": 49585808799.0, "FJI": 2779673006.0, "PYF": 59503545859.40665, "GRD": 58595674718.10105, "GUM": 57767523449.33959, "GNB": 792681651.3, "GUY": 3211313068.0, "HTI": 11088928939.0, "JAM": 11640788706.0, "KIR": 216812392.5, "MDV": 2001089153.0, "MHL": 61318708304.387184, "MUS": 8330122849.0, "FSM": 285486898.9, "NRU": 65932492848.93449, "NCL": 60619477535.16581, "MNP": 57133207838.29316, "PLW": 57021772947.89724, "PNG": 10489819265.0, "PRI": 58260382006.83181, "KNA": 62910635221.87399, "LCA": 1212937111.0, "VCT": 567100851.8, "WSM": 566706031.3, "STP": 187133438.3, "SYC": 804093209.5, "SGP": 205000000000.0, "SXM": 59667726978.11775, "SLB": 718256196.8, "SUR": 3031860525.0, "TLS": 59263414468.83381, "TON": 346686733.1, "TTO": 15366659824.0, "TUV": 61504918461.41393, "VIR": 57491697691.50704, "VUT": 612536689.5, "AIA": 3583684085019.7466, "COK": 3583684085019.7466, "MSR": 3583684085019.7466, "NIU": 3583684085019.7466}, "2011": {"ASM": 17846330905.21283, "ATG": 15722645451.700745, "ABW": 36877865919.31086, "BHS": 9037744169.0, "BRB": 53563490887.77684, "BLZ": 1014585301.0, "VGB": 15674007677.97039, "CPV": 1396484266.0, "COM": 839212846.4, "CUB": 56240058964.0, "CUW": 146971418764.77734, "DMA": 10134636178.799423, "DOM": 50058026257.0, "FJI": 55503882377.040535, "PYF": 19580117811.80328, "GRD": 260805191607.56003, "GUM": 47155793706.02847, "GNB": 916979804.6, "GUY": 102973769639.40868, "HTI": 11588590401.0, "JAM": 11675967526.0, "KIR": 211271541.0, "MDV": 29598214412.76983, "MHL": 9951239864.01936, "MUS": 8605986680.0, "FSM": 24116265134.81008, "NRU": 19795714760.02607, "NCL": 71727418551.12173, "MNP": 2394317742224.896, "PLW": 12000533979.232264, "PNG": 717565165433.5876, "PRI": 30388982770.26047, "KNA": 23483136798.029324, "LCA": 45615844028.68475, "VCT": 11638768191.41255, "WSM": 10550545493.940767, "STP": 41215241486.76956, "SYC": 12264679385.441853, "SGP": 21150524897.72333, "SXM": 59770530075.17862, "SLB": 764221968.4, "SUR": 159875891082.68317, "TLS": 19144188445.033752, "TON": 16764842645.290522, "TTO": 13723544819.920382, "TUV": 12686002060.378843, "VIR": 12266212272.528366, "VUT": 640398486.3, "AIA": 4762590384178.163, "COK": 4762590384178.163, "MSR": 4762590384178.163, "NIU": 4762590384178.163}, "2012": {"ASM": 21204072407.318542, "ATG": 20828043455.50684, "ABW": 37031537980.88477, "BHS": 9724086941.0, "BRB": 35558152480.80035, "BLZ": 1059946043.0, "VGB": 21503284641.607586, "CPV": 1400176443.0, "COM": 870788855.7, "CUB": 59117225267.0, "CUW": 275698899348.0393, "DMA": 14056994635.583303, "DOM": 51486177067.0, "FJI": 22201681918.757847, "PYF": 16715593641.043163, "GRD": 366231815820.338, "GUM": 17120174242.087416, "GNB": 839685488.6, "GUY": 108669807768.71054, "HTI": 11681272899.0, "JAM": 11913382076.0, "KIR": 243666944.0, "MDV": 29240694070.854504, "MHL": 15112722023.787191, "MUS": 9156850317.0, "FSM": 38998201097.58497, "NRU": 26216771142.04053, "NCL": 53596854771.30468, "MNP": 3829486796099.367, "PLW": 14864821406.406263, "PNG": 532238548802.7826, "PRI": 26964632166.74599, "KNA": 23957252711.76927, "LCA": 15106536517.197449, "VCT": 14725566413.200195, "WSM": 12117677168.050407, "STP": 45474966875.98082, "SYC": 18634159469.65424, "SGP": 29491314263.673645, "SXM": 206955178232.1537, "SLB": 773427292.8, "SUR": 145918394989.94318, "TLS": 20616215806.00315, "TON": 29481951986.054447, "TTO": 17497933767.828003, "TUV": 14448483241.376686, "VIR": 15237127569.82653, "VUT": 637947034.6, "AIA": 4766364448933.361, "COK": 4766364448933.361, "MSR": 4766364448933.361, "NIU": 4766364448933.361}, "2013": {"ASM": 20523705594.264435, "ATG": 23662896935.948013, "ABW": 52258378318.41938, "BHS": 9544098799.0, "BRB": 59813763146.85359, "BLZ": 1118211512.0, "VGB": 27589621973.66845, "CPV": 1433600969.0, "COM": 915088725.4, "CUB": 60829845571.0, "CUW": 269521073777.7953, "DMA": 8780949641.49617, "DOM": 52877166766.0, "FJI": 36230455065.8378, "PYF": 27394731566.279243, "GRD": 80055393847.78687, "GUM": 19086507626.752075, "GNB": 836882865.6, "GUY": 99185981539.2892, "HTI": 12267626870.0, "JAM": 11751877271.0, "KIR": 276706413.4, "MDV": 36105492458.64008, "MHL": 35424174295.41769, "MUS": 9903568218.0, "FSM": 25710930929.255096, "NRU": 23514993208.124702, "NCL": 187652784943.35223, "MNP": 2932429061189.2573, "PLW": 17836842945.846626, "PNG": 694177706380.9924, "PRI": 31587780882.34802, "KNA": 23085999068.9484, "LCA": 27539349781.16248, "VCT": 13383072540.276226, "WSM": 10821194083.282606, "STP": 78958082128.66475, "SYC": 18571121979.922817, "SGP": 45245261874.532005, "SXM": 66668662382.333176, "SLB": 832303975.7, "SUR": 147528436054.31396, "TLS": 20867518429.306587, "TON": 26013653470.150475, "TTO": 21186606501.24683, "TUV": 9880919267.70998, "VIR": 19909008471.108013, "VUT": 706006086.4, "AIA": 5127542662960.438, "COK": 5127542662960.438, "MSR": 5127542662960.438, "NIU": 5127542662960.438}, "2014": {"ASM": 15585014852.8207, "ATG": 16179798666.979635, "ABW": 29421033518.12513, "BHS": 9406896987.0, "BRB": 86365337072.52693, "BLZ": 1169182567.0, "VGB": 20474118065.220818, "CPV": 1428532121.0, "COM": 946195170.8, "CUB": 62586692610.0, "CUW": 284153098859.5099, "DMA": 13325637800.99138, "DOM": 56513226239.0, "FJI": 89156735592.13077, "PYF": 22427393057.401104, "GRD": 1312696365955.735, "GUM": 47680210316.848114, "GNB": 928934854.1, "GUY": 111834480033.29614, "HTI": 12437354907.0, "JAM": 11779253150.0, "KIR": 326581275.4, "MDV": 16773377490.781422, "MHL": 112290488923.87273, "MUS": 10278873135.0, "FSM": 11928174143.561148, "NRU": 17164750951.138254, "NCL": 114418404149.30363, "MNP": 3040765753255.719, "PLW": 12137172606.657587, "PNG": 651930257761.5405, "PRI": 14986939382.956032, "KNA": 28030280032.18599, "LCA": 13310161534.886911, "VCT": 27370284332.76585, "WSM": 11617074566.17264, "STP": 71126413856.05746, "SYC": 15674746999.967506, "SGP": 32694405266.532177, "SXM": 65059666039.777664, "SLB": 802773510.5, "SUR": 207677578602.38675, "TLS": 20049239273.529644, "TON": 18611400375.58367, "TTO": 15727506043.752998, "TUV": 14415476252.212034, "VIR": 13889219728.110931, "VUT": 727011068.3, "AIA": 5383636329982.517, "COK": 5383636329982.517, "MSR": 5383636329982.517, "NIU": 5383636329982.517}}, "upperIntervals": {"2010": {"ASM": 132333947315.0772, "ATG": 126253431791.9333, "VGB": 127960571059.26865, "CUW": 2551157142857.143, "PYF": 127960571059.26854, "GRD": 118019322886.13016, "GUM": 111444285895.43462, "MHL": 133376301137.9869, "NRU": 144927781211.73886, "NCL": 127960571059.26865, "MNP": 111444285895.43462, "PLW": 117978141213.92271, "PRI": 117978141213.9229, "KNA": 133411151413.33246, "SXM": 122379449370.84804, "TLS": 119235756489.93823, "TUV": 131655136762.9698, "VIR": 111444285895.43462, "AIA": 12000000000000.0, "COK": 12000000000000.0, "MSR": 12000000000000.0, "NIU": 12000000000000.0}, "2011": {"ASM": 42231169964.85952, "ATG": 41756004723.74387, "ABW": 56670676675.87125, "BRB": 246123177012.00003, "VGB": 47853320882.973495, "CUW": 564986648964.8646, "DMA": 30126159643.002285, "FJI": 400000000000.00006, "PYF": 52579606980.80686, "GRD": 303000000000.0, "GUM": 246123177012.00003, "GUY": 343000000000.0, "MDV": 119708182353.94354, "MHL": 31628598464.0, "FSM": 104159210617.50424, "NRU": 56718123869.533066, "NCL": 303000000000.0, "MNP": 12200000000000.0, "PLW": 30135653669.825623, "PNG": 4450000000000.0, "PRI": 123000000000.0, "KNA": 75522410291.66466, "LCA": 246123177012.00003, "VCT": 29400888536.065, "WSM": 28566848345.03295, "STP": 303000000000.0, "SYC": 29907507595.432823, "SGP": 68197967935.02989, "SXM": 193821992640.26624, "SUR": 343000000000.0, "TLS": 54063321213.69481, "TON": 50790050176.80749, "TTO": 36298998270.22637, "TUV": 40868066324.08391, "VIR": 30502503120.98491,