{"data": {"2020": {"ASM": 8017615454798.799, "ATG": 507351276840.95703, "ABW": 800672491839.961, "BHS": 63650306561859.17, "BRB": 527809066052.0133, "BLZ": 555224687.9, "VGB": 646779743280.3743, "CPV": 56738540893.0, "COM": 9303052421908.184, "CUB": 663361059094.9281, "CUW": 645121614151.7306, "DMA": 891722844340.5934, "DOM": 1030000000000.0, "FJI": 2084657051.0, "PYF": 65018008942811.56, "GRD": 509428373963.892, "GUM": 9069455755241.516, "GNB": 643536866734.0808, "GUY": 821733545352.611, "HTI": 678472696924.777, "JAM": 731802134844.5498, "KIR": 509428373963.892, "MDV": 517499308885.122, "MHL": 517499308885.122, "MUS": 517499308885.122, "FSM": 16283994848064.65, "NRU": 507215438649.8379, "NCL": 6904274623208.178, "MNP": 8231067835751.18, "PLW": 509428373963.892, "PNG": 6099492223444.622, "PRI": 518936199587.80396, "KNA": 509428373963.892, "LCA": 55240139895192.52, "VCT": 54560139895192.53, "WSM": 894193489526.317, "STP": 3697822144399.2983, "SYC": 1494647151.0, "SGP": 189000000000.0, "SXM": 8071775454798.799, "SLB": 863722666.2, "SUR": 940777040717.229, "TLS": 6539274921698.581, "TON": 9478135755241.516, "TTO": 509428373963.892, "TUV": 517499308885.122, "VIR": 722387651738.3873, "VUT": 519312888720.55853, "AIA": 647202955530.9979, "COK": 645121614151.7306, "MSR": 509696766134.2583, "NIU": 507495274665.71094}}, "upperIntervals": {"2020": {"ASM": 21154615151515.152, "ATG": 1353180141074.976, "ABW": 2393136984981.394, "BHS": 99048333333333.23, "BRB": 1353180141074.976, "VGB": 1902566658949.3591, "COM": 25049916666666.664, "CUB": 1902566658949.3591, "CUW": 1902566658949.3591, "DMA": 2448565843163.396, "PYF": 206000000000000.0, "GRD": 1353180141074.976, "GUM": 25049916666666.664, "GNB": 1902566658949.3591, "GUY": 2393136984981.394, "HTI": 1902566658949.3591, "JAM": 1992137977280.1245, "KIR": 1353180141074.976, "MDV": 1353180141074.976, "MHL": 1353180141074.976, "MUS": 1353180141074.976, "FSM": 34233333333333.336, "NRU": 1353180141074.976, "NCL": 20551608333333.332, "MNP": 22103636363636.367, "PLW": 1353180141074.976, "PNG": 18853678571428.58, "PRI": 1353180141074.976, "KNA": 1353180141074.976, "LCA": 134253333333333.22, "VCT": 132553333333333.33, "WSM": 2448565843163.396, "STP": 10129149999999.998, "SXM": 21154615151515.152, "SUR": 2454498681449.7026, "TLS": 19171124999999.996, "TON": 24966666666666.668, "TTO": 1353180141074.976, "TUV": 1353180141074.976, "VIR": 1902566658949.3591, "VUT": 1353180141074.976, "AIA": 1902566658949.3591, "COK": 1902566658949.3591, "MSR": 1353180141074.976, "NIU": 1353180141074.976}}, "lowerIntervals": {"2020": {"ASM": 711374717632.8721, "ATG": 24165374098.596233, "ABW": 120117154384.28566, "BHS": 22290181818181.82, "BRB": 40606510423.17266, "VGB": 59153682308.48899, "COM": 711374717632.8721, "CUB": 75752193375.41524, "CUW": 54035928977.03985, "DMA": 219660146159.89304, "PYF": 26575000000000.0, "GRD": 37390423531.795296, "GUM": 711374717632.8721, "GNB": 53843551069.23864, "GUY": 120298868148.46281, "HTI": 75752193375.41524, "JAM": 104369459918.71704, "KIR": 37390423531.795296, "MDV": 37896741759.30261, "MHL": 37896741759.30261, "MUS": 37896741759.30261, "FSM": 1105034582738.4658, "NRU": 29545172080.10833, "NCL": 711374717632.872, "MNP": 711374717632.8721, "PLW": 37390423531.795296, "PNG": 653529849040.3082, "PRI": 37896741759.30261, "KNA": 37390423531.795296, "LCA": 22290181818181.82, "VCT": 22290181818181.82, "WSM": 242461136460.78055, "STP": 392478710458.0891, "SXM": 711374717632.8721, "SUR": 243488545470.44064, "TLS": 711374717632.872, "TON": 711374717632.8721, "TTO": 37390423531.795296, "TUV": 37896741759.30261, "VIR": 105249422301.1634, "VUT": 29545172080.10833, "AIA": 59153682308.48899, "COK": 54035928977.03985, "MSR": 21562703518.705723, "NIU": 24165374098.596233}}, "categoryImportances": {"2020": {"Economic Policy & Debt": 1.0}}, "featureImportances": {"2020": {"wdi2-NE.DAB.TOTL.CN": 0.9545326564084179, "wdi-BG.GSR.NFSV.GD.ZS": 0.00047985737012028147, "wdi-BM.GSR.CMCP.ZS": 0.016747864112027104, "wdi-BM.GSR.FCTY.CD": 0.0007384058003799957, "wdi-BM.GSR.GNFS.CD": 0.007585087161467961, "wdi-BM.GSR.INSF.ZS": 0.00037097093710160327, "wdi-BM.GSR.MRCH.CD": 0.00037642516059467515, "wdi-BM.GSR.NFSV.CD": 0.007622492181576374, "wdi-BM.GSR.TOTL.CD": 0.0005021095758610826, "wdi-BM.GSR.TRAN.ZS": 0.011044131292453067}}}