{"data": {"2010": {"ASM": 1.0097212627490866, "ATG": 0.971769989, "ABW": 1.014600039, "BHS": 1.009899974, "BRB": 1.010689974, "BLZ": 1.004420042, "VGB": 0.9826355368870756, "CPV": 1.039819956, "COM": 0.9613331153495835, "CUB": 0.989660025, "CUW": 1.0135281133431937, "DMA": 1.032619953, "DOM": 0.972350001, "FJI": 1.024469437939172, "PYF": 1.0062041704408524, "GRD": 0.990369976, "GUM": 1.0099944049464222, "GNB": 0.8859722101271881, "GUY": 1.000570059, "HTI": 0.9483398422351584, "JAM": 1.0016938277156242, "KIR": 0.9386892082342784, "MDV": 0.9831308470273692, "MHL": 1.004441990979459, "MUS": 1.025820017, "FSM": 0.955041605099547, "NRU": 1.0271570869935738, "NCL": 1.0013597858594137, "MNP": 1.0000042680413048, "PLW": 1.0095458142362592, "PNG": 0.8564295872277338, "PRI": 1.045079947, "KNA": 0.961899996, "LCA": 1.0109759927033075, "VCT": 0.991900027, "WSM": 1.054800034, "STP": 0.999629974, "SYC": 1.049909949, "SGP": 0.9728409232925584, "SXM": 0.9856716031058248, "SLB": 0.942210019, "SUR": 1.105399966, "TLS": 0.959429979, "TON": 1.020210028, "TTO": 1.00575095650537, "TUV": 1.0146000610157275, "VIR": 1.0101972003134967, "VUT": 0.984220028, "AIA": 0.9830088721375798, "COK": 0.9830088721375798, "MSR": 0.9830088721375798, "NIU": 0.9830088721375798}, "2011": {"ASM": 0.9609622442890764, "ATG": 0.964439988, "ABW": 1.008710027, "BHS": 0.999520004, "BRB": 1.018000007, "BLZ": 0.997409999, "VGB": 0.972389996, "CPV": 1.030910015, "COM": 0.8388933805552328, "CUB": 0.98980999, "CUW": 1.0057469088668496, "DMA": 1.029189944, "DOM": 0.989489973, "FJI": 1.036430001, "PYF": 1.0156515705461668, "GRD": 0.9951046708027784, "GUM": 1.0078738821765785, "GNB": 0.8092877214584019, "GUY": 0.995859981, "HTI": 0.9703910426622409, "JAM": 0.993714509754925, "KIR": 1.0009789486593654, "MDV": 1.0214247608868698, "MHL": 0.9861900792977796, "MUS": 1.027670026, "FSM": 0.9954794072733912, "NRU": 1.0128734868351232, "NCL": 0.995509696942509, "MNP": 1.0075718876944737, "PLW": 1.0075284254664447, "PNG": 0.884958907007564, "PRI": 1.038980007, "KNA": 0.988889992, "LCA": 0.9954980493461616, "VCT": 0.977079988, "WSM": 1.064210057, "STP": 1.012019992, "SYC": 1.05625999, "SGP": 1.0157627986209978, "SXM": 1.006296519272535, "SLB": 0.958140016, "SUR": 1.13293004, "TLS": 0.964640021, "TON": 0.974319994, "TTO": 0.9959618237538684, "TUV": 1.001769310567731, "VIR": 1.0095352613109083, "VUT": 0.9717907815245704, "AIA": 0.98946606361569, "COK": 0.98946606361569, "MSR": 0.98946606361569, "NIU": 0.98946606361569}, "2012": {"ASM": 1.0093236082093566, "ATG": 1.039039969, "ABW": 1.021559954, "BHS": 1.011860013, "BRB": 1.0097724279756712, "BLZ": 0.990230024, "VGB": 0.98585999, "CPV": 1.036640048, "COM": 0.9525759648199632, "CUB": 0.997210026, "CUW": 1.0082555332783136, "DMA": 1.0104996890633011, "DOM": 0.986469984, "FJI": 1.048570037, "PYF": 1.008391754329743, "GRD": 1.0069802672618926, "GUM": 1.0095225345693446, "GNB": 0.8398909413143465, "GUY": 0.995010018, "HTI": 0.9765975093302942, "JAM": 1.00490673696615, "KIR": 1.0089313965589946, "MDV": 1.0090240537943655, "MHL": 1.0052634994529237, "MUS": 1.028360009, "FSM": 0.9501904008183856, "NRU": 0.977209985, "NCL": 1.0077298095060463, "MNP": 1.0072897343103118, "PLW": 1.0073462091447989, "PNG": 0.851029992, "PRI": 1.064509988, "KNA": 0.986859977, "LCA": 1.0024357713436318, "VCT": 0.985759974, "WSM": 1.049409986, "STP": 1.015849948, "SYC": 1.021559954, "SGP": 1.0090862701315415, "SXM": 1.01797998, "SLB": 0.973439991, "SUR": 1.132779956, "TLS": 0.968720019, "TON": 1.008520007, "TTO": 1.009395140635601, "TUV": 1.006084297914503, "VIR": 1.0087882343294148, "VUT": 0.9413346126708008, "AIA": 0.989933682228224, "COK": 0.989933682228224, "MSR": 0.989933682228224, "NIU": 0.989933682228224}}, "upperIntervals": {"2010": {"ASM": 1.045079947, "VGB": 1.0372683590659089, "COM": 1.039819956, "CUW": 1.062739968, "FJI": 1.105399966, "PYF": 1.054800034, "GUM": 1.045079947, "GNB": 1.049170017, "HTI": 1.049170017, "JAM": 1.0322495777175704, "KIR": 1.02895999, "MDV": 1.049909949, "MHL": 1.039819956, "FSM": 1.035159945, "NRU": 1.069129944, "NCL": 1.0268171242700317, "MNP": 1.0223484687742947, "PLW": 1.04806006, "PNG": 1.010519981, "LCA": 1.0404551446275, "SGP": 1.0275267209985153, "SXM": 1.0359747333233331, "TTO": 1.0305317225652173, "TUV": 1.054800034, "VIR": 1.042991774, "AIA": 1.039819956, "COK": 1.039819956, "MSR": 1.039819956, "NIU": 1.039819956}, "2011": {"ASM": 1.030910015, "COM": 0.989489973, "CUW": 1.058750033, "PYF": 1.064210057, "GRD": 1.028363736793664, "GUM": 1.0426700115, "GNB": 0.893079996, "HTI": 1.044819951, "JAM": 1.0231656855239526, "KIR": 1.036430001, "MDV": 1.073340058, "MHL": 1.030910015, "FSM": 1.030910015, "NRU": 1.073340058, "NCL": 1.0114240986320144, "MNP": 1.026489973, "PLW": 1.039289333753403, "PNG": 0.912249982, "LCA": 1.02427502945, "SGP": 1.073340058, "SXM": 1.058750033, "TTO": 1.0196502999485593, "TUV": 1.0660450455, "VIR": 1.0369766041854804, "VUT": 1.0262172983549998, "AIA": 1.030910015, "COK": 1.030910015, "MSR": 1.030910015, "NIU": 1.030910015}, "2012": {"ASM": 1.0175832484098013, "BRB": 1.0200783153038395, "COM": 1.0317749821902702, "CUW": 1.0148908807496575, "DMA": 1.040001332277178, "PYF": 1.0205615003020043, "GRD": 1.02241256960586, "GUM": 1.0188548874629018, "GNB": 0.9999428668249996, "HTI": 1.028890014, "JAM": 1.022232333222924, "KIR": 1.036640048, "MDV": 1.0172007849570346, "MHL": 1.0236215543862537, "FSM": 1.0263277320034685, "NCL": 1.0144158500020215, "MNP": 1.0157139401324322, "PLW": 1.0192662044897964, "LCA": 1.0159274334386184, "SGP": 1.0200989787757293, "TTO": 1.0182242229233975, "TUV": 1.0157080528434854, "VIR": 1.0172111008346847, "VUT": 1.00236527535597, "AIA": 1.030149702047847, "COK": 1.030149702047847, "MSR": 1.030149702047847, "NIU": 1.030149702047847}}, "lowerIntervals": {"2010": {"ASM": 0.9890894512225002, "VGB": 0.961899996, "COM": 0.74921, "CUW": 0.9632418742625, "FJI": 0.9855732398410714, "PYF": 0.9764027799571428, "GUM": 0.983890353326667, "GNB": 0.6592699889999999, "HTI": 0.777629972, "JAM": 0.966199994, "KIR": 0.74921, "MDV": 0.935220003, "MHL": 0.990369976, "FSM": 0.74921, "NRU": 0.99351099135, "NCL": 0.978205169725, "MNP": 0.94063, "PLW": 0.971769989, "PNG": 0.6592699889999999, "LCA": 0.990369976, "SGP": 0.935220003, "SXM": 0.935220003, "TTO": 0.9692451846108332, "TUV": 0.989660025, "VIR": 0.990369976, "AIA": 0.821619987, "COK": 0.821619987, "MSR": 0.821619987, "NIU": 0.821619987}, "2011": {"ASM": 0.8933935254500001, "COM": 0.753470004, "CUW": 0.9792995674574608, "PYF": 0.9851472216744694, "GRD": 0.96833974265, "GUM": 0.9872343900875, "GNB": 0.753470004, "HTI": 0.900740027, "JAM": 0.9682047161606724, "KIR": 0.97154, "MDV": 0.9786564608876168, "MHL": 0.92652, "FSM": 0.958329976, "NRU": 0.9799106324382452, "NCL": 0.9822337203877686, "MNP": 0.9929844988376428, "PLW": 0.9888672652863638, "PNG": 0.86538, "LCA": 0.9711019994, "SGP": 0.9918380119480033, "SXM": 0.9746951224666668, "TTO": 0.977079988, "TUV": 0.977079988, "VIR": 0.9886893622424024, "VUT": 0.9143400000000002, "AIA": 0.9493840171, "COK": 0.9493840171, "MSR": 0.9493840171, "NIU": 0.9493840171}, "2012": {"ASM": 1.0039212991228417, "BRB": 1.004487822460083, "COM": 0.669250011, "CUW": 1.0001057477865989, "DMA": 0.9948271827445742, "PYF": 0.9974039908043784, "GRD": 0.988095829480295, "GUM": 1.004196509082052, "GNB": 0.6926299929999999, "HTI": 0.8871094322526177, "JAM": 0.985759974, "KIR": 0.9749634967410812, "MDV": 1.003253992908722, "MHL": 0.985759974, "FSM": 0.669250011, "NCL": 0.9995611640052542, "MNP": 0.9931029157728442, "PLW": 0.989785211432431, "LCA": 0.984911824015766, "SGP": 1.0032390672994285, "TTO": 1.0041626444997878, "TUV": 0.985759974, "VIR": 1.002106551770716, "VUT": 0.869220018, "AIA": 0.9164939993666664, "COK": 0.9164939993666664, "MSR": 0.9164939993666664, "NIU": 0.9164939993666664}}, "categoryImportances": {"2010": {"Environment": 0.7539749627584083, "Infrastructure": 0.2009166067671237, "Economic Policy & Debt": 0.0451084304744676},