{"data": {"2020": {"ASM": 60426.387639550565, "ATG": 78161.69700609172, "ABW": 40091.30455973429, "BHS": 28013.42681314222, "BRB": 27260.676799426576, "BLZ": 77469.60488706506, "VGB": 89345.06574831578, "CPV": 50222.786588900046, "COM": 396537.2515851102, "CUB": 143012.27271671782, "CUW": 33853.63308016724, "DMA": 46616.16935588716, "DOM": 55500.04944068505, "FJI": 86175.96721210844, "PYF": 51914.975943482925, "GRD": 33577.30461419374, "GUM": 59016.975922041565, "GNB": 237221.2980282502, "GUY": 80414.27512938838, "HTI": 7900.0, "JAM": 50060.773202090415, "KIR": 2049420.1167869475, "MDV": 72220.70693992772, "MHL": 2541068.719551119, "MUS": 42979.58566738857, "FSM": 1436143.8399006887, "NRU": 311963.94506413717, "NCL": 140.0, "MNP": 57655.84611390953, "PLW": 34000.572786662364, "PNG": 343732.21594703494, "PRI": 559812.9041227715, "KNA": 29336.635296778226, "LCA": 26276.117784130904, "VCT": 15658.850433590242, "WSM": 484381.49967046693, "STP": 186943.17448667914, "SYC": 43125.77683026329, "SGP": 76547.82809812001, "SXM": 58926.156113909536, "SLB": 310881.017848172, "SUR": 232494.6296594114, "TLS": 125057.56647530742, "TON": 453041.48427435756, "TTO": 45119.16102590725, "TUV": 619679.5664230942, "VIR": 37455.53512974079, "VUT": 170898.81706497484, "AIA": 1412942.0422535762, "COK": 1412942.0422535762, "MSR": 1412942.0422535762, "NIU": 1412942.0422535762}}, "upperIntervals": {"2020": {"ASM": 184186.23179347816, "ATG": 169204.98958333326, "ABW": 182329.2199999998, "BHS": 179371.1714285714, "BRB": 107627.69999999991, "BLZ": 378748.89374999993, "VGB": 302225.72999999986, "CPV": 184012.55333333305, "COM": 1822000.0000000002, "CUB": 637499.9999999997, "CUW": 167573.87803921563, "DMA": 184186.23179347816, "DOM": 186883.12916666642, "FJI": 315632.769722222, "PYF": 272517.3199999999, "GRD": 106399.99999999997, "GUM": 169204.98958333326, "GNB": 422789.31415441167, "GUY": 404519.99999999994, "JAM": 167026.69803921567, "KIR": 9228656.549999999, "MDV": 208865.69374999986, "MHL": 9077248.933333334, "MUS": 154000.11013071888, "FSM": 9228656.549999999, "NRU": 408814.0, "MNP": 184186.23179347816, "PLW": 106399.99999999997, "PNG": 1822000.0000000002, "PRI": 1822000.0000000002, "KNA": 106399.99999999997, "LCA": 110044.9214285712, "VCT": 71423.07311396464, "WSM": 1822000.0000000002, "STP": 369643.60249999986, "SYC": 218548.02999999982, "SGP": 208865.69374999986, "SXM": 184186.23179347816, "SLB": 1692000.0, "SUR": 1822000.0000000002, "TLS": 377105.5041666666, "TON": 1822000.0000000002, "TTO": 154000.11013071888, "TUV": 1807664.44999999, "VIR": 167573.87803921563, "VUT": 399681.9840579707, "AIA": 8668998.237499999, "COK": 8668998.237499999, "MSR": 8668998.237499999, "NIU": 8668998.237499999}}, "lowerIntervals": {"2020": {"ASM": 4016.6339285714284, "ATG": 3534.2018663303916, "ABW": 163.00677966101696, "BHS": 140.0, "BRB": 140.0, "BLZ": 524.5714285714286, "VGB": 385.8507363156432, "CPV": 3962.008928571429, "COM": 41514.71428571428, "CUB": 800.0, "CUW": 140.0, "DMA": 140.0, "DOM": 3946.2905075187973, "FJI": 7052.500000000001, "PYF": 786.2285714285715, "GRD": 3730.4000000000015, "GUM": 4016.6339285714284, "GNB": 39491.46746575343, "GUY": 3980.701754385965, "JAM": 4016.6339285714284, "KIR": 3484.5, "MDV": 1699.8592307692306, "MHL": 6921.16666666667, "MUS": 506.34963680387415, "FSM": 3868.150000000001, "NRU": 390.0, "MNP": 1536.9999999999998, "PLW": 1649.2378021978022, "PNG": 999.9999999999999, "PRI": 800.0, "KNA": 140.0, "LCA": 163.00677966101696, "VCT": 162.0, "WSM": 900.0, "STP": 5763.744736842105, "SYC": 140.0, "SGP": 139.8842105263158, "SXM": 1699.8592307692306, "SLB": 310.0, "SUR": 385.8507363156432, "TLS": 3732.5, "TON": 900.0, "TTO": 768.006779661017, "TUV": 2009.8, "VIR": 163.00677966101696, "VUT": 2087.75, "AIA": 2138.95, "COK": 2138.95, "MSR": 2138.95, "NIU": 2138.95}}, "categoryImportances": {"2020": {"Infrastructure": 0.018976127778050435, "Economic Policy & Debt": 0.024525250041122264, "Social Protection & Labor": 0.42710259047446, "Health": 0.5293960317063673}}, "featureImportances": {"2020": {"wdi2-NE.DAB.TOTL.CN": 0.024525250041122264, "wdi-IT.NET.SECR.P6": 0.018976127778050435, "wdi2-SL.EMP.TOTL.SP.ZS": 0.05113455478417719, "wdi2-SL.TLF.CACT.ZS": 0.046451655582895365, "wdi2-SL.TLF.TOTL.IN": 0.3090933337067739, "wdi2-SL.UEM.TOTL.ZS": 0.020423046400613556, "wdi2-SP.POP.0004.FE.5Y": 0.04819698471116777, "wdi2-SP.POP.0004.MA.5Y": 0.06830004248695443, "wdi2-SP.POP.0014.FE.IN": 0.345245270821422, "wdi2-SP.POP.0014.FE.ZS": 0.06765373368682318}}}