{"data": {"2020": {"ASM": 5.916908255543012, "ATG": 7.649671690189616, "ABW": 6.246595708720443, "BHS": 6.135102991736266, "BRB": 6.1304475475659865, "BLZ": 6.977585789467293, "VGB": 6.821299698625592, "CPV": 9.702883975757723, "COM": 11.046826382078603, "CUB": 6.740603464123368, "CUW": 6.706704612636416, "DMA": 11.525545472224604, "DOM": 10.683908, "FJI": 10.175608699778332, "PYF": 7.003463839388144, "GRD": 9.346153499807981, "GUM": 6.655096291265146, "GNB": 8.293208729068574, "GUY": 10.354548437571589, "HTI": 9.459564293760295, "JAM": 9.107664027277197, "KIR": 9.967027603850168, "MDV": 6.695945532424508, "MHL": 10.32092997076659, "MUS": 6.189673668556233, "FSM": 10.0547314638683, "NRU": 10.162041242387303, "NCL": 7.019813839388144, "MNP": 5.3816326710406255, "PLW": 7.465922972861474, "PNG": 13.996330718637111, "PRI": 6.350599563584608, "KNA": 7.7860423202158655, "LCA": 7.500824591452604, "VCT": 12.267422450898302, "WSM": 9.400592290578173, "STP": 9.998804239579945, "SYC": 6.207421200508995, "SGP": 3.311032, "SXM": 6.555640806405154, "SLB": 10.330029006619098, "SUR": 6.219797360510723, "TLS": 10.111504854522007, "TON": 9.389648005357664, "TTO": 6.217532015345316, "TUV": 10.482399850201272, "VIR": 6.724735100187698, "VUT": 9.819389337092058, "AIA": 6.550252535995818, "COK": 6.550252535995818, "MSR": 6.550252535995818, "NIU": 6.550252535995818}}, "upperIntervals": {"2020": {"ASM": 7.27136950036765, "ATG": 15.048613, "ABW": 7.572538194871796, "BHS": 7.5190436151515145, "BRB": 7.27136950036765, "BLZ": 10.543768785000001, "VGB": 7.450803032500002, "CPV": 10.683908, "COM": 19.093862, "CUB": 7.371735967500001, "CUW": 7.2565593062500025, "DMA": 19.731137, "FJI": 10.774397609274194, "PYF": 12.268501299999995, "GRD": 19.731137, "GUM": 15.048613, "GNB": 10.767265838709678, "GUY": 15.857554666666664, "HTI": 10.767265838709676, "JAM": 10.653186, "KIR": 14.686957, "MDV": 15.048613, "MHL": 16.64247, "MUS": 7.626905127777777, "FSM": 10.709690579629632, "NRU": 16.64247, "NCL": 12.213565, "MNP": 6.950404844696973, "PLW": 13.312291, "PNG": 19.731137, "PRI": 12.314092, "KNA": 15.048613, "LCA": 15.048613, "VCT": 19.731137, "WSM": 10.676942224867727, "STP": 10.767265838709678, "SYC": 8.668907975609754, "SXM": 7.863151159999999, "SLB": 15.082454058333331, "SUR": 7.56653353846154, "TLS": 10.767265838709676, "TON": 10.668532145868946, "TTO": 15.048613, "TUV": 16.655334266666664, "VIR": 7.2674035276785744, "VUT": 10.774397609274196, "AIA": 9.043857, "COK": 9.043857, "MSR": 9.043857, "NIU": 9.043857}}, "lowerIntervals": {"2020": {"ASM": 3.5973555875, "ATG": 4.406090666666667, "ABW": 4.195972816666667, "BHS": 4.409951666666666, "BRB": 4.195972816666667, "BLZ": 4.406090666666667, "VGB": 5.8753805166666675, "CPV": 6.478114611111112, "COM": 5.5045144000000015, "CUB": 5.766105444444446, "CUW": 5.771798375000002, "DMA": 6.840071807592594, "FJI": 7.42179336625, "PYF": 3.8874929041666673, "GRD": 4.4046500619047615, "GUM": 4.374978292857143, "GNB": 3.25914, "GUY": 3.25914, "HTI": 3.25914, "JAM": 4.603499425, "KIR": 3.954183, "MDV": 4.206906775, "MHL": 3.403423, "MUS": 4.409951666666666, "FSM": 7.370019323235296, "NRU": 3.403423, "NCL": 3.8874929041666673, "MNP": 3.118142258333333, "PLW": 3.403423, "PNG": 8.990812186585368, "PRI": 3.311032, "KNA": 4.374978292857143, "LCA": 4.406090666666667, "VCT": 6.824591713946764, "WSM": 6.519135100000001, "STP": 7.177024025000001, "SYC": 4.374978292857143, "SXM": 4.612112791666666, "SLB": 6.48413255, "SUR": 4.184705366666667, "TLS": 7.616134704444444, "TON": 5.514822319444445, "TTO": 3.311032, "TUV": 3.403423, "VIR": 6.015955673333334, "VUT": 3.954183, "AIA": 4.4888078333333326, "COK": 4.4888078333333326, "MSR": 4.4888078333333326, "NIU": 4.4888078333333326}}, "categoryImportances": {"2020": {"Environment": 0.1945593496178756, "Financial Sector": 0.0353434180036473, "Public Sector": 0.6549520499130019, "Infrastructure": 0.05257161632175267, "Education": 0.06257356614372256}}, "featureImportances": {"2020": {"wdi-FM.AST.DOMS.CN": 0.0353434180036473, "wdi-EN.URB.LCTY": 0.04344462225177259, "wdi-EN.URB.LCTY.UR.ZS": 0.151114727366103, "wdi-HD.HCI.OVRL": 0.23373444988930545, "wdi-HD.HCI.OVRL.LB": 0.24002829498713996, "wdi-HD.HCI.OVRL.UB": 0.1811893050365565, "wdi-IT.NET.SECR": 0.020804902942798572, "wdi-IT.NET.SECR.P6": 0.0317667133789541, "wdi2-SE.PRM.AGES": 0.013121155027649416, "wdi2-SE.PRM.DURS": 0.049452411116073146}}}