{"data": {"2010": {"ASM": 3.223012629977061, "ATG": 2.6337350518663394, "ABW": 3.3098117709891746, "BHS": 0.926281512, "BRB": 4.143910575580333, "BLZ": -0.163213447, "VGB": 2.770887469760608, "CPV": -0.458880109, "COM": 3.849216711, "CUB": 2.677111015, "CUW": 4.509550335804844, "DMA": 1.4730495288914085, "DOM": 8.348927638, "FJI": 3.6848510340810687, "PYF": 3.164158966192814, "GRD": 2.7462350024728748, "GUM": 3.261052855339283, "GNB": 5.430063161, "GUY": 8.543441169583938, "HTI": -3.732038474, "JAM": 0.318634838, "KIR": 5.410922614, "MDV": 4.159574940811365, "MHL": 2.928198648, "MUS": 3.005153336, "FSM": 2.9317779936899857, "NRU": 2.887243788987305, "NCL": 4.367582853760471, "MNP": 2.316491485752587, "PLW": 0.428818973, "PNG": 4.420329859745611, "PRI": -4.136569015, "KNA": 2.863111346547113, "LCA": 5.008821635938472, "VCT": 4.638922662741283, "WSM": 3.868971143670607, "STP": 4.9111967042604965, "SYC": 2.197868521958635, "SGP": 3.8903572319882938, "SXM": 4.441106186574007, "SLB": 11.55370902, "SUR": 1.8444367173063736, "TLS": 21.14475236, "TON": 2.541642763982152, "TTO": 4.948211052501655, "TUV": 3.570718720696982, "VIR": 4.054404163622492, "VUT": 1.889373505, "AIA": 5.684300543873225, "COK": 5.684300543873225, "MSR": 5.684300543873225, "NIU": 5.684300543873225}, "2011": {"ASM": 1.203094862111984, "ATG": 3.626401661777764, "ABW": 2.338526472648497, "BHS": 0.844437416, "BRB": 2.7255950520073915, "BLZ": 5.21354999, "VGB": 3.468766809141534, "CPV": 4.531120237, "COM": 4.116881559, "CUB": 3.544998584, "CUW": 1.0513560922158416, "DMA": 4.293471520761666, "DOM": 2.878379755, "FJI": 6.447897832240956, "PYF": 3.059880563255134, "GRD": 2.9520713956762084, "GUM": 3.598134869542102, "GNB": 9.230698549, "GUY": 4.516680625786913, "HTI": 6.25576588, "JAM": 1.946559801, "KIR": -3.10490015, "MDV": 2.5647048650956146, "MHL": 0.236562008, "MUS": 3.149873278, "FSM": 2.769825089680342, "NRU": 2.9121976963733327, "NCL": 2.518426661663944, "MNP": 4.492468393509345, "PLW": 6.193456617, "PNG": 2.8530099243464533, "PRI": -1.368342472, "KNA": 1.2254069404310146, "LCA": 2.044392903654804, "VCT": 1.791456238026764, "WSM": 5.473177583813266, "STP": 2.312131482684214, "SYC": 3.251950079307215, "SGP": 1.3225666098294555, "SXM": 3.108849289582585, "SLB": 4.881411414, "SUR": 5.62492935686488, "TLS": 21.89798343, "TON": 2.658459430712683, "TTO": 5.949130619401014, "TUV": 2.715219427884741, "VIR": 1.61662151665273, "VUT": 3.853900379, "AIA": 5.00303179088227, "COK": 5.00303179088227, "MSR": 5.00303179088227, "NIU": 5.00303179088227}, "2012": {"ASM": 3.828432733364005, "ATG": 4.632988552408019, "ABW": 2.80439329021801, "BHS": 3.908717879, "BRB": 2.4659416989280034, "BLZ": 1.14627548, "VGB": 5.139409194846, "CPV": 0.741550691, "COM": 3.10840222, "CUB": 3.171771838, "CUW": 4.102924857369997, "DMA": 2.4000521437119944, "DOM": 2.634469758, "FJI": 5.447670689456007, "PYF": 0.7023281989719996, "GRD": 0.0240668596959998, "GUM": 4.220824576755998, "GNB": -1.792133109, "GUY": 4.348627207889992, "HTI": 0.661748079, "JAM": 1.563913925, "KIR": 14.21564227, "MDV": 5.3100346202000015, "MHL": -5.92203905, "MUS": 8.482807098, "FSM": 11.007665249420004, "NRU": 4.066581255851988, "NCL": 4.232399706744007, "MNP": 4.998560986274007, "PLW": 2.040518716, "PNG": 5.025598395470002, "PRI": 5.642356551, "KNA": 2.735316900562004, "LCA": 2.073850337764002, "VCT": 1.7615406985300035, "WSM": 1.5413058652980005, "STP": 3.4076367860440024, "SYC": 4.678884930190001, "SGP": 13.3461294813781, "SXM": 2.348620809, "SLB": 4.48459303, "SUR": 6.101093878771992, "TLS": -10.51517, "TON": 3.528420250435992, "TTO": 4.828826988696011, "TUV": 3.3599501902259896, "VIR": 2.7996469177199983, "VUT": -2.365790041, "AIA": 4.740260146120017, "COK": 4.740260146120017, "MSR": 4.740260146120017, "NIU": 4.740260146120017}, "2013": {"ASM": 5.081331380323246, "ATG": 2.1291495299805923, "ABW": 2.675669047187505, "BHS": -1.98782136, "BRB": 2.6234049938276365, "BLZ": 1.529823858, "VGB": 2.450415672554552, "CPV": 1.599151248, "COM": 4.69076605, "CUB": 2.917106459, "CUW": 2.381365029033648, "DMA": 2.965970584300348, "DOM": 4.046735993, "FJI": 3.492448415622824, "PYF": 2.3334448711042053, "GRD": 3.689922218448716, "GUM": 2.131095986422137, "GNB": 0.757187371, "GUY": 6.5435863842525706, "HTI": 2.904282232, "JAM": -0.425192014, "KIR": 13.29192205, "MDV": 2.9904283403089207, "MHL": 7.148168113, "MUS": 6.855176063, "FSM": 5.52383238787998, "NRU": 2.8490238654282667, "NCL": 3.1232671539206827, "MNP": 2.144576267545182, "PLW": -2.864707129, "PNG": 5.53124461096551, "PRI": 0.188022302, "KNA": 2.144957665976018, "LCA": 4.374060346535489, "VCT": 3.974848617101338, "WSM": 3.274670694633517, "STP": 4.422943753823076, "SYC": 6.020525663, "SGP": 2.537961067558861, "SXM": 2.737896746, "SLB": 10.94942332, "SUR": 6.006218442022827, "TLS": -11.63578712, "TON": 3.4024062192412816, "TTO": 2.4417418885072086, "TUV": 3.017777986239439, "VIR": 2.292884989413868, "VUT": 6.509965512, "AIA": 4.554234986019666, "COK": 4.554234986019666, "MSR": 4.554234986019666, "NIU": 4.554234986019666}, "2014": {"ASM": 3.7921367885610726, "ATG": 1.526562906543618, "ABW": 2.144353890904915, "BHS": -2.713865106, "BRB": 1.7211912107435934, "BLZ": 3.273794302, "VGB": 2.328332543814093, "CPV": -0.965877526, "COM": 2.214395918, "CUB": 0.916658419, "CUW": -0.1938254179677813, "DMA": 2.687961290795497, "DOM": 6.946870521, "FJI": 2.957325843965563, "PYF": 2.2515060716393207, "GRD": 2.352007106179381, "GUM": 1.6677063438290458, "GNB": 6.636845342, "GUY": 3.0100748815690426, "HTI": 3.501785926, "JAM": 0.891637589, "KIR": 15.2996202, "MDV": 2.269073791504887, "MHL": 3.114628094, "MUS": 3.739604269, "FSM": 5.0294357061959545, "NRU": 2.18194469343933, "NCL": 3.725805562532098, "MNP": 1.3374909128668206, "PLW": 5.153063244, "PNG": 5.852641806183472, "PRI": -1.649034864, "KNA": 1.2794825141544424, "LCA": 2.466433011442842, "VCT": 2.4824391695937003, "WSM": 2.279948316274345, "STP": 3.157225782629984, "SYC": 2.809498962, "SGP": 2.873029201603865, "SXM": 0.01966294, "SLB": -0.231221183, "SUR": 4.477059748933373, "TLS": -18.03630445, "TON": 1.874755671911187, "TTO": 0.0536934303969243, "TUV": 1.1130543329023157, "VIR": 2.214737428927517, "VUT": 3.803009114, "AIA": 4.322615762253045, "COK": 4.322615762253045, "MSR": 4.322615762253045, "NIU": 4.322615762253045}}, "upperIntervals": {"2010": {"ASM": 7.245726116000001, "ATG": 6.663318774000001, "ABW": 7.310517900199994, "BRB": 7.964981785, "VGB": 9.016481606, "CUW": 10.1497249, "DMA": 4.996132510305052, "FJI": 6.670363291466662, "PYF": 6.763211502, "GRD": 5.786009467966664, "GUM": 7.245726116000001, "GUY": 21.14475236, "MDV": 7.1262474, "FSM": 7.132733939349993, "NRU": 7.245726116000001, "NCL": 8.124571270550002, "MNP": 6.15591427195, "PNG": 11.09208712, "KNA": 6.663318774000001, "LCA": 9.016481606, "VCT": 9.016481606, "WSM": 7.169770396749996, "STP": 8.416161214796157, "SYC": 6.155231404, "SGP": 6.390226471474986, "SXM": 7.245726116000001, "SUR": 6.3127534480625, "TON": 6.592687618724986, "TTO": 9.016481606, "TUV": 8.565739006, "VIR": 9.016481606, "AIA": 8.804973149, "COK": 8.804973149, "MSR": 8.804973149, "NIU": 8.804973149}, "2011": {"ASM": 12.36339659, "ATG": 8.050672542, "ABW": 6.193456617, "BRB": 7.007016594999999, "VGB": 8.050672542, "CUW": 4.6652718197249925, "DMA": 14.244146730000002, "FJI": 14.244146730000002, "PYF": 6.305368317, "GRD": 10.26595243, "GUM": 8.050672542, "GUY": 8.537004836549992, "MDV": 10.26595243, "FSM": 21.89798343, "NRU": 8.050672542, "NCL": 6.80033760269999, "MNP": 10.29726671, "PNG": 6.259739139499994, "KNA": 5.547450801380764, "LCA": 10.26595243, "VCT": 8.527505266, "WSM": 14.244146730000002, "STP": 12.36339659, "SYC": 8.050672542, "SGP": 5.16156619, "SXM": 10.26595243, "SUR": 14.244146730000002, "TON": 10.26595243, "TTO": 16.76430645, "TUV": 10.26595243, "VIR": 5.1625032973875, "AIA": 8.390296031749978, "COK": 8.390296031749978, "MSR": 8.390296031749978, "NIU": 8.390296031749978}, "2012": {"ASM": 14.21564227,