{"data": {"2010": {"ASM": 1.6729077011336644, "ATG": 10.230591623813558, "ABW": -3.233307376, "BHS": 19.86448241, "BRB": -2.270820696, "BLZ": -6.459314401, "VGB": 10.653406492054255, "CPV": 24.63613295, "COM": 4.767257615, "CUB": 6.607523494751178, "CUW": 8.442163183010871, "DMA": 8.124333543011598, "DOM": 15.44523379, "FJI": 9.638105099, "PYF": 16.054468811621348, "GRD": 9.374065358064538, "GUM": 13.898988440598876, "GNB": -8.657381591, "GUY": 8.216706114697097, "HTI": 18.64974336, "JAM": 10.00422065, "KIR": 10.17034388, "MDV": 8.180806619469946, "MHL": 8.791226968027082, "MUS": 0.328330013, "FSM": 6.101239077698476, "NRU": 8.840265010948997, "NCL": 14.927413376949902, "MNP": 9.686622621241316, "PLW": 14.468591960239184, "PNG": 17.049446784951687, "PRI": 9.99249855836349, "KNA": 10.873103552579083, "LCA": 10.766746611817515, "VCT": 7.26931265218113, "WSM": 10.3123887232551, "STP": 8.185334406749856, "SYC": 8.402030325, "SGP": 39.9173988, "SXM": 8.53141499310302, "SLB": 16.682965037738388, "SUR": 24.50986436, "TLS": 7.494187336145467, "TON": 4.515333282, "TTO": 8.948034384628478, "TUV": 9.15481046367412, "VIR": 12.799086597791742, "VUT": 15.93041795, "AIA": 9.674430844196824, "COK": 9.674430844196824, "MSR": 9.674430844196824, "NIU": 9.674430844196824}, "2011": {"ASM": 2.161400782608568, "ATG": 10.214094560666384, "ABW": -10.47069151, "BHS": 17.34957383, "BRB": -8.498185137, "BLZ": -5.081599339, "VGB": 8.48157940184638, "CPV": 24.22763258, "COM": 1.540913989, "CUB": 5.787141038421562, "CUW": 8.861696689378729, "DMA": 8.19687249072094, "DOM": 14.063083, "FJI": 7.374893451, "PYF": 16.25969670889669, "GRD": 9.353795424320616, "GUM": 9.230008620467514, "GNB": 5.515575721, "GUY": 4.08521389792605, "HTI": 14.3828372, "JAM": 5.302654591, "KIR": 6.839846675, "MDV": 3.631514225036145, "MHL": 6.61463781580916, "MUS": -2.01704732, "FSM": 4.090268861435879, "NRU": 8.487250982389837, "NCL": 10.70392428063102, "MNP": 9.61042819801509, "PLW": 7.209364960164878, "PNG": 11.207724204829724, "PRI": 8.803845855116748, "KNA": 7.503734507645564, "LCA": 10.72108671965109, "VCT": 4.864701610268753, "WSM": 9.622265882606737, "STP": 6.767485137609437, "SYC": -1.430404441, "SGP": 39.1040852, "SXM": 10.695123425581729, "SLB": 3.7932059573094303, "SUR": 9.277761512202124, "TLS": 8.803830728847108, "TON": 7.413025112, "TTO": 10.098601496645424, "TUV": 7.713123731358501, "VIR": 9.601361977842776, "VUT": 16.60484452, "AIA": 9.52017120412614, "COK": 9.52017120412614, "MSR": 9.52017120412614, "NIU": 9.52017120412614}, "2012": {"ASM": -4.531058574548357, "ATG": 8.956624703168426, "ABW": -3.438339021, "BHS": 19.14069402, "BRB": -3.137336342, "BLZ": -3.39380282, "VGB": 9.243090929541667, "CPV": 18.89242099, "COM": 2.281699373, "CUB": 5.967880915296543, "CUW": 8.262191814770608, "DMA": 8.50761129754138, "DOM": 14.49955342, "FJI": 7.250704546, "PYF": 11.22940086820769, "GRD": 9.134362419507392, "GUM": 14.959743336014991, "GNB": -3.546615803, "GUY": 5.07912469765852, "HTI": 9.91135686, "JAM": 7.831659338, "KIR": 18.02912317, "MDV": 8.735904706796932, "MHL": 6.913963045789652, "MUS": 1.989491352, "FSM": 3.4459293967138898, "NRU": 8.793948407853577, "NCL": 7.651500379459406, "MNP": 14.18675425057866, "PLW": 7.336626084324754, "PNG": 12.025471916266536, "PRI": 9.689942576922396, "KNA": 8.159347263461726, "LCA": 11.02496028476291, "VCT": 6.878321545267407, "WSM": 9.31970382025231, "STP": 9.895266557461351, "SYC": 1.140306447, "SGP": 37.58543198, "SXM": 9.06692534683928, "SLB": 9.401456545503024, "SUR": 11.285232226039907, "TLS": 7.951731330263436, "TON": 9.213685535, "TTO": 8.91929341991141, "TUV": 7.867942414195, "VIR": 13.649964651565863, "VUT": 15.05208229, "AIA": 9.596454205645427, "COK": 9.596454205645427, "MSR": 9.596454205645427, "NIU": 9.596454205645427}, "2013": {"ASM": -1.1840345444875184, "ATG": 9.38523422207788, "ABW": 0.415180178, "BHS": 19.40119088, "BRB": -3.801900804, "BLZ": -3.405708515, "VGB": 8.48072439728423, "CPV": 19.16886878, "COM": 5.189866905648688, "CUB": 4.442928053957075, "CUW": 12.279498508648564, "DMA": 9.60188594198614, "DOM": 15.09420339, "FJI": 10.10356413, "PYF": 26.864597247110297, "GRD": 11.206730269067965, "GUM": 19.323867048090165, "GNB": -5.041902581, "GUY": 5.1180167768252325, "HTI": 7.062569901, "JAM": 8.400811433, "KIR": 17.79938211, "MDV": 6.909302050296228, "MHL": 9.21697201902546, "MUS": 3.903739197, "FSM": 6.046472837098805, "NRU": 7.648631457213202, "NCL": 24.58080361468497, "MNP": 16.917183109605602, "PLW": 13.58869096954254, "PNG": 15.204909807731338, "PRI": 11.5584742658151, "KNA": 11.659780185179237, "LCA": 9.7516933067491, "VCT": 5.739362584081762, "WSM": 10.350997193339545, "STP": 9.460420373036722, "SYC": 14.4198191, "SGP": 35.47888684, "SXM": 11.945133494428234, "SLB": 16.425790205677057, "SUR": 14.079419890705722, "TLS": 8.127316003044248, "TON": 7.000161752199256, "TTO": 11.831632560923278, "TUV": 7.781038291259733, "VIR": 16.181117828147435, "VUT": 20.95426161, "AIA": 10.656887018346891, "COK": 10.656887018346891, "MSR": 10.656887018346891, "NIU": 10.656887018346891}, "2014": {"ASM": -17.820372951261877, "ATG": 12.881605064583493, "ABW": 4.511939153, "BHS": 16.24972496, "BRB": -2.445410574, "BLZ": -1.50104105, "VGB": 18.957444815509213, "CPV": 16.71230307, "COM": -0.415167239, "CUB": 7.517440776962779, "CUW": 20.36683750423825, "DMA": 15.666944821401302, "DOM": 16.40404188, "FJI": 13.14449214, "PYF": 13.359640449155783, "GRD": 13.342360566134705, "GUM": 7.004628258892932, "GNB": 6.038456211, "GUY": 1.0858211334250345, "HTI": 5.293503683, "JAM": 10.62218114, "KIR": 34.51360001, "MDV": 20.21543785, "MHL": 10.450332983520749, "MUS": 3.669108714, "FSM": -10.05679317857346, "NRU": 21.01422525196937, "NCL": 1.7734940331241018, "MNP": 11.369910534225577, "PLW": -22.70740601774425, "PNG": 10.13935180458068, "PRI": 11.124001010141296, "KNA": 12.569676918107662, "LCA": 18.7213397171608, "VCT": -13.331859936287165, "WSM": 10.752475990283411, "STP": 10.506087596765868, "SYC": 9.10774978, "SGP": 36.58513705, "SXM": 13.430981416874708, "SLB": -0.947125021707688, "SUR": 6.58655945045717, "TLS": 10.610730869092947, "TON": 9.560252621304128, "TTO": 12.232176215118978, "TUV": 14.113132044157272, "VIR": 13.419217226015084, "VUT": 27.10907846, "AIA": 10.392577246857924, "COK": 10.392577246857924, "MSR": 10.392577246857924, "NIU": 10.392577246857924}}, "upperIntervals": {"2010": {"ASM": 24.50986436, "ATG": 19.112856118560835, "VGB": 39.9173988, "CUB": 9.41760289442176, "CUW": 12.797058988013546, "DMA": 14.34341545610013, "PYF": 36.90028404840952, "GRD": 15.072865601741384, "GUM": 39.9173988, "GUY": 24.50986436, "MDV": 16.220418724487146, "MHL": 13.403953895797253, "FSM": 24.50986436, "NRU": 22.953198966369488, "NCL": 34.70246857, "MNP": 19.25439605048704, "PLW": 34.70246857, "PNG": 36.83249346, "PRI": 16.86266873060484, "KNA": 19.461534090409764, "LCA": 20.013671411243845, "VCT": 19.48796052333333, "WSM": 18.543373581511823, "STP": 36.54407471190152, "SXM": 15.569454464446752, "SLB": 39.9173988, "TLS": 15.775738467532063, "TTO": 16.47265295610777, "TUV": 14.026173974898624, "VIR": 39.9173988, "AIA": 15.724182353925, "COK": 15.724182353925, "MSR": 15.724182353925, "NIU": 15.724182353925}, "2011": {"ASM": 18.49988141414085, "ATG": 21.579379846469333, "VGB": 13.961238524460574, "CUB": 9.331983531597691, "CUW": 17.057766728289213, "DMA": 12.786452559409192, "PYF": 34.74888816630401, "GRD": 16.05253761286351, "GUM": 39.1040852, "GUY": 17.412595835529025, "MDV": 16.71636542025116, "MHL": 11.785646141377136, "FSM": 26.19346635983329, "NRU": 22.21555443439428, "NCL": 39.1040852, "MNP": 22.651970778845826, "PLW": 36.10706585, "PNG": 36.10706585, "PRI": 16.81532114990274, "KNA": 18.927813232864228, "LCA": 20.463117457839346, "VCT": 16.67906063542332, "WSM": 17.11882502689261, "STP": 16.208539847806236, "SXM": 20.57880616402, "SLB": 33.63085246341663, "SUR": 36.10706585, "TLS": 13.471783890705272, "TTO": 18.63289171182057, "TUV": 12.944903272586506,