{"data": {"2010": {"ASM": 2.946269267551998, "ATG": 1.6734008452559928, "ABW": 5.975132310399986, "BHS": -2.845715514, "BRB": 2.824446318510001, "BLZ": -3.113298872, "VGB": 3.187613297514003, "CPV": -1.844915547, "COM": -0.356848181, "CUB": 7.362393585, "CUW": 5.603954192420004, "DMA": 4.519271390757998, "DOM": 7.385044174, "FJI": 0.8601046080400008, "PYF": 1.459005444036001, "GRD": 3.163170957120003, "GUM": 5.417151062191993, "GNB": 9.225037788, "GUY": 3.3814411940739864, "HTI": -6.396908028, "JAM": 0.521395208, "KIR": 6.246304511, "MDV": 6.179616229113989, "MHL": 3.618152410366002, "MUS": -5.116028023, "FSM": 5.748322355465993, "NRU": 6.5693199908739865, "NCL": 0.7487549659720002, "MNP": 2.439343326545995, "PLW": 1.3440858127220003, "PNG": 6.751824604789983, "PRI": 1.966846817215995, "KNA": 2.309224316507996, "LCA": 3.6527046926779927, "VCT": 4.394622423225993, "WSM": 1.220590643819999, "STP": 4.516556462554007, "SYC": 2.714411798541992, "SGP": 2.115292334284004, "SXM": 1.7463519286999938, "SLB": 9.225761927, "SUR": 5.100690949211985, "TLS": 1.9487329470239856, "TON": 4.071784163576002, "TTO": 0.8653283399559977, "TUV": 3.840417150798006, "VIR": 2.299235495492004, "VUT": 0.795454529, "AIA": 6.5737028149200105, "COK": 6.5737028149200105, "MSR": 6.5737028149200105, "NIU": 6.5737028149200105}, "2011": {"ASM": 16.82975232284593, "ATG": 3.899801201218151, "ABW": 3.793387967097709, "BHS": -1.191229126, "BRB": 6.545996148052857, "BLZ": 6.214676248, "VGB": 1.5857561092696786, "CPV": 3.833062832, "COM": 3.923524477, "CUB": 0.249691362, "CUW": 4.048894760428917, "DMA": 2.814801382884002, "DOM": 0.952323798, "FJI": 8.31484031990499, "PYF": 5.880741627189992, "GRD": 4.377728252712518, "GUM": 3.8776569729520016, "GNB": 15.68071533, "GUY": 14.229655058667973, "HTI": 4.505948812, "JAM": 0.302203059, "KIR": -2.555597245, "MDV": 4.111405067730936, "MHL": -0.8094834773319997, "MUS": 3.3116418, "FSM": 13.831853201903948, "NRU": 3.448255391739988, "NCL": 5.7394722132919975, "MNP": 6.821845440180019, "PLW": 12.750332298857902, "PNG": 8.77516314839397, "PRI": 4.604247163742996, "KNA": 2.545704199301153, "LCA": 5.43768161151999, "VCT": 10.43793249536199, "WSM": 6.36288506428601, "STP": 1.063317249322, "SYC": 10.364723713291934, "SGP": 4.377829630129996, "SXM": 4.647094263767168, "SLB": 6.399634525, "SUR": 13.36288645393794, "TLS": 5.935673963747014, "TON": 1.5335837559578118, "TTO": 3.9002073740573326, "TUV": -0.6014801517000004, "VIR": 4.415915401231993, "VUT": 4.548592324, "AIA": 2.8157343894389744, "COK": 2.8157343894389744, "MSR": 2.8157343894389744, "NIU": 2.8157343894389744}, "2012": {"ASM": -0.1610267870402222, "ATG": 2.780328070389754, "ABW": 7.379961508221042, "BHS": 7.594182351, "BRB": 6.450037243056739, "BLZ": 4.470865285, "VGB": 4.192872624454773, "CPV": 0.264390895, "COM": 3.762574587, "CUB": 5.115866442, "CUW": 7.929934784715126, "DMA": 5.31925155713628, "DOM": 2.852990653, "FJI": 5.850007390574875, "PYF": 3.152936366997661, "GRD": 3.150184279559696, "GUM": 3.911990007064461, "GNB": -8.429227731, "GUY": 5.664634205877588, "HTI": 0.799773697, "JAM": 2.033360832, "KIR": 15.33353847, "MDV": 7.0800353919928805, "MHL": 5.848844437680101, "MUS": 6.400935278, "FSM": 3.7935546349335207, "NRU": 7.989318293456533, "NCL": 4.460558337283504, "MNP": 5.028916921545476, "PLW": 4.279604977535684, "PNG": 3.264146863077262, "PRI": 6.543325245178539, "KNA": 2.630639327516949, "LCA": 4.095568999154718, "VCT": 0.6857983843181001, "WSM": 3.261075375622457, "STP": 3.673363522873753, "SYC": 2.261183075155053, "SGP": 4.844319198368957, "SXM": 4.8754740230551175, "SLB": 1.204535434, "SUR": 11.21135027064756, "TLS": 1.560335128482538, "TON": 4.6277540018787535, "TTO": 7.756351873496595, "TUV": 3.4436549343101075, "VIR": 3.576323809959558, "VUT": -0.382800985, "AIA": 4.919171844712444, "COK": 4.919171844712444, "MSR": 4.919171844712444, "NIU": 4.919171844712444}, "2013": {"ASM": 4.843953043066062, "ATG": 4.172945178500913, "ABW": 6.8039611408861145, "BHS": -1.850951597, "BRB": 3.667399281893081, "BLZ": 5.497022157, "VGB": 4.265397648409793, "CPV": 2.387165282, "COM": 5.087326216, "CUB": 2.896990338, "CUW": 7.703310743906513, "DMA": 4.309563891697222, "DOM": 2.701676019, "FJI": 3.1627333951613084, "PYF": 3.7487252421507136, "GRD": 2.8831323581052146, "GUM": 3.058131385112018, "GNB": -0.333770564, "GUY": 6.275359576952514, "HTI": 5.01960682, "JAM": -1.355658742, "KIR": 13.55927431, "MDV": 7.415062745733757, "MHL": 3.41656357567723, "MUS": 8.154746172, "FSM": 8.943985033707435, "NRU": 7.886550992990238, "NCL": 3.212064314490126, "MNP": 8.61939349520748, "PLW": 7.312373882207469, "PNG": 4.584241827000284, "PRI": 2.856297837121489, "KNA": 1.996088500134677, "LCA": 4.992246339538836, "VCT": 4.328162666110551, "WSM": 4.247789631268994, "STP": 4.857704295997851, "SYC": 15.7641089, "SGP": 0.9029655101076044, "SXM": 4.1859700318168125, "SLB": 7.612439256, "SUR": 7.259072555870352, "TLS": 4.33535919236548, "TON": 3.869821309986215, "TTO": 2.909817941805994, "TUV": 3.908467507941937, "VIR": 3.36568169629307, "VUT": 10.66844865, "AIA": 3.9736619682626273, "COK": 3.9736619682626273, "MSR": 3.9736619682626273, "NIU": 3.9736619682626273}, "2014": {"ASM": 0.7767120006889148, "ATG": 2.2383440585118897, "ABW": 2.795964915110391, "BHS": -1.437556491, "BRB": 2.7701642190403204, "BLZ": 4.558265977, "VGB": 4.082080486591375, "CPV": -0.353574548, "COM": 3.399281898, "CUB": 2.888133321, "CUW": 6.149101954269496, "DMA": 4.760242394826097, "DOM": 6.876426435, "FJI": -4.634613893808693, "PYF": 2.9245996516257136, "GRD": 2.459511244855036, "GUM": 1.8783075371468017, "GNB": 10.9993874, "GUY": 2.0644287563098302, "HTI": 1.383544176, "JAM": 0.23294899, "KIR": 18.02446913, "MDV": 7.772473948922691, "MHL": 3.593858384948332, "MUS": 3.78959289, "FSM": 2.352076728695265, "NRU": 3.928338113365045, "NCL": 4.4081357306844975, "MNP": 6.00067425088616, "PLW": 3.005284746954976, "PNG": -0.6130981716688841, "PRI": 3.3145487464775822, "KNA": 4.553889548500239, "LCA": 3.027826038916008, "VCT": 6.144229180103, "WSM": 3.207373695398268, "STP": -2.675692776543052, "SYC": 12.79007593, "SGP": 0.6358446022736471, "SXM": 3.3321231873791097, "SLB": -3.548038465, "SUR": -1.2400732712301334, "TLS": 5.082599425568258, "TON": 6.9383836114224415, "TTO": 0.8555513644030935, "TUV": 3.067392372981008, "VIR": 2.191618866997331, "VUT": 2.975184255, "AIA": 4.333998326477694, "COK": 4.333998326477694, "MSR": 4.333998326477694, "NIU": 4.333998326477694}}, "upperIntervals": {"2010": {"ASM": 9.231828791049995, "ATG": 15.12844507, "ABW": 15.12844507, "BRB": 16.25736611, "VGB": 15.12844507, "CUW": 14.52403571, "DMA": 16.25736611, "FJI": 9.225037788, "PYF": 15.12844507, "GRD": 15.12844507, "GUM": 16.25736611, "GUY": 9.347099208, "MDV": 15.12844507, "MHL": 16.25736611, "FSM": 37.43504508, "NRU": 18.07008414, "NCL": 14.43465566, "MNP": 12.16145593, "PLW": 9.347099208, "PNG": 9.419979402599932, "PRI": 14.70774369, "KNA": 16.25736611, "LCA": 15.12844507, "VCT": 15.12844507, "WSM": 15.12844507, "STP": 12.269787242999902, "SYC": 15.12844507, "SGP": 15.12844507, "SXM": 14.469345130499969, "SUR": 9.347099208, "TLS": 11.378351614499971, "TON": 16.34800201149992, "TTO": 15.12844507, "TUV": 16.25736611, "VIR": 15.12844507, "AIA": 14.32808219, "COK": 14.32808219, "MSR": 14.32808219, "NIU": 14.32808219}, "2011": {"ASM": 48.4959522, "ATG": 6.460786551, "ABW": 15.84662317, "BRB": 17.14528068, "VGB": 6.460786551, "CUW": 17.14528068, "DMA": 15.68071533, "FJI": 15.84662317, "PYF": 17.98681706, "GRD": 15.706064046999977, "GUM": 17.861376162499994, "GUY": 48.4959522, "MDV": 15.84662317, "MHL": 6.517769916049948, "FSM": 48.4959522, "NRU": 17.14528068, "NCL": 17.98681706, "MNP": 16.99636735, "PLW": 48.4959522, "PNG": 13.40465357, "PRI": 13.94574669, "KNA": 25.87262047, "LCA": 17.98681706, "VCT": 16.99636735, "WSM": 15.68071533, "STP": 14.970520808999966, "SYC": 16.99636735, "SGP": 17.98681706, "SXM": 17.14528068, "SUR": 48.4959522, "TLS": 15.68071533, "TON": 17.14528068,