{"data": {"2020": {"ASM": 568275.1062185699, "ATG": 272005.9465236779, "ABW": 268937.2215860735, "BHS": 257972.97189088436, "BRB": 104191.12791646596, "BLZ": 148311.18134063532, "VGB": 529096.1907830335, "CPV": 127695.1663878429, "COM": 788874.113876363, "CUB": 128285.70420208968, "CUW": 221102.04923165776, "DMA": 528136.5444376738, "DOM": 178815.90426655277, "FJI": 111247.55832404604, "PYF": 164555.70443642733, "GRD": 149138.50674729873, "GUM": 196792.0995061131, "GNB": 399485.12212055793, "GUY": 155510.37472218703, "HTI": 7900.0, "JAM": 187172.85000437888, "KIR": 1230952.459532027, "MDV": 162307.1466087984, "MHL": 939429.2340191934, "MUS": 104310.410405578, "FSM": 3518202.8970727883, "NRU": 125306.63504914346, "NCL": 140.0, "MNP": 618375.4233685728, "PLW": 202085.92967723473, "PNG": 14000.0, "PRI": 485632.07928365783, "KNA": 124856.3527490867, "LCA": 175135.3931637137, "VCT": 133907.67068299814, "WSM": 469574.13853587455, "STP": 426937.75335635734, "SYC": 239691.9723747883, "SGP": 184900.89461743974, "SXM": 590274.7913589104, "SLB": 435937.1352746512, "SUR": 126612.89513961498, "TLS": 250652.5419566937, "TON": 162392.42963504643, "TTO": 113236.75505231736, "TUV": 2390754.460863392, "VIR": 104458.59611986371, "VUT": 360027.87296908326, "AIA": 4455956.60919029, "COK": 4455956.60919029, "MSR": 4455956.60919029, "NIU": 4455956.60919029}}, "upperIntervals": {"2020": {"ASM": 2023656.4999999995, "ATG": 936624.19642857, "ABW": 936624.19642857, "BHS": 719699.9999999978, "BRB": 259802.20545976984, "BLZ": 345074.0830303026, "VGB": 1658115.9999999988, "CPV": 253394.9041335101, "COM": 3365287.5, "CUB": 290740.2866666665, "CUW": 510433.3333333326, "DMA": 2023656.4999999995, "DOM": 354729.0909090908, "FJI": 275791.6666666666, "PYF": 259575.9884786378, "GRD": 306035.2866666665, "GUM": 406056.6666666666, "GNB": 1101858.2692307692, "GUY": 265637.164025157, "JAM": 423454.1666666666, "KIR": 4721984.833333331, "MDV": 446587.4999999999, "MHL": 2989810.0, "MUS": 253394.9041335101, "FSM": 31730726.16666666, "NRU": 259575.9884786378, "MNP": 2148300.428571428, "PLW": 760238.4666666652, "PRI": 3635000.0, "KNA": 259575.9884786378, "LCA": 425291.6666666665, "VCT": 226736.40882509286, "WSM": 1612536.0416666667, "STP": 2127826.6666666665, "SYC": 510433.3333333326, "SGP": 630889.9999999999, "SXM": 2023656.4999999995, "SLB": 1227069.290617849, "SUR": 259575.9884786378, "TLS": 919259.3181818179, "TON": 281932.7256237561, "TTO": 266475.0, "TUV": 6874400.000000001, "VIR": 253394.9041335101, "VUT": 1228282.2095652174, "AIA": 23430812.499999978, "COK": 23430812.499999978, "MSR": 23430812.499999978, "NIU": 23430812.499999978}}, "lowerIntervals": {"2020": {"ASM": 18425.718002444562, "ATG": 18457.741339696007, "ABW": 18126.71650014693, "BHS": 140.0, "BRB": 17471.405829503576, "BLZ": 20955.32347855005, "VGB": 23871.266988408177, "CPV": 15996.903726708075, "COM": 17471.405829503576, "CUB": 14570.309070548712, "CUW": 17439.263164459073, "DMA": 18425.718002444562, "DOM": 20955.32347855005, "FJI": 17471.405829503576, "PYF": 140.0, "GRD": 15870.979318091713, "GUM": 140.0, "GNB": 48981.1553030303, "GUY": 13611.926287906464, "JAM": 30328.54353408029, "KIR": 18126.71650014693, "MDV": 29015.17718586503, "MHL": 30929.297881835602, "MUS": 14548.229349186484, "FSM": 21021.001248898032, "NRU": 13611.926287906464, "MNP": 15870.979318091713, "PLW": 14548.229349186484, "PRI": 14548.229349186484, "KNA": 13611.926287906464, "LCA": 140.0, "VCT": 140.0, "WSM": 16452.613150616042, "STP": 16548.785170007042, "SYC": 18457.741339696007, "SGP": 31416.666666666664, "SXM": 14548.229349186484, "SLB": 48981.1553030303, "SUR": 15845.118175874468, "TLS": 31950.6714777081, "TON": 15894.915968743737, "TTO": 16548.785170007042, "TUV": 21165.73817007159, "VIR": 14548.229349186484, "VUT": 38687.689393939385, "AIA": 71080.0, "COK": 71080.0, "MSR": 71080.0, "NIU": 71080.0}}, "categoryImportances": {"2020": {"Economic Policy & Debt": 0.010474145080982846, "Social Protection & Labor": 0.31201191127697514, "Health": 0.6775139436420421}}, "featureImportances": {"2020": {"wdi2-NE.DAB.TOTL.CN": 0.010474145080982846, "wdi2-SP.POP.GROW": 0.05460812878944295, "wdi2-SP.POP.TOTL": 0.22759331626422416, "wdi2-SL.EMP.TOTL.SP.ZS": 0.033135597169389165, "wdi2-SL.TLF.CACT.ZS": 0.04945179335221511, "wdi2-SL.TLF.TOTL.IN": 0.216042842999241, "wdi2-SL.UEM.TOTL.ZS": 0.013381677756129855, "wdi2-SP.POP.0004.FE.5Y": 0.06127975484747382, "wdi2-SP.POP.0004.MA.5Y": 0.04536199929225773, "wdi2-SP.POP.0014.FE.IN": 0.28867074444864343}}}