{"data": {"2010": {"ASM": -2.869752768607404, "ATG": 11.185511619024858, "ABW": 13.641189331946023, "BHS": 19.72838789, "BRB": -2.494091983, "BLZ": -6.826039978, "VGB": 7.252080133251254, "CPV": 24.04357647, "COM": 2.737771528, "CUB": 4.264474385141166, "CUW": 6.60405409701681, "DMA": 8.029954167374118, "DOM": 15.09621787, "FJI": 8.788592518, "PYF": 18.761209195682486, "GRD": 9.865094068623549, "GUM": 12.530394078606896, "GNB": -11.16693311, "GUY": 9.202515741118784, "HTI": 17.17953118, "JAM": 9.735982359, "KIR": 8.15867159282573, "MDV": 7.593146494771725, "MHL": 6.440531459735388, "MUS": 0.150606371, "FSM": 2.3967204082626865, "NRU": 4.149149954500167, "NCL": 14.319585807063604, "MNP": 14.606476084717023, "PLW": 16.497961352916576, "PNG": 18.86990237936701, "PRI": 12.840627695899643, "KNA": 14.462826386605952, "LCA": 11.266317720990967, "VCT": 5.032719236778201, "WSM": 11.25918237342204, "STP": 6.738787309942099, "SYC": 16.01552951801172, "SGP": 39.85755938, "SXM": 9.356826564144551, "SLB": 16.050044533419108, "SUR": 24.24736036, "TLS": 9.627100350400248, "TON": 4.002997353, "TTO": 11.309876970043748, "TUV": 4.930764324744822, "VIR": 14.977601686350615, "VUT": 13.09223838, "AIA": 9.962474336839955, "COK": 9.962474336839955, "MSR": 9.962474336839955, "NIU": 9.962474336839955}, "2011": {"ASM": 4.044670217889412, "ATG": 12.761818650673437, "ABW": 17.12435557776402, "BHS": 17.21462498, "BRB": -8.732832573, "BLZ": -5.434788759, "VGB": 7.504021344301046, "CPV": 23.6586637, "COM": -0.36554212, "CUB": 5.120234107591086, "CUW": 9.138208435675494, "DMA": 7.979975518741632, "DOM": 13.70007525, "FJI": 6.583519932, "PYF": 19.56457892169288, "GRD": 9.59174730598678, "GUM": 11.788603331544143, "GNB": 3.208454086, "GUY": 3.882570950510289, "HTI": 12.02839195, "JAM": 5.022448096, "KIR": 9.243249819315412, "MDV": 13.263926554238653, "MHL": 4.731470581931642, "MUS": -2.190521631, "FSM": 6.209651245963904, "NRU": 8.894810066575651, "NCL": 16.865331146505966, "MNP": 12.168322115492153, "PLW": 12.69674070188662, "PNG": 13.90965213375329, "PRI": 10.820697081579375, "KNA": 9.608059086086472, "LCA": 13.19115556939832, "VCT": 8.985819977754842, "WSM": 9.903567641167015, "STP": 8.107623252481154, "SYC": 21.67510202188369, "SGP": 39.04129045, "SXM": 9.658774727545236, "SLB": 13.542556771882078, "SUR": 13.51182321534555, "TLS": 8.059302155516805, "TON": 6.936682548, "TTO": 11.762895050121829, "TUV": 6.257030411865878, "VIR": 14.321071576225524, "VUT": 13.79727751, "AIA": 8.316582593649217, "COK": 8.316582593649217, "MSR": 8.316582593649217, "NIU": 8.316582593649217}, "2012": {"ASM": -1.2898272464020208, "ATG": 10.05730742092941, "ABW": 11.630336286918348, "BHS": 19.01079604, "BRB": -3.361171169, "BLZ": -3.748176373, "VGB": 7.840534574574118, "CPV": 18.3005712, "COM": 0.454628596, "CUB": 5.493870933993342, "CUW": 8.237261316196376, "DMA": 7.762472119637337, "DOM": 14.10535799, "FJI": 6.529303555, "PYF": 15.160444261010296, "GRD": 9.8413477038198, "GUM": 12.308655969258252, "GNB": -5.860470405, "GUY": 8.184483231279549, "HTI": 7.544068806, "JAM": 7.572234501, "KIR": 10.94958320083607, "MDV": 10.068231195065644, "MHL": 5.890950449719413, "MUS": 1.823157595, "FSM": 6.334642662857169, "NRU": 8.42853575037668, "NCL": 13.07437956007095, "MNP": 15.651993961560237, "PLW": 14.376486959435423, "PNG": 15.593326293563123, "PRI": 8.574681909342374, "KNA": 8.897500191244403, "LCA": 10.686230435933782, "VCT": 3.5544760802997866, "WSM": 9.435066275908984, "STP": 8.407542452935191, "SYC": 14.764179531691555, "SGP": 37.51875188, "SXM": 8.701572289589576, "SLB": 17.610897666887354, "SUR": 17.760652962999735, "TLS": 7.530725585022397, "TON": 8.747062215, "TTO": 11.913387167105236, "TUV": 6.071248657178837, "VIR": 6.731584041936416, "VUT": 12.14794666, "AIA": 8.55358822657896, "COK": 8.55358822657896, "MSR": 8.55358822657896, "NIU": 8.55358822657896}, "2013": {"ASM": -0.1804129338240012, "ATG": 12.164814446181962, "ABW": 13.577401370479947, "BHS": 19.26436328, "BRB": -4.049675023, "BLZ": -3.760064186, "VGB": 8.396107609398014, "CPV": 18.57792825, "COM": 4.208564131213997, "CUB": 4.294880456001992, "CUW": 7.933018848273988, "DMA": 9.872585360080004, "DOM": 14.680428, "FJI": 9.475688283, "PYF": 23.42927177506602, "GRD": 13.265666453884002, "GUM": 14.699423685425987, "GNB": -7.388060633, "GUY": 5.207548647747997, "HTI": 4.697275624, "JAM": 8.139932633, "KIR": 11.75457591716798, "MDV": 10.550563612617967, "MHL": 5.855020606330012, "MUS": 3.750878031, "FSM": 5.553704214521996, "NRU": 8.242589115785975, "NCL": 19.688334326080003, "MNP": 16.056752804571996, "PLW": 17.292738398232014, "PNG": 17.37856988439405, "PRI": 12.585728503330005, "KNA": 13.54739675554596, "LCA": 10.327560106820007, "VCT": 5.226681827709993, "WSM": 10.84320656223998, "STP": 8.807429902173997, "SYC": 30.82367926715423, "SGP": 35.40843322, "SXM": 8.542518939817988, "SLB": 21.137243300722112, "SUR": 16.83954957971205, "TLS": 9.553942099039975, "TON": 7.197420848689992, "TTO": 13.13856114563199, "TUV": 7.575228097953981, "VIR": 14.755381251628004, "VUT": 18.23320022, "AIA": 7.782731491013989, "COK": 7.782731491013989, "MSR": 7.782731491013989, "NIU": 7.782731491013989}, "2014": {"ASM": -22.904829137225136, "ATG": 12.935573627464215, "ABW": 15.144535147184328, "BHS": 16.10655642, "BRB": -2.679468055, "BLZ": -1.849247633, "VGB": 7.958103120733874, "CPV": 16.10494252, "COM": -2.167389921, "CUB": 5.9100819985198685, "CUW": 10.589205364898016, "DMA": 9.493505339490122, "DOM": 16.00054634, "FJI": 12.57384823, "PYF": 9.513183582689429, "GRD": 8.138864727600355, "GUM": 6.828523716194338, "GNB": 3.820494145, "GUY": 0.2946570905058202, "HTI": 2.965506331, "JAM": 10.33536772, "KIR": 9.25482569309006, "MDV": 20.08276791, "MHL": 10.186342584728866, "MUS": 3.509190333, "FSM": -3.959048998349623, "NRU": 14.520607320299836, "NCL": 7.836711739585182, "MNP": 11.12797691431256, "PLW": -22.86811346476124, "PNG": 14.8111629910133, "PRI": 11.308556321905566, "KNA": 4.378931771636983, "LCA": 15.426315000557606, "VCT": -15.862276879314413, "WSM": 10.769311481067902, "STP": 9.313142324552045, "SYC": 14.290010054201874, "SGP": 36.51437467, "SXM": 10.13741923908295, "SLB": 8.263417048435178, "SUR": 11.427213659041405, "TLS": 9.94876790487422, "TON": 7.897619435406912, "TTO": 12.665558429206705, "TUV": 5.454476970398222, "VIR": 11.327528264828636, "VUT": 24.43855308, "AIA": 9.488957509063722, "COK": 9.488957509063722, "MSR": 9.488957509063722, "NIU": 9.488957509063722}}, "upperIntervals": {"2010": {"ASM": 25.40254711, "ATG": 24.04357647, "ABW": 24.04357647, "VGB": 39.85755938, "CUB": 11.293339299170304, "CUW": 12.972804839522432, "DMA": 23.28132413, "PYF": 36.80390311, "GRD": 20.86477023068604, "GUM": 29.72793848149988, "GUY": 25.40254711, "KIR": 24.41572676, "MDV": 24.04357647, "MHL": 24.24736036, "FSM": 29.59333211, "NRU": 26.26015430599989, "NCL": 36.80390311, "MNP": 36.80390311, "PLW": 36.80390311, "PNG": 36.80390311, "PRI": 36.80390311, "KNA": 32.28545954, "LCA": 24.04357647, "VCT": 36.80390311, "WSM": 28.520444339999973, "STP": 39.85755938, "SYC": 39.85755938, "SXM": 39.85755938, "SLB": 39.85755938, "TLS": 24.077354679303248, "TTO": 36.80390311, "TUV": 23.28132413, "VIR": 39.85755938, "AIA": 28.49346841, "COK": 28.49346841, "MSR": 28.49346841, "NIU": 28.49346841}, "2011": {"ASM": 18.63665632, "ATG": 22.91357699027892, "ABW": 39.04129045, "VGB": 13.321958178878932, "CUB": 9.129015901886644, "CUW": 18.029698135128804, "DMA": 14.2381194135, "PYF": 39.04129045, "GRD": 17.38035697928734, "GUM": 39.04129045, "GUY": 18.69408530126828, "KIR": 19.78084789177649, "MDV": 39.04129045, "MHL": 12.195521120690998, "FSM": 28.494051664022003, "NRU": 23.596884781400004, "NCL": 39.04129045, "MNP": 34.30260935224999, "PLW": 36.07666388, "PNG": 36.07666388, "PRI": 21.54886846985864, "KNA": 21.83024593326094, "LCA": 27.70721694494849, "VCT": 36.07666388, "WSM": 18.660900888097217, "STP": 24.97741124, "SYC": 39.04129045, "SXM": 21.478060251899265, "SLB": 39.04129045,