{"data": {"2010": {"ASM": 1.3474160899030756, "ATG": 1.3990402201322034, "ABW": 1.5082735514375702, "BHS": 0.789025553, "BRB": 2.4071971548115574, "BLZ": 4.979167976, "VGB": 2.317509422458743, "CPV": -0.518097815, "COM": 1.742982046, "CUB": 5.875967266, "CUW": -0.4482681071814939, "DMA": 2.4865154822209576, "DOM": 6.651474419, "FJI": 3.59712237522882, "PYF": 2.6635778956367786, "GRD": 2.815266442534438, "GUM": 2.7452952279293976, "GNB": 12.68522975, "GUY": 2.4117799985644925, "HTI": -2.899343086, "JAM": -1.006706228, "KIR": -3.914056637, "MDV": 1.7013936957453113, "MHL": -0.600105388, "MUS": 2.630469491, "FSM": 0.9024484068351574, "NRU": 2.2698392245228955, "NCL": 3.405139807932278, "MNP": 2.4911014326516043, "PLW": -2.63031591, "PNG": 2.855966000794175, "PRI": 0.643421064, "KNA": 1.5461942525139687, "LCA": 2.720906894192095, "VCT": 2.6057551889224, "WSM": 3.1229510564610234, "STP": 3.1316461567180407, "SYC": 1.5961537650396538, "SGP": -2.14535586564717, "SXM": 1.811301045554544, "SLB": 7.098807729, "SUR": 3.441970314205936, "TLS": 2.831195374, "TON": 1.7790053654025118, "TTO": 2.816738327834372, "TUV": 1.3842320356588873, "VIR": 2.472685451, "VUT": 3.202846975, "AIA": 3.1310051002745216, "COK": 3.1310051002745216, "MSR": 3.1310051002745216, "NIU": 3.1310051002745216}, "2011": {"ASM": 4.324278516841997, "ATG": 2.423999511882002, "ABW": 1.455568853954681, "BHS": -0.469213733, "BRB": 4.515381936130942, "BLZ": 3.562681055, "VGB": 3.2095036208850427, "CPV": 3.048697112, "COM": 4.40891811, "CUB": 0.525803823, "CUW": 0.3894175545807933, "DMA": 1.7439708193354952, "DOM": 3.570618696, "FJI": 3.959602222668471, "PYF": 1.4542432291337326, "GRD": 3.741838618941992, "GUM": 1.3327203688385822, "GNB": -1.397124625, "GUY": 5.36876296014, "HTI": 4.750794469, "JAM": 2.965826319, "KIR": 4.940352223, "MDV": 6.041195921582039, "MHL": 2.752252135, "MUS": 2.514926367, "FSM": 1.0213648311239991, "NRU": 2.8580088473000407, "NCL": 3.8264830134630223, "MNP": 3.1495711147829537, "PLW": 1.266440791, "PNG": 5.006546416930016, "PRI": 0.929578217, "KNA": 0.9747490825228938, "LCA": 5.159023743766873, "VCT": 2.2477071762219976, "WSM": 2.25124919792125, "STP": 2.225737076341398, "SYC": 3.21466569004654, "SGP": 7.138703737924056, "SXM": 4.456702598484945, "SLB": 2.316058861, "SUR": 3.913910305967996, "TLS": -4.095455242, "TON": 2.4913285325289496, "TTO": 5.17887907588586, "TUV": 2.904524920744372, "VIR": -2.553310887, "VUT": 2.136533085, "AIA": 4.653390322835999, "COK": 4.653390322835999, "MSR": 4.653390322835999, "NIU": 4.653390322835999}, "2012": {"ASM": 2.0885158143860068, "ATG": 1.8041833474923104, "ABW": 1.152458963034998, "BHS": 2.271380924, "BRB": 2.733832265040013, "BLZ": 1.722540304, "VGB": 3.59806247689974, "CPV": 1.169054322, "COM": 3.946556189, "CUB": 1.948374611, "CUW": -2.344977704153988, "DMA": 2.765893086350032, "DOM": 2.379186724, "FJI": 2.8599772809256403, "PYF": 0.4678330938408658, "GRD": 2.8515304833339883, "GUM": -0.1370982317836968, "GNB": 0.483198475, "GUY": 3.498083196099994, "HTI": 1.905448607, "JAM": -0.803224512, "KIR": 3.929598858, "MDV": 3.849542303266014, "MHL": 3.401513891, "MUS": 2.745859339, "FSM": 3.1548224731594288, "NRU": 2.943611725622009, "NCL": 4.297472524324569, "MNP": 1.4199138185249698, "PLW": 4.147280745, "PNG": 3.609943109115986, "PRI": 2.233730029, "KNA": 2.420087427482691, "LCA": 2.506718094065994, "VCT": 2.245499313936001, "WSM": 2.2161661179162024, "STP": 0.8791793989330359, "SYC": 3.4665681545414064, "SGP": 3.2645663660700146, "SXM": -2.368479303, "SLB": -4.43971986, "SUR": 3.6318785646535, "TLS": 0.283183431, "TON": 3.3967384647754306, "TTO": 0.7174380486473341, "TUV": 1.868983530102004, "VIR": -5.125251944, "VUT": 2.199055592, "AIA": 4.783658584135996, "COK": 4.783658584135996, "MSR": 4.783658584135996, "NIU": 4.783658584135996}, "2013": {"ASM": -2.050468823310068, "ATG": 2.0569479575405536, "ABW": 1.536325125171491, "BHS": -2.328750954, "BRB": 1.936164280342089, "BLZ": 4.230711496, "VGB": -0.2921672621704781, "CPV": 1.829140807, "COM": 2.82592518, "CUB": 3.722230773, "CUW": 0.3050084965191523, "DMA": 1.5074011973836603, "DOM": 2.657218773, "FJI": 4.254214748394308, "PYF": 1.008400040787538, "GRD": 2.628723662196712, "GUM": 2.120184157699393, "GNB": -0.506679214, "GUY": 5.332028216112887, "HTI": 4.559512862, "JAM": -1.017537117, "KIR": 2.402448932, "MDV": 5.094184840561383, "MHL": 4.451085083, "MUS": 2.496950245, "FSM": 1.5851045394215533, "NRU": -0.9052909950125712, "NCL": 3.355204611393583, "MNP": 3.449725370309097, "PLW": 1.979836238, "PNG": 6.435469251912095, "PRI": 1.098502826, "KNA": -1.0800661206630646, "LCA": -3.618681833363533, "VCT": -0.05005146261242, "WSM": 3.0745502559829627, "STP": 5.628137246225109, "SYC": -13.83406783, "SGP": 4.393531486521117, "SXM": 7.821946796, "SLB": 10.77084151, "SUR": 4.621532116545009, "TLS": -5.977431984, "TON": -4.224330479593035, "TTO": 3.8499814400492127, "TUV": -6.1673225260310165, "VIR": -2.185128983, "VUT": 3.153947457, "AIA": 6.0291254092612325, "COK": 6.0291254092612325, "MSR": 6.0291254092612325, "NIU": 6.0291254092612325}, "2014": {"ASM": 5.848772020152588, "ATG": 8.080244658875122, "ABW": 2.592195801402521, "BHS": 3.190121525, "BRB": 3.81577277938505, "BLZ": 1.666201236, "VGB": 11.157704027422083, "CPV": 2.057474984, "COM": 2.378983956, "CUB": 2.817005911, "CUW": 7.160316978650515, "DMA": 2.6678934445364333, "DOM": 5.196973352, "FJI": 2.560830765486035, "PYF": 2.3638932089697104, "GRD": 0.3420391008892436, "GUM": 4.301995347279097, "GNB": 3.690444982, "GUY": 3.5104029307432323, "HTI": 0.891686041, "JAM": -0.783982988, "KIR": 8.651522277, "MDV": 6.816881612099274, "MHL": -4.822101862, "MUS": 2.935354561, "FSM": 10.994811115363856, "NRU": 4.206519147439445, "NCL": 3.189539019778724, "MNP": 5.752215236607766, "PLW": 1.758080337, "PNG": 3.4203503520306606, "PRI": -1.554311272, "KNA": 11.217790332079728, "LCA": 3.5973988207701586, "VCT": 2.4442743717803648, "WSM": 2.72153554496622, "STP": 3.108432011336495, "SYC": 36.38885924, "SGP": 5.34296855710592, "SXM": 6.539566833, "SLB": -0.153591682, "SUR": 2.4877088320636305, "TLS": 8.555175772, "TON": 8.588397759006709, "TTO": 5.398832970086291, "TUV": 3.676338123023547, "VIR": -1.085944772, "VUT": 2.923356559, "AIA": 3.8076748092626063, "COK": 3.8076748092626063, "MSR": 3.8076748092626063, "NIU": 3.8076748092626063}}, "upperIntervals": {"2010": {"ASM": 3.5142309210369733, "ATG": 4.140333013337214, "ABW": 4.093341836577847, "BRB": 4.233179077919907, "VGB": 4.430487131726042, "CUW": 4.015151969, "DMA": 4.212329369763332, "FJI": 5.271691022624429, "PYF": 4.548401526807196, "GRD": 6.128496748449994, "GUM": 6.193693766200449, "GUY": 4.9802788184680695, "MDV": 4.66352337, "FSM": 4.181063401472056, "NRU": 4.201859661910173, "NCL": 5.760233151286008, "MNP": 4.869860754359214, "PNG": 5.784793778946408, "KNA": 4.309348641801642, "LCA": 5.727305678857463, "VCT": 5.049111252652247, "WSM": 5.737772483211665, "STP": 6.000536045845376, "SYC": 4.199772256778957, "SGP": 2.810254261513911, "SXM": 4.063490667116683, "SUR": 5.40269451379069, "TON": 5.530929139297201, "TTO": 5.985420684154943, "TUV": 4.987212276, "AIA": 8.754927570999985, "COK": 8.754927570999985, "MSR": 8.754927570999985, "NIU": 8.754927570999985}, "2011": {"ASM": 8.891757641799988, "ATG": 11.16129205, "ABW": 7.720704107, "BRB": 9.356829103, "VGB": 11.16129205, "CUW": 5.440882643349891, "DMA": 8.674387481, "FJI": 7.228422942, "PYF": 6.545697204324978, "GRD": 11.16129205, "GUM": 9.356829103, "GUY": 15.209023744999971, "MDV": 11.16129205, "FSM": 5.018771981799929, "NRU": 9.785279855649971, "NCL": 12.58629989, "MNP": 11.16129205, "PNG": 15.181358919999996, "KNA": 8.877922725, "LCA": 11.16129205, "VCT": 8.573841304, "WSM": 7.739092473599983, "STP": 7.29646118009998, "SYC": 14.15520254, "SGP": 11.16129205, "SXM": 9.356829103, "SUR": 8.377206979, "TON": 4.940352223, "TTO": 11.16129205, "TUV": 8.901868043899977, "AIA": 12.19718984, "COK": 12.19718984, "MSR": 12.19718984, "NIU": 12.19718984},