{"wdi2-SH.UHC.SRVS.CV.XD": {"data": {"2015": {"AFE": 44.1802548909176, "AFW": 40.716932752329, "ARB": 61.4524417712967, "CSS": 67.2014086839973, "CEB": 72.3662799759429, "EAR": 55.6392757930523, "EAS": 71.9821254399621, "EAP": 70.9252476120525, "TEA": 70.9368236916428, "EMU": 80.2587590464289, "ECS": 75.4999471828398, "ECA": 69.841052631316, "TEC": 70.0999032538707, "EUU": 78.763863690801, "FCS": 44.1913937339443, "HPC": 40.678739501975, "HIC": 80.9780032727301, "IBD": 65.885074460424, "IBT": 60.4829074093546, "IDB": 45.3840287270862, "IDX": 43.3261233857075, "IDA": 44.0179955417686, "LTE": 74.868996291201, "LCN": 74.7621365544315, "LAC": 75.1168539369429, "TLA": 74.6460988273889, "LDC": 41.9255134066199, "LMY": 60.3854162585013, "LIC": 39.9781726314294, "LMC": 52.9961007158856, "MEA": 66.8069143593661, "MNA": 65.5948821672612, "TMN": 65.5948821672612, "MIC": 62.5403310255442, "NAC": 83.5008236657877, "OED": 80.1428581260812, "OSS": 58.3184717825378, "PSS": 54.3227524550332, "PST": 81.0683520679559, "PRE": 41.2984925516143, "SST": 59.7306868648056, "SAS": 50.0911827093773, "TSA": 50.0911827093773, "SSF": 42.7830857052968, "SSA": 42.780437434856, "TSS": 42.7830857052968, "UMC": 74.7031370676428, "WLD": 63.6845114002387, "AFG": 34.0, "ALB": 58.0, "DZA": 76.0, "AGO": 38.0, "ATG": 73.0, "ARG": 76.0, "ARM": 66.0, "AUS": 86.0, "AUT": 79.0, "AZE": 63.0, "BHS": 73.0, "BHR": 75.0, "BGD": 46.0, "BRB": 76.0, "BLR": 74.0, "BEL": 83.0, "BLZ": 66.0, "BEN": 40.0, "BTN": 59.0, "BOL": 64.0, "BIH": 60.0, "BWA": 61.0, "BRA": 78.0, "BRN": 83.0, "BGR": 64.0, "BFA": 38.0, "BDI": 43.0, "CPV": 67.0, "KHM": 55.0, "CMR": 43.0, "CAN": 88.0, "CAF": 32.0, "TCD": 27.0, "CHL": 66.0, "CHN": 76.0, "COL": 76.0, "COM": 49.0, "COD": 39.0, "COG": 40.0, "CRI": 76.0, "CIV": 46.0, "HRV": 60.0, "CUB": 81.0, "CYP": 75.0, "CZE": 74.0, "DNK": 82.0, "DJI": 44.0, "DOM": 74.0, "ECU": 76.0, "EGY": 65.0, "SLV": 75.0, "GNQ": 40.0, "ERI": 38.0, "EST": 75.0, "SWZ": 60.0, "ETH": 39.0, "FJI": 64.0, "FIN": 79.0, "FRA": 78.0, "GAB": 51.0, "GMB": 45.0, "GEO": 66.0, "DEU": 82.0, "GHA": 46.0, "GRC": 74.0, "GRD": 69.0, "GTM": 57.0, "GIN": 34.0, "GNB": 40.0, "GUY": 70.0, "HTI": 47.0, "HND": 66.0, "HUN": 73.0, "ISL": 85.0, "IND": 52.0, "IDN": 53.0, "IRN": 70.0, "IRQ": 61.0, "IRL": 79.0, "ISR": 81.0, "ITA": 81.0, "JAM": 62.0, "JPN": 80.0, "JOR": 76.0, "KAZ": 74.0, "KEN": 54.0, "KIR": 39.0, "PRK": 70.0, "KOR": 85.0, "KWT": 75.0, "KGZ": 68.0, "LAO": 49.0, "LVA": 67.0, "LBN": 71.0, "LSO": 47.0, "LBR": 37.0, "LBY": 62.0, "LTU": 70.0, "LUX": 82.0, "MDG": 24.0, "MWI": 43.0, "MYS": 71.0, "MDV": 59.0, "MLI": 35.0, "MLT": 81.0, "MRT": 36.0, "MUS": 62.0, "MEX": 76.0, "FSM": 44.0, "MDA": 68.0, "MNG": 62.0, "MNE": 67.0, "MAR": 69.0, "MOZ": 43.0, "MMR": 59.0, "NAM": 61.0, "NPL": 51.0, "NLD": 85.0, "NZL": 85.0, "NIC": 71.0, "NER": 35.0, "NGA": 42.0, "MKD": 70.0, "NOR": 86.0, "OMN": 71.0, "PAK": 42.0, "PAN": 76.0, "PNG": 41.0, "PRY": 68.0, "PER": 77.0, "PHL": 57.0, "POL": 74.0, "PRT": 81.0, "QAT": 69.0, "ROU": 73.0, "RUS": 71.0, "RWA": 54.0, "WSM": 58.0, "STP": 53.0, "SAU": 73.0, "SEN": 44.0, "SRB": 65.0, "SYC": 71.0, "SLE": 36.0, "SGP": 85.0, "SVK": 75.0, "SVN": 79.0, "SLB": 46.0, "SOM": 22.0, "ZAF": 69.0, "SSD": 30.0, "ESP": 81.0, "LKA": 63.0, "LCA": 66.0, "VCT": 67.0, "SDN": 42.0, "SUR": 70.0, "SWE": 85.0, "CHE": 82.0, "SYR": 59.0, "TJK": 67.0, "TZA": 41.0, "THA": 75.0, "TLS": 49.0, "TGO": 42.0, "TON": 56.0, "TTO": 72.0, "TUN": 70.0, "TUR": 71.0, "TKM": 69.0, "UGA": 44.0, "UKR": 65.0, "ARE": 72.0, "GBR": 85.0, "USA": 83.0, "URY": 79.0, "UZB": 72.0, "VUT": 49.0, "VEN": 73.0, "VNM": 73.0, "YEM": 40.0, "ZMB": 54.0, "ZWE": 54.0}, "2017": {"AFE": 45.4156301840468, "AFW": 41.6286135993651, "ARB": 63.1909612999175, "CSS": 69.300082876078, "CEB": 74.0924119018091, "EAR": 58.0249158495139, "EAS": 74.9658556494447, "EAP": 73.9968987911604, "TEA": 74.0342094410006, "EMU": 81.1405512059659, "ECS": 77.2211968030016, "ECA": 72.2842400537014, "TEC": 72.4991639095038, "EUU": 79.7996148913961, "FCS": 45.1686741681735, "HPC": 42.3096739578642, "HIC": 82.3123897609116, "IBD": 68.4529555194585, "IBT": 62.6672694954527, "IDB": 46.7969416681879, "IDX": 44.8287938836575, "IDA": 45.4910360695749, "LTE": 77.4277439030594, "LCN": 75.4424455323016, "LAC": 75.6663757556397, "TLA": 75.3034483135153, "LDC": 43.5348579435491, "LMY": 62.5706807412619, "LIC": 41.5659360042018, "LMC": 55.4662804457566, "MEA": 68.5199009064495, "MNA": 67.3913781116468, "TMN": 67.3913781116468, "MIC": 64.8535438875178, "NAC": 84.505233436521, "OED": 81.3718535591859, "OSS": 59.1593790767299, "PSS": 54.6609149241396, "PST": 82.509204625526, "PRE": 42.6967606310754, "SST": 60.7360441948319, "SAS": 52.8810436908091, "TSA": 52.8810436908091, "SSF": 43.8874635629117, "SSA": 43.8849889142356, "TSS": 43.8874635629117, "UMC": 76.9859413844008, "WLD": 65.6917380704714, "AFG": 37.0, "ALB": 59.0, "DZA": 78.0, "AGO": 40.0, "ATG": 73.0, "ARG": 76.0, "ARM": 69.0, "AUS": 87.0, "AUT": 79.0, "AZE": 65.0, "BHS": 75.0, "BHR": 77.0, "BGD": 48.0, "BRB": 77.0, "BLR": 76.0, "BEL": 84.0, "BLZ": 64.0, "BEN": 40.0, "BTN": 62.0, "BOL": 68.0, "BIH": 61.0, "BWA": 61.0, "BRA": 79.0, "BRN": 81.0, "BGR": 66.0, "BFA": 40.0, "BDI": 42.0, "CPV": 69.0, "KHM": 60.0, "CMR": 46.0, "CAN": 89.0, "CAF": 33.0, "TCD": 28.0, "CHL": 70.0, "CHN": 79.0, "COL": 76.0, "COM": 52.0, "COD": 41.0, "COG": 39.0, "CRI": 77.0, "CIV": 47.0, "HRV": 71.0, "CUB": 83.0, "CYP": 78.0, "CZE": 76.0, "DNK": 81.0, "DJI": 47.0, "DOM": 74.0, "ECU": 77.0, "EGY": 68.0, "SLV": 76.0, "GNQ": 45.0, "ERI": 38.0, "EST": 75.0, "SWZ": 63.0, "ETH": 39.0, "FJI": 64.0, "FIN": 78.0, "FRA": 78.0, "GAB": 49.0, "GMB": 44.0, "GEO": 66.0, "DEU": 83.0, "GHA": 47.0, "GRC": 75.0, "GRD": 72.0, "GTM": 55.0, "GIN": 37.0, "GNB": 40.0, "GUY": 72.0, "HTI": 49.0, "HND": 65.0, "HUN": 74.0, "ISL": 84.0, "IND": 55.0, "IDN": 57.0, "IRN": 72.0, "IRQ": 61.0, "IRL": 76.0, "ISR": 82.0, "ITA": 82.0, "JAM": 65.0, "JPN": 83.0, "JOR": 76.0, "KAZ": 76.0, "KEN": 55.0, "KIR": 41.0, "PRK": 71.0, "KOR": 86.0, "KWT": 76.0, "KGZ": 70.0, "LAO": 51.0, "LVA": 71.0, "LBN": 73.0, "LSO": 48.0, "LBR": 39.0, "LBY": 64.0, "LTU": 73.0, "LUX": 83.0, "MDG": 28.0, "MWI": 46.0, "MYS": 73.0, "MDV": 62.0, "MLI": 38.0, "MLT": 82.0, "MRT": 41.0, "MUS": 63.0, "MEX": 76.0, "FSM": 47.0, "MDA": 69.0, "MNG": 62.0, "MNE": 68.0, "MAR": 70.0, "MOZ": 46.0, "MMR": 61.0, "NAM": 62.0, "NPL": 48.0, "NLD": 86.0, "NZL": 87.0, "NIC": 73.0, "NER": 37.0, "NGA": 42.0, "MKD": 72.0, "NOR": 87.0, "OMN": 69.0, "PAK": 45.0, "PAN": 79.0, "PNG": 40.0, "PRY": 69.0, "PER": 77.0, "PHL": 61.0, "POL": 75.0, "PRT": 82.0, "QAT": 68.0, "ROU": 74.0, "RUS": 74.0, "RWA": 57.0, "WSM": 58.0, "STP": 55.0, "SAU": 74.0, "SEN": 45.0, "SRB": 65.0, "SYC": 71.0, "SLE": 39.0, "SGP": 86.0, "SVK": 77.0, "SVN": 79.0, "SLB": 47.0, "SOM": 25.0, "ZAF": 69.0, "SSD": 31.0, "ESP": 83.0, "LKA": 66.0, "LCA": 68.0, "VCT": 71.0, "SDN": 44.0, "SUR": 71.0, "SWE": 86.0, "CHE": 83.0, "SYR": 60.0, "TJK": 68.0, "TZA": 43.0, "THA": 80.0, "TLS": 52.0, "TGO": 43.0, "TON": 58.0, "TTO": 74.0, "TUN": 70.0, "TUR": 74.0, "TKM": 70.0, "UGA": 45.0, "UKR": 68.0, "ARE": 76.0, "GBR": 87.0, "USA": 84.0, "URY": 80.0, "UZB": 73.0, "VUT": 48.0, "VEN": 74.0, "VNM": 75.0, "YEM": 42.0, "ZMB": 53.0, "ZWE": 54.0}, "recentYear": {"AFE": "2017", "AFW": "2017", "ARB": "2017", "CSS": "2017", "CEB": "2017", "EAR": "2017", "EAS": "2017", "EAP": "2017", "TEA": "2017", "EMU": "2017", "ECS": "2017", "ECA": "2017", "TEC": "2017", "EUU": "2017", "FCS": "2017", "HPC": "2017", "HIC": "2017", "IBD": "2017", "IBT": "2017", "IDB": "2017", "IDX": "2017", "IDA": "2017", "LTE": "2017", "LCN": "2017", "LAC": "2017", "TLA": "2017", "LDC": "2017", "LMY": "2017", "LIC": "2017", "LMC": "2017", "MEA": "2017", "MNA": "2017", "TMN": "2017", "MIC": "2017", "NAC": "2017", "OED": "2017", "OSS": "2017", "PSS": "2017", "PST": "2017", "PRE": "2017", "SST": "2017", "SAS": "2017", "TSA": "2017", "SSF": "2017", "SSA": "2017", "TSS": "2017", "UMC": "2017", "WLD": "2017", "AFG": "2017", "ALB": "2017", "DZA": "2017", "AGO": "2017",