{"wdi2-SH.STA.AIRP.FE.P5": {"data": {"2016": {"AFE": 130.542657355467, "AFW": 258.08563391293, "ARB": 90.5048746316809, "CSS": 34.8976014478303, "CEB": 29.9334344618085, "EAR": 125.199972309056, "EAS": 90.1721582644874, "EAP": 98.8003138833323, "TEA": 98.0313538007959, "EMU": 10.3491930122519, "ECS": 26.2120150119357, "ECA": 42.8490569285837, "TEC": 41.2890105642222, "EUU": 14.44233270289, "FCS": 181.982784378242, "HPC": 165.795902103148, "HIC": 12.9201232397272, "IBD": 98.5099141412763, "IBT": 116.610071604176, "IDB": 195.634193203932, "IDX": 157.887095013468, "IDA": 170.429336759615, "LTE": 75.7345343748701, "LCN": 32.5067134188418, "LAC": 33.4234592322012, "TLA": 32.3471224391409, "LDC": 157.2706442123, "LMY": 118.1118939096, "LIC": 165.71880369885, "LMC": 145.438058999582, "MEA": 67.4988655205739, "MNA": 69.1311902265817, "TMN": 69.1311902265817, "MIC": 112.927947333203, "NAC": 9.49839890214842, "OED": 14.3773892023787, "OSS": 107.436342863531, "PSS": 90.4334146923573, "PST": 12.8529950299679, "PRE": 192.654921838338, "SST": 92.3735582686043, "SAS": 160.733026882666, "TSA": 160.733026882666, "SSF": 181.596411937542, "SSA": 181.60992691705, "TSS": 181.596411937542, "UMC": 71.7288618851199, "WLD": 101.020409235282, "AFG": 195.0, "ALB": 55.0, "DZA": 44.0, "AGO": 117.0, "ATG": 24.0, "ARG": 20.0, "ARM": 38.0, "AUS": 7.0, "AUT": 12.0, "AZE": 51.0, "BHS": 15.0, "BHR": 35.0, "BGD": 137.0, "BRB": 25.0, "BLR": 40.0, "BEL": 12.0, "BLZ": 55.0, "BEN": 193.0, "BTN": 130.0, "BOL": 56.0, "BIH": 62.0, "BWA": 88.0, "BRA": 24.0, "BRN": 11.0, "BGR": 45.0, "BFA": 194.0, "BDI": 173.0, "CPV": 85.0, "KHM": 140.0, "CMR": 190.0, "CAN": 5.0, "CAF": 204.0, "TCD": 262.0, "CHL": 19.0, "CHN": 100.0, "COL": 30.0, "COM": 154.0, "COD": 166.0, "COG": 138.0, "CRI": 18.0, "CIV": 259.0, "HRV": 25.0, "CUB": 42.0, "CYP": 13.0, "CZE": 21.0, "DNK": 11.0, "DJI": 143.0, "DOM": 36.0, "ECU": 21.0, "EGY": 90.0, "SLV": 35.0, "GNQ": 174.0, "ERI": 150.0, "EST": 17.0, "SWZ": 124.0, "ETH": 132.0, "FJI": 70.0, "FIN": 5.0, "FRA": 7.0, "GAB": 73.0, "GMB": 220.0, "GEO": 73.0, "DEU": 12.0, "GHA": 204.0, "GRC": 20.0, "GRD": 39.0, "GTM": 68.0, "GIN": 237.0, "GNB": 206.0, "GUY": 98.0, "HTI": 172.0, "HND": 48.0, "HUN": 28.0, "ISL": 7.0, "IND": 166.0, "IDN": 94.0, "IRN": 46.0, "IRQ": 64.0, "IRL": 9.0, "ISR": 11.0, "ITA": 11.0, "JAM": 21.0, "JPN": 8.0, "JOR": 39.0, "KAZ": 47.0, "KEN": 75.0, "KIR": 107.0, "PRK": 158.0, "KOR": 14.0, "KWT": 89.0, "KGZ": 87.0, "LAO": 182.0, "LVA": 28.0, "LBN": 41.0, "LSO": 166.0, "LBR": 172.0, "LBY": 54.0, "LTU": 23.0, "LUX": 8.0, "MDG": 153.0, "MWI": 104.0, "MYS": 39.0, "MDV": 21.0, "MLI": 216.0, "MLT": 15.0, "MRT": 157.0, "MUS": 28.0, "MEX": 30.0, "FSM": 135.0, "MDA": 61.0, "MNG": 119.0, "MNE": 62.0, "MAR": 42.0, "MOZ": 106.0, "MMR": 133.0, "NAM": 129.0, "NPL": 173.0, "NLD": 11.0, "NZL": 6.0, "NIC": 50.0, "NER": 237.0, "NGA": 313.0, "MKD": 64.0, "NOR": 7.0, "OMN": 43.0, "PAK": 149.0, "PAN": 21.0, "PNG": 125.0, "PRY": 49.0, "PER": 55.0, "PHL": 151.0, "POL": 26.0, "PRT": 7.0, "QAT": 37.0, "ROU": 44.0, "RUS": 33.0, "RWA": 118.0, "WSM": 58.0, "STP": 158.0, "SAU": 72.0, "SEN": 152.0, "SRB": 47.0, "SYC": 31.0, "SLE": 333.0, "SGP": 19.0, "SVK": 24.0, "SVN": 17.0, "SLB": 116.0, "SOM": 204.0, "ZAF": 66.0, "SSD": 161.0, "ESP": 6.0, "LKA": 63.0, "LCA": 25.0, "VCT": 40.0, "SDN": 175.0, "SUR": 42.0, "SWE": 6.0, "CHE": 8.0, "SYR": 62.0, "TJK": 115.0, "TZA": 135.0, "THA": 47.0, "TLS": 130.0, "TGO": 234.0, "TON": 48.0, "TTO": 30.0, "TUN": 42.0, "TUR": 29.0, "TKM": 63.0, "UGA": 155.0, "UKR": 51.0, "ARE": 45.0, "GBR": 11.0, "USA": 10.0, "URY": 12.0, "UZB": 66.0, "VUT": 111.0, "VEN": 26.0, "VNM": 43.0, "YEM": 179.0, "ZMB": 121.0, "ZWE": 133.0}, "recentYear": {"AFE": "2016", "AFW": "2016", "ARB": "2016", "CSS": "2016", "CEB": "2016", "EAR": "2016", "EAS": "2016", "EAP": "2016", "TEA": "2016", "EMU": "2016", "ECS": "2016", "ECA": "2016", "TEC": "2016", "EUU": "2016", "FCS": "2016", "HPC": "2016", "HIC": "2016", "IBD": "2016", "IBT": "2016", "IDB": "2016", "IDX": "2016", "IDA": "2016", "LTE": "2016", "LCN": "2016", "LAC": "2016", "TLA": "2016", "LDC": "2016", "LMY": "2016", "LIC": "2016", "LMC": "2016", "MEA": "2016", "MNA": "2016", "TMN": "2016", "MIC": "2016", "NAC": "2016", "OED": "2016", "OSS": "2016", "PSS": "2016", "PST": "2016", "PRE": "2016", "SST": "2016", "SAS": "2016", "TSA": "2016", "SSF": "2016", "SSA": "2016", "TSS": "2016", "UMC": "2016", "WLD": "2016", "AFG": "2016", "ALB": "2016", "DZA": "2016", "AGO": "2016", "ATG": "2016", "ARG": "2016", "ARM": "2016", "AUS": "2016", "AUT": "2016", "AZE": "2016", "BHS": "2016", "BHR": "2016", "BGD": "2016", "BRB": "2016", "BLR": "2016", "BEL": "2016", "BLZ": "2016", "BEN": "2016", "BTN": "2016", "BOL": "2016", "BIH": "2016", "BWA": "2016", "BRA": "2016", "BRN": "2016", "BGR": "2016", "BFA": "2016", "BDI": "2016", "CPV": "2016", "KHM": "2016", "CMR": "2016", "CAN": "2016", "CAF": "2016", "TCD": "2016", "CHL": "2016", "CHN": "2016", "COL": "2016", "COM": "2016", "COD": "2016", "COG": "2016", "CRI": "2016", "CIV": "2016", "HRV": "2016", "CUB": "2016", "CYP": "2016", "CZE": "2016", "DNK": "2016", "DJI": "2016", "DOM": "2016", "ECU": "2016", "EGY": "2016", "SLV": "2016", "GNQ": "2016", "ERI": "2016", "EST": "2016", "SWZ": "2016", "ETH": "2016", "FJI": "2016", "FIN": "2016", "FRA": "2016", "GAB": "2016", "GMB": "2016", "GEO": "2016", "DEU": "2016", "GHA": "2016", "GRC": "2016", "GRD": "2016", "GTM": "2016", "GIN": "2016", "GNB": "2016", "GUY": "2016", "HTI": "2016", "HND": "2016", "HUN": "2016", "ISL": "2016", "IND": "2016", "IDN": "2016", "IRN": "2016", "IRQ": "2016", "IRL": "2016", "ISR": "2016", "ITA": "2016", "JAM": "2016", "JPN": "2016", "JOR": "2016", "KAZ": "2016", "KEN": "2016", "KIR": "2016", "PRK": "2016", "KOR": "2016", "KWT": "2016", "KGZ": "2016", "LAO": "2016", "LVA": "2016", "LBN": "2016", "LSO": "2016", "LBR": "2016", "LBY": "2016", "LTU": "2016", "LUX": "2016", "MDG": "2016", "MWI": "2016", "MYS": "2016", "MDV": "2016", "MLI": "2016", "MLT": "2016", "MRT": "2016", "MUS": "2016", "MEX": "2016", "FSM": "2016", "MDA": "2016", "MNG": "2016", "MNE": "2016", "MAR": "2016", "MOZ": "2016", "MMR": "2016", "NAM": "2016", "NPL": "2016", "NLD": "2016", "NZL": "2016", "NIC": "2016", "NER": "2016", "NGA": "2016", "MKD": "2016", "NOR": "2016", "OMN": "2016", "PAK": "2016", "PAN": "2016", "PNG": "2016", "PRY": "2016", "PER": "2016", "PHL": "2016", "POL": "2016", "PRT": "2016", "QAT": "2016", "ROU": "2016", "RUS": "2016", "RWA": "2016", "WSM": "2016", "STP": "2016", "SAU": "2016", "SEN": "2016", "SRB": "2016", "SYC": "2016", "SLE": "2016", "SGP": "2016", "SVK": "2016", "SVN": "2016", "SLB": "2016", "SOM": "2016", "ZAF": "2016", "SSD": "2016", "ESP": "2016", "LKA": "2016", "LCA": "2016", "VCT": "2016", "SDN": "2016", "SUR": "2016", "SWE": "2016", "CHE": "2016", "SYR": "2016", "TJK": "2016", "TZA": "2016", "THA": "2016", "TLS": "2016", "TGO": "2016", "TON": "2016", "TTO": "2016", "TUN": "2016", "TUR": "2016", "TKM": "2016", "UGA": "2016", "UKR": "2016", "ARE": "2016", "GBR": "2016", "USA": "2016", "URY": "2016", "UZB": "2016", "VUT": "2016", "VEN": "2016", "VNM": "2016", "YEM": "2016", "ZMB": "2016", "ZWE": "2016"}, "recentValue": {"AFE": 130.542657355467, "AFW": 258.08563391293, "ARB": 90.5048746316809, "CSS": 34.8976014478303, "CEB": 29.9334344618085, "EAR": 125.199972309056, "EAS": 90.1721582644874, "EAP": 98.8003138833323, "TEA": 98.0313538007959, "EMU": 10.3491930122519, "ECS": 26.2120150119357, "ECA": 42.8490569285837, "TEC": 41.2890105642222, "EUU": 14.44233270289, "FCS": 181.982784378242, "HPC": 165.795902103148, "HIC": 12.9201232397272, "IBD": 98.5099141412763, "IBT": 116.610071604176, "IDB": 195.634193203932, "IDX": 157.887095013468, "IDA": 170.429336759615, "LTE": 75.7345343748701, "LCN": 32.5067134188418, "LAC": 33.4234592322012, "TLA": 32.3471224391409, "LDC": 157.2706442123, "LMY": 118.1118939096, "LIC": 165.71880369885, "LMC": 145.438058999582, "MEA": 67.4988655205739, "MNA": 69.1311902265817, "TMN": 69.1311902265817,