{"data": {"2015": {"ATG": -1135171.388471744, "ABW": 659759.4575917537, "BHS": -1357512.1636566897, "BMU": -2112696.0172176296, "BHR": -2009244.641603908, "BRB": -1003322.6177467467, "BLZ": -716117.8936233632, "VGB": -91136.3553372706, "CPV": 57973.59815300833, "CYM": 895418.9470611691, "COM": -1482658.627122651, "CUB": 19999.99955, "CUW": -600635.111037925, "DMA": -399559.62638028327, "DOM": -514936.7192715477, "FJI": 167369.42390447104, "GRD": -399559.62638028327, "GNB": 1069045.3093475057, "GUY": -13521.608485593972, "HTI": 239999.9946, "JAM": -712820.0418915239, "KIR": -1362271.731925491, "MDV": -716117.8936233632, "MHL": -32592.78722464482, "MUS": -1203436.61586902, "FSM": -207755.79109214223, "NRU": 491417.8414072941, "PLW": -32592.78722464482, "PNG": 682679.0961871418, "WSM": 219137.3006359378, "STP": -716117.8936233632, "SYC": 107812.308251176, "SGP": -171638.12495008664, "SXM": -554778.8785806509, "SLB": 7448.430398757748, "KNA": -519024.74787384656, "VCT": -716117.8936233632, "LCA": -399559.62638028327, "SUR": -330079.8757286764, "TLS": -493352.3695851832, "TTO": -2123235.559449743, "TON": -1286577.0126502744, "TUV": -161029.15293711532, "TCA": -2024110.3926756151, "VUT": -774585.1658736604, "AIA": 4881404.880898457, "COK": 4881404.880898457, "MSR": 4881404.880898457, "NIU": 4881404.880898457, "TKL": 4881404.880898457}}, "upperIntervals": {"2015": {"ATG": 2844863.394281804, "ABW": 4639794.240345301, "BHS": 2622522.619096858, "BMU": 1867338.765535918, "BHR": 1970790.1411496403, "BRB": 2976712.165006801, "BLZ": 3263916.8891301844, "VGB": 3888898.427416277, "CPV": 4038008.380906556, "CYM": 4875453.729814717, "COM": 2497376.155630897, "CUW": 3379399.671715623, "DMA": 3580475.1563732643, "DOM": 3465098.063482, "FJI": 4147404.206658018, "GRD": 3580475.1563732643, "GNB": 5049080.092101053, "GUY": 3966513.1742679537, "JAM": 3267214.740862024, "KIR": 2617763.0508280564, "MDV": 3263916.8891301844, "MHL": 3947441.995528903, "MUS": 2776598.1668845275, "FSM": 3772278.991661405, "NRU": 4471452.624160842, "PLW": 3947441.995528903, "PNG": 4662713.878940689, "WSM": 4199172.083389485, "STP": 3263916.8891301844, "SYC": 4087847.091004724, "SGP": 3808396.657803461, "SXM": 3425255.904172897, "SLB": 3987483.213152305, "KNA": 3461010.034879701, "VCT": 3263916.8891301844, "LCA": 3580475.1563732643, "SUR": 3649954.907024871, "TLS": 3486682.413168364, "TTO": 1856799.2233038049, "TON": 2693457.770103273, "TUV": 3819005.629816433, "TCA": 1955924.3900779325, "VUT": 3205449.6168798874, "AIA": 8861439.663652005, "COK": 8861439.663652005, "MSR": 8861439.663652005, "NIU": 8861439.663652005, "TKL": 8861439.663652005}}, "lowerIntervals": {"2015": {"ATG": -4184181.3715659007, "ABW": -2389250.525502404, "BHS": -4406522.146750847, "BMU": -5161706.000311786, "BHR": -5058254.624698064, "BRB": -4052332.600840904, "BLZ": -3765127.87671752, "VGB": -3140146.338431428, "CPV": -2991036.3849411486, "CYM": -2153591.036032988, "COM": -4531668.610216808, "CUW": -3649645.0941320816, "DMA": -3448569.60947444, "DOM": -3563946.7023657043, "FJI": -2881640.5591896856, "GRD": -3448569.60947444, "GNB": -1979964.673746651, "GUY": -3062531.59157975, "JAM": -3761830.02498568, "KIR": -4411281.715019648, "MDV": -3765127.87671752, "MHL": -3081602.770318801, "MUS": -4252446.598963177, "FSM": -3256765.774186299, "NRU": -2557592.141686863, "PLW": -3081602.770318801, "PNG": -2366330.886907015, "WSM": -2829872.682458219, "STP": -3765127.87671752, "SYC": -2941197.6748429807, "SGP": -3220648.1080442434, "SXM": -3603788.861674808, "SLB": -3041561.552695399, "KNA": -3568034.730968003, "VCT": -3765127.87671752, "LCA": -3448569.60947444, "SUR": -3379089.8588228333, "TLS": -3542362.35267934, "TTO": -5172245.542543899, "TON": -4335586.995744431, "TUV": -3210039.136031272, "TCA": -5073120.375769772, "VUT": -3823595.148967817, "AIA": 1832394.8978043003, "COK": 1832394.8978043003, "MSR": 1832394.8978043003, "NIU": 1832394.8978043003, "TKL": 1832394.8978043003}}, "categoryImportances": {"2015": {"Environment": 12453433069184.0, "Economic Policy & Debt": 29991656961992.0}}, "featureImportances": {"2015": {"wdi2-NY.GDP.MKTP.PP.KD": 6511051089056.0, "wdi-AG.LND.TOTL.K2": 12453433069184.0, "wdi-AG.SRF.TOTL.K2": 0.0, "wdi-DC.DAC.AUTL.CD": 7615264181760.0, "wdi-DC.DAC.CANL.CD": 3693021824064.0, "wdi-DC.DAC.CECL.CD": 1755988174720.0, "wdi-DC.DAC.CHEL.CD": 1016565334128.0, "wdi-DC.DAC.DEUL.CD": 1569046414720.0, "wdi-DC.DAC.FRAL.CD": 434690788256.0, "wdi-DC.DAC.JPNL.CD": 7396029155288.0}}}