{"data": {"2015": {"ATG": 121.0547300338814, "ABW": 1109.5080709776746, "BHS": -558.3684680579356, "BMU": 14.0, "BHR": 44.0, "BRB": 20.0, "BLZ": -2041.9022830538668, "VGB": 1150.0361267722074, "CPV": 799.9651301802827, "CYM": 6.0, "COM": 433.1805684567015, "CUB": 1658.196550101735, "CUW": -824.1257968584708, "DMA": -488.3812573193092, "DOM": 259.43180597997883, "FJI": -2276.9550484136503, "GRD": -89.14969229055451, "GNB": 1734.0408551686298, "GUY": -2773.8717098046045, "HTI": 1600.8485545508015, "JAM": 59.0, "KIR": -345.69285149511927, "MDV": 862.854819670445, "MHL": 748.7084286525105, "MUS": 71.0, "FSM": -1007.7791454117856, "NRU": 222.44161990189767, "PLW": -9.483148876885746, "PNG": 6.0, "WSM": 2849.940086217682, "STP": -182.71569412191732, "SYC": 3.0, "SGP": 483.0, "SXM": -1662.5780818323756, "SLB": 185.08671344971384, "KNA": 736.8569025879855, "VCT": -32.794607341006405, "LCA": 64.17391165509652, "SUR": 202.36417090697933, "TLS": 2397.6605459486414, "TTO": -70.68662323860043, "TON": -294.98867272487433, "TUV": 1466.3391292050708, "TCA": -183.55357950926955, "VUT": 315.12946405490106, "AIA": 11907.462162541971, "COK": 11907.462162541971, "MSR": 11907.462162541971, "NIU": 11907.462162541971, "TKL": 11907.462162541971}, "2020": {"ASM": 808.8634827277629, "ATG": 2972.1796100221522, "ABW": 2900.5984334753084, "BHS": 842.007606525331, "BRB": 15.0, "BLZ": 2476.729160768775, "VGB": 1815.45267756623, "CPV": -86.6585026649788, "COM": -619.4878436240327, "CUB": 186.90880067778608, "CUW": 1178.3847383839034, "DMA": 781.9432216161573, "DOM": 1918.914313594323, "FJI": 569.071053015083, "PYF": 1758.3428735020896, "GRD": 476.9656574044717, "GUM": -365.4074629712933, "GNB": 512.0879622159912, "GUY": 3200.0997514805704, "HTI": 750.057463394566, "JAM": 89.0, "KIR": 1615.8441531264104, "MDV": 1874.1495396040223, "MHL": 1025.0406657872165, "MUS": 93.0, "FSM": 2315.1826225182517, "NRU": 844.1692745825712, "NCL": 850.1435190869247, "MNP": 1745.9038987567244, "PLW": 2740.6264628466297, "PNG": -1015.1377611918024, "PRI": 41.70644415148604, "KNA": 302.045465684462, "LCA": 3381.6358858490335, "VCT": 2303.2989382774736, "WSM": 3981.650718019823, "STP": -2546.036140912293, "SYC": 40.0, "SGP": 459.0, "SXM": 1454.7143542732247, "SLB": 30.71089385442555, "SUR": -1668.3388026423172, "TLS": 342.12734281212755, "TON": 1377.6063551751827, "TTO": -517.6104173467395, "TUV": 2509.499343538554, "VIR": 577.125517426728, "VUT": 1178.9816238379224, "AIA": 5204.047468270533, "COK": 5204.047468270533, "MSR": 5204.047468270533, "NIU": 5204.047468270533}}, "upperIntervals": {"2015": {"ATG": 8273.428705978615, "ABW": 9261.882046922408, "BHS": 7594.005507886798, "BLZ": 6110.4716928908665, "VGB": 9302.410102716942, "CPV": 8952.339106125017, "COM": 8585.554544401435, "CUB": 9810.57052604647, "CUW": 7328.248179086263, "DMA": 7663.992718625424, "DOM": 8411.805781924711, "FJI": 5875.418927531084, "GRD": 8063.224283654179, "GNB": 9886.414831113363, "GUY": 5378.502266140129, "HTI": 9753.222530495535, "KIR": 7806.681124449614, "MDV": 9015.228795615178, "MHL": 8901.082404597244, "FSM": 7144.594830532948, "NRU": 8374.81559584663, "PLW": 8142.890827067848, "WSM": 11002.314062162415, "STP": 7969.658281822816, "SXM": 6489.795894112358, "SLB": 8337.460689394447, "KNA": 8889.230878532719, "VCT": 8119.579368603727, "LCA": 8216.54788759983, "SUR": 8354.738146851712, "TLS": 10550.034521893374, "TTO": 8081.687352706133, "TON": 7857.385303219859, "TUV": 9618.713105149804, "TCA": 7968.820396435464, "VUT": 8467.503439999635, "AIA": 20059.836138486706, "COK": 20059.836138486706, "MSR": 20059.836138486706, "NIU": 20059.836138486706, "TKL": 20059.836138486706}, "2020": {"ASM": 7714.430608043172, "ATG": 9877.746735337561, "ABW": 9806.165558790717, "BHS": 7747.574731840739, "BLZ": 9382.296286084184, "VGB": 8721.01980288164, "CPV": 6818.90862265043, "COM": 6286.079281691376, "CUB": 7092.475925993194, "CUW": 8083.9518636993125, "DMA": 7687.510346931566, "DOM": 8824.481438909732, "FJI": 7474.638178330491, "PYF": 8663.909998817498, "GRD": 7382.532782719881, "GUM": 6540.1596623441155, "GNB": 7417.6550875314, "GUY": 10105.666876795978, "HTI": 7655.624588709975, "KIR": 8521.41127844182, "MDV": 8779.716664919431, "MHL": 7930.607791102625, "FSM": 9220.74974783366, "NRU": 7749.73639989798, "NCL": 7755.710644402334, "MNP": 8651.471024072132, "PLW": 9646.193588162037, "PNG": 5890.429364123606, "PRI": 6947.2735694668945, "KNA": 7207.612590999871, "LCA": 10287.203011164442, "VCT": 9208.866063592883, "WSM": 10887.217843335231, "STP": 4359.530984403116, "SXM": 8360.281479588633, "SLB": 6936.278019169834, "SUR": 5237.2283226730915, "TLS": 7247.694468127536, "TON": 8283.173480490592, "TTO": 6387.956707968669, "TUV": 9415.066468853962, "VIR": 7482.692642742137, "VUT": 8084.548749153331, "AIA": 12109.614593585942, "COK": 12109.614593585942, "MSR": 12109.614593585942, "NIU": 12109.614593585942}}, "lowerIntervals": {"2015": {"ATG": -6607.804127074648, "ABW": -5619.350786130854, "BHS": -7287.227325166465, "BLZ": -8770.761140162396, "VGB": -5578.822730336322, "CPV": -5928.893726928247, "COM": -6295.678288651828, "CUB": -5070.662307006794, "CUW": -7552.984653967, "DMA": -7217.240114427838, "DOM": -6469.42705112855, "FJI": -9005.81390552218, "GRD": -6818.008549399084, "GNB": -4994.8180019399, "GUY": -9502.730566913136, "HTI": -5128.010302557727, "KIR": -7074.551708603649, "MDV": -5866.004037438084, "MHL": -5980.150428456019, "FSM": -7736.638002520314, "NRU": -6506.417237206631, "PLW": -6738.342005985415, "WSM": -3878.918770890847, "STP": -6911.574551230447, "SXM": -8391.436938940904, "SLB": -6543.772143658815, "KNA": -5992.001954520544, "VCT": -6761.653464449536, "LCA": -6664.684945453433, "SUR": -6526.4946862015495, "TLS": -4331.198311159887, "TTO": -6799.545480347129, "TON": -7023.847529833403, "TUV": -5262.519727903458, "TCA": -6912.412436617798, "VUT": -6413.729393053628, "AIA": 5178.603305433442, "COK": 5178.603305433442, "MSR": 5178.603305433442, "NIU": 5178.603305433442, "TKL": 5178.603305433442}, "2020": {"ASM": -4194.238911406021, "ATG": -2030.9227841116312, "ABW": -2102.503960658475, "BHS": -4161.094787608453, "BLZ": -2526.3732333650087, "VGB": -3187.6497165675537, "CPV": -5089.760896798763, "COM": -5622.590237757816, "CUB": -4816.193593455997, "CUW": -3824.71765574988, "DMA": -4221.159172517626, "DOM": -3084.1880805394603, "FJI": -4434.031341118701, "PYF": -3244.7595206316937, "GRD": -4526.136736729311, "GUM": -5368.509857105077, "GNB": -4491.0144319177925, "GUY": -1803.0026426532131, "HTI": -4253.044930739217, "KIR": -3387.258241007373, "MDV": -3128.952854529761, "MHL": -3978.061728346567, "FSM": -2687.9197716155318, "NRU": -4158.933119551212, "NCL": -4152.958875046859, "MNP": -3257.198495377059, "PLW": -2262.475931287154, "PNG": -6018.240155325586, "PRI": -4961.395949982298, "KNA": -4701.056928449321, "LCA": -1621.46650828475, "VCT": -2699.80345585631, "WSM": -1021.4516761139603, "STP": -7549.138535046077, "SXM": -3548.388039860559, "SLB": -4972.391500279358, "SUR": -6671.441196776101, "TLS": -4660.975051321656, "TON": -3625.496038958601, "TTO": -5520.712811480523, "TUV": -2493.6030505952294, "VIR": -4425.976876707055, "VUT": -3824.120770295861, "AIA": 200.9450741367491, "COK": 200.9450741367491, "MSR": 200.9450741367491, "NIU": 200.9450741367491}}, "categoryImportances": {"2015": {"Environment": 158381178.20751953, "Economic Policy & Debt": 55847411.888183594, "Financial": 8560098.794921875}, "2020": {"Infrastructure": 11657755.969970703, "Economic Policy & Debt": 23424319.82244873, "Social Protection & Labor": 3645366.0252301693, "Health": 16789274.91859436, "Environment": 62961762.627075195}}, "featureImportances": {"2015": {"wdi2-NE.DAB.TOTL.CN": 399370.798828125, "mvi-wdi-BX.KLT.DINV.WD.GD.ZS": 8560098.794921875, "wdi-AG.LND.AGRI.K2": 80176955.18847656, "wdi-AG.LND.AGRI.ZS": 6719644.220214844, "wdi-AG.LND.ARBL.HA.PC": 15941777.301269531, "wdi-AG.LND.ARBL.ZS": 13709268.24169922, "wdi-AG.LND.TOTL.K2": 41501418.55664063,