{"data": {"2020": {"ASM": 7.035987194497929, "ATG": 20.86211452810465, "ABW": 0.33888208966531524, "BHS": 8.321919590605042, "BRB": 11.328607153072635, "BLZ": 8.321919590605042, "VGB": 11.328607153072635, "CPV": 20.86211452810465, "COM": 29.414813813335222, "CUB": 11.328607153072635, "CUW": 11.328607153072635, "DMA": 28.84515202904438, "DOM": 28.84515202904438, "FJI": 28.84515202904438, "PYF": 8.321919590605042, "GRD": 26.94121172085382, "GUM": 8.321919590605042, "GNB": 29.414813813335222, "GUY": 28.84515202904438, "HTI": 30.242215113187672, "JAM": 8.321919590605042, "KIR": 29.414813813335222, "MDV": 19.169364259586445, "MHL": 20.86211452810465, "MUS": 8.321919590605042, "FSM": 22.259177612247942, "NRU": 31.851839591511972, "NCL": 8.321919590605042, "MNP": 7.035987194497929, "PLW": 31.851839591511972, "PNG": 29.414813813335222, "PRI": 11.328607153072635, "KNA": 28.84515202904438, "LCA": 8.321919590605042, "VCT": 8.321919590605042, "WSM": 29.414813813335222, "STP": 29.414813813335222, "SYC": 8.321919590605042, "SGP": 11.328607153072635, "SXM": 7.035987194497929, "SLB": 29.414813813335222, "SUR": 27.152401760526175, "TLS": 29.414813813335222, "TON": 29.414813813335222, "TTO": 0.33888208966531524, "TUV": 22.259177612247942, "VIR": 11.328607153072635, "VUT": 29.414813813335222, "AIA": 19.42303173057213, "COK": 19.42303173057213, "MSR": 19.42303173057213, "NIU": 19.42303173057213}}, "upperIntervals": {"2020": {"ASM": 32.305368388936124, "ATG": 46.13149572254285, "ABW": 25.60826328410351, "BHS": 33.59130078504324, "BRB": 36.597988347510835, "BLZ": 33.59130078504324, "VGB": 36.597988347510835, "CPV": 46.13149572254285, "COM": 54.68419500777342, "CUB": 36.597988347510835, "CUW": 36.597988347510835, "DMA": 54.11453322348258, "DOM": 54.11453322348258, "FJI": 54.11453322348258, "PYF": 33.59130078504324, "GRD": 52.21059291529201, "GUM": 33.59130078504324, "GNB": 54.68419500777342, "GUY": 54.11453322348258, "HTI": 55.511596307625865, "JAM": 33.59130078504324, "KIR": 54.68419500777342, "MDV": 44.43874545402464, "MHL": 46.13149572254285, "MUS": 33.59130078504324, "FSM": 47.528558806686135, "NRU": 57.12122078595017, "NCL": 33.59130078504324, "MNP": 32.305368388936124, "PLW": 57.12122078595017, "PNG": 54.68419500777342, "PRI": 36.597988347510835, "KNA": 54.11453322348258, "LCA": 33.59130078504324, "VCT": 33.59130078504324, "WSM": 54.68419500777342, "STP": 54.68419500777342, "SYC": 33.59130078504324, "SGP": 36.597988347510835, "SXM": 32.305368388936124, "SLB": 54.68419500777342, "SUR": 52.42178295496437, "TLS": 54.68419500777342, "TON": 54.68419500777342, "TTO": 25.60826328410351, "TUV": 47.528558806686135, "VIR": 36.597988347510835, "VUT": 54.68419500777342, "AIA": 44.69241292501033, "COK": 44.69241292501033, "MSR": 44.69241292501033, "NIU": 44.69241292501033}}, "lowerIntervals": {"2020": {"ASM": -12.414167871172262, "ATG": 1.41195946243446, "ABW": -19.111272976004877, "BHS": -11.12823547506515, "BRB": -8.121547912597556, "BLZ": -11.12823547506515, "VGB": -8.121547912597556, "CPV": 1.41195946243446, "COM": 9.96465874766503, "CUB": -8.121547912597556, "CUW": -8.121547912597556, "DMA": 9.39499696337419, "DOM": 9.39499696337419, "FJI": 9.39499696337419, "PYF": -11.12823547506515, "GRD": 7.491056655183627, "GUM": -11.12823547506515, "GNB": 9.96465874766503, "GUY": 9.39499696337419, "HTI": 10.79206004751748, "JAM": -11.12823547506515, "KIR": 9.96465874766503, "MDV": -0.28079080608374696, "MHL": 1.41195946243446, "MUS": -11.12823547506515, "FSM": 2.8090225465777507, "NRU": 12.40168452584178, "NCL": -11.12823547506515, "MNP": -12.414167871172262, "PLW": 12.40168452584178, "PNG": 9.96465874766503, "PRI": -8.121547912597556, "KNA": 9.39499696337419, "LCA": -11.12823547506515, "VCT": -11.12823547506515, "WSM": 9.96465874766503, "STP": 9.96465874766503, "SYC": -11.12823547506515, "SGP": -8.121547912597556, "SXM": -12.414167871172262, "SLB": 9.96465874766503, "SUR": 7.702246694855983, "TLS": 9.96465874766503, "TON": 9.96465874766503, "TTO": -19.111272976004877, "TUV": 2.8090225465777507, "VIR": -8.121547912597556, "VUT": 9.96465874766503, "AIA": -0.027123335098060863, "COK": -0.027123335098060863, "MSR": -0.027123335098060863, "NIU": -0.027123335098060863}}, "categoryImportances": {"2020": {"Economic Policy & Debt": 0.0, "Private Sector & Trade": 760.4678785800934, "Financial": 0.0}}, "featureImportances": {"2020": {"wdi2-NY.GDP.MKTP.PP.CD": 0.0, "wdi2-NY.GNP.MKTP.PP.KD": 0.0, "mvi-wdi-BX.TRF.PWKR.DT.GD.ZS": 0.0, "wdi-BX.TRF.PWKR.CD.DT": 0.0, "wdi-BX.TRF.PWKR.DT.GD.ZS": 0.0, "wdi-IC.CUS.DURS.EX": 99.26856052875519, "wdi-IC.ELC.OUTG": 540.5497275590897, "wdi-IC.ELC.OUTG.ZS": 71.61698985099792, "wdi-IC.FRM.BKWC.ZS": 5.369220018386841, "wdi-IC.FRM.BNKS.ZS": 43.66338062286377}}, "performance": {"2020": 0.7122868358099321}}