{"data": {"2015": {"ATG": -404713733693.212, "ABW": 1286774952214.0818, "BHS": 559654107831.596, "BMU": 1850000000.0, "BHR": 19251070000.0, "BRB": 2949090000.0, "BLZ": 393273320568.9638, "VGB": 966417818972.8964, "CPV": 158528216368.2829, "CYM": 315630000.0, "COM": 381920344572.26697, "CUB": 1719284197540.0574, "CUW": 97524657077.10126, "DMA": -285945301830.62384, "DOM": 916736499756.155, "FJI": -533289880019.5768, "GRD": -1450867144122.8923, "GNB": 7186264215.722855, "GUY": 511114530279.6282, "HTI": 221370834855.53653, "JAM": 5899490000.0, "KIR": -140297785848.02652, "MDV": 79609090891.85986, "MHL": 1423685443293.277, "MUS": 7238550000.0, "FSM": -3044816468100.571, "NRU": -480627659049.3518, "PLW": -466152835119.0541, "PNG": 1718860000.0, "WSM": 1294266121241.1682, "STP": -393214313942.5413, "SYC": -325736584108.5231, "SGP": 640000000000.0, "SXM": 312497814511.485, "SLB": 826074186526.1631, "KNA": -201473961847.01505, "VCT": -399669700141.54425, "LCA": -399669700141.54425, "SUR": 537871109805.09326, "TLS": 1650799271896.4478, "TTO": 437102765313.7997, "TON": 107225591809.61807, "TUV": -153999112736.73682, "TCA": 11190318039.8423, "VUT": 225528567532.74216, "AIA": 21440490023618.86, "COK": 21440490023618.86, "MSR": 21440490023618.86, "NIU": 21440490023618.86, "TKL": 21440490023618.86}, "2020": {"ASM": 1264535551481.5435, "ATG": 372064277182.8696, "ABW": 1033553328834.5515, "BHS": -1023312138878.475, "BRB": 2780430000.0, "BLZ": 2503718223667.6646, "VGB": 47846230454.853065, "CPV": 858058956945.3556, "COM": -2223013330048.412, "CUB": -279584970896.70514, "CUW": 906167217093.7761, "DMA": -1578930665099.4, "DOM": 3339679364762.506, "FJI": -665908392977.9846, "PYF": 238034467412.09753, "GRD": 855121009600.4686, "GUM": -2839539546802.374, "GNB": -327201927343.18713, "GUY": 2275865967511.4077, "HTI": 1988394262992.2117, "JAM": 11701080000.0, "KIR": 1434798881774.0967, "MDV": 1652921631371.568, "MHL": -1969496380975.3364, "MUS": 6159610000.0, "FSM": 2015852439364.2156, "NRU": -422819148362.628, "NCL": -754602731514.5952, "MNP": 317048696366.29144, "PLW": -884536335683.5885, "PNG": -3393663838826.724, "PRI": 17835489119.036694, "KNA": -1405308611599.4966, "LCA": 3298188995590.8926, "VCT": 3359810564249.275, "WSM": 2915414155220.23, "STP": -4595681782760.13, "SYC": 1339403752740.0881, "SGP": 653000000000.0, "SXM": 274284780538.85962, "SLB": 13780700382.964787, "SUR": -3041702580313.758, "TLS": -36954929246.985245, "TON": -344373035825.9496, "TTO": 528205813075.40735, "TUV": -1588488369594.5366, "VIR": 316553606755.8224, "VUT": -405599912918.9486, "AIA": 8861862241463.49, "COK": 8861862241463.49, "MSR": 8861862241463.49, "NIU": 8861862241463.49}}, "upperIntervals": {"2015": {"ATG": 10118299640445.322, "ABW": 11809788326352.615, "BHS": 11082667481970.13, "BLZ": 10916286694707.498, "VGB": 11489431193111.432, "CPV": 10681541590506.818, "COM": 10904933718710.805, "CUB": 12242297571678.592, "CUW": 10620538031215.637, "DMA": 10237068072307.912, "DOM": 11439749873894.69, "FJI": 9989723494118.96, "GRD": 9072146230015.645, "GNB": 10530199638354.258, "GUY": 11034127904418.164, "HTI": 10744384208994.072, "KIR": 10382715588290.508, "MDV": 10602622465030.396, "MHL": 11946698817431.812, "FSM": 7478196906037.965, "NRU": 10042385715089.184, "PLW": 10056860539019.48, "WSM": 11817279495379.703, "STP": 10129799060195.994, "SYC": 10197276790030.012, "SXM": 10835511188650.02, "SLB": 11349087560664.7, "KNA": 10321539412291.52, "VCT": 10123343673996.99, "LCA": 10123343673996.99, "SUR": 11060884483943.629, "TLS": 12173812646034.982, "TTO": 10960116139452.334, "TON": 10630238965948.152, "TUV": 10369014261401.8, "TCA": 10534203692178.377, "VUT": 10748541941671.275, "AIA": 31963503397757.395, "COK": 31963503397757.395, "MSR": 31963503397757.395, "NIU": 31963503397757.395, "TKL": 31963503397757.395}, "2020": {"ASM": 10552174851331.875, "ATG": 9659703577033.201, "ABW": 10321192628684.883, "BHS": 8264327160971.857, "BLZ": 11791357523517.996, "VGB": 9335485530305.186, "CPV": 10145698256795.688, "COM": 7064625969801.92, "CUB": 9008054328953.627, "CUW": 10193806516944.107, "DMA": 7708708634750.932, "DOM": 12627318664612.838, "FJI": 8621730906872.348, "PYF": 9525673767262.43, "GRD": 10142760309450.8, "GUM": 6448099753047.958, "GNB": 8960437372507.145, "GUY": 11563505267361.74, "HTI": 11276033562842.543, "KIR": 10722438181624.43, "MDV": 10940560931221.9, "MHL": 7318142918874.996, "FSM": 11303491739214.547, "NRU": 8864820151487.703, "NCL": 8533036568335.736, "MNP": 9604687996216.623, "PLW": 8403102964166.743, "PNG": 5893975461023.607, "PRI": 9305474788969.37, "KNA": 7882330688250.836, "LCA": 12585828295441.225, "VCT": 12647449864099.607, "WSM": 12203053455070.562, "STP": 4691957517090.202, "SYC": 10627043052590.42, "SXM": 9561924080389.191, "SLB": 9301420000233.297, "SUR": 6245936719536.574, "TLS": 9250684370603.348, "TON": 8943266264024.383, "TTO": 9815845112925.74, "TUV": 7699150930255.795, "VIR": 9604192906606.154, "VUT": 8882039386931.383, "AIA": 18149501541313.82, "COK": 18149501541313.82, "MSR": 18149501541313.82, "NIU": 18149501541313.82}}, "lowerIntervals": {"2015": {"ATG": -12913493251748.695, "ABW": -11222004565841.4, "BHS": -11949125410223.889, "BLZ": -12115506197486.52, "VGB": -11542361699082.586, "CPV": -12350251301687.2, "COM": -12126859173483.217, "CUB": -10789495320515.426, "CUW": -12411254860978.38, "DMA": -12794724819886.104, "DOM": -11592043018299.328, "FJI": -13042069398075.06, "GRD": -13959646662178.377, "GNB": -12501593253839.76, "GUY": -11997664987775.854, "HTI": -12287408683199.943, "KIR": -12649077303903.51, "MDV": -12429170427163.623, "MHL": -11085094074762.203, "FSM": -15553595986156.053, "NRU": -12989407177104.834, "PLW": -12974932353174.535, "WSM": -11214513396814.314, "STP": -12901993831998.023, "SYC": -12834516102164.006, "SXM": -12196281703543.998, "SLB": -11682705331529.32, "KNA": -12710253479902.498, "VCT": -12908449218197.027, "LCA": -12908449218197.027, "SUR": -11970908408250.389, "TLS": -10857980246159.035, "TTO": -12071676752741.684, "TON": -12401553926245.863, "TUV": -12662778630792.22, "TCA": -12497589200015.64, "VUT": -12283250950522.74, "AIA": 8931710505563.377, "COK": 8931710505563.377, "MSR": 8931710505563.377, "NIU": 8931710505563.377, "TKL": 8931710505563.377}, "2020": {"ASM": -5873612117652.043, "ATG": -6766083391950.717, "ABW": -6104594340299.034, "BHS": -8161459808012.061, "BLZ": -4634429445465.922, "VGB": -7090301438678.732, "CPV": -6280088712188.23, "COM": -9361160999181.998, "CUB": -7417732640030.291, "CUW": -6231980452039.81, "DMA": -8717078334232.986, "DOM": -3798468304371.08, "FJI": -7804056062111.57, "PYF": -6900113201721.488, "GRD": -6283026659533.117, "GUM": -9977687215935.96, "GNB": -7465349596476.773, "GUY": -4862281701622.178, "HTI": -5149753406141.374, "KIR": -5703348787359.489, "MDV": -5485226037762.018, "MHL": -9107644050108.922, "FSM": -5122295229769.37, "NRU": -7560966817496.214, "NCL": -7892750400648.182, "MNP": -6821098972767.295, "PLW": -8022684004817.175, "PNG": -10531811507960.31, "PRI": -7120312180014.549, "KNA": -8543456280733.082, "LCA": -3839958673542.6934, "VCT": -3778337104884.311, "WSM": -4222733513913.356, "STP": -11733829451893.715, "SYC": -5798743916393.498, "SXM": -6863862888594.727, "SLB": -7124366968750.621, "SUR": -10179850249447.344, "TLS": -7175102598380.571, "TON": -7482520704959.535, "TTO": -6609941856058.179, "TUV": -8726636038728.123, "VIR": -6821594062377.764, "VUT": -7543747582052.534, "AIA": 1723714572329.9043, "COK": 1723714572329.9043, "MSR": 1723714572329.9043, "NIU": 1723714572329.9043}}, "categoryImportances": {"2015": {"Environment": 2.975417824772896e+26, "Economic Policy & Debt": 2.0377119238396474e+26, "Financial": 1.6536643679293258e+25}, "2020": {"Infrastructure": 3.0405814294038957e+25, "Economic Policy & Debt": 4.149187556475687e+25, "Health": 2.108285114654282e+25, "Environment": 1.4151810045356676e+26}}, "featureImportances": {"2015": {"wdi2-NE.DAB.TOTL.CN": 2.8195749259991246e+24,