{"data": {"2020": {"ASM": 36.97901527245424, "ATG": 35.13411648323668, "ABW": 33.74738498422182, "BHS": 39.553145263563934, "BRB": 36.97901527245424, "BLZ": 39.553145263563934, "VGB": 36.97901527245424, "CPV": 35.13411648323668, "COM": 24.19959421302385, "CUB": 38.19634307280848, "CUW": 36.97901527245424, "DMA": 40.9398767625788, "DOM": 40.9398767625788, "FJI": 40.9398767625788, "PYF": 39.553145263563934, "GRD": 40.9398767625788, "GUM": 39.553145263563934, "GNB": 24.19959421302385, "GUY": 40.9398767625788, "HTI": 34.20163662722782, "JAM": 39.553145263563934, "KIR": 23.74261989478197, "MDV": 31.708707195768437, "MHL": 36.52288476711436, "MUS": 39.553145263563934, "FSM": 27.938902029643845, "NRU": 39.583074571823346, "NCL": 39.553145263563934, "MNP": 36.97901527245424, "PLW": 38.365746771469105, "PNG": 24.19959421302385, "PRI": 38.19634307280848, "KNA": 40.9398767625788, "LCA": 39.553145263563934, "VCT": 39.553145263563934, "WSM": 24.19959421302385, "STP": 24.19959421302385, "SYC": 39.553145263563934, "SGP": 36.97901527245424, "SXM": 36.97901527245424, "SLB": 24.19959421302385, "SUR": 36.125699191232854, "TLS": 24.19959421302385, "TON": 24.19959421302385, "TTO": 33.74738498422182, "TUV": 27.938902029643845, "VIR": 38.19634307280848, "VUT": 24.19959421302385, "AIA": 30.544998113875756, "COK": 30.544998113875756, "MSR": 30.544998113875756, "NIU": 30.544998113875756}}, "upperIntervals": {"2020": {"ASM": 53.31826430920931, "ATG": 51.47336551999176, "ABW": 50.08663402097689, "BHS": 55.89239430031901, "BRB": 53.31826430920931, "BLZ": 55.89239430031901, "VGB": 53.31826430920931, "CPV": 51.47336551999176, "COM": 40.53884324977892, "CUB": 54.53559210956355, "CUW": 53.31826430920931, "DMA": 57.27912579933387, "DOM": 57.27912579933387, "FJI": 57.27912579933387, "PYF": 55.89239430031901, "GRD": 57.27912579933387, "GUM": 55.89239430031901, "GNB": 40.53884324977892, "GUY": 57.27912579933387, "HTI": 50.54088566398289, "JAM": 55.89239430031901, "KIR": 40.081868931537045, "MDV": 48.04795623252351, "MHL": 52.86213380386944, "MUS": 55.89239430031901, "FSM": 44.27815106639892, "NRU": 55.922323608578424, "NCL": 55.89239430031901, "MNP": 53.31826430920931, "PLW": 54.70499580822418, "PNG": 40.53884324977892, "PRI": 54.53559210956355, "KNA": 57.27912579933387, "LCA": 55.89239430031901, "VCT": 55.89239430031901, "WSM": 40.53884324977892, "STP": 40.53884324977892, "SYC": 55.89239430031901, "SGP": 53.31826430920931, "SXM": 53.31826430920931, "SLB": 40.53884324977892, "SUR": 52.46494822798793, "TLS": 40.53884324977892, "TON": 40.53884324977892, "TTO": 50.08663402097689, "TUV": 44.27815106639892, "VIR": 54.53559210956355, "VUT": 40.53884324977892, "AIA": 46.88424715063083, "COK": 46.88424715063083, "MSR": 46.88424715063083, "NIU": 46.88424715063083}}, "lowerIntervals": {"2020": {"ASM": 19.57338889153865, "ATG": 17.72849010232109, "ABW": 16.341758603306225, "BHS": 22.147518882648342, "BRB": 19.57338889153865, "BLZ": 22.147518882648342, "VGB": 19.57338889153865, "CPV": 17.72849010232109, "COM": 6.793967832108258, "CUB": 20.79071669189289, "CUW": 19.57338889153865, "DMA": 23.534250381663206, "DOM": 23.534250381663206, "FJI": 23.534250381663206, "PYF": 22.147518882648342, "GRD": 23.534250381663206, "GUM": 22.147518882648342, "GNB": 6.793967832108258, "GUY": 23.534250381663206, "HTI": 16.79601024631223, "JAM": 22.147518882648342, "KIR": 6.336993513866378, "MDV": 14.303080814852844, "MHL": 19.11725838619877, "MUS": 22.147518882648342, "FSM": 10.533275648728253, "NRU": 22.177448190907754, "NCL": 22.147518882648342, "MNP": 19.57338889153865, "PLW": 20.960120390553513, "PNG": 6.793967832108258, "PRI": 20.79071669189289, "KNA": 23.534250381663206, "LCA": 22.147518882648342, "VCT": 22.147518882648342, "WSM": 6.793967832108258, "STP": 6.793967832108258, "SYC": 22.147518882648342, "SGP": 19.57338889153865, "SXM": 19.57338889153865, "SLB": 6.793967832108258, "SUR": 18.720072810317262, "TLS": 6.793967832108258, "TON": 6.793967832108258, "TTO": 16.341758603306225, "TUV": 10.533275648728253, "VIR": 20.79071669189289, "VUT": 6.793967832108258, "AIA": 13.139371732960164, "COK": 13.139371732960164, "MSR": 13.139371732960164, "NIU": 13.139371732960164}}, "categoryImportances": {"2020": {"Economic Policy & Debt": 7.816160082817078, "Private Sector & Trade": 351.81580477952957, "Financial": 0.0}}, "featureImportances": {"2020": {"wdi2-NY.GDP.MKTP.PP.CD": 0.0, "wdi2-NY.GNP.MKTP.PP.KD": 0.0, "mvi-wdi-BX.TRF.PWKR.DT.GD.ZS": 0.0, "wdi-BX.TRF.PWKR.CD.DT": 7.816160082817078, "wdi-BX.TRF.PWKR.DT.GD.ZS": 0.0, "wdi-IC.CUS.DURS.EX": 15.548516035079956, "wdi-IC.ELC.OUTG": 57.146403938531876, "wdi-IC.ELC.OUTG.ZS": 33.04249423742294, "wdi-IC.FRM.BKWC.ZS": 225.88432374596596, "wdi-IC.FRM.BNKS.ZS": 20.19406682252884}}}