{"data": {"2015": {"ATG": 273832234.6608365, "ABW": 273832234.6608365, "BHS": 273832234.6608365, "BMU": 273832234.6608365, "BHR": 273832234.6608365, "BRB": 273832234.6608365, "BLZ": 273832234.6608365, "VGB": 273832234.6608365, "CPV": 273832234.6608365, "CYM": 273832234.6608365, "COM": 273832234.6608365, "CUB": 273832234.6608365, "CUW": 273832234.6608365, "DMA": 273832234.6608365, "DOM": 273832234.6608365, "FJI": 273832234.6608365, "GRD": 273832234.6608365, "GNB": 273832234.6608365, "GUY": 273832234.6608365, "HTI": 273832234.6608365, "JAM": 273832234.6608365, "KIR": 273832234.6608365, "MDV": 273832234.6608365, "MHL": 273832234.6608365, "MUS": 273832234.6608365, "FSM": 273832234.6608365, "NRU": 273832234.6608365, "PLW": 273832234.6608365, "PNG": 273832234.6608365, "WSM": 273832234.6608365, "STP": 273832234.6608365, "SYC": 273832234.6608365, "SGP": 273832234.6608365, "SXM": 273832234.6608365, "SLB": 273832234.6608365, "KNA": 273832234.6608365, "VCT": 273832234.6608365, "LCA": 273832234.6608365, "SUR": 273832234.6608365, "TLS": 273832234.6608365, "TTO": 273832234.6608365, "TON": 273832234.6608365, "TUV": 273832234.6608365, "TCA": 273832234.6608365, "VUT": 273832234.6608365, "AIA": 273832234.6608365, "COK": 273832234.6608365, "MSR": 273832234.6608365, "NIU": 273832234.6608365, "TKL": 273832234.6608365}}, "upperIntervals": {"2015": {"ATG": 785403242.0029256, "ABW": 785403242.0029256, "BHS": 785403242.0029256, "BMU": 785403242.0029256, "BHR": 785403242.0029256, "BRB": 785403242.0029256, "BLZ": 785403242.0029256, "VGB": 785403242.0029256, "CPV": 785403242.0029256, "CYM": 785403242.0029256, "COM": 785403242.0029256, "CUB": 785403242.0029256, "CUW": 785403242.0029256, "DMA": 785403242.0029256, "DOM": 785403242.0029256, "FJI": 785403242.0029256, "GRD": 785403242.0029256, "GNB": 785403242.0029256, "GUY": 785403242.0029256, "HTI": 785403242.0029256, "JAM": 785403242.0029256, "KIR": 785403242.0029256, "MDV": 785403242.0029256, "MHL": 785403242.0029256, "MUS": 785403242.0029256, "FSM": 785403242.0029256, "NRU": 785403242.0029256, "PLW": 785403242.0029256, "PNG": 785403242.0029256, "WSM": 785403242.0029256, "STP": 785403242.0029256, "SYC": 785403242.0029256, "SGP": 785403242.0029256, "SXM": 785403242.0029256, "SLB": 785403242.0029256, "KNA": 785403242.0029256, "VCT": 785403242.0029256, "LCA": 785403242.0029256, "SUR": 785403242.0029256, "TLS": 785403242.0029256, "TTO": 785403242.0029256, "TON": 785403242.0029256, "TUV": 785403242.0029256, "TCA": 785403242.0029256, "VUT": 785403242.0029256, "AIA": 785403242.0029256, "COK": 785403242.0029256, "MSR": 785403242.0029256, "NIU": 785403242.0029256, "TKL": 785403242.0029256}}, "lowerIntervals": {"2015": {"ATG": -17172620.53916347, "ABW": -17172620.53916347, "BHS": -17172620.53916347, "BMU": -17172620.53916347, "BHR": -17172620.53916347, "BRB": -17172620.53916347, "BLZ": -17172620.53916347, "VGB": -17172620.53916347, "CPV": -17172620.53916347, "CYM": -17172620.53916347, "COM": -17172620.53916347, "CUB": -17172620.53916347, "CUW": -17172620.53916347, "DMA": -17172620.53916347, "DOM": -17172620.53916347, "FJI": -17172620.53916347, "GRD": -17172620.53916347, "GNB": -17172620.53916347, "GUY": -17172620.53916347, "HTI": -17172620.53916347, "JAM": -17172620.53916347, "KIR": -17172620.53916347, "MDV": -17172620.53916347, "MHL": -17172620.53916347, "MUS": -17172620.53916347, "FSM": -17172620.53916347, "NRU": -17172620.53916347, "PLW": -17172620.53916347, "PNG": -17172620.53916347, "WSM": -17172620.53916347, "STP": -17172620.53916347, "SYC": -17172620.53916347, "SGP": -17172620.53916347, "SXM": -17172620.53916347, "SLB": -17172620.53916347, "KNA": -17172620.53916347, "VCT": -17172620.53916347, "LCA": -17172620.53916347, "SUR": -17172620.53916347, "TLS": -17172620.53916347, "TTO": -17172620.53916347, "TON": -17172620.53916347, "TUV": -17172620.53916347, "TCA": -17172620.53916347, "VUT": -17172620.53916347, "AIA": -17172620.53916347, "COK": -17172620.53916347, "MSR": -17172620.53916347, "NIU": -17172620.53916347, "TKL": -17172620.53916347}}, "categoryImportances": {"2015": {"Environment": 0.0, "Economic Policy & Debt": 0.0}}, "featureImportances": {"2015": {"wdi2-NY.GDP.MKTP.PP.KD": 0.0, "wdi-AG.LND.AGRI.K2": 0.0, "wdi-AG.LND.AGRI.ZS": 0.0, "wdi-AG.LND.ARBL.HA.PC": 0.0, "wdi-AG.LND.ARBL.ZS": 0.0, "wdi-AG.LND.CREL.HA": 0.0, "wdi-AG.LND.CROP.ZS": 0.0, "wdi-AG.LND.FRST.K2": 0.0, "wdi-AG.LND.FRST.ZS": 0.0, "wdi-AG.LND.TOTL.K2": 0.0}}}