{"data": {"2015": {"ATG": 11.871951107539973, "ABW": 12.255909514897928, "BHS": 12.255909514897928, "BMU": 12.255909514897928, "BHR": 12.255909514897928, "BRB": 11.871951107539973, "BLZ": 11.871951107539973, "VGB": 11.871951107539973, "CPV": 11.871951107539973, "CYM": 11.871951107539973, "COM": 12.255909514897928, "CUB": 11.871951107539973, "CUW": 11.871951107539973, "DMA": 12.255909514897928, "DOM": 11.871951107539973, "FJI": 11.871951107539973, "GRD": 11.871951107539973, "GNB": 12.255909514897928, "GUY": 11.871951107539973, "HTI": 12.255909514897928, "JAM": 11.871951107539973, "KIR": 12.255909514897928, "MDV": 11.871951107539973, "MHL": 12.255909514897928, "MUS": 12.255909514897928, "FSM": 11.871951107539973, "NRU": 12.255909514897928, "PLW": 11.871951107539973, "PNG": 12.255909514897928, "WSM": 11.871951107539973, "STP": 11.871951107539973, "SYC": 11.871951107539973, "SGP": 11.871951107539973, "SXM": 12.255909514897928, "SLB": 12.255909514897928, "KNA": 11.871951107539973, "VCT": 11.871951107539973, "LCA": 11.871951107539973, "SUR": 11.871951107539973, "TLS": 11.871951107539973, "TTO": 12.255909514897928, "TON": 12.255909514897928, "TUV": 12.255909514897928, "TCA": 12.255909514897928, "VUT": 11.871951107539973, "AIA": 11.871951107539973, "COK": 11.871951107539973, "MSR": 11.871951107539973, "NIU": 11.871951107539973, "TKL": 11.871951107539973}}, "upperIntervals": {"2015": {"ATG": 20.94924148613469, "ABW": 21.33319989349264, "BHS": 21.33319989349264, "BMU": 21.33319989349264, "BHR": 21.33319989349264, "BRB": 20.94924148613469, "BLZ": 20.94924148613469, "VGB": 20.94924148613469, "CPV": 20.94924148613469, "CYM": 20.94924148613469, "COM": 21.33319989349264, "CUB": 20.94924148613469, "CUW": 20.94924148613469, "DMA": 21.33319989349264, "DOM": 20.94924148613469, "FJI": 20.94924148613469, "GRD": 20.94924148613469, "GNB": 21.33319989349264, "GUY": 20.94924148613469, "HTI": 21.33319989349264, "JAM": 20.94924148613469, "KIR": 21.33319989349264, "MDV": 20.94924148613469, "MHL": 21.33319989349264, "MUS": 21.33319989349264, "FSM": 20.94924148613469, "NRU": 21.33319989349264, "PLW": 20.94924148613469, "PNG": 21.33319989349264, "WSM": 20.94924148613469, "STP": 20.94924148613469, "SYC": 20.94924148613469, "SGP": 20.94924148613469, "SXM": 21.33319989349264, "SLB": 21.33319989349264, "KNA": 20.94924148613469, "VCT": 20.94924148613469, "LCA": 20.94924148613469, "SUR": 20.94924148613469, "TLS": 20.94924148613469, "TTO": 21.33319989349264, "TON": 21.33319989349264, "TUV": 21.33319989349264, "TCA": 21.33319989349264, "VUT": 20.94924148613469, "AIA": 20.94924148613469, "COK": 20.94924148613469, "MSR": 20.94924148613469, "NIU": 20.94924148613469, "TKL": 20.94924148613469}}, "lowerIntervals": {"2015": {"ATG": 6.864055181980198, "ABW": 7.248013589338153, "BHS": 7.248013589338153, "BMU": 7.248013589338153, "BHR": 7.248013589338153, "BRB": 6.864055181980198, "BLZ": 6.864055181980198, "VGB": 6.864055181980198, "CPV": 6.864055181980198, "CYM": 6.864055181980198, "COM": 7.248013589338153, "CUB": 6.864055181980198, "CUW": 6.864055181980198, "DMA": 7.248013589338153, "DOM": 6.864055181980198, "FJI": 6.864055181980198, "GRD": 6.864055181980198, "GNB": 7.248013589338153, "GUY": 6.864055181980198, "HTI": 7.248013589338153, "JAM": 6.864055181980198, "KIR": 7.248013589338153, "MDV": 6.864055181980198, "MHL": 7.248013589338153, "MUS": 7.248013589338153, "FSM": 6.864055181980198, "NRU": 7.248013589338153, "PLW": 6.864055181980198, "PNG": 7.248013589338153, "WSM": 6.864055181980198, "STP": 6.864055181980198, "SYC": 6.864055181980198, "SGP": 6.864055181980198, "SXM": 7.248013589338153, "SLB": 7.248013589338153, "KNA": 6.864055181980198, "VCT": 6.864055181980198, "LCA": 6.864055181980198, "SUR": 6.864055181980198, "TLS": 6.864055181980198, "TTO": 7.248013589338153, "TON": 7.248013589338153, "TUV": 7.248013589338153, "TCA": 7.248013589338153, "VUT": 6.864055181980198, "AIA": 6.864055181980198, "COK": 6.864055181980198, "MSR": 6.864055181980198, "NIU": 6.864055181980198, "TKL": 6.864055181980198}}, "categoryImportances": {"2015": {"Environment": 0.0, "Financial Sector": 0.0, "Financial": 0.1939893402338447}}, "featureImportances": {"2015": {"wdi-FM.AST.DOMS.CN": 0.0, "mvi-wdi-BX.KLT.DINV.WD.GD.ZS": 0.1939893402338447, "mvi-wdi-BX.TRF.PWKR.DT.GD.ZS": 0.0, "wdi-AG.CON.FERT.ZS": 0.0, "wdi-AG.LND.AGRI.K2": 0.0, "wdi-AG.LND.AGRI.ZS": 0.0, "wdi-AG.LND.ARBL.HA.PC": 0.0, "wdi-AG.LND.ARBL.ZS": 0.0, "wdi-AG.LND.CREL.HA": 0.0, "wdi-AG.LND.FRST.K2": 0.0}}, "performance": {"2015": 0.3513177019329833}}