{"data": {"2015": {"ATG": 4372151202.67526, "ABW": 4372151202.67526, "BHS": 4372151202.67526, "BMU": 4372151202.67526, "BHR": 4372151202.67526, "BRB": 4372151202.67526, "BLZ": 4372151202.67526, "VGB": 4372151202.67526, "CPV": 4372151202.67526, "CYM": 4372151202.67526, "COM": 4372151202.67526, "CUB": 4372151202.67526, "CUW": 4372151202.67526, "DMA": 4372151202.67526, "DOM": 4372151202.67526, "FJI": 4372151202.67526, "GRD": 4372151202.67526, "GNB": 4372151202.67526, "GUY": 4372151202.67526, "HTI": 4372151202.67526, "JAM": 4372151202.67526, "KIR": 4372151202.67526, "MDV": 4372151202.67526, "MHL": 4372151202.67526, "MUS": 4372151202.67526, "FSM": 4372151202.67526, "NRU": 4372151202.67526, "PLW": 4372151202.67526, "PNG": 4372151202.67526, "WSM": 4372151202.67526, "STP": 4372151202.67526, "SYC": 4372151202.67526, "SGP": 4372151202.67526, "SXM": 4372151202.67526, "SLB": 4372151202.67526, "KNA": 4372151202.67526, "VCT": 4372151202.67526, "LCA": 4372151202.67526, "SUR": 4372151202.67526, "TLS": 4372151202.67526, "TTO": 4372151202.67526, "TON": 4372151202.67526, "TUV": 4372151202.67526, "TCA": 4372151202.67526, "VUT": 4372151202.67526, "AIA": 4372151202.67526, "COK": 4372151202.67526, "MSR": 4372151202.67526, "NIU": 4372151202.67526, "TKL": 4372151202.67526}}, "upperIntervals": {"2015": {"ATG": 18545168582.59784, "ABW": 18545168582.59784, "BHS": 18545168582.59784, "BMU": 18545168582.59784, "BHR": 18545168582.59784, "BRB": 18545168582.59784, "BLZ": 18545168582.59784, "VGB": 18545168582.59784, "CPV": 18545168582.59784, "CYM": 18545168582.59784, "COM": 18545168582.59784, "CUB": 18545168582.59784, "CUW": 18545168582.59784, "DMA": 18545168582.59784, "DOM": 18545168582.59784, "FJI": 18545168582.59784, "GRD": 18545168582.59784, "GNB": 18545168582.59784, "GUY": 18545168582.59784, "HTI": 18545168582.59784, "JAM": 18545168582.59784, "KIR": 18545168582.59784, "MDV": 18545168582.59784, "MHL": 18545168582.59784, "MUS": 18545168582.59784, "FSM": 18545168582.59784, "NRU": 18545168582.59784, "PLW": 18545168582.59784, "PNG": 18545168582.59784, "WSM": 18545168582.59784, "STP": 18545168582.59784, "SYC": 18545168582.59784, "SGP": 18545168582.59784, "SXM": 18545168582.59784, "SLB": 18545168582.59784, "KNA": 18545168582.59784, "VCT": 18545168582.59784, "LCA": 18545168582.59784, "SUR": 18545168582.59784, "TLS": 18545168582.59784, "TTO": 18545168582.59784, "TON": 18545168582.59784, "TUV": 18545168582.59784, "TCA": 18545168582.59784, "VUT": 18545168582.59784, "AIA": 18545168582.59784, "COK": 18545168582.59784, "MSR": 18545168582.59784, "NIU": 18545168582.59784, "TKL": 18545168582.59784}}, "lowerIntervals": {"2015": {"ATG": 28725686.660204887, "ABW": 28725686.660204887, "BHS": 28725686.660204887, "BMU": 28725686.660204887, "BHR": 28725686.660204887, "BRB": 28725686.660204887, "BLZ": 28725686.660204887, "VGB": 28725686.660204887, "CPV": 28725686.660204887, "CYM": 28725686.660204887, "COM": 28725686.660204887, "CUB": 28725686.660204887, "CUW": 28725686.660204887, "DMA": 28725686.660204887, "DOM": 28725686.660204887, "FJI": 28725686.660204887, "GRD": 28725686.660204887, "GNB": 28725686.660204887, "GUY": 28725686.660204887, "HTI": 28725686.660204887, "JAM": 28725686.660204887, "KIR": 28725686.660204887, "MDV": 28725686.660204887, "MHL": 28725686.660204887, "MUS": 28725686.660204887, "FSM": 28725686.660204887, "NRU": 28725686.660204887, "PLW": 28725686.660204887, "PNG": 28725686.660204887, "WSM": 28725686.660204887, "STP": 28725686.660204887, "SYC": 28725686.660204887, "SGP": 28725686.660204887, "SXM": 28725686.660204887, "SLB": 28725686.660204887, "KNA": 28725686.660204887, "VCT": 28725686.660204887, "LCA": 28725686.660204887, "SUR": 28725686.660204887, "TLS": 28725686.660204887, "TTO": 28725686.660204887, "TON": 28725686.660204887, "TUV": 28725686.660204887, "TCA": 28725686.660204887, "VUT": 28725686.660204887, "AIA": 28725686.660204887, "COK": 28725686.660204887, "MSR": 28725686.660204887, "NIU": 28725686.660204887, "TKL": 28725686.660204887}}, "categoryImportances": {"2015": {"Indicators": 0.0, "Financial Sector": 0.0, "Financial": 0.0}}, "featureImportances": {"2015": {"wdi-FM.AST.DOMS.CN": 0.0, "mvi-wdi-BX.KLT.DINV.WD.GD.ZS": 0.0, "mvi-wdi-BX.TRF.PWKR.DT.GD.ZS": 0.0, "ndgain-id_econ_01-raw": 0.0, "ndgain-id_econ_01-score": 0.0, "ndgain-id_ecos_01-raw": 0.0, "ndgain-id_ecos_01-score": 0.0, "ndgain-id_ecos_02-raw": 0.0, "ndgain-id_ecos_02-score": 0.0, "ndgain-id_ecos_05-raw": 0.0}}, "performance": {"2015": 0.2223759348820639}}