{"data": {"2020": {"ASM": 46.8466655426556, "ATG": 66.09710165940254, "ABW": 62.15314097155777, "BHS": 62.15314097155777, "BRB": 36.465036719057096, "BLZ": 63.6812198953995, "VGB": 42.11435704121124, "CPV": 69.56588220224452, "COM": 74.84348897334476, "CUB": 38.308091202048395, "CUW": 41.483174914528895, "DMA": 66.09710165940254, "DOM": 67.62518058324423, "FJI": 73.50911622779199, "PYF": 55.8475739836652, "GRD": 68.0378032784028, "GUM": 52.6724902711847, "GNB": 74.84348897334476, "GUY": 69.56588220224452, "HTI": 75.65358199587442, "JAM": 63.6812198953995, "KIR": 71.10108107958729, "MDV": 56.55012595819149, "MHL": 60.027652960293516, "MUS": 63.6812198953995, "FSM": 71.26745970590653, "NRU": 42.25205188989313, "NCL": 55.8475739836652, "MNP": 46.8466655426556, "PLW": 45.42713560237363, "PNG": 74.84348897334476, "PRI": 40.47988452210051, "KNA": 73.50911622779199, "LCA": 56.491288379875584, "VCT": 62.15314097155777, "WSM": 74.84348897334476, "STP": 74.84348897334476, "SYC": 62.15314097155777, "SGP": 33.289953006576596, "SXM": 55.683601846818284, "SLB": 74.84348897334476, "SUR": 71.96850503442222, "TLS": 74.84348897334476, "TON": 74.84348897334476, "TTO": 56.491288379875584, "TUV": 64.91178222888601, "VIR": 38.308091202048395, "VUT": 74.84348897334476, "AIA": 57.065632780245, "COK": 57.065632780245, "MSR": 57.065632780245, "NIU": 57.065632780245}}, "upperIntervals": {"2020": {"ASM": 74.7974792284243, "ATG": 94.04791534517123, "ABW": 90.10395465732645, "BHS": 90.10395465732645, "BRB": 64.41585040482579, "BLZ": 91.63203358116819, "VGB": 70.06517072697993, "CPV": 97.51669588801322, "COM": 102.79430265911346, "CUB": 66.25890488781708, "CUW": 69.43398860029758, "DMA": 94.04791534517123, "DOM": 95.57599426901292, "FJI": 101.45992991356069, "PYF": 83.7983876694339, "GRD": 95.9886169641715, "GUM": 80.6233039569534, "GNB": 102.79430265911346, "GUY": 97.51669588801322, "HTI": 103.60439568164311, "JAM": 91.63203358116819, "KIR": 99.05189476535598, "MDV": 84.50093964396018, "MHL": 87.9784666460622, "MUS": 91.63203358116819, "FSM": 99.21827339167523, "NRU": 70.20286557566182, "NCL": 83.7983876694339, "MNP": 74.7974792284243, "PLW": 73.37794928814232, "PNG": 102.79430265911346, "PRI": 68.4306982078692, "KNA": 101.45992991356069, "LCA": 84.44210206564428, "VCT": 90.10395465732645, "WSM": 102.79430265911346, "STP": 102.79430265911346, "SYC": 90.10395465732645, "SGP": 61.24076669234529, "SXM": 83.63441553258697, "SLB": 102.79430265911346, "SUR": 99.91931872019092, "TLS": 102.79430265911346, "TON": 102.79430265911346, "TTO": 84.44210206564428, "TUV": 92.8625959146547, "VIR": 66.25890488781708, "VUT": 102.79430265911346, "AIA": 85.01644646601369, "COK": 85.01644646601369, "MSR": 85.01644646601369, "NIU": 85.01644646601369}}, "lowerIntervals": {"2020": {"ASM": 15.104178842435505, "ATG": 34.35461495918244, "ABW": 30.410654271337673, "BHS": 30.410654271337673, "BRB": 4.722550018837001, "BLZ": 31.938733195179406, "VGB": 10.371870340991148, "CPV": 37.823395502024425, "COM": 43.101002273124664, "CUB": 6.5656045018283, "CUW": 9.7406882143088, "DMA": 34.35461495918244, "DOM": 35.88269388302413, "FJI": 41.766629527571894, "PYF": 24.105087283445105, "GRD": 36.29531657818271, "GUM": 20.930003570964605, "GNB": 43.101002273124664, "GUY": 37.823395502024425, "HTI": 43.91109529565432, "JAM": 31.938733195179406, "KIR": 39.35859437936719, "MDV": 24.807639257971392, "MHL": 28.28516626007342, "MUS": 31.938733195179406, "FSM": 39.524973005686434, "NRU": 10.509565189673037, "NCL": 24.105087283445105, "MNP": 15.104178842435505, "PLW": 13.684648902153537, "PNG": 43.101002273124664, "PRI": 8.737397821880418, "KNA": 41.766629527571894, "LCA": 24.74880167965549, "VCT": 30.410654271337673, "WSM": 43.101002273124664, "STP": 43.101002273124664, "SYC": 30.410654271337673, "SGP": 1.547466306356501, "SXM": 23.94111514659819, "SLB": 43.101002273124664, "SUR": 40.226018334202124, "TLS": 43.101002273124664, "TON": 43.101002273124664, "TTO": 24.74880167965549, "TUV": 33.16929552866591, "VIR": 6.5656045018283, "VUT": 43.101002273124664, "AIA": 25.3231460800249, "COK": 25.3231460800249, "MSR": 25.3231460800249, "NIU": 25.3231460800249}}, "categoryImportances": {"2020": {"Economic Policy & Debt": 214.65410393476486, "Private Sector & Trade": 1244.2071511149406, "Financial": 0.0}}, "featureImportances": {"2020": {"wdi2-NY.GDP.MKTP.PP.CD": 3.317700982093811, "wdi2-NY.GNP.MKTP.PP.KD": 177.54564267396927, "mvi-wdi-BX.TRF.PWKR.DT.GD.ZS": 0.0, "wdi-BX.TRF.PWKR.CD.DT": 33.79076027870178, "wdi-BX.TRF.PWKR.DT.GD.ZS": 0.0, "wdi-IC.CUS.DURS.EX": 878.8062089085579, "wdi-IC.ELC.OUTG": 144.19912385940552, "wdi-IC.FRM.BKWC.ZS": 19.719588935375214, "wdi-IC.FRM.BNKS.ZS": 38.033500254154205, "wdi-IC.FRM.BRIB.ZS": 163.44872915744781}}}