{"data": {"2015": {"ATG": -6813919.15737593, "ABW": 35138792.99393737, "BHS": 9917854.488658542, "BMU": -4554856.189152896, "BHR": -159168.9670403991, "BRB": 309911.3712809355, "BLZ": 34391369.40158783, "VGB": -8382938.815252524, "CPV": 6382899.304015206, "CYM": -489003.3852130087, "COM": -4680292.91364587, "CUB": 2123697.0, "CUW": 27833206.79954088, "DMA": -17795019.10356091, "DOM": 2944551.0, "FJI": -3115045.396330851, "GRD": -3914173.7944014138, "GNB": -8046947.776556747, "GUY": 4852664.922455036, "HTI": 2438601.0, "JAM": -319777.3376290789, "KIR": -13880103.491862187, "MDV": -11755315.637801971, "MHL": 6290551.177518865, "MUS": 2355381.274420123, "FSM": -12515732.84689371, "NRU": -8740530.36528706, "PLW": 16432811.49284748, "PNG": -503081.5580064737, "WSM": 5434308.886140603, "STP": 16566119.094086088, "SYC": 504645.0951150693, "SGP": 5535262.0, "SXM": -8227544.11040094, "SLB": 1329190.4716231164, "KNA": -12298255.904692216, "VCT": -3524638.8839783203, "LCA": 5560598.278931391, "SUR": 4183361.094101909, "TLS": 246468.29980133977, "TTO": 21362671.854086656, "TON": 4813153.028490679, "TUV": -3238877.846327702, "TCA": 10151883.727265391, "VUT": -3411358.709696858, "AIA": 60059965.254273534, "COK": 60059965.254273534, "MSR": 60059965.254273534, "NIU": 60059965.254273534, "TKL": 60059965.254273534}}, "upperIntervals": {"2015": {"ATG": 42065874.32906725, "ABW": 84018586.48038056, "BHS": 58797647.97510173, "BMU": 44324937.29729029, "BHR": 48720624.51940279, "BRB": 49189704.85772412, "BLZ": 83271162.888031, "VGB": 40496854.67119066, "CPV": 55262692.79045839, "CYM": 48390790.101230174, "COM": 44199500.57279731, "CUW": 76713000.28598405, "DMA": 31084774.382882275, "FJI": 45764748.090112336, "GRD": 44965619.69204177, "GNB": 40832845.70988644, "GUY": 53732458.40889822, "JAM": 48560016.1488141, "KIR": 34999689.994581, "MDV": 37124477.84864122, "MHL": 55170344.66396205, "MUS": 51235174.7608633, "FSM": 36364060.63954948, "NRU": 40139263.121156126, "PLW": 65312604.97929066, "PNG": 48376711.92843671, "WSM": 54314102.37258378, "STP": 65445912.58052927, "SYC": 49384438.58155826, "SXM": 40652249.37604225, "SLB": 50208983.9580663, "KNA": 36581537.58175097, "VCT": 45355154.60246486, "LCA": 54440391.76537458, "SUR": 53063154.58054509, "TLS": 49126261.78624453, "TTO": 70242465.34052984, "TON": 53692946.51493386, "TUV": 45640915.640115485, "TCA": 59031677.21370858, "VUT": 45468434.776746325, "AIA": 108939758.74071673, "COK": 108939758.74071673, "MSR": 108939758.74071673, "NIU": 108939758.74071673, "TKL": 108939758.74071673}}, "lowerIntervals": {"2015": {"ATG": -42701635.10014377, "ABW": -748922.948830463, "BHS": -25969861.454109296, "BMU": -40442572.13192073, "BHR": -36046884.90980823, "BRB": -35577804.5714869, "BLZ": -1496346.5411800072, "VGB": -44270654.75802036, "CPV": -29504816.63875263, "CYM": -36376719.327980846, "COM": -40568008.85641371, "CUW": -8054509.143226963, "DMA": -53682735.046328746, "FJI": -39002761.339098684, "GRD": -39801889.73716925, "GNB": -43934663.71932458, "GUY": -31035051.0203128, "JAM": -36207493.28039692, "KIR": -49767819.43463002, "MDV": -47643031.5805698, "MHL": -29597164.76524897, "MUS": -33532334.66834772, "FSM": -48403448.78966154, "NRU": -44628246.308054894, "PLW": -19454904.44992036, "PNG": -36390797.50077431, "WSM": -30453407.05662724, "STP": -19321596.848681748, "SYC": -35383070.84765276, "SXM": -44115260.05316877, "SLB": -34558525.47114472, "KNA": -48185971.84746005, "VCT": -39412354.82674616, "LCA": -30327117.66383645, "SUR": -31704354.848665927, "TLS": -35641247.642966494, "TTO": -14525044.08868118, "TON": -31074562.91427716, "TUV": -39126593.789095536, "TCA": -25735832.215502445, "VUT": -39299074.652464695, "AIA": 24172249.311505698, "COK": 24172249.311505698, "MSR": 24172249.311505698, "NIU": 24172249.311505698, "TKL": 24172249.311505698}}, "categoryImportances": {"2015": {"Environment": 7386385287224840.0, "Economic Policy & Debt": 928692957542400.0}}, "featureImportances": {"2015": {"wdi2-NY.GDP.MKTP.CN": 928692957542400.0, "wdi-AG.LND.AGRI.K2": 503123344582656.0, "wdi-AG.LND.AGRI.ZS": 618810304892928.0, "wdi-AG.LND.ARBL.HA": 1560927520047104.0, "wdi-AG.LND.ARBL.HA.PC": 857157039489024.0, "wdi-AG.LND.ARBL.ZS": 868584007262208.0, "wdi-AG.LND.CROP.ZS": 760428595711496.0, "wdi-AG.LND.TOTL.K2": 1362646882138112.0, "wdi-AG.PRD.CROP.XD": 445197232685056.0, "wdi-AG.PRD.FOOD.XD": 409510360416256.0}}}