{"data": {"2010": {"ATG": 8.971728773217492, "ABW": 10.815251292887933, "BHS": 4.8021211081976505, "BMU": 3.88246175970648, "BHR": 6.774680994, "BRB": 4.477972294735436, "BLZ": 10.175890701648887, "VGB": 10.66134148123352, "CPV": 13.81083818697914, "CYM": 5.731327333998436, "COM": 24.042506709883323, "CUB": 15.91078922, "CUW": 5.189824633849846, "DMA": 15.674602452016934, "DOM": 12.01486101, "FJI": 14.316321468920854, "GRD": 15.585610832195332, "GNB": 19.829941969264137, "GUY": 7.531569881061146, "HTI": 58.43270869, "JAM": 20.87962963, "KIR": 19.142199636783992, "MDV": 12.459445884252348, "MHL": 14.743593965830936, "MUS": 7.21457791, "FSM": 29.258100177790183, "NRU": 11.78075380160882, "PLW": 11.854079318639286, "PNG": 27.43093134234879, "WSM": 14.016567953130917, "STP": 30.06178387355401, "SYC": 16.069987841051613, "SGP": 2.854875333, "SXM": 4.928784128779093, "SLB": 31.945584973014363, "KNA": 3.712962570998505, "VCT": 10.716822478377557, "LCA": 10.984146769355169, "SUR": 8.526682135, "TLS": 23.35962992366464, "TTO": 3.123158515, "TON": 12.8344147606744, "TUV": 11.159655753193215, "TCA": 5.155593780273973, "VUT": 23.34156465159862, "AIA": 13.113575634241196, "COK": 13.113575634241196, "MSR": 13.113575634241196, "NIU": 13.113575634241196, "TKL": 13.113575634241196}, "2011": {"ATG": 6.894037036565431, "ABW": 4.54081086666976, "BHS": 2.307888134702972, "BMU": 0.7657483406338803, "BHR": 6.422056044, "BRB": 1.1530837874636537, "BLZ": 13.982021205776013, "VGB": 8.113106672357064, "CPV": 18.312412687238613, "CYM": 5.229121384527902, "COM": 24.5107047311152, "CUB": 15.69256757, "CUW": 1.2001089507848846, "DMA": 11.350079824006029, "DOM": 11.6862161, "FJI": 15.79379783110217, "GRD": 15.299495473482574, "GNB": 46.10409442673548, "GUY": 10.162853334033858, "HTI": 66.48992577, "JAM": 22.01099404, "KIR": 15.449395857698198, "MDV": 6.337072494881174, "MHL": 11.518074320922295, "MUS": 7.103625046, "FSM": 29.00999529943452, "NRU": 9.652709252914253, "PLW": 8.137892734345076, "PNG": 14.76313395574647, "WSM": 11.987351637931406, "STP": 31.536101221769417, "SYC": 12.418343485366726, "SGP": 2.542483376, "SXM": 1.0484742847992998, "SLB": 36.67835062232757, "KNA": 5.070656358478592, "VCT": 5.121018882389461, "LCA": 8.057701174077001, "SUR": 9.021014864, "TLS": 18.192040750200643, "TTO": 2.770177839, "TON": 9.277751510316383, "TUV": 5.590769551937046, "TCA": 1.7160477284851374, "VUT": 32.94840743254592, "AIA": 11.03894716630321, "COK": 11.03894716630321, "MSR": 11.03894716630321, "NIU": 11.03894716630321, "TKL": 11.03894716630321}, "2012": {"ATG": 3.29140078320134, "ABW": 5.3217218008721066, "BHS": 3.369474974388234, "BMU": 3.1929587738049663, "BHR": 5.719475277, "BRB": 3.350696871224213, "BLZ": 11.612479917237568, "VGB": 6.760198864659779, "CPV": 23.931217562383207, "CYM": 3.4132698331636058, "COM": 33.64180996181097, "CUB": 15.74777512, "CUW": 3.269262294351156, "DMA": 8.318147194647231, "DOM": 11.64749622, "FJI": 12.017744342527916, "GRD": 13.463930866412651, "GNB": 41.12057173157209, "GUY": 14.125393321751211, "HTI": 57.0, "JAM": 25.94173782, "KIR": 32.85221812929618, "MDV": 7.455623792257509, "MHL": 13.75059106264118, "MUS": 6.828745084, "FSM": 35.384452854839935, "NRU": 6.423067460821288, "PLW": 7.609712226276629, "PNG": 15.44965244026066, "WSM": 8.695817945739376, "STP": 37.018696050287055, "SYC": 7.240004788294204, "SGP": 1.896915118, "SXM": 3.360957669351165, "SLB": 39.65929881118351, "KNA": 3.2299749574789987, "VCT": 5.361577829907829, "LCA": 6.81469853109393, "SUR": 9.026369168, "TLS": 29.97723513318129, "TTO": 2.61717039, "TON": 14.03660666240837, "TUV": 6.924646943801946, "TCA": 13.989865018423927, "VUT": 35.41290965555306, "AIA": 15.102653039713315, "COK": 15.102653039713315, "MSR": 15.102653039713315, "NIU": 15.102653039713315, "TKL": 15.102653039713315}, "2013": {"ATG": 3.1142353221567123, "ABW": 3.788808801126831, "BHS": 4.422091478686134, "BMU": 2.9550389258115124, "BHR": 5.212995833, "BRB": 2.687832880593592, "BLZ": 7.200130751336277, "VGB": 7.625571495552423, "CPV": 17.408731442248317, "CYM": 5.897720415171619, "COM": 31.05787730810765, "CUB": 15.37617555, "CUW": 4.4909477898442285, "DMA": 8.351594986265322, "DOM": 11.35461417, "FJI": 7.753800702042178, "GRD": 7.313753451353635, "GNB": 37.12288448849263, "GUY": 10.72796718685665, "HTI": 56.77725118, "JAM": 27.47307789, "KIR": 22.150017116239848, "MDV": 5.152934077277924, "MHL": 15.981939889758868, "MUS": 6.371191136, "FSM": 33.69910110272672, "NRU": 6.3762836099657445, "PLW": 9.36718479830773, "PNG": 15.278425646115208, "WSM": 16.715533024265444, "STP": 36.32844161098718, "SYC": 11.535192008969345, "SGP": 2.295232338, "SXM": 3.1115850301469425, "SLB": 36.00758666897013, "KNA": 5.010797568731982, "VCT": 14.15691645136703, "LCA": 16.91483127139772, "SUR": 9.02014652, "TLS": 24.168461832144672, "TTO": 2.461862178, "TON": 9.569028137083022, "TUV": 7.252001783672778, "TCA": 3.214214605391351, "VUT": 33.71619779005032, "AIA": 16.053999641156313, "COK": 16.053999641156313, "MSR": 16.053999641156313, "NIU": 16.053999641156313, "TKL": 16.053999641156313}, "2014": {"ATG": 3.56312587536236, "ABW": 1.4839425173098757, "BHS": 3.0409203075093467, "BMU": 3.140985189470073, "BHR": 3.937181228, "BRB": 5.333871732219604, "BLZ": 10.70967450134062, "VGB": 6.600789057355368, "CPV": 31.723438067112216, "CYM": 4.898865271207675, "COM": 40.50590936532974, "CUB": 15.28968295, "CUW": 3.346442430368103, "DMA": 5.981685878214793, "DOM": 12.17868871, "FJI": 11.271027935525176, "GRD": 18.69934394580827, "GNB": 51.23056718763935, "GUY": 15.960392131811345, "HTI": 60.11616651, "JAM": 26.74587779, "KIR": 34.325164719672024, "MDV": 5.224874394205383, "MHL": 17.485209054454845, "MUS": 6.196799455, "FSM": 41.58436251251234, "NRU": 5.225376123706535, "PLW": 7.428717045523836, "PNG": 20.193653214729306, "WSM": 13.42036706728903, "STP": 43.62354578602073, "SYC": 3.6881174704594657, "SGP": 2.029161604, "SXM": 3.0483121974221485, "SLB": 44.75230070846925, "KNA": 3.2520991036617968, "VCT": 13.89164296399144, "LCA": 17.26056931725968, "SUR": 8.71559633, "TLS": 37.96599265723773, "TTO": 2.304194037, "TON": 15.5158311763278, "TUV": 13.76492898152986, "TCA": 2.48811833334851, "VUT": 36.91481545761588, "AIA": 15.534566364484249, "COK": 15.534566364484249, "MSR": 15.534566364484249, "NIU": 15.534566364484249, "TKL": 15.534566364484249}}, "upperIntervals": {"2010": {"ATG": 19.23692725740854, "ABW": 21.08044977707897, "BHS": 15.067319592388696, "BMU": 14.147660243897525, "BRB": 14.74317077892648, "BLZ": 20.44108918583993, "VGB": 20.926539965424567, "CPV": 24.076036671170183, "CYM": 15.99652581818948, "COM": 34.307705194074366, "CUW": 15.455023118040891, "DMA": 25.93980093620798, "FJI": 24.5815199531119, "GRD": 25.85080931638637, "GNB": 30.09514045345518, "GUY": 17.79676836525219, "KIR": 29.40739812097504, "MDV": 22.7246443684434, "MHL": 25.00879245002198, "FSM": 39.52329866198123, "NRU": 22.045952285799864, "PLW": 22.11927780283033, "PNG": 37.69612982653983, "WSM": 24.28176643732196, "STP": 40.32698235774505, "SYC": 26.33518632524266, "SXM": 15.19398261297014, "SLB": 42.21078345720541, "KNA": 13.978161055189547, "VCT": 20.9820209625686, "LCA": 21.249345253546213, "TLS": 33.62482840785568, "TON": 23.099613244865445, "TUV": 21.42485423738426, "TCA": 15.420792264465016, "VUT": 33.60676313578966, "AIA": 23.37877411843224, "COK": 23.37877411843224, "MSR": 23.37877411843224, "NIU": 23.37877411843224, "TKL": 23.37877411843224}, "2011": {"ATG": 19.499245192183025, "ABW": 17.146019022287355, "BHS": 14.913096290320563, "BMU": 13.370956496251472, "BRB": 13.758291943081248, "BLZ": 26.587229361393604, "VGB": 20.71831482797466, "CPV": 30.91762084285621, "CYM": 17.834329540145497, "COM": 37.1159128867328, "CUW": 13.805317106402477, "DMA": 23.95528797962362, "FJI": 28.399005986719764, "GRD": 27.90470362910017, "GNB": 58.70930258235308, "GUY": 22.76806148965145, "KIR": 28.05460401331579, "MDV": 18.94228065049877, "MHL": 24.12328247653989, "FSM": 41.61520345505211,