{"data": {"2015": {"ATG": -5.262680943148277, "ABW": 7.61534183335357, "BHS": -16.4640936971564, "BMU": -5.516772949313363, "BHR": -12.34094937, "BRB": 6.972250065520592, "BLZ": -28.01016671255276, "VGB": 7.756624130331267, "CPV": 5.672707629166364, "CYM": -14.711217815873786, "COM": 10.550583978997944, "CUB": -13.456258257009402, "CUW": -9.455096289045054, "DMA": 11.249485680661676, "DOM": 32.99790029273098, "FJI": -3.1324535097214943, "GRD": 26.36913970602667, "GNB": 0.4736795607953166, "GUY": -6.476951410974194, "HTI": 16.61970819669425, "JAM": 74.8622196, "KIR": 7.603610605956474, "MDV": 27.294463676172946, "MHL": 24.58736802340482, "MUS": -19.32911676, "FSM": 27.434330771444383, "NRU": -10.524424147306982, "PLW": -18.85394764586704, "PNG": -1.3805358951142317, "WSM": 27.624819429521253, "STP": 43.63722356084177, "SYC": -18.85394764586704, "SGP": -18.86197105, "SXM": -29.765573195128905, "SLB": -24.24989363213633, "KNA": 26.651990047098003, "VCT": 16.103007913042166, "LCA": 2.2805184848494697, "SUR": -26.914235725244264, "TLS": 1.5060082345636434, "TTO": -3.262327377, "TON": 20.33047903510668, "TUV": 11.352129171254548, "TCA": 12.367366408215425, "VUT": -5.33147542086742, "AIA": -28.667997584830022, "COK": -28.667997584830022, "MSR": -28.667997584830022, "NIU": -28.667997584830022, "TKL": -28.667997584830022}}, "upperIntervals": {"2015": {"ATG": 22.25339141215366, "ABW": 35.131414188655505, "BHS": 11.051978658145536, "BMU": 21.999299405988573, "BRB": 34.48832242082253, "BLZ": -0.4940943572508232, "VGB": 35.272696485633205, "CPV": 33.1887799844683, "CYM": 12.80485453942815, "COM": 38.06665633429988, "CUB": 14.059814098292534, "CUW": 18.060976066256885, "DMA": 38.765558035963615, "DOM": 60.51397264803292, "FJI": 24.383618845580443, "GRD": 53.8852120613286, "GNB": 27.98975191609725, "GUY": 21.039120944327745, "HTI": 44.13578055199619, "KIR": 35.11968296125841, "MDV": 54.81053603147488, "MHL": 52.10344037870676, "FSM": 54.95040312674632, "NRU": 16.991648207994956, "PLW": 8.662124709434895, "PNG": 26.135536460187705, "WSM": 55.14089178482319, "STP": 71.1532959161437, "SYC": 8.662124709434895, "SXM": -2.249500839826968, "SLB": 3.266178723165602, "KNA": 54.16806240239994, "VCT": 43.619080268344106, "LCA": 29.796590840151406, "SUR": 0.6018366300576723, "TLS": 29.02208058986558, "TON": 47.84655139040862, "TUV": 38.86820152655648, "TCA": 39.88343876351736, "VUT": 22.18459693443452, "AIA": -1.1519252295280855, "COK": -1.1519252295280855, "MSR": -1.1519252295280855, "NIU": -1.1519252295280855, "TKL": -1.1519252295280855}}, "lowerIntervals": {"2015": {"ATG": -31.788487305572623, "ABW": -18.91046452907078, "BHS": -42.98990005958075, "BMU": -32.04257931173771, "BRB": -19.55355629690376, "BLZ": -54.53597307497711, "VGB": -18.76918223209308, "CPV": -20.853098733257983, "CYM": -41.237024178298135, "COM": -15.975222383426404, "CUB": -39.98206461943375, "CUW": -35.9809026514694, "DMA": -15.276320681762671, "DOM": 6.4720939303066345, "FJI": -29.65825987214584, "GRD": -0.1566666563976788, "GNB": -26.05212680162903, "GUY": -33.00275777339854, "HTI": -9.906098165730096, "KIR": -18.92219575646787, "MDV": 0.7686573137485979, "MHL": -1.9384383390195268, "FSM": 0.9085244090200356, "NRU": -37.05023050973133, "PLW": -45.379754008291386, "PNG": -27.90634225753858, "WSM": 1.0990130670969052, "STP": 17.11141719841742, "SYC": -45.379754008291386, "SXM": -56.291379557553256, "SLB": -50.77569999456068, "KNA": 0.1261836846736557, "VCT": -10.42279844938218, "LCA": -24.24528787757488, "SUR": -53.440042087668616, "TLS": -25.019798127860703, "TON": -6.195327327317667, "TUV": -15.1736771911698, "TCA": -14.158439954208925, "VUT": -31.857281783291768, "AIA": -55.19380394725437, "COK": -55.19380394725437, "MSR": -55.19380394725437, "NIU": -55.19380394725437, "TKL": -55.19380394725437}}, "categoryImportances": {"2015": {"Environment": 5987.5526831150055, "Economic Policy & Debt": 880.3758771419525, "Financial": 1007.3951343297958}}, "featureImportances": {"2015": {"wdi2-NE.DAB.TOTL.CN": 880.3758771419525, "mvi-wdi-BX.KLT.DINV.WD.GD.ZS": 1007.3951343297958, "wdi-AG.CON.FERT.ZS": 978.8427128791808, "wdi-AG.LND.AGRI.K2": 562.5731761455536, "wdi-AG.LND.AGRI.ZS": 112.14923071861269, "wdi-AG.LND.ARBL.HA": 185.9243626594544, "wdi-AG.LND.ARBL.HA.PC": 388.9520690441132, "wdi-AG.LND.ARBL.ZS": 571.2022366523743, "wdi-AG.LND.CROP.ZS": 1984.0415258407595, "wdi-AG.LND.TOTL.K2": 1203.8673691749573}}}