{"data": {"2015": {"ATG": 214052138.03393728, "ABW": 14418488.481694166, "BHS": 56423153.76537867, "BMU": 305434046.7198687, "BHR": -41789758.56440866, "BRB": 305434046.7198687, "BLZ": 4651136.462656337, "VGB": 23886778.035031, "CPV": -8298542.822832215, "CYM": -12667508.40554978, "COM": 34416624.49381354, "CUB": -336010.78914302075, "CUW": -10249477.695669783, "DMA": -41085035.99973477, "DOM": 19999.99955, "FJI": -5353635.201309215, "GRD": -36238441.516395584, "GNB": 192815687.4045416, "GUY": -39339317.93064133, "HTI": 0.0, "JAM": 5720773.21077088, "KIR": 324445661.8635711, "MDV": 19999.99955, "MHL": 54940928.5937908, "MUS": 3706736.9070886974, "FSM": 7258226.011976321, "NRU": 27939562.752336755, "PLW": 6935393.661795177, "PNG": 213467303.9280007, "WSM": 14330457.081413563, "STP": 4651136.462656337, "SYC": 2160489.5249529937, "SGP": 12720209.680968087, "SXM": 55338471.10445578, "SLB": 252470122.3020936, "KNA": 56423153.76537867, "VCT": 4651136.462656337, "LCA": -15524519.87838146, "SUR": 1369174.078588792, "TLS": -7014142.514817427, "TTO": 82258602.98981906, "TON": -47542274.11704006, "TUV": 348109947.6139187, "TCA": -9916282.747811489, "VUT": -15047193.111453127, "AIA": 225549555.8237511, "COK": 225549555.8237511, "MSR": 225549555.8237511, "NIU": 225549555.8237511, "TKL": 225549555.8237511}}, "upperIntervals": {"2015": {"ATG": 373578416.3414521, "ABW": 173944766.78920904, "BHS": 215949432.0728936, "BMU": 464960325.0273836, "BHR": 117736519.74310622, "BRB": 464960325.0273836, "BLZ": 164177414.77017125, "VGB": 183413056.34254587, "CPV": 151227735.48468265, "CYM": 146858769.90196508, "COM": 193942902.8013284, "CUB": 159190267.51837185, "CUW": 149276800.61184508, "DMA": 118441242.30778012, "FJI": 154172643.10620567, "GRD": 123287836.79111928, "GNB": 352341965.71205646, "GUY": 120186960.37687355, "JAM": 165247051.51828575, "KIR": 483971940.171086, "MHL": 214467206.90130568, "MUS": 163233015.21460357, "FSM": 166784504.3194912, "NRU": 187465841.05985165, "PLW": 166461671.96931005, "PNG": 372993582.2355156, "WSM": 173856735.38892844, "STP": 164177414.77017125, "SYC": 161686767.83246788, "SGP": 172246487.98848295, "SXM": 214864749.41197065, "SLB": 411996400.6096084, "KNA": 215949432.0728936, "VCT": 164177414.77017125, "LCA": 144001758.42913342, "SUR": 160895452.38610366, "TLS": 152512135.79269746, "TTO": 241784881.297334, "TON": 111984004.1904748, "TUV": 507636225.9214336, "TCA": 149609995.55970338, "VUT": 144479085.19606176, "AIA": 385075834.131266, "COK": 385075834.131266, "MSR": 385075834.131266, "NIU": 385075834.131266, "TKL": 385075834.131266}}, "lowerIntervals": {"2015": {"ATG": 11719810.160737008, "ABW": -187913839.3915061, "BHS": -145909174.10782158, "BMU": 103101718.84666844, "BHR": -244122086.43760893, "BRB": 103101718.84666844, "BLZ": -197681191.41054392, "VGB": -178445549.83816928, "CPV": -210630870.6960325, "CYM": -214999836.2787501, "COM": -167915703.37938672, "CUB": -202668338.6623433, "CUW": -212581805.56887007, "DMA": -243417363.87293503, "FJI": -207685963.07450947, "GRD": -238570769.38959587, "GNB": -9516640.468658686, "GUY": -241671645.8038416, "JAM": -196611554.6624294, "KIR": 122113333.99037084, "MHL": -147391399.27940947, "MUS": -198625590.9661116, "FSM": -195074101.861224, "NRU": -174392765.1208635, "PLW": -195396934.2114051, "PNG": 11134976.05480042, "WSM": -188001870.7917867, "STP": -197681191.41054392, "SYC": -200171838.3482473, "SGP": -189612118.1922322, "SXM": -146993856.7687445, "SLB": 50137794.4288933, "KNA": -145909174.10782158, "VCT": -197681191.41054392, "LCA": -217856847.75158173, "SUR": -200963153.79461148, "TLS": -209346470.38801768, "TTO": -120073724.8833812, "TON": -249874601.9902404, "TUV": 145777619.74071845, "TCA": -212248610.62101176, "VUT": -217379520.98465332, "AIA": 23217227.950550824, "COK": 23217227.950550824, "MSR": 23217227.950550824, "NIU": 23217227.950550824, "TKL": 23217227.950550824}}, "categoryImportances": {"2015": {"Environment": 2.827111810072576e+16, "Economic Policy & Debt": 2.276795940613161e+17}}, "featureImportances": {"2015": {"wdi2-NY.GDP.MKTP.CN": 2.6065094804373504e+16, "wdi-AG.LND.TOTL.K2": 2.8159716700717056e+16, "wdi-AG.SRF.TOTL.K2": 111401400008704.0, "wdi-DC.DAC.AUTL.CD": 2.352492102634701e+16, "wdi-DC.DAC.CANL.CD": 1.3118883130417152e+17, "wdi-DC.DAC.CECL.CD": 1468218503069696.0, "wdi-DC.DAC.DEUL.CD": 1950958107787264.0, "wdi-DC.DAC.FRAL.CD": 3.2888789038268416e+16, "wdi-DC.DAC.SWEL.CD": 7639377515905024.0, "wdi-DC.DAC.TOTL.CD": 2953403761393664.0}}}