{"data": {"2015": {"ATG": -22852640.470794257, "ABW": 4650281.084768792, "BHS": -60717445.14272505, "BMU": -18020725.68299108, "BHR": -10959392.11897787, "BRB": -60717445.14272505, "BLZ": 1867586.240554278, "VGB": -21629986.72961628, "CPV": 4804691.490115085, "CYM": 52301092.432167634, "COM": 6402355.875397201, "CUB": 3117123.437656516, "CUW": -35232999.022371545, "DMA": -11301648.798844293, "DOM": 1271232.128, "FJI": 630509.8705757664, "GRD": -12246764.646706378, "GNB": 1030884.624, "GUY": 1428945.6810891489, "HTI": 39233.96021, "JAM": 528757.1147478704, "KIR": -11072460.057514638, "MDV": 1149572.9036122686, "MHL": 8166616.829665484, "MUS": -18723772.194167376, "FSM": 6804786.476972462, "NRU": 14539558.66187224, "PLW": 6538903.279415268, "PNG": 4873413.552212843, "WSM": 1302573.5564183013, "STP": 1503724.6784725168, "SYC": -11301648.798844293, "SGP": -25983729.90350284, "SXM": 848029.5520597327, "SLB": -650658.9060866676, "KNA": -71145088.45465964, "VCT": -14036944.306309136, "LCA": -10779333.468371594, "SUR": -23616757.055764217, "TLS": 1536137.395059653, "TTO": -49253796.85002043, "TON": 1596216.9194499624, "TUV": 387853.79815651727, "TCA": 7019155.609906238, "VUT": 1113540.2752526382, "AIA": 62136709.03416493, "COK": 62136709.03416493, "MSR": 62136709.03416493, "NIU": 62136709.03416493, "TKL": 62136709.03416493}}, "upperIntervals": {"2015": {"ATG": 21413292.44210545, "ABW": 48916213.9976685, "BHS": -16451512.229825348, "BMU": 26245207.229908627, "BHR": 33306540.793921832, "BRB": -16451512.229825348, "BLZ": 46133519.15345398, "VGB": 22635946.18328343, "CPV": 49070624.40301479, "CYM": 96567025.34506734, "COM": 50668288.7882969, "CUB": 47383056.35055622, "CUW": 9032933.890528155, "DMA": 32964284.11405541, "FJI": 44896442.783475466, "GRD": 32019168.266193323, "GUY": 45694878.59398885, "JAM": 44794690.02764757, "KIR": 33193472.855385065, "MDV": 45415505.81651197, "MHL": 52432549.74256519, "MUS": 25542160.718732327, "FSM": 51070719.38987216, "NRU": 58805491.57477194, "PLW": 50804836.19231497, "PNG": 49139346.46511255, "WSM": 45568506.469318, "STP": 45769657.59137222, "SYC": 32964284.11405541, "SGP": 18282203.00939687, "SXM": 45113962.46495944, "SLB": 43615274.00681304, "KNA": -26879155.54175993, "VCT": 30228988.60659057, "LCA": 33486599.44452811, "SUR": 20649175.85713549, "TLS": 45802070.30795936, "TTO": -4987863.937120728, "TON": 45862149.83234967, "TUV": 44653786.71105622, "TCA": 51285088.52280594, "VUT": 45379473.18815234, "AIA": 106402641.94706464, "COK": 106402641.94706464, "MSR": 106402641.94706464, "NIU": 106402641.94706464, "TKL": 106402641.94706464}}, "lowerIntervals": {"2015": {"ATG": -87130315.53174627, "ABW": -59627393.97618321, "BHS": -124995120.20367706, "BMU": -82298400.74394308, "BHR": -75237067.17992988, "BRB": -124995120.20367706, "BLZ": -62410088.82039773, "VGB": -85907661.79056828, "CPV": -59472983.57083693, "CYM": -11976582.628784372, "COM": -57875319.18555481, "CUB": -61160551.62329549, "CUW": -99510674.08332355, "DMA": -75579323.8597963, "FJI": -63647165.19037624, "GRD": -76524439.70765838, "GUY": -62848729.37986286, "JAM": -63748917.94620414, "KIR": -75350135.11846665, "MDV": -63128102.15733974, "MHL": -56111058.231286526, "MUS": -83001447.25511938, "FSM": -57472888.58397955, "NRU": -49738116.39907977, "PLW": -57738771.78153674, "PNG": -59404261.508739166, "WSM": -62975101.50453371, "STP": -62773950.38247949, "SYC": -75579323.8597963, "SGP": -90261404.96445484, "SXM": -63429645.50889228, "SLB": -64928333.96703868, "KNA": -135422763.51561165, "VCT": -78314619.36726114, "LCA": -75057008.52932361, "SUR": -87894432.11671622, "TLS": -62741537.66589236, "TTO": -113531471.91097245, "TON": -62681458.141502045, "TUV": -63889821.26279549, "TCA": -57258519.45104577, "VUT": -63164134.78569937, "AIA": -2140966.02678708, "COK": -2140966.02678708, "MSR": -2140966.02678708, "NIU": -2140966.02678708, "TKL": -2140966.02678708}}, "categoryImportances": {"2015": {"Environment": 2613504970555392.0, "Economic Policy & Debt": 1.6342926421799346e+16}}, "featureImportances": {"2015": {"wdi2-NY.GDP.MKTP.PP.KD": 1014242003067314.0, "wdi-AG.LND.TOTL.K2": 2575651008675840.0, "wdi-AG.SRF.TOTL.K2": 37853961879552.0, "wdi-DC.DAC.CECL.CD": 3240680529506304.0, "wdi-DC.DAC.DEUL.CD": 367971133595648.0, "wdi-DC.DAC.FRAL.CD": 1225755357052928.0, "wdi-DC.DAC.JPNL.CD": 1342404297080832.0, "wdi-DC.DAC.TOTL.CD": 356025380356096.0, "wdi-DC.DAC.USAL.CD": 4377579301881856.0, "wdi-DT.NFL.UNCF.CD": 4418268419258368.0}}, "performance": {"2015": 0.1231021140603559}}