{"data": {"2020": {"ASM": 16.535017087335298, "ATG": 16.36105858536011, "ABW": 11.969621137501846, "BHS": 19.841361766344026, "BRB": 19.49251953521152, "BLZ": 15.341450523768785, "VGB": 7.727649993788951, "CPV": 15.548020715174466, "COM": 15.497256035464886, "CUB": 5.409815139607281, "CUW": 7.36353104303032, "DMA": 18.35924336104089, "DOM": 18.35924336104089, "FJI": 18.35924336104089, "PYF": 21.860562377025268, "GRD": 17.72432384233245, "GUM": 19.906846473602208, "GNB": 15.497256035464886, "GUY": 18.35924336104089, "HTI": 15.497256035464886, "JAM": 15.341450523768785, "KIR": 14.15423074686713, "MDV": 23.528085453879747, "MHL": 11.02098200750335, "MUS": 17.12716648318752, "FSM": 10.77760456689141, "NRU": 8.427607976879404, "NCL": 21.860562377025268, "MNP": 16.535017087335298, "PLW": 10.381323880302457, "PNG": 16.870900646050988, "PRI": 9.959705414436208, "KNA": 18.35924336104089, "LCA": 23.88212200287455, "VCT": 15.341450523768785, "WSM": 15.497256035464886, "STP": 16.870900646050988, "SYC": 21.215006376930162, "SGP": 17.126732282955864, "SXM": 15.82161736481396, "SLB": 16.870900646050988, "SUR": 24.87245734140318, "TLS": 15.497256035464886, "TON": 15.497256035464886, "TTO": 21.070899357008113, "TUV": 12.15604597118635, "VIR": 5.409815139607281, "VUT": 15.497256035464886, "AIA": 11.88812883164613, "COK": 11.88812883164613, "MSR": 11.88812883164613, "NIU": 11.88812883164613}}, "upperIntervals": {"2020": {"ASM": 23.919099292266782, "ATG": 23.745140790291593, "ABW": 19.35370334243333, "BHS": 27.22544397127551, "BRB": 26.876601740143006, "BLZ": 22.72553272870027, "VGB": 15.111732198720436, "CPV": 22.93210292010595, "COM": 22.88133824039637, "CUB": 12.793897344538767, "CUW": 14.747613247961805, "DMA": 25.743325565972373, "DOM": 25.743325565972373, "FJI": 25.743325565972373, "PYF": 29.244644581956752, "GRD": 25.108406047263934, "GUM": 27.290928678533692, "GNB": 22.88133824039637, "GUY": 25.743325565972373, "HTI": 22.88133824039637, "JAM": 22.72553272870027, "KIR": 21.538312951798616, "MDV": 30.91216765881123, "MHL": 18.405064212434837, "MUS": 24.511248688119004, "FSM": 18.161686771822897, "NRU": 15.811690181810889, "NCL": 29.244644581956752, "MNP": 23.919099292266782, "PLW": 17.76540608523394, "PNG": 24.254982850982472, "PRI": 17.343787619367692, "KNA": 25.743325565972373, "LCA": 31.266204207806034, "VCT": 22.72553272870027, "WSM": 22.88133824039637, "STP": 24.254982850982472, "SYC": 28.599088581861647, "SGP": 24.510814487887348, "SXM": 23.205699569745445, "SLB": 24.254982850982472, "SUR": 32.256539546334665, "TLS": 22.88133824039637, "TON": 22.88133824039637, "TTO": 28.454981561939597, "TUV": 19.540128176117836, "VIR": 12.793897344538767, "VUT": 22.88133824039637, "AIA": 19.272211036577616, "COK": 19.272211036577616, "MSR": 19.272211036577616, "NIU": 19.272211036577616}}, "lowerIntervals": {"2020": {"ASM": 10.017603797289329, "ATG": 9.84364529531414, "ABW": 5.452207847455877, "BHS": 13.323948476298057, "BRB": 12.975106245165552, "BLZ": 8.824037233722816, "VGB": 1.2102367037429813, "CPV": 9.030607425128498, "COM": 8.979842745418917, "CUB": -1.1075981504386885, "CUW": 0.84611775298435, "DMA": 11.84183007099492, "DOM": 11.84183007099492, "FJI": 11.84183007099492, "PYF": 15.343149086979299, "GRD": 11.20691055228648, "GUM": 13.389433183556239, "GNB": 8.979842745418917, "GUY": 11.84183007099492, "HTI": 8.979842745418917, "JAM": 8.824037233722816, "KIR": 7.63681745682116, "MDV": 17.010672163833778, "MHL": 4.503568717457381, "MUS": 10.60975319314155, "FSM": 4.260191276845441, "NRU": 1.9101946868334343, "NCL": 15.343149086979299, "MNP": 10.017603797289329, "PLW": 3.863910590256487, "PNG": 10.353487356005019, "PRI": 3.442292124390238, "KNA": 11.84183007099492, "LCA": 17.36470871282858, "VCT": 8.824037233722816, "WSM": 8.979842745418917, "STP": 10.353487356005019, "SYC": 14.697593086884194, "SGP": 10.609318992909895, "SXM": 9.304204074767991, "SLB": 10.353487356005019, "SUR": 18.35504405135721, "TLS": 8.979842745418917, "TON": 8.979842745418917, "TTO": 14.553486066962144, "TUV": 5.63863268114038, "VIR": -1.1075981504386885, "VUT": 8.979842745418917, "AIA": 5.37071554160016, "COK": 5.37071554160016, "MSR": 5.37071554160016, "NIU": 5.37071554160016}}, "categoryImportances": {"2020": {"Economic Policy & Debt": 27.75087125785649, "Private Sector & Trade": 34.79209699295461, "Financial": 3.5237646251916885}}, "featureImportances": {"2020": {"wdi2-NY.GDP.MKTP.PP.CD": 7.086895368993282, "wdi2-NY.GNP.MKTP.PP.KD": 13.746525878086686, "mvi-wdi-BX.TRF.PWKR.DT.GD.ZS": 3.5237646251916885, "wdi-BX.TRF.PWKR.CD.DT": 6.91745001077652, "wdi-BX.TRF.PWKR.DT.GD.ZS": 0.0, "wdi-IC.CUS.DURS.EX": 0.0, "wdi-IC.ELC.OUTG": 3.363621784374118, "wdi-IC.ELC.OUTG.ZS": 21.046305937692523, "wdi-IC.FRM.BKWC.ZS": 4.18551218137145, "wdi-IC.FRM.BNKS.ZS": 6.1966570895165205}}}