{"data": {"2015": {"ATG": 64.40827172127491, "ABW": 45.52644380978951, "BHS": 72.53823279136199, "BMU": 27.80056506, "BHR": 61.99895092, "BRB": 62.54697773, "BLZ": 39.718695952454425, "VGB": 141.59237771574865, "CPV": 24.567807496562555, "CYM": 6.703641177, "COM": 45.74934768700365, "CUB": 65.05587121405588, "CUW": 25.53317593283169, "DMA": 33.63867172426366, "DOM": 42.88534287686184, "FJI": 11.428387508034628, "GRD": 114.40044464636426, "GNB": 39.38495689232601, "GUY": 44.24470455928312, "HTI": 48.85035268267092, "JAM": 41.57810016, "KIR": 55.00909787660563, "MDV": 26.76705128554988, "MHL": 68.36900472952208, "MUS": 61.90876053, "FSM": 179.9730508949785, "NRU": 53.99842200706344, "PLW": 88.31328295339716, "PNG": 7.912433694, "WSM": 33.34150404308592, "STP": 91.24249623505536, "SYC": 77.80020398132898, "SGP": 207.7750927, "SXM": 19.25398869925038, "SLB": 59.75474734128776, "KNA": 68.83588255530687, "VCT": 84.68869816418646, "LCA": 84.68869816418646, "SUR": 8.035037302120053, "TLS": 25.38088292524881, "TTO": 55.88826586280751, "TON": 28.12797398012318, "TUV": 56.391245464531416, "TCA": 11.134234356535831, "VUT": 43.21171851725871, "AIA": 140.816712213559, "COK": 140.816712213559, "MSR": 140.816712213559, "NIU": 140.816712213559, "TKL": 140.816712213559}, "2020": {"ASM": 178.66290601766894, "ATG": 5.241994005008167, "ABW": 21.547263555986557, "BHS": 68.81738270529571, "BRB": 63.69098614, "BLZ": 255.07024589568434, "VGB": 276.95922214051166, "CPV": 297.5208632527622, "COM": 234.71267348457192, "CUB": 296.2281993552209, "CUW": 264.9840518183104, "DMA": 146.3156079622106, "DOM": 28.566287711643604, "FJI": 304.80341369491254, "PYF": 2.5491717573714747, "GRD": 314.52192350955875, "GUM": 99.19691492246169, "GNB": 180.63812855650386, "GUY": 325.39695524307507, "HTI": 185.07635635811616, "JAM": 84.71418095, "KIR": 333.28538777857125, "MDV": 283.6101706189293, "MHL": 158.5604229698609, "MUS": 56.437357, "FSM": 149.3297285917323, "NRU": 245.27255480012224, "NCL": 108.9431125882466, "MNP": 97.291457304545, "PLW": 151.73630795983468, "PNG": 328.70224846256957, "PRI": 125.83175581226203, "KNA": 196.29594674310664, "LCA": 59.72613249092559, "VCT": 329.64885547479196, "WSM": 178.79240700477345, "STP": 315.23177301839434, "SYC": 335.90618530093917, "SGP": 191.9463475, "SXM": 178.66290601766894, "SLB": 241.42396769555694, "SUR": 321.9725744630305, "TLS": 193.75123492797195, "TON": 176.17392082051947, "TTO": 226.60444534812248, "TUV": 332.6887632571357, "VIR": 339.42733442046966, "VUT": 220.44817396224823, "AIA": 89.1368941335105, "COK": 89.1368941335105, "MSR": 89.1368941335105, "NIU": 89.1368941335105}}, "upperIntervals": {"2015": {"ATG": 126.07183473205586, "ABW": 107.19000682057046, "BHS": 134.20179580214295, "BLZ": 101.38225896323536, "VGB": 203.2559407265296, "CPV": 86.2313705073435, "COM": 107.4129106977846, "CUB": 126.71943422483685, "CUW": 87.19673894361264, "DMA": 95.3022347350446, "DOM": 104.5489058876428, "FJI": 73.09195051881558, "GRD": 176.06400765714525, "GNB": 101.04851990310696, "GUY": 105.90826757006408, "HTI": 110.51391569345188, "KIR": 116.67266088738656, "MDV": 88.43061429633083, "MHL": 130.03256774030302, "FSM": 241.63661390575948, "NRU": 115.6619850178444, "PLW": 149.9768459641781, "WSM": 95.00506705386688, "STP": 152.90605924583633, "SYC": 139.46376699210992, "SXM": 80.91755171003133, "SLB": 121.4183103520687, "KNA": 130.4994455660878, "VCT": 146.3522611749674, "LCA": 146.3522611749674, "SUR": 69.698600312901, "TLS": 87.04444593602976, "TTO": 117.55182887358843, "TON": 89.79153699090412, "TUV": 118.05480847531236, "TCA": 72.79779736731678, "VUT": 104.87528152803966, "AIA": 202.48027522433995, "COK": 202.48027522433995, "MSR": 202.48027522433995, "NIU": 202.48027522433995, "TKL": 202.48027522433995}, "2020": {"ASM": 284.7792190980989, "ATG": 111.3583070854381, "ABW": 127.6635766364165, "BHS": 174.93369578572566, "BLZ": 361.18655897611427, "VGB": 383.07553522094156, "CPV": 403.6371763331921, "COM": 340.82898656500186, "CUB": 402.3445124356508, "CUW": 371.1003648987403, "DMA": 252.43192104264054, "DOM": 134.68260079207354, "FJI": 410.9197267753425, "PYF": 108.6654848378014, "GRD": 420.63823658998865, "GUM": 205.3132280028916, "GNB": 286.7544416369338, "GUY": 431.51326832350503, "HTI": 291.1926694385461, "KIR": 439.40170085900115, "MDV": 389.7264836993593, "MHL": 264.67673605029086, "FSM": 255.44604167216224, "NRU": 351.3888678805522, "NCL": 215.05942566867654, "MNP": 203.40777038497492, "PLW": 257.8526210402646, "PNG": 434.81856154299953, "PRI": 231.94806889269196, "KNA": 302.4122598235366, "LCA": 165.84244557135554, "VCT": 435.76516855522186, "WSM": 284.9087200852034, "STP": 421.3480860988243, "SYC": 442.02249838136913, "SXM": 284.7792190980989, "SLB": 347.54028077598684, "SUR": 428.0888875434605, "TLS": 299.86754800840185, "TON": 282.2902339009494, "TTO": 332.7207584285524, "TUV": 438.80507633756565, "VIR": 445.5436475008996, "VUT": 326.56448704267814, "AIA": 195.2532072139404, "COK": 195.2532072139404, "MSR": 195.2532072139404, "NIU": 195.2532072139404}}, "lowerIntervals": {"2015": {"ATG": -33.17171254167117, "ABW": -52.05354045315658, "BHS": -25.04175147158409, "BLZ": -57.86128831049166, "VGB": 44.01239345280257, "CPV": -73.01217676638353, "COM": -51.83063657594244, "CUB": -32.5241130488902, "CUW": -72.0468083301144, "DMA": -63.941312538682425, "DOM": -54.69464138608424, "FJI": -86.15159675491145, "GRD": 16.82046038341818, "GNB": -58.19502737062008, "GUY": -53.33527970366296, "HTI": -48.72963158027516, "KIR": -42.570886386340455, "MDV": -70.8129329773962, "MHL": -29.21097953342401, "FSM": 82.39306663203243, "NRU": -43.581562255882645, "PLW": -9.26670130954892, "WSM": -64.23848021986016, "STP": -6.337488027890714, "SYC": -19.779780281617107, "SXM": -78.3259955636957, "SLB": -37.82523692165833, "KNA": -28.744101707639217, "VCT": -12.891286098759622, "LCA": -12.891286098759622, "SUR": -89.54494696082602, "TLS": -72.19910133769727, "TTO": -41.691718400138576, "TON": -69.4520102828229, "TUV": -41.18873879841467, "TCA": -86.44574990641026, "VUT": -54.368265745687374, "AIA": 43.2367279506129, "COK": 43.2367279506129, "MSR": 43.2367279506129, "NIU": 43.2367279506129, "TKL": 43.2367279506129}, "2020": {"ASM": 82.42394022454928, "ATG": -90.9969717881115, "ABW": -74.6917022371331, "BHS": -27.421583087823947, "BLZ": 158.83128010256468, "VGB": 180.720256347392, "CPV": 201.28189745964252, "COM": 138.47370769145226, "CUB": 199.98923356210125, "CUW": 168.74508602519072, "DMA": 50.076642169090945, "DOM": -67.67267808147605, "FJI": 208.56444790179287, "PYF": -93.68979403574819, "GRD": 218.28295771643909, "GUM": 2.957949129342026, "GNB": 84.3991627633842, "GUY": 229.1579894499554, "HTI": 88.8373905649965, "KIR": 237.0464219854516, "MDV": 187.37120482580966, "MHL": 62.321457176741234, "FSM": 53.090762798612644, "NRU": 149.03358900700258, "NCL": 12.704146795126945, "MNP": 1.0524915114253446, "PLW": 55.497342166715015, "PNG": 232.4632826694499, "PRI": 29.59279001914237, "KNA": 100.05698094998698, "LCA": -36.51283330219407, "VCT": 233.4098896816723, "WSM": 82.55344121165379, "STP": 218.99280722527467, "SYC": 239.6672195078195, "SXM": 82.42394022454928, "SLB": 145.18500190243728, "SUR": 225.73360866991086, "TLS": 97.51226913485229, "TON": 79.93495502739981, "TTO": 130.36547955500282, "TUV": 236.44979746401603, "VIR": 243.18836862735, "VUT": 124.20920816912857, "AIA": -7.102071659609166, "COK": -7.102071659609166, "MSR": -7.102071659609166, "NIU": -7.102071659609166}}, "categoryImportances": {"2015": {"Environment": 16563.623433589935, "Economic Policy & Debt": 21363.881468057632, "Financial": 3076.145508527756}, "2020": {"Financial Sector": 53426.30375671387, "Infrastructure": 4494.472490310669, "Economic Policy & Debt": 46281.35944080353, "Social Protection & Labor": 6892.266706466675}}, "featureImportances": {"2015": {"wdi2-NE.DAB.TOTL.CN": 4966.091493606567, "mvi-wdi-BX.KLT.DINV.WD.GD.ZS": 3076.145508527756, "wdi-AG.LND.AGRI.K2": 415.0675001144409,