{"data": {"2015": {"ATG": -112670.05301309902, "ABW": 97527.29300068245, "BHS": 23680.03508700157, "BMU": 139885.90946132518, "BHR": -78750.5749507245, "BRB": -13072.052437800578, "BLZ": -172204.25394786362, "VGB": -154166.77849783195, "CPV": 15003.080738783668, "CYM": -128876.42939499668, "COM": -87389.40290651884, "CUB": -19663.730163447613, "CUW": -79361.9757686348, "DMA": -128891.82502582304, "DOM": 131847.68426543477, "FJI": -162378.06394170286, "GRD": -142960.36770524984, "GNB": -214706.3891500228, "GUY": 100415.79244991273, "HTI": -87389.40290651884, "JAM": -168461.08807799348, "KIR": -71634.48709958246, "MDV": -49675.28390853219, "MHL": -118438.58501068308, "MUS": -82814.45825583229, "FSM": -142960.36770524984, "NRU": -175743.08454634913, "PLW": -154422.56245569492, "PNG": 123679.2783256368, "WSM": -211014.9597721097, "STP": -142704.5837473869, "SYC": 6569.175615195167, "SGP": -58534.25564878458, "SXM": 170313.99874814512, "SLB": -91249.65952190416, "KNA": 256986.4360214928, "VCT": -142960.36770524984, "LCA": 6569.175615195167, "SUR": -95193.04153698124, "TLS": -131764.86966148118, "TTO": -37343.96244696625, "TON": -154807.1810280434, "TUV": -110300.49658271713, "TCA": -38982.6876401104, "VUT": -142960.36770524984, "AIA": 186257.31739179, "COK": 186257.31739179, "MSR": 186257.31739179, "NIU": 186257.31739179, "TKL": 186257.31739179}}, "upperIntervals": {"2015": {"ATG": 714491.2698043651, "ABW": 924688.6158181466, "BHS": 850841.3579044658, "BMU": 967047.2322787892, "BHR": 748410.7478667396, "BRB": 814089.2703796636, "BLZ": 654957.0688696005, "VGB": 672994.5443196322, "CPV": 842164.4035562478, "CYM": 698284.8934224674, "COM": 739771.9199109452, "CUB": 807497.5926540166, "CUW": 747799.3470488293, "DMA": 698269.497791641, "DOM": 959009.0070828988, "FJI": 664783.2588757613, "GRD": 684200.9551122143, "GNB": 612454.9336674414, "GUY": 927577.1152673768, "HTI": 739771.9199109452, "JAM": 658700.2347394706, "KIR": 755526.8357178817, "MDV": 777486.0389089319, "MHL": 708722.7378067811, "MUS": 744346.8645616318, "FSM": 684200.9551122143, "NRU": 651418.238271115, "PLW": 672738.7603617692, "PNG": 950840.601143101, "WSM": 616146.3630453545, "STP": 684456.7390700772, "SYC": 833730.4984326593, "SGP": 768627.0671686796, "SXM": 997475.3215656092, "SLB": 735911.6632955599, "KNA": 1084147.758838957, "VCT": 684200.9551122143, "LCA": 833730.4984326593, "SUR": 731968.2812804829, "TLS": 695396.453155983, "TTO": 789817.3603704979, "TON": 672354.1417894207, "TUV": 716860.826234747, "TCA": 788178.6351773537, "VUT": 684200.9551122143, "AIA": 1013418.640209254, "COK": 1013418.640209254, "MSR": 1013418.640209254, "NIU": 1013418.640209254, "TKL": 1013418.640209254}}, "lowerIntervals": {"2015": {"ATG": -579007.7520776868, "ABW": -368810.4060639054, "BHS": -442657.6639775863, "BMU": -326451.7896032627, "BHR": -545088.2740153123, "BRB": -479409.7515023884, "BLZ": -638541.9530124514, "VGB": -620504.4775624198, "CPV": -451334.6183258042, "CYM": -595214.1284595844, "COM": -553727.1019711066, "CUB": -486001.4292280354, "CUW": -545699.6748332226, "DMA": -595229.5240904109, "DOM": -334490.0147991531, "FJI": -628715.7630062907, "GRD": -609298.0667698376, "GNB": -681044.0882146106, "GUY": -365921.9066146751, "HTI": -553727.1019711066, "JAM": -634798.7871425813, "KIR": -537972.1861641703, "MDV": -516012.98297312, "MHL": -584776.2840752709, "MUS": -549152.1573204201, "FSM": -609298.0667698376, "NRU": -642080.783610937, "PLW": -620760.2615202827, "PNG": -342658.420738951, "WSM": -677352.6588366975, "STP": -609042.2828119748, "SYC": -459768.52344939264, "SGP": -524871.9547133724, "SXM": -296023.7003164427, "SLB": -557587.358586492, "KNA": -209351.26304309507, "VCT": -609298.0667698376, "LCA": -459768.52344939264, "SUR": -561530.7406015691, "TLS": -598102.5687260691, "TTO": -503681.6615115541, "TON": -621144.8800926312, "TUV": -576638.1956473049, "TCA": -505320.3867046982, "VUT": -609298.0667698376, "AIA": -280080.38167279784, "COK": -280080.38167279784, "MSR": -280080.38167279784, "NIU": -280080.38167279784, "TKL": -280080.38167279784}}, "categoryImportances": {"2015": {"Environment": 431197080842.0, "Economic Policy & Debt": 10269892856.0, "Financial": 271558632256.0}}, "featureImportances": {"2015": {"wdi2-NY.GDP.MKTP.CN": 10269892856.0, "mvi-wdi-BX.KLT.DINV.WD.GD.ZS": 106189225216.0, "mvi-wdi-BX.TRF.PWKR.DT.GD.ZS": 165369407040.0, "wdi-AG.LND.AGRI.K2": 47496516576.0, "wdi-AG.LND.AGRI.ZS": 23223977924.0, "wdi-AG.LND.ARBL.HA.PC": 55336037208.0, "wdi-AG.LND.ARBL.ZS": 31157426688.0, "wdi-AG.LND.CREL.HA": 130238281174.0, "wdi-AG.LND.CROP.ZS": 40447972280.0, "wdi-AG.LND.FRST.K2": 103296868992.0}}, "performance": {"2015": 0.1883482566924197}}