{"data": {"2015": {"ATG": 32.12118939706429, "ABW": 32.12118939706429, "BHS": 41.32451487498385, "BMU": 32.12118939706429, "BHR": 32.12118939706429, "BRB": 30.838458899263586, "BLZ": 41.32451487498385, "VGB": 36.306260660663625, "CPV": 32.12118939706429, "CYM": 41.32451487498385, "COM": 25.02418276348585, "CUB": 0.2572364631609335, "CUW": 5.708134578338919, "DMA": 41.32451487498385, "DOM": 7.354243096739376, "FJI": 41.32451487498385, "GRD": 41.32451487498385, "GNB": 41.32451487498385, "GUY": 42.62984592804502, "HTI": -8.946089014758659, "JAM": 41.32451487498385, "KIR": 32.12118939706429, "MDV": 32.12118939706429, "MHL": 41.32451487498385, "MUS": 19.30232558, "FSM": 41.32451487498385, "NRU": 17.466965803966712, "PLW": 41.32451487498385, "PNG": 42.62984592804502, "WSM": 41.32451487498385, "STP": 41.32451487498385, "SYC": 41.32451487498385, "SGP": 36.306260660663625, "SXM": -1.8490823811802235, "SLB": 41.32451487498385, "KNA": 40.041784377183134, "VCT": 41.32451487498385, "LCA": 41.32451487498385, "SUR": 75.86206897, "TLS": 41.32451487498385, "TTO": 41.32451487498385, "TON": 25.02418276348585, "TUV": 32.484567417664, "TCA": 32.12118939706429, "VUT": 41.32451487498385, "AIA": 24.89410743933632, "COK": 24.89410743933632, "MSR": 24.89410743933632, "NIU": 24.89410743933632, "TKL": 24.89410743933632}}, "upperIntervals": {"2015": {"ATG": 68.21212162171057, "ABW": 68.21212162171057, "BHS": 77.41544709963013, "BMU": 68.21212162171057, "BHR": 68.21212162171057, "BRB": 66.92939112390987, "BLZ": 77.41544709963013, "VGB": 72.3971928853099, "CPV": 68.21212162171057, "CYM": 77.41544709963013, "COM": 61.11511498813213, "CUB": 36.34816868780722, "CUW": 41.7990668029852, "DMA": 77.41544709963013, "DOM": 43.445175321385655, "FJI": 77.41544709963013, "GRD": 77.41544709963013, "GNB": 77.41544709963013, "GUY": 78.72077815269131, "HTI": 27.144843209887625, "JAM": 77.41544709963013, "KIR": 68.21212162171057, "MDV": 68.21212162171057, "MHL": 77.41544709963013, "FSM": 77.41544709963013, "NRU": 53.557898028613, "PLW": 77.41544709963013, "PNG": 78.72077815269131, "WSM": 77.41544709963013, "STP": 77.41544709963013, "SYC": 77.41544709963013, "SGP": 72.3971928853099, "SXM": 34.241849843466056, "SLB": 77.41544709963013, "KNA": 76.13271660182942, "VCT": 77.41544709963013, "LCA": 77.41544709963013, "TLS": 77.41544709963013, "TTO": 77.41544709963013, "TON": 61.11511498813213, "TUV": 68.57549964231028, "TCA": 68.21212162171057, "VUT": 77.41544709963013, "AIA": 60.9850396639826, "COK": 60.9850396639826, "MSR": 60.9850396639826, "NIU": 60.9850396639826, "TKL": 60.9850396639826}}, "lowerIntervals": {"2015": {"ATG": 17.790534281261785, "ABW": 17.790534281261785, "BHS": 26.99385975918134, "BMU": 17.790534281261785, "BHR": 17.790534281261785, "BRB": 16.50780378346108, "BLZ": 26.99385975918134, "VGB": 21.97560554486112, "CPV": 17.790534281261785, "CYM": 26.99385975918134, "COM": 10.693527647683345, "CUB": -14.073418652641571, "CUW": -8.622520537463586, "DMA": 26.99385975918134, "DOM": -6.97641201906313, "FJI": 26.99385975918134, "GRD": 26.99385975918134, "GNB": 26.99385975918134, "GUY": 28.299190812242514, "HTI": -23.276744130561163, "JAM": 26.99385975918134, "KIR": 17.790534281261785, "MDV": 17.790534281261785, "MHL": 26.99385975918134, "FSM": 26.99385975918134, "NRU": 3.1363106881642064, "PLW": 26.99385975918134, "PNG": 28.299190812242514, "WSM": 26.99385975918134, "STP": 26.99385975918134, "SYC": 26.99385975918134, "SGP": 21.97560554486112, "SXM": -16.179737496982728, "SLB": 26.99385975918134, "KNA": 25.711129261380627, "VCT": 26.99385975918134, "LCA": 26.99385975918134, "TLS": 26.99385975918134, "TTO": 26.99385975918134, "TON": 10.693527647683345, "TUV": 18.15391230186149, "TCA": 17.790534281261785, "VUT": 26.99385975918134, "AIA": 10.563452323533811, "COK": 10.563452323533811, "MSR": 10.563452323533811, "NIU": 10.563452323533811, "TKL": 10.563452323533811}}, "categoryImportances": {"2015": {"Environment": 5801.494856342673, "Economic Policy & Debt": 0.0}}, "featureImportances": {"2015": {"wdi2-NY.GNP.MKTP.CN": 0.0, "wdi-AG.LND.AGRI.K2": 2540.647288173437, "wdi-AG.LND.AGRI.ZS": 0.0, "wdi-AG.LND.ARBL.HA": 231.03713536262512, "wdi-AG.LND.ARBL.HA.PC": 0.0, "wdi-AG.LND.ARBL.ZS": 259.0158201158047, "wdi-AG.LND.FRST.K2": 2234.8355800956488, "wdi-AG.LND.FRST.ZS": 535.9590325951576, "wdi-AG.LND.TOTL.K2": 0.0, "wdi-AG.SRF.TOTL.K2": 0.0}}, "performance": {"2015": 0.3209414593971419}}