{"data": {"2020": {"ASM": 35.773969171283085, "ATG": 3.3189917673145626, "ABW": 58.094824354691994, "BHS": 58.24785777326629, "BRB": 43.14503920621853, "BLZ": 24.668685044755026, "VGB": -1.5514847371579599, "CPV": 24.668685044755026, "COM": 22.761895513063404, "CUB": 33.93447752304491, "CUW": 39.39642622405568, "DMA": 47.347346540005915, "DOM": 24.668685044755026, "FJI": 22.761895513063404, "PYF": 42.5381785371565, "GRD": 58.24785777326629, "GUM": 52.170786337912325, "GNB": 23.223984828832304, "GUY": 5.752287414324018, "HTI": 24.668685044755026, "JAM": 22.761895513063404, "KIR": 11.861384279803017, "MDV": 45.518579759825435, "MHL": 6.3437596108622625, "MUS": 22.761895513063404, "FSM": 11.861384279803017, "NRU": 4.610658564662988, "NCL": 42.5381785371565, "MNP": 35.773969171283085, "PLW": 3.910463963852798, "PNG": 9.428088632793564, "PRI": -0.23616740200457334, "KNA": 11.861384279803017, "LCA": 58.24785777326629, "VCT": 58.24785777326629, "WSM": 22.761895513063404, "STP": 20.790689181822838, "SYC": 56.276651442025724, "SGP": 35.24979485819829, "SXM": 40.096620824865866, "SLB": 22.23538939774556, "SUR": 5.225781299006189, "TLS": 24.668685044755026, "TON": 24.668685044755026, "TTO": 39.41774495962758, "TUV": 9.428088632793564, "VIR": 33.93447752304491, "VUT": 22.761895513063404, "AIA": 33.45993839062212, "COK": 33.45993839062212, "MSR": 33.45993839062212, "NIU": 33.45993839062212}}, "upperIntervals": {"2020": {"ASM": 83.93808377270852, "ATG": 51.483106368739996, "ABW": 106.25893895611742, "BHS": 106.41197237469171, "BRB": 91.30915380764395, "BLZ": 72.83279964618046, "VGB": 46.612629864267475, "CPV": 72.83279964618046, "COM": 70.92601011448883, "CUB": 82.09859212447034, "CUW": 87.56054082548111, "DMA": 95.51146114143134, "DOM": 72.83279964618046, "FJI": 70.92601011448883, "PYF": 90.70229313858192, "GRD": 106.41197237469171, "GUM": 100.33490093933776, "GNB": 71.38809943025774, "GUY": 53.91640201574945, "HTI": 72.83279964618046, "JAM": 70.92601011448883, "KIR": 60.02549888122845, "MDV": 93.68269436125087, "MHL": 54.507874212287696, "MUS": 70.92601011448883, "FSM": 60.02549888122845, "NRU": 52.77477316608842, "NCL": 90.70229313858192, "MNP": 83.93808377270852, "PLW": 52.07457856527823, "PNG": 57.592203234219, "PRI": 47.927947199420856, "KNA": 60.02549888122845, "LCA": 106.41197237469171, "VCT": 106.41197237469171, "WSM": 70.92601011448883, "STP": 68.95480378324827, "SYC": 104.44076604345116, "SGP": 83.41390945962372, "SXM": 88.26073542629129, "SLB": 70.39950399917099, "SUR": 53.38989590043162, "TLS": 72.83279964618046, "TON": 72.83279964618046, "TTO": 87.58185956105302, "TUV": 57.592203234219, "VIR": 82.09859212447034, "VUT": 70.92601011448883, "AIA": 81.62405299204755, "COK": 81.62405299204755, "MSR": 81.62405299204755, "NIU": 81.62405299204755}}, "lowerIntervals": {"2020": {"ASM": 16.379271020793592, "ATG": -16.075706383174932, "ABW": 38.700126204202505, "BHS": 38.8531596227768, "BRB": 23.750341055729034, "BLZ": 5.2739868942655335, "VGB": -20.946182887647453, "CPV": 5.2739868942655335, "COM": 3.3671973625739113, "CUB": 14.539779372555419, "CUW": 20.001728073566188, "DMA": 27.952648389516423, "DOM": 5.2739868942655335, "FJI": 3.3671973625739113, "PYF": 23.143480386667004, "GRD": 38.8531596227768, "GUM": 32.77608818742283, "GNB": 3.829286678342811, "GUY": -13.642410736165475, "HTI": 5.2739868942655335, "JAM": 3.3671973625739113, "KIR": -7.5333138706864755, "MDV": 26.123881609335942, "MHL": -13.05093853962723, "MUS": 3.3671973625739113, "FSM": -7.5333138706864755, "NRU": -14.784039585826505, "NCL": 23.143480386667004, "MNP": 16.379271020793592, "PLW": -15.484234186636694, "PNG": -9.966609517695929, "PRI": -19.630865552494065, "KNA": -7.5333138706864755, "LCA": 38.8531596227768, "VCT": 38.8531596227768, "WSM": 3.3671973625739113, "STP": 1.3959910313333452, "SYC": 36.881953291536234, "SGP": 15.8550967077088, "SXM": 20.701922674376373, "SLB": 2.8406912472560677, "SUR": -14.168916851483303, "TLS": 5.2739868942655335, "TON": 5.2739868942655335, "TTO": 20.02304680913809, "TUV": -9.966609517695929, "VIR": 14.539779372555419, "VUT": 3.3671973625739113, "AIA": 14.065240240132628, "COK": 14.065240240132628, "MSR": 14.065240240132628, "NIU": 14.065240240132628}}, "categoryImportances": {"2020": {"Economic Policy & Debt": 1200.2280197143555, "Private Sector & Trade": 0.0, "Financial": 48.5782995223999}}, "featureImportances": {"2020": {"wdi2-NY.GDP.MKTP.PP.CD": 21.076269149780273, "wdi2-NY.GNP.MKTP.PP.KD": 811.5134468078613, "mvi-wdi-BX.TRF.PWKR.DT.GD.ZS": 48.5782995223999, "wdi-BM.GSR.ROYL.CD": 58.01394033432007, "wdi-BM.TRF.PWKR.CD.DT": 167.71307182312012, "wdi-BX.GSR.ROYL.CD": 14.05279016494751, "wdi-BX.PEF.TOTL.CD.WD": 22.743390560150146, "wdi-BX.TRF.PWKR.CD.DT": 105.11511087417603, "wdi-BX.TRF.PWKR.DT.GD.ZS": 0.0, "wdi-IC.CUS.DURS.EX": 0.0}}}