{"data": {"2015": {"ATG": 958325472.0534946, "ABW": 12568169195.014387, "BHS": 8407944788.059731, "BMU": 12568169195.014387, "BHR": 12568169195.014387, "BRB": -966139357.1883388, "BLZ": 4231961835.839707, "VGB": 5733063804.876397, "CPV": 1933273657.961668, "CYM": 6041546078.623928, "COM": -1274621630.9358635, "CUB": -7749292761.033925, "CUW": 7016494264.532103, "DMA": 9330940987.67551, "DOM": 204500000.0, "FJI": 1933273657.961668, "GRD": 1881321671.669273, "GNB": 9382892973.967909, "GUY": 7927310280.959633, "HTI": -299673445.0276897, "JAM": 209800000.0, "KIR": 5109914504.82441, "MDV": -966139357.1883388, "MHL": 4810067605.260621, "MUS": -974774731.3720752, "FSM": 958325472.0534946, "NRU": 14466113580.538342, "PLW": 958325472.0534946, "PNG": 12103293233.179651, "WSM": 4231961835.839707, "STP": -6799776117.700267, "SYC": 5118549879.008151, "SGP": 5118549879.008151, "SXM": 12568169195.014387, "SLB": 8407944788.059731, "KNA": 5092029435.29027, "VCT": 1881321671.669273, "LCA": 6041546078.623928, "SUR": 5628622103.081591, "TLS": 9382892973.967909, "TTO": 9330940987.67551, "TON": 3860550961.926964, "TUV": 4783547161.542739, "TCA": 13491165394.630163, "VUT": 958325472.0534946, "AIA": 2704815168.482474, "COK": 2704815168.482474, "MSR": 2704815168.482474, "NIU": 2704815168.482474, "TKL": 2704815168.482474}}, "upperIntervals": {"2015": {"ATG": 30846114035.08411, "ABW": 42455957758.045006, "BHS": 38295733351.09035, "BMU": 42455957758.045006, "BHR": 42455957758.045006, "BRB": 28921649205.84228, "BLZ": 34119750398.870323, "VGB": 35620852367.90701, "CPV": 31821062220.992287, "CYM": 35929334641.65454, "COM": 28613166932.09476, "CUB": 22138495801.996693, "CUW": 36904282827.56272, "DMA": 39218729550.70613, "FJI": 31821062220.992287, "GRD": 31769110234.69989, "GNB": 39270681536.99852, "GUY": 37815098843.99025, "HTI": 29588115118.00293, "KIR": 34997703067.85503, "MDV": 28921649205.84228, "MHL": 34697856168.29124, "MUS": 28913013831.658543, "FSM": 30846114035.08411, "NRU": 44353902143.56896, "PLW": 30846114035.08411, "PNG": 41991081796.210266, "WSM": 34119750398.870323, "STP": 23088012445.33035, "SYC": 35006338442.038765, "SGP": 35006338442.038765, "SXM": 42455957758.045006, "SLB": 38295733351.09035, "KNA": 34979817998.320885, "VCT": 31769110234.69989, "LCA": 35929334641.65454, "SUR": 35516410666.112206, "TLS": 39270681536.99852, "TTO": 39218729550.70613, "TON": 33748339524.95758, "TUV": 34671335724.57336, "TCA": 43378953957.66078, "VUT": 30846114035.08411, "AIA": 32592603731.51309, "COK": 32592603731.51309, "MSR": 32592603731.51309, "NIU": 32592603731.51309, "TKL": 32592603731.51309}}, "lowerIntervals": {"2015": {"ATG": -7048634451.945271, "ABW": 4561209271.015624, "BHS": 400984864.0609656, "BMU": 4561209271.015624, "BHR": 4561209271.015624, "BRB": -8973099281.187103, "BLZ": -3774998088.159058, "VGB": -2273896119.122368, "CPV": -6073686266.037097, "CYM": -1965413845.374837, "COM": -9281581554.934628, "CUB": -15756252685.03269, "CUW": -990465659.4666624, "DMA": 1323981063.6767454, "FJI": -6073686266.037097, "GRD": -6125638252.329492, "GNB": 1375933049.969142, "GUY": -79649643.03913212, "HTI": -8306633369.026455, "KIR": -2897045419.1743546, "MDV": -8973099281.187103, "MHL": -3196892318.738144, "MUS": -8981734655.37084, "FSM": -7048634451.945271, "NRU": 6459153656.539577, "PLW": -7048634451.945271, "PNG": 4096333309.180888, "WSM": -3774998088.159058, "STP": -14806736041.699032, "SYC": -2888410044.990614, "SGP": -2888410044.990614, "SXM": 4561209271.015624, "SLB": 400984864.0609656, "KNA": -2914930488.708495, "VCT": -6125638252.329492, "LCA": -1965413845.374837, "SUR": -2378337820.9171743, "TLS": 1375933049.969142, "TTO": 1323981063.6767454, "TON": -4146408962.071801, "TUV": -3223412762.456026, "TCA": 5484205470.6314, "VUT": -7048634451.945271, "AIA": -5302144755.516291, "COK": -5302144755.516291, "MSR": -5302144755.516291, "NIU": -5302144755.516291, "TKL": -5302144755.516291}}, "categoryImportances": {"2015": {"Environment": 3.556593505926329e+20, "Economic Policy & Debt": 2.069285006643036e+19, "Financial": 7.177021035444909e+19}}, "featureImportances": {"2015": {"wdi2-NE.DAB.TOTL.CN": 2.069285006643036e+19, "mvi-wdi-BX.KLT.DINV.WD.GD.ZS": 7.177021035444909e+19, "mvi-wdi-BX.TRF.PWKR.DT.GD.ZS": 0.0, "wdi-AG.LND.AGRI.K2": 0.0, "wdi-AG.LND.AGRI.ZS": 9.903203883367688e+19, "wdi-AG.LND.ARBL.HA.PC": 1.557532960047602e+19, "wdi-AG.LND.ARBL.ZS": 1.7279505965636389e+19, "wdi-AG.LND.CREL.HA": 1.3115687784378322e+20, "wdi-AG.LND.CROP.ZS": 0.0, "wdi-AG.LND.FRST.K2": 9.26155983490604e+19}}}