{"data": {"2020": {"ASM": 37.173189116467746, "ATG": 44.172647992709315, "ABW": 34.405181683585774, "BHS": 35.02814286868247, "BRB": 31.47431985606546, "BLZ": 44.231510479055885, "VGB": 40.677687466438854, "CPV": 50.367915595567126, "COM": 67.78393904520209, "CUB": 28.81729892069119, "CUW": 27.02677242061687, "DMA": 40.03978900288117, "DOM": 49.243156613254584, "FJI": 50.990876780663825, "PYF": 35.02814286868247, "GRD": 41.164547985193714, "GUM": 36.81866936875681, "GNB": 67.78393904520209, "GUY": 50.990876780663825, "HTI": 67.78393904520209, "JAM": 44.231510479055885, "KIR": 66.67975269456564, "MDV": 37.69448148255278, "MHL": 42.989506332598225, "MUS": 44.231510479055885, "FSM": 66.05679150946892, "NRU": 47.47986010071189, "NCL": 35.02814286868247, "MNP": 37.173189116467746, "PLW": 45.68933360063755, "PNG": 63.33639160975351, "PRI": 38.02066653106462, "KNA": 50.990876780663825, "LCA": 35.02814286868247, "VCT": 35.02814286868247, "WSM": 67.78393904520209, "STP": 63.33639160975351, "SYC": 30.580595433233917, "SGP": 28.81729892069119, "SXM": 35.38266261639341, "SLB": 63.33639160975351, "SUR": 37.33996173484184, "TLS": 67.78393904520209, "TON": 67.78393904520209, "TTO": 29.95763424813722, "TUV": 61.60924407402033, "VIR": 28.81729892069119, "VUT": 67.78393904520209, "AIA": 57.46584884893245, "COK": 57.46584884893245, "MSR": 57.46584884893245, "NIU": 57.46584884893245}}, "upperIntervals": {"2020": {"ASM": 61.24749781510417, "ATG": 68.24695669134574, "ABW": 58.479490382222195, "BHS": 59.102451567318894, "BRB": 55.548628554701885, "BLZ": 68.30581917769231, "VGB": 64.75199616507528, "CPV": 74.44222429420356, "COM": 91.85824774383852, "CUB": 52.891607619327615, "CUW": 51.101081119253294, "DMA": 64.1140977015176, "DOM": 73.31746531189101, "FJI": 75.06518547930025, "PYF": 59.102451567318894, "GRD": 65.23885668383014, "GUM": 60.89297806739323, "GNB": 91.85824774383852, "GUY": 75.06518547930025, "HTI": 91.85824774383852, "JAM": 68.30581917769231, "KIR": 90.75406139320206, "MDV": 61.7687901811892, "MHL": 67.06381503123465, "MUS": 68.30581917769231, "FSM": 90.13110020810535, "NRU": 71.55416879934832, "NCL": 59.102451567318894, "MNP": 61.24749781510417, "PLW": 69.76364229927398, "PNG": 87.41070030838993, "PRI": 62.09497522970105, "KNA": 75.06518547930025, "LCA": 59.102451567318894, "VCT": 59.102451567318894, "WSM": 91.85824774383852, "STP": 87.41070030838993, "SYC": 54.65490413187034, "SGP": 52.891607619327615, "SXM": 59.45697131502983, "SLB": 87.41070030838993, "SUR": 61.414270433478265, "TLS": 91.85824774383852, "TON": 91.85824774383852, "TTO": 54.03194294677365, "TUV": 85.68355277265675, "VIR": 52.891607619327615, "VUT": 91.85824774383852, "AIA": 81.54015754756888, "COK": 81.54015754756888, "MSR": 81.54015754756888, "NIU": 81.54015754756888}}, "lowerIntervals": {"2020": {"ASM": 8.054451709190218, "ATG": 15.053910585431787, "ABW": 5.286444276308245, "BHS": 5.909405461404944, "BRB": 2.3555824487879313, "BLZ": 15.112773071778356, "VGB": 11.558950059161326, "CPV": 21.249178188289598, "COM": 38.66520163792456, "CUB": -0.3014384865863384, "CUW": -2.0919649866606598, "DMA": 10.921051595603643, "DOM": 20.124419205977055, "FJI": 21.872139373386297, "PYF": 5.909405461404944, "GRD": 12.045810577916185, "GUM": 7.69993196147928, "GNB": 38.66520163792456, "GUY": 21.872139373386297, "HTI": 38.66520163792456, "JAM": 15.112773071778356, "KIR": 37.56101528728811, "MDV": 8.575744075275253, "MHL": 13.870768925320696, "MUS": 15.112773071778356, "FSM": 36.938054102191394, "NRU": 18.36112269343436, "NCL": 5.909405461404944, "MNP": 8.054451709190218, "PLW": 16.570596193360025, "PNG": 34.217654202475984, "PRI": 8.901929123787092, "KNA": 21.872139373386297, "LCA": 5.909405461404944, "VCT": 5.909405461404944, "WSM": 38.66520163792456, "STP": 34.217654202475984, "SYC": 1.4618580259563885, "SGP": -0.3014384865863384, "SXM": 6.263925209115882, "SLB": 34.217654202475984, "SUR": 8.221224327564315, "TLS": 38.66520163792456, "TON": 38.66520163792456, "TTO": 0.8388968408596931, "TUV": 32.4905066667428, "VIR": -0.3014384865863384, "VUT": 38.66520163792456, "AIA": 28.347111441654924, "COK": 28.347111441654924, "MSR": 28.347111441654924, "NIU": 28.347111441654924}}, "categoryImportances": {"2020": {"Economic Policy & Debt": 201.84818184375763, "Private Sector & Trade": 1068.5587584376335, "Financial": 34.24405002593994}}, "featureImportances": {"2020": {"wdi2-NY.GDP.MKTP.PP.CD": 0.0, "wdi2-NY.GNP.MKTP.PP.KD": 193.78311783075333, "mvi-wdi-BX.TRF.PWKR.DT.GD.ZS": 34.24405002593994, "wdi-BX.TRF.PWKR.CD.DT": 8.065064013004303, "wdi-BX.TRF.PWKR.DT.GD.ZS": 0.0, "wdi-IC.CUS.DURS.EX": 3.986645996570587, "wdi-IC.ELC.OUTG": 214.05080890655518, "wdi-IC.ELC.OUTG.ZS": 85.06137108802795, "wdi-IC.FRM.BKWC.ZS": 0.0, "wdi-IC.FRM.BNKS.ZS": 765.4599324464798}}}