{"data": {"2015": {"ATG": 708382475.1148828, "ABW": 10628554979.04286, "BHS": 7607261888.858382, "BMU": 10628554979.04286, "BHR": 10628554979.04286, "BRB": -2204043904.7349143, "BLZ": 1677274401.8361945, "VGB": 7112370165.954528, "CPV": 1677274401.8361945, "CYM": 6228133106.118248, "COM": -1319806844.89864, "CUB": -7249794331.92083, "CUW": 7682578250.204908, "DMA": 10105719429.677263, "DOM": 204500000.0, "FJI": 1677274401.8361945, "GRD": 3206840015.9337697, "GNB": 8576153815.579694, "GUY": 10771826568.894735, "HTI": -350914918.1773293, "JAM": 209800000.0, "KIR": 4613912625.135641, "MDV": -2204043904.7349143, "MHL": 4613912625.135641, "MUS": -1319806844.89864, "FSM": 708382475.1148828, "NRU": 14095904446.583055, "PLW": 708382475.1148828, "PNG": 12301392182.992311, "WSM": 4698567492.020674, "STP": -5306259878.792343, "SYC": 3729675565.299364, "SGP": 3729675565.299364, "SXM": 7607261888.858382, "SLB": 7607261888.858382, "KNA": 4284598652.989764, "VCT": 3206840015.9337697, "LCA": 6228133106.118248, "SUR": 6371404695.970121, "TLS": 8576153815.579694, "TTO": 10105719429.677263, "TON": 2670378172.007153, "TUV": 8081262092.675838, "TCA": 10105719429.677263, "VUT": 708382475.1148828, "AIA": 951182269.7629342, "COK": 951182269.7629342, "MSR": 951182269.7629342, "NIU": 951182269.7629342, "TKL": 951182269.7629342}}, "upperIntervals": {"2015": {"ATG": 28851804040.37336, "ABW": 38771976544.30134, "BHS": 35750683454.11686, "BMU": 38771976544.30134, "BHR": 38771976544.30134, "BRB": 25939377660.523563, "BLZ": 29820695967.09467, "VGB": 35255791731.213005, "CPV": 29820695967.09467, "CYM": 34371554671.376724, "COM": 26823614720.35984, "CUB": 20893627233.337646, "CUW": 35825999815.46339, "DMA": 38249140994.93574, "FJI": 29820695967.09467, "GRD": 31350261581.192245, "GNB": 36719575380.83817, "GUY": 38915248134.15321, "HTI": 27792506647.081142, "KIR": 32757334190.39412, "MDV": 25939377660.523563, "MHL": 32757334190.39412, "MUS": 26823614720.35984, "FSM": 28851804040.37336, "NRU": 42239326011.84153, "PLW": 28851804040.37336, "PNG": 40444813748.25079, "WSM": 32841989057.279152, "STP": 22837161686.466133, "SYC": 31873097130.55784, "SGP": 31873097130.55784, "SXM": 35750683454.11686, "SLB": 35750683454.11686, "KNA": 32428020218.24824, "VCT": 31350261581.192245, "LCA": 34371554671.376724, "SUR": 34514826261.2286, "TLS": 36719575380.83817, "TTO": 38249140994.93574, "TON": 30813799737.26563, "TUV": 36224683657.93431, "TCA": 38249140994.93574, "VUT": 28851804040.37336, "AIA": 29094603835.02141, "COK": 29094603835.02141, "MSR": 29094603835.02141, "NIU": 29094603835.02141, "TKL": 29094603835.02141}}, "lowerIntervals": {"2015": {"ATG": -7382838841.480863, "ABW": 2537333662.447115, "BHS": -483959427.73736286, "BMU": 2537333662.447115, "BHR": 2537333662.447115, "BRB": -10295265221.33066, "BLZ": -6413946914.75955, "VGB": -978851150.6412172, "CPV": -6413946914.75955, "CYM": -1863088210.477497, "COM": -9411028161.494385, "CUB": -15341015648.516577, "CUW": -408643066.3908367, "DMA": 2014498113.0815184, "FJI": -6413946914.75955, "GRD": -4884381300.661976, "GNB": 484932498.9839487, "GUY": 2680605252.2989902, "HTI": -8442136234.773074, "KIR": -3477308691.460104, "MDV": -10295265221.33066, "MHL": -3477308691.460104, "MUS": -9411028161.494385, "FSM": -7382838841.480863, "NRU": 6004683129.98731, "PLW": -7382838841.480863, "PNG": 4210170866.3965664, "WSM": -3392653824.575072, "STP": -13397481195.388088, "SYC": -4361545751.296381, "SGP": -4361545751.296381, "SXM": -483959427.73736286, "SLB": -483959427.73736286, "KNA": -3806622663.605981, "VCT": -4884381300.661976, "LCA": -1863088210.477497, "SUR": -1719816620.6256237, "TLS": 484932498.9839487, "TTO": 2014498113.0815184, "TON": -5420843144.588593, "TUV": -9959223.919906616, "TCA": 2014498113.0815184, "VUT": -7382838841.480863, "AIA": -7140039046.832811, "COK": -7140039046.832811, "MSR": -7140039046.832811, "NIU": -7140039046.832811, "TKL": -7140039046.832811}}, "categoryImportances": {"2015": {"Environment": 3.033570266678517e+20, "Economic Policy & Debt": 6.413793053031321e+19, "Financial": 6.09579919948141e+19}}, "featureImportances": {"2015": {"wdi2-NE.DAB.TOTL.CN": 6.413793053031321e+19, "mvi-wdi-BX.KLT.DINV.WD.GD.ZS": 6.09579919948141e+19, "mvi-wdi-BX.TRF.PWKR.DT.GD.ZS": 0.0, "wdi-AG.LND.AGRI.K2": 1.0804300432805986e+19, "wdi-AG.LND.AGRI.ZS": 6.567950548096097e+19, "wdi-AG.LND.ARBL.HA.PC": 1.545912991311777e+19, "wdi-AG.LND.ARBL.ZS": 3.4455663885575782e+19, "wdi-AG.LND.CREL.HA": 1.0079652973381262e+20, "wdi-AG.LND.CROP.ZS": 0.0, "wdi-AG.LND.FRST.K2": 7.616189722157856e+19}}}