{"data": {"2015": {"ATG": 82.81287507717074, "ABW": 83.10960547984986, "BHS": 79.33393090713976, "BMU": 82.96229651479192, "BHR": 89.01957187848987, "BRB": 80.36139745500624, "BLZ": 35.733737985120094, "VGB": 74.78764272617849, "CPV": 29.77612009774589, "CYM": 90.24435461599512, "COM": 24.130552567723907, "CUB": 18.75266065, "CUW": 42.1615205151127, "DMA": 37.64541463471746, "DOM": 28.63882587, "FJI": 29.561244615385537, "GRD": 33.02226755027903, "GNB": 23.22029193283281, "GUY": 28.318171345613635, "HTI": 22.80016717, "JAM": 26.977061597352105, "KIR": 34.41203069621272, "MDV": 34.526660570619725, "MHL": 27.14638480053801, "MUS": 30.13350887543788, "FSM": 33.053918136163176, "NRU": 31.944990840626527, "PLW": 41.52316245345061, "PNG": 24.675645829666063, "WSM": 36.03027759897426, "STP": 33.104010693303294, "SYC": 90.24435461599512, "SGP": 100.0, "SXM": 41.67002915308224, "SLB": 34.53150053810384, "KNA": 79.01145703080483, "VCT": 39.73883682419714, "LCA": 36.62823507299285, "SUR": 32.30335090502815, "TLS": 29.207480743188075, "TTO": 89.01957187848987, "TON": 71.00517090432817, "TUV": 32.79983575479381, "TCA": 90.24435461599512, "VUT": 34.0491688795106, "AIA": 18.68992699852248, "COK": 18.68992699852248, "MSR": 18.68992699852248, "NIU": 18.68992699852248, "TKL": 18.68992699852248}}, "upperIntervals": {"2015": {"ATG": 102.81306406086948, "ABW": 103.1097944635486, "BHS": 99.3341198908385, "BMU": 102.96248549849064, "BHR": 109.0197608621886, "BRB": 100.36158643870498, "BLZ": 55.73392696881882, "VGB": 94.78783170987722, "CPV": 49.77630908144462, "CYM": 110.24454359969386, "COM": 44.13074155142264, "CUW": 62.16170949881143, "DMA": 57.64560361841619, "FJI": 49.56143359908427, "GRD": 53.02245653397776, "GNB": 43.22048091653154, "GUY": 48.31836032931237, "JAM": 46.97725058105084, "KIR": 54.412219679911445, "MDV": 54.52684955431846, "MHL": 47.146573784236736, "MUS": 50.1336978591366, "FSM": 53.05410711986191, "NRU": 51.94517982432526, "PLW": 61.523351437149344, "PNG": 44.6758348133648, "WSM": 56.030466582672986, "STP": 53.10419967700203, "SYC": 110.24454359969386, "SXM": 61.670218136780974, "SLB": 54.531689521802576, "KNA": 99.01164601450355, "VCT": 59.73902580789587, "LCA": 56.62842405669157, "SUR": 52.30353988872688, "TLS": 49.207669726886806, "TTO": 109.0197608621886, "TON": 91.0053598880269, "TUV": 52.80002473849254, "TCA": 110.24454359969386, "VUT": 54.04935786320932, "AIA": 38.690115982221215, "COK": 38.690115982221215, "MSR": 38.690115982221215, "NIU": 38.690115982221215, "TKL": 38.690115982221215}}, "lowerIntervals": {"2015": {"ATG": 62.92606391798741, "ABW": 63.22279432066653, "BHS": 59.44711974795643, "BMU": 63.075485355608585, "BHR": 69.13276071930653, "BRB": 60.47458629582291, "BLZ": 15.846926825936762, "VGB": 54.90083156699516, "CPV": 9.88930893856256, "CYM": 70.35754345681178, "COM": 4.243741408540576, "CUW": 22.274709355929367, "DMA": 17.75860347553413, "FJI": 9.674433456202204, "GRD": 13.1354563910957, "GNB": 3.3334807736494803, "GUY": 8.431360186430304, "JAM": 7.090250438168773, "KIR": 14.525219537029386, "MDV": 14.639849411436394, "MHL": 7.259573641354677, "MUS": 10.246697716254545, "FSM": 13.167106976979843, "NRU": 12.058179681443196, "PLW": 21.63635129426728, "PNG": 4.788834670482732, "WSM": 16.143466439790927, "STP": 13.217199534119963, "SYC": 70.35754345681178, "SXM": 21.78321799389891, "SLB": 14.64468937892051, "KNA": 59.1246458716215, "VCT": 19.85202566501381, "LCA": 16.741423913809513, "SUR": 12.416539745844815, "TLS": 9.320669584004744, "TTO": 69.13276071930653, "TON": 51.11835974514484, "TUV": 12.91302459561048, "TCA": 70.35754345681178, "VUT": 14.162357720327265, "AIA": -1.196884160660851, "COK": -1.196884160660851, "MSR": -1.196884160660851, "NIU": -1.196884160660851, "TKL": -1.196884160660851}}, "categoryImportances": {"2015": {"Environment": 7671.254239101894, "Economic Policy & Debt": 46.9391966983676}}, "featureImportances": {"2015": {"wdi2-NY.GDP.MKTP.CN": 46.9391966983676, "wdi-AG.LND.AGRI.K2": 1821.700289990753, "wdi-AG.LND.AGRI.ZS": 1386.587709248066, "wdi-AG.LND.ARBL.HA.PC": 63.01738820970058, "wdi-AG.LND.ARBL.ZS": 1160.6006232202053, "wdi-AG.LND.CROP.ZS": 779.5761713460088, "wdi-AG.LND.TOTL.K2": 643.537206013687, "wdi-AG.SRF.TOTL.K2": 148.1019511334598, "wdi-EG.ELC.ACCS.UR.ZS": 96.35974442958832, "wdi-EG.ELC.ACCS.ZS": 1571.7731555104256}}}