{"data": {"2015": {"ATG": 958325472.0534946, "ABW": 12568169195.014387, "BHS": 8407944788.059731, "BMU": 12568169195.014387, "BHR": 12568169195.014387, "BRB": -966139357.1883388, "BLZ": 4231961835.839707, "VGB": 5733063804.876397, "CPV": 1933273657.961668, "CYM": 6041546078.623928, "COM": -1274621630.9358635, "CUB": -7749292761.033925, "CUW": 7016494264.532103, "DMA": 9330940987.67551, "DOM": 204500000.0, "FJI": 1933273657.961668, "GRD": 1881321671.669273, "GNB": 9382892973.967909, "GUY": 7927310280.959633, "HTI": -299673445.0276897, "JAM": 209800000.0, "KIR": 5109914504.82441, "MDV": -966139357.1883388, "MHL": 4810067605.260621, "MUS": -974774731.3720752, "FSM": 958325472.0534946, "NRU": 14466113580.538342, "PLW": 958325472.0534946, "PNG": 12103293233.179651, "WSM": 4231961835.839707, "STP": -6799776117.700267, "SYC": 5118549879.008151, "SGP": 5118549879.008151, "SXM": 12568169195.014387, "SLB": 8407944788.059731, "KNA": 5092029435.29027, "VCT": 1881321671.669273, "LCA": 6041546078.623928, "SUR": 5628622103.081591, "TLS": 9382892973.967909, "TTO": 9330940987.67551, "TON": 3860550961.926964, "TUV": 4783547161.542739, "TCA": 13491165394.630163, "VUT": 958325472.0534946, "AIA": 2704815168.482474, "COK": 2704815168.482474, "MSR": 2704815168.482474, "NIU": 2704815168.482474, "TKL": 2704815168.482474}, "2020": {"ASM": 4467368744.029366, "ATG": 5824110725.267422, "ABW": 4159376732.722702, "BHS": 8138720436.822931, "BRB": 4203158009.5582647, "BLZ": 908477444.4372851, "VGB": -1977325201.4314215, "CPV": 2454011337.5989404, "COM": 1153826538.0515563, "CUB": 8891443768.82175, "CUW": 1150327913.8884847, "DMA": 30114652.904026628, "DOM": -6390153.967628919, "FJI": 2559267503.7538195, "PYF": 9078688128.88838, "GRD": 4597098907.539932, "GUM": 7559222083.578861, "GNB": 2282783160.2766733, "GUY": 1153826538.0515563, "HTI": 843452375.2093871, "JAM": 457693068.8400591, "KIR": 839978231.3675698, "MDV": 4647591505.392698, "MHL": 6161164342.306905, "MUS": 3920487827.8348727, "FSM": 4399255193.3766, "NRU": 9547040082.521662, "NCL": 1517030769.3785322, "MNP": 9898816235.796814, "PLW": 3186133168.372486, "PNG": 1025838368.9112926, "PRI": 4849287556.390859, "KNA": 47850000.0, "LCA": 2587454442.4496665, "VCT": 1677810819.4642966, "WSM": 1997342925.2720506, "STP": 1313162126.9116144, "SYC": 30114652.904026628, "SGP": -2314406522.53347, "SXM": 2922299782.452196, "SLB": 2058839173.2290478, "SUR": 1031214221.6049577, "TLS": 1889742817.6685312, "TON": 1157401007.9597833, "TTO": 735719668.3213168, "TUV": 1381819481.3741062, "VIR": 5898288548.99947, "VUT": 1456854442.679851, "AIA": 14133379072.199154, "COK": 14133379072.199154, "MSR": 14133379072.199154, "NIU": 14133379072.199154}}, "upperIntervals": {"2015": {"ATG": 30846114035.08411, "ABW": 42455957758.045006, "BHS": 38295733351.09035, "BMU": 42455957758.045006, "BHR": 42455957758.045006, "BRB": 28921649205.84228, "BLZ": 34119750398.870323, "VGB": 35620852367.90701, "CPV": 31821062220.992287, "CYM": 35929334641.65454, "COM": 28613166932.09476, "CUB": 22138495801.996693, "CUW": 36904282827.56272, "DMA": 39218729550.70613, "FJI": 31821062220.992287, "GRD": 31769110234.69989, "GNB": 39270681536.99852, "GUY": 37815098843.99025, "HTI": 29588115118.00293, "KIR": 34997703067.85503, "MDV": 28921649205.84228, "MHL": 34697856168.29124, "MUS": 28913013831.658543, "FSM": 30846114035.08411, "NRU": 44353902143.56896, "PLW": 30846114035.08411, "PNG": 41991081796.210266, "WSM": 34119750398.870323, "STP": 23088012445.33035, "SYC": 35006338442.038765, "SGP": 35006338442.038765, "SXM": 42455957758.045006, "SLB": 38295733351.09035, "KNA": 34979817998.320885, "VCT": 31769110234.69989, "LCA": 35929334641.65454, "SUR": 35516410666.112206, "TLS": 39270681536.99852, "TTO": 39218729550.70613, "TON": 33748339524.95758, "TUV": 34671335724.57336, "TCA": 43378953957.66078, "VUT": 30846114035.08411, "AIA": 32592603731.51309, "COK": 32592603731.51309, "MSR": 32592603731.51309, "NIU": 32592603731.51309, "TKL": 32592603731.51309}, "2020": {"ASM": 22930292628.76814, "ATG": 24287034610.006195, "ABW": 22622300617.461475, "BHS": 26601644321.561707, "BRB": 22666081894.29704, "BLZ": 19371401329.17606, "VGB": 16485598683.307352, "CPV": 20916935222.337715, "COM": 19616750422.79033, "CUB": 27354367653.560524, "CUW": 19613251798.62726, "DMA": 18493038537.6428, "DOM": 18456533730.771145, "FJI": 21022191388.49259, "PYF": 27541612013.62715, "GRD": 23060022792.278706, "GUM": 26022145968.317635, "GNB": 20745707045.015446, "GUY": 19616750422.79033, "HTI": 19306376259.948162, "JAM": 18920616953.57883, "KIR": 19302902116.106342, "MDV": 23110515390.13147, "MHL": 24624088227.045677, "MUS": 22383411712.573647, "FSM": 22862179078.11537, "NRU": 28009963967.260437, "NCL": 19979954654.117306, "MNP": 28361740120.535587, "PLW": 21649057053.11126, "PNG": 19488762253.650066, "PRI": 23312211441.12963, "LCA": 21050378327.18844, "VCT": 20140734704.20307, "WSM": 20460266810.010822, "STP": 19776086011.650387, "SYC": 18493038537.6428, "SGP": 16148517362.205303, "SXM": 21385223667.19097, "SLB": 20521763057.96782, "SUR": 19494138106.34373, "TLS": 20352666702.407303, "TON": 19620324892.698555, "TTO": 19198643553.06009, "TUV": 19844743366.11288, "VIR": 24361212433.738243, "VUT": 19919778327.418625, "AIA": 32596302956.937927, "COK": 32596302956.937927, "MSR": 32596302956.937927, "NIU": 32596302956.937927}}, "lowerIntervals": {"2015": {"ATG": -7048634451.945271, "ABW": 4561209271.015624, "BHS": 400984864.0609656, "BMU": 4561209271.015624, "BHR": 4561209271.015624, "BRB": -8973099281.187103, "BLZ": -3774998088.159058, "VGB": -2273896119.122368, "CPV": -6073686266.037097, "CYM": -1965413845.374837, "COM": -9281581554.934628, "CUB": -15756252685.03269, "CUW": -990465659.4666624, "DMA": 1323981063.6767454, "FJI": -6073686266.037097, "GRD": -6125638252.329492, "GNB": 1375933049.969142, "GUY": -79649643.03913212, "HTI": -8306633369.026455, "KIR": -2897045419.1743546, "MDV": -8973099281.187103, "MHL": -3196892318.738144, "MUS": -8981734655.37084, "FSM": -7048634451.945271, "NRU": 6459153656.539577, "PLW": -7048634451.945271, "PNG": 4096333309.180888, "WSM": -3774998088.159058, "STP": -14806736041.699032, "SYC": -2888410044.990614, "SGP": -2888410044.990614, "SXM": 4561209271.015624, "SLB": 400984864.0609656, "KNA": -2914930488.708495, "VCT": -6125638252.329492, "LCA": -1965413845.374837, "SUR": -2378337820.9171743, "TLS": 1375933049.969142, "TTO": 1323981063.6767454, "TON": -4146408962.071801, "TUV": -3223412762.456026, "TCA": 5484205470.6314, "VUT": -7048634451.945271, "AIA": -5302144755.516291, "COK": -5302144755.516291, "MSR": -5302144755.516291, "NIU": -5302144755.516291, "TKL": -5302144755.516291}, "2020": {"ASM": -827358392.9007826, "ATG": 529383588.3372736, "ABW": -1135350404.207446, "BHS": 2843993299.892783, "BRB": -1091569127.3718834, "BLZ": -4386249692.492863, "VGB": -7272052338.361569, "CPV": -2840715799.3312078, "COM": -4140900598.8785915, "CUB": 3596716631.8916025, "CUW": -4144399223.041663, "DMA": -5264612484.026121, "DOM": -5301117290.897777, "FJI": -2735459633.1763287, "PYF": 3783960991.958232, "GRD": -697628229.3902159, "GUM": 2264494946.648713, "GNB": -3011943976.653475, "GUY": -4140900598.8785915, "HTI": -4451274761.720761, "JAM": -4837034068.090089, "KIR": -4454748905.562578, "MDV": -647135631.5374498, "MHL": 866437205.3767567, "MUS": -1374239309.0952754, "FSM": -895471943.5535479, "NRU": 4252312945.5915136, "NCL": -3777696367.5516157, "MNP": 4604089098.866666, "PLW": -2108593968.557662, "PNG": -4268888768.0188556, "PRI": -445439580.5392895, "LCA": -2707272694.4804816, "VCT": -3616916317.465852, "WSM": -3297384211.6580973, "STP": -3981565010.0185337, "SYC": -5264612484.026121, "SGP": -7609133659.463618, "SXM": -2372427354.477952, "SLB": -3235887963.7011003, "SUR": -4263512915.3251905, "TLS": -3404984319.2616167, "TON": -4137326128.9703646, "TTO": -4559007468.608831, "TUV": -3912907655.5560417, "VIR": 603561412.0693216, "VUT": -3837872694.250297, "AIA": 8838651935.269005,