{"data": {"2015": {"ATG": 823963875.1624824, "ABW": 823963875.1624824, "BHS": 823963875.1624824, "BMU": 823963875.1624824, "BHR": 823963875.1624824, "BRB": 823963875.1624824, "BLZ": 823963875.1624824, "VGB": 823963875.1624824, "CPV": 823963875.1624824, "CYM": 823963875.1624824, "COM": 823963875.1624824, "CUB": 823963875.1624824, "CUW": 823963875.1624824, "DMA": 823963875.1624824, "DOM": 823963875.1624824, "FJI": 823963875.1624824, "GRD": 823963875.1624824, "GNB": 823963875.1624824, "GUY": 823963875.1624824, "HTI": 823963875.1624824, "JAM": 823963875.1624824, "KIR": 823963875.1624824, "MDV": 823963875.1624824, "MHL": 823963875.1624824, "MUS": 823963875.1624824, "FSM": 823963875.1624824, "NRU": 823963875.1624824, "PLW": 823963875.1624824, "PNG": 823963875.1624824, "WSM": 823963875.1624824, "STP": 823963875.1624824, "SYC": 823963875.1624824, "SGP": 823963875.1624824, "SXM": 823963875.1624824, "SLB": 823963875.1624824, "KNA": 823963875.1624824, "VCT": 823963875.1624824, "LCA": 823963875.1624824, "SUR": 823963875.1624824, "TLS": 823963875.1624824, "TTO": 823963875.1624824, "TON": 823963875.1624824, "TUV": 823963875.1624824, "TCA": 823963875.1624824, "VUT": 823963875.1624824, "AIA": 823963875.1624824, "COK": 823963875.1624824, "MSR": 823963875.1624824, "NIU": 823963875.1624824, "TKL": 823963875.1624824}}, "upperIntervals": {"2015": {"ATG": 3504228041.997869, "ABW": 3504228041.997869, "BHS": 3504228041.997869, "BMU": 3504228041.997869, "BHR": 3504228041.997869, "BRB": 3504228041.997869, "BLZ": 3504228041.997869, "VGB": 3504228041.997869, "CPV": 3504228041.997869, "CYM": 3504228041.997869, "COM": 3504228041.997869, "CUB": 3504228041.997869, "CUW": 3504228041.997869, "DMA": 3504228041.997869, "DOM": 3504228041.997869, "FJI": 3504228041.997869, "GRD": 3504228041.997869, "GNB": 3504228041.997869, "GUY": 3504228041.997869, "HTI": 3504228041.997869, "JAM": 3504228041.997869, "KIR": 3504228041.997869, "MDV": 3504228041.997869, "MHL": 3504228041.997869, "MUS": 3504228041.997869, "FSM": 3504228041.997869, "NRU": 3504228041.997869, "PLW": 3504228041.997869, "PNG": 3504228041.997869, "WSM": 3504228041.997869, "STP": 3504228041.997869, "SYC": 3504228041.997869, "SGP": 3504228041.997869, "SXM": 3504228041.997869, "SLB": 3504228041.997869, "KNA": 3504228041.997869, "VCT": 3504228041.997869, "LCA": 3504228041.997869, "SUR": 3504228041.997869, "TLS": 3504228041.997869, "TTO": 3504228041.997869, "TON": 3504228041.997869, "TUV": 3504228041.997869, "TCA": 3504228041.997869, "VUT": 3504228041.997869, "AIA": 3504228041.997869, "COK": 3504228041.997869, "MSR": 3504228041.997869, "NIU": 3504228041.997869, "TKL": 3504228041.997869}}, "lowerIntervals": {"2015": {"ATG": -89511048.76888502, "ABW": -89511048.76888502, "BHS": -89511048.76888502, "BMU": -89511048.76888502, "BHR": -89511048.76888502, "BRB": -89511048.76888502, "BLZ": -89511048.76888502, "VGB": -89511048.76888502, "CPV": -89511048.76888502, "CYM": -89511048.76888502, "COM": -89511048.76888502, "CUB": -89511048.76888502, "CUW": -89511048.76888502, "DMA": -89511048.76888502, "DOM": -89511048.76888502, "FJI": -89511048.76888502, "GRD": -89511048.76888502, "GNB": -89511048.76888502, "GUY": -89511048.76888502, "HTI": -89511048.76888502, "JAM": -89511048.76888502, "KIR": -89511048.76888502, "MDV": -89511048.76888502, "MHL": -89511048.76888502, "MUS": -89511048.76888502, "FSM": -89511048.76888502, "NRU": -89511048.76888502, "PLW": -89511048.76888502, "PNG": -89511048.76888502, "WSM": -89511048.76888502, "STP": -89511048.76888502, "SYC": -89511048.76888502, "SGP": -89511048.76888502, "SXM": -89511048.76888502, "SLB": -89511048.76888502, "KNA": -89511048.76888502, "VCT": -89511048.76888502, "LCA": -89511048.76888502, "SUR": -89511048.76888502, "TLS": -89511048.76888502, "TTO": -89511048.76888502, "TON": -89511048.76888502, "TUV": -89511048.76888502, "TCA": -89511048.76888502, "VUT": -89511048.76888502, "AIA": -89511048.76888502, "COK": -89511048.76888502, "MSR": -89511048.76888502, "NIU": -89511048.76888502, "TKL": -89511048.76888502}}, "categoryImportances": {"2015": {"Indicators": 0.0, "Financial Sector": 0.0, "Financial": 0.0}}, "featureImportances": {"2015": {"wdi-FM.AST.DOMS.CN": 0.0, "mvi-wdi-BX.KLT.DINV.WD.GD.ZS": 0.0, "mvi-wdi-BX.TRF.PWKR.DT.GD.ZS": 0.0, "ndgain-id_econ_01-raw": 0.0, "ndgain-id_econ_01-score": 0.0, "ndgain-id_ecos_01-raw": 0.0, "ndgain-id_ecos_01-score": 0.0, "ndgain-id_ecos_02-raw": 0.0, "ndgain-id_ecos_02-score": 0.0, "ndgain-id_ecos_05-raw": 0.0}}}