{"data": {"2020": {"ASM": 78.05705696375163, "ATG": 61.06903721712573, "ABW": 97.6877334657709, "BHS": 97.6877334657709, "BRB": 71.30503121575931, "BLZ": 74.31250387685974, "VGB": 34.44651167126256, "CPV": 74.31250387685974, "COM": 47.44693892429647, "CUB": 57.82174126017372, "CUW": 64.75345253739908, "DMA": 97.6877334657709, "DOM": 74.31250387685974, "FJI": 97.6877334657709, "PYF": 86.4309077371216, "GRD": 97.6877334657709, "GUM": 82.56244777395446, "GNB": 47.44693892429647, "GUY": 74.31250387685974, "HTI": 47.44693892429647, "JAM": 74.31250387685974, "KIR": 47.44693892429647, "MDV": 44.50571236652905, "MHL": 43.32019620435599, "MUS": 73.2671298922949, "FSM": 52.534988310884614, "NRU": 45.30682067827355, "NCL": 86.4309077371216, "MNP": 67.64108823612968, "PLW": 41.37822294848791, "PNG": 34.203472264562556, "PRI": 39.215966402075566, "KNA": 74.31250387685974, "LCA": 75.97027133428307, "VCT": 97.6877334657709, "WSM": 47.44693892429647, "STP": 34.203472264562556, "SYC": 84.44426680603694, "SGP": 55.23847857742301, "SXM": 64.75345253739908, "SLB": 34.203472264562556, "SUR": 84.44426680603694, "TLS": 47.44693892429647, "TON": 46.60608192326912, "TTO": 74.02829807841498, "TUV": 40.13237865217803, "VIR": 57.82174126017372, "VUT": 47.44693892429647, "AIA": 65.29388595532436, "COK": 65.29388595532436, "MSR": 65.29388595532436, "NIU": 65.29388595532436}}, "upperIntervals": {"2020": {"ASM": 127.22727567770941, "ATG": 110.2392559310835, "ABW": 146.85795217972867, "BHS": 146.85795217972867, "BRB": 120.4752499297171, "BLZ": 123.48272259081752, "VGB": 83.61673038522034, "CPV": 123.48272259081752, "COM": 96.61715763825424, "CUB": 106.9919599741315, "CUW": 113.92367125135686, "DMA": 146.85795217972867, "DOM": 123.48272259081752, "FJI": 146.85795217972867, "PYF": 135.60112645107938, "GRD": 146.85795217972867, "GUM": 131.73266648791224, "GNB": 96.61715763825424, "GUY": 123.48272259081752, "HTI": 96.61715763825424, "JAM": 123.48272259081752, "KIR": 96.61715763825424, "MDV": 93.67593108048683, "MHL": 92.49041491831377, "MUS": 122.43734860625268, "FSM": 101.7052070248424, "NRU": 94.47703939223133, "NCL": 135.60112645107938, "MNP": 116.81130695008746, "PLW": 90.5484416624457, "PNG": 83.37369097852033, "PRI": 88.38618511603335, "KNA": 123.48272259081752, "LCA": 125.14049004824085, "VCT": 146.85795217972867, "WSM": 96.61715763825424, "STP": 83.37369097852033, "SYC": 133.61448551999473, "SGP": 104.40869729138079, "SXM": 113.92367125135686, "SLB": 83.37369097852033, "SUR": 133.61448551999473, "TLS": 96.61715763825424, "TON": 95.77630063722691, "TTO": 123.19851679237276, "TUV": 89.30259736613581, "VIR": 106.9919599741315, "VUT": 96.61715763825424, "AIA": 114.46410466928214, "COK": 114.46410466928214, "MSR": 114.46410466928214, "NIU": 114.46410466928214}}, "lowerIntervals": {"2020": {"ASM": 43.10238161182068, "ATG": 26.11436186519478, "ABW": 62.73305811383995, "BHS": 62.73305811383995, "BRB": 36.35035586382836, "BLZ": 39.357828524928784, "VGB": -0.5081636806683889, "CPV": 39.357828524928784, "COM": 12.492263572365516, "CUB": 22.867065908242765, "CUW": 29.798777185468133, "DMA": 62.73305811383995, "DOM": 39.357828524928784, "FJI": 62.73305811383995, "PYF": 51.47623238519065, "GRD": 62.73305811383995, "GUM": 47.60777242202351, "GNB": 12.492263572365516, "GUY": 39.357828524928784, "HTI": 12.492263572365516, "JAM": 39.357828524928784, "KIR": 12.492263572365516, "MDV": 9.551037014598101, "MHL": 8.365520852425036, "MUS": 38.31245454036395, "FSM": 17.580312958953662, "NRU": 10.352145326342601, "NCL": 51.47623238519065, "MNP": 32.686412884198724, "PLW": 6.423547596556958, "PNG": -0.7512030873683955, "PRI": 4.261291050144614, "KNA": 39.357828524928784, "LCA": 41.01559598235212, "VCT": 62.73305811383995, "WSM": 12.492263572365516, "STP": -0.7512030873683955, "SYC": 49.489591454105984, "SGP": 20.283803225492058, "SXM": 29.798777185468133, "SLB": -0.7512030873683955, "SUR": 49.489591454105984, "TLS": 12.492263572365516, "TON": 11.651406571338171, "TTO": 39.073622726484025, "TUV": 5.177703300247082, "VIR": 22.867065908242765, "VUT": 12.492263572365516, "AIA": 30.339210603393404, "COK": 30.339210603393404, "MSR": 30.339210603393404, "NIU": 30.339210603393404}}, "categoryImportances": {"2020": {"Economic Policy & Debt": 952.1480979919434, "Private Sector & Trade": 1301.783504486084, "Financial": 500.4110984802246}}, "featureImportances": {"2020": {"wdi2-NY.GDP.MKTP.PP.CD": 94.77850151062012, "wdi2-NY.GNP.MKTP.PP.KD": 703.3396949768066, "mvi-wdi-BX.TRF.PWKR.DT.GD.ZS": 500.4110984802246, "wdi-BX.TRF.PWKR.CD.DT": 154.0299015045166, "wdi-BX.TRF.PWKR.DT.GD.ZS": 0.0, "wdi-IC.CUS.DURS.EX": 332.20649814605713, "wdi-IC.ELC.OUTG": 0.0, "wdi-IC.ELC.OUTG.ZS": 0.0, "wdi-IC.FRM.BKWC.ZS": 0.0, "wdi-IC.FRM.BNKS.ZS": 969.5770063400269}}}