{"data": {"2015": {"ATG": 13.279426913573031, "ABW": 31.76622817049698, "BHS": 29.03657987602005, "BMU": 40.19629731962607, "BHR": 14.20621267492406, "BRB": 7.596428435872016, "BLZ": 13.86999989, "VGB": 4.331271536686387, "CPV": 24.43275276381061, "CYM": 6.082785852468613, "COM": 35.7413633541342, "CUB": 7.640274339822101, "CUW": 17.699562932286064, "DMA": 32.045758500967, "DOM": 19.54000092, "FJI": 16.320036588240054, "GRD": 10.205337565042964, "GNB": 36.10381655678973, "GUY": 15.041623600935273, "HTI": 38.65016804864816, "JAM": 23.60654497896935, "KIR": 46.18999863, "MDV": 12.985630475806456, "MHL": 40.49009375739265, "MUS": 15.68999958, "FSM": 10.481073071238551, "NRU": 43.38489353974803, "PLW": 13.279426913573031, "PNG": 23.87266914691465, "WSM": 27.51373777385852, "STP": 8.262077897192373, "SYC": 13.279426913573031, "SGP": 2.700000048, "SXM": 21.83168922610419, "SLB": 16.55778192313493, "KNA": 12.326361463255244, "VCT": 6.81837771980606, "LCA": 10.805534023357382, "SUR": 12.014604467530075, "TLS": 17.084302792717285, "TTO": 18.50801249455044, "TON": 38.99996030901663, "TUV": 31.84335543300853, "TCA": 31.76622817049698, "VUT": 32.52093690299956, "AIA": 5.357609081345559, "COK": 5.357609081345559, "MSR": 5.357609081345559, "NIU": 5.357609081345559, "TKL": 5.357609081345559}}, "upperIntervals": {"2015": {"ATG": 24.59531466238161, "ABW": 43.082115919305565, "BHS": 40.35246762482864, "BMU": 51.512185068434654, "BHR": 25.522100423732645, "BRB": 18.9123161846806, "VGB": 15.647159285494972, "CPV": 35.748640512619204, "CYM": 17.3986736012772, "COM": 47.05725110294279, "CUB": 18.956162088630684, "CUW": 29.01545068109465, "DMA": 43.36164624977558, "FJI": 27.63592433704864, "GRD": 21.52122531385155, "GNB": 47.41970430559832, "GUY": 26.35751134974386, "HTI": 49.96605579745674, "JAM": 34.92243272777793, "MDV": 24.30151822461504, "MHL": 51.80598150620124, "FSM": 21.796960820047136, "NRU": 54.70078128855661, "PLW": 24.59531466238161, "PNG": 35.18855689572323, "WSM": 38.8296255226671, "STP": 19.57796564600096, "SYC": 24.59531466238161, "SXM": 33.14757697491277, "SLB": 27.87366967194352, "KNA": 23.64224921206383, "VCT": 18.134265468614643, "LCA": 22.121421772165967, "SUR": 23.330492216338666, "TLS": 28.40019054152587, "TTO": 29.823900243359027, "TON": 50.315848057825214, "TUV": 43.15924318181711, "TCA": 43.082115919305565, "VUT": 43.83682465180814, "AIA": 16.673496830154143, "COK": 16.673496830154143, "MSR": 16.673496830154143, "NIU": 16.673496830154143, "TKL": 16.673496830154143}}, "lowerIntervals": {"2015": {"ATG": 0.6853018571023615, "ABW": 19.172103114026307, "BHS": 16.442454819549376, "BMU": 27.6021722631554, "BHR": 1.612087618453387, "BRB": -4.997696620598656, "VGB": -8.262853519784285, "CPV": 11.838627707339944, "CYM": -6.511339204002058, "COM": 23.147238297663527, "CUB": -4.953850716648571, "CUW": 5.105437875815392, "DMA": 19.451633444496323, "FJI": 3.7259115317693823, "GRD": -2.388787491427708, "GNB": 23.509691500319057, "GUY": 2.447498544464601, "HTI": 26.05604299217748, "JAM": 11.012419922498678, "MDV": 0.3915054193357843, "MHL": 27.895968700921976, "FSM": -2.1130519852321203, "NRU": 30.79076848327736, "PLW": 0.6853018571023615, "PNG": 11.278544090443974, "WSM": 14.919612717387844, "STP": -4.332047159278298, "SYC": 0.6853018571023615, "SXM": 9.237564169633515, "SLB": 3.963656866664257, "KNA": -0.2677635932154274, "VCT": -5.775747336664612, "LCA": -1.7885910331132902, "SUR": -0.5795205889405945, "TLS": 4.490177736246613, "TTO": 5.913887438079771, "TON": 26.405835252545955, "TUV": 19.24923037653785, "TCA": 19.172103114026307, "VUT": 19.926811846528885, "AIA": -7.236515975125113, "COK": -7.236515975125113, "MSR": -7.236515975125113, "NIU": -7.236515975125113, "TKL": -7.236515975125113}}, "categoryImportances": {"2015": {"Environment": 51.701906859874725, "Economic Policy & Debt": 441.76474557071924, "Financial": 1002.0045716911554}}, "featureImportances": {"2015": {"wdi2-NE.DAB.TOTL.CN": 55.26209735125303, "mvi-wdi-BX.KLT.DINV.WD.GD.ZS": 262.4427384585142, "mvi-wdi-BX.TRF.PWKR.DT.GD.ZS": 739.5618332326412, "wdi-AG.LND.TOTL.K2": 45.63670891523361, "wdi-AG.SRF.TOTL.K2": 6.065197944641113, "wdi-BG.GSR.NFSV.GD.ZS": 84.49377749860287, "wdi-BM.GSR.FCTY.CD": 210.20842184126377, "wdi-BM.GSR.GNFS.CD": 29.073940932750705, "wdi-BM.GSR.MRCH.CD": 27.493858844041824, "wdi-BM.GSR.NFSV.CD": 35.232649102807045}}}