{"data": {"2015": {"ATG": 72.22690073606128, "ABW": 86.61116433418178, "BHS": 81.30087010548101, "BMU": 82.96275586499893, "BHR": 81.65522708435128, "BRB": 79.20451869125007, "BLZ": 24.111950993088502, "VGB": 83.3171128438692, "CPV": 28.17588997, "CYM": 96.2681427, "COM": 33.96617055302949, "CUB": 53.06846899380166, "CUW": 88.44503807280967, "DMA": 74.73211973736197, "DOM": 58.63265991, "FJI": 29.144950046101226, "GRD": 40.641978622373856, "GNB": 46.24250427004371, "GUY": 49.25252055889748, "HTI": 38.7388496513243, "JAM": 47.76539967458284, "KIR": 30.6735711243032, "MDV": 56.71983992781007, "MHL": 30.6735711243032, "MUS": 51.41315911981273, "FSM": 38.78015011950123, "NRU": 55.81535856941846, "PLW": 54.51321254271963, "PNG": 37.340028557844526, "WSM": 43.950513965679896, "STP": 33.61746820874044, "SYC": 63.59528440637067, "SGP": 76.14467621, "SXM": 76.88314126671179, "SLB": 41.09691376816025, "KNA": 84.90440890179185, "VCT": 54.62829343607231, "LCA": 40.641978622373856, "SUR": 42.282818186242416, "TLS": 46.51503525882068, "TTO": 82.40160513106005, "TON": 74.93098023092888, "TUV": 49.75054523093016, "TCA": 78.5750408341947, "VUT": 31.61528144162008, "AIA": 49.18945456180376, "COK": 49.18945456180376, "MSR": 49.18945456180376, "NIU": 49.18945456180376, "TKL": 49.18945456180376}}, "upperIntervals": {"2015": {"ATG": 107.14708308251456, "ABW": 121.53134668063504, "BHS": 116.22105245193428, "BMU": 117.8829382114522, "BHR": 116.57540943080456, "BRB": 114.12470103770336, "BLZ": 59.03213333954178, "VGB": 118.23729519032248, "COM": 68.88635289948277, "CUB": 87.98865134025493, "CUW": 123.36522041926294, "DMA": 109.65230208381524, "FJI": 64.06513239255449, "GRD": 75.56216096882713, "GNB": 81.16268661649698, "GUY": 84.17270290535075, "HTI": 73.65903199777757, "JAM": 82.68558202103611, "KIR": 65.59375347075647, "MDV": 91.64002227426334, "MHL": 65.59375347075647, "MUS": 86.333341466266, "FSM": 73.7003324659545, "NRU": 90.73554091587172, "PLW": 89.4333948891729, "PNG": 72.2602109042978, "WSM": 78.87069631213316, "STP": 68.53765055519372, "SYC": 98.51546675282395, "SXM": 111.80332361316506, "SLB": 76.01709611461352, "KNA": 119.82459124824511, "VCT": 89.54847578252557, "LCA": 75.56216096882713, "SUR": 77.20300053269568, "TLS": 81.43521760527395, "TTO": 117.32178747751333, "TON": 109.85116257738215, "TUV": 84.67072757738343, "TCA": 113.49522318064795, "VUT": 66.53546378807336, "AIA": 84.10963690825703, "COK": 84.10963690825703, "MSR": 84.10963690825703, "NIU": 84.10963690825703, "TKL": 84.10963690825703}}, "lowerIntervals": {"2015": {"ATG": 34.692089571678665, "ABW": 49.07635316979916, "BHS": 43.76605894109839, "BMU": 45.42794470061631, "BHR": 44.12041591996866, "BRB": 41.669707526867455, "BLZ": -13.422860171294111, "VGB": 45.78230167948658, "COM": -3.568640611353125, "CUB": 15.533657829419042, "CUW": 50.91022690842705, "DMA": 37.19730857297935, "FJI": -8.389861118281395, "GRD": 3.1071674579912383, "GNB": 8.707693105661093, "GUY": 11.717709394514864, "HTI": 1.204038486941684, "JAM": 10.23058851020022, "KIR": -6.861240040079416, "MDV": 19.185028763427454, "MHL": -6.861240040079416, "MUS": 13.878347955430115, "FSM": 1.245338955118612, "NRU": 18.28054740503584, "PLW": 16.97840137833701, "PNG": -0.1947826065380908, "WSM": 6.415702801297279, "STP": -3.9173429556421766, "SYC": 26.060473241988056, "SXM": 39.34833010232917, "SLB": 3.562102603777632, "KNA": 47.36959773740924, "VCT": 17.093482271689687, "LCA": 3.1071674579912383, "SUR": 4.748007021859799, "TLS": 8.980224094438064, "TTO": 44.86679396667744, "TON": 37.39616906654626, "TUV": 12.21573406654754, "TCA": 41.04022966981208, "VUT": -5.919529722762537, "AIA": 11.65464339742114, "COK": 11.65464339742114, "MSR": 11.65464339742114, "NIU": 11.65464339742114, "TKL": 11.65464339742114}}, "categoryImportances": {"2015": {"Environment": 55.46748787164688, "Economic Policy & Debt": 230.230374224484, "Profile": 407.26596949249506, "Climate": 745.9923214316368, "Digital": 4208.12294435501, "Blue": 247.402021445334}}, "featureImportances": {"2015": {"wdi2-NE.DAB.TOTL.CN": 230.230374224484, "key-wdi-AG.SRF.TOTL.K2": 199.98381221294403, "key-wdi-EG.ELC.ACCS.ZS": 3729.629357770085, "key-wdi-EG.ELC.RNEW.ZS": 88.41918610781431, "key-wdi-EG.FEC.RNEW.ZS": 657.5731353238225, "key-wdi-ER.FSH.CAPT.MT": 247.402021445334, "key-wdi-IT.CEL.SETS.P2": 34.89497655630112, "key-wdi-IT.NET.USER.ZS": 443.5986100286245, "key-wdi2-SP.POP.TOTL": 207.28215727955103, "wdi-AG.LND.AGRI.K2": 55.46748787164688}}}