{"data": {"2015": {"ATG": -2293106.7262080857, "ABW": -2293106.7262080857, "BHS": 344579.9798312542, "BMU": -2293106.7262080857, "BHR": -2293106.7262080857, "BRB": -2293106.7262080857, "BLZ": -867218.1738861745, "VGB": -2293106.7262080857, "CPV": -223505.29080282577, "CYM": -2293106.7262080857, "COM": -223505.29080282577, "CUB": 703111.0580458778, "CUW": -2293106.7262080857, "DMA": -805099.9915322223, "DOM": 2840901.382244153, "FJI": 532899.2690525787, "GRD": -2293106.7262080857, "GNB": 3561605.8059190377, "GUY": -867218.1738861745, "HTI": 735599.8106583763, "JAM": -2293106.7262080857, "KIR": -223505.29080282577, "MDV": -2293106.7262080857, "MHL": -223505.29080282577, "MUS": -2293106.7262080857, "FSM": -223505.29080282577, "NRU": -2293106.7262080857, "PLW": 344579.9798312542, "PNG": 6300.0, "WSM": -25590.86293230985, "STP": 735599.8106583763, "SYC": -2293106.7262080857, "SGP": -235973.01950574777, "SXM": -235973.01950574777, "SLB": 91886.92757502737, "KNA": -2293106.7262080857, "VCT": -694795.2191149053, "LCA": -694795.2191149053, "SUR": -867218.1738861745, "TLS": 1572720.6441608686, "TTO": -2293106.7262080857, "TON": -2293106.7262080857, "TUV": -2293106.7262080857, "TCA": 344579.9798312542, "VUT": -867218.1738861745, "AIA": 5138636.506098848, "COK": 5138636.506098848, "MSR": 5138636.506098848, "NIU": 5138636.506098848, "TKL": 5138636.506098848}}, "upperIntervals": {"2015": {"ATG": 9442354.278338889, "ABW": 9442354.278338889, "BHS": 12080040.984378226, "BMU": 9442354.278338889, "BHR": 9442354.278338889, "BRB": 9442354.278338889, "BLZ": 10868242.830660798, "VGB": 9442354.278338889, "CPV": 11511955.713744149, "CYM": 9442354.278338889, "COM": 11511955.713744149, "CUB": 12438572.06259285, "CUW": 9442354.278338889, "DMA": 10930361.01301475, "DOM": 14576362.386791123, "FJI": 12268360.27359955, "GRD": 9442354.278338889, "GNB": 15297066.81046601, "GUY": 10868242.830660798, "HTI": 12471060.815205349, "JAM": 9442354.278338889, "KIR": 11511955.713744149, "MDV": 9442354.278338889, "MHL": 11511955.713744149, "MUS": 9442354.278338889, "FSM": 11511955.713744149, "NRU": 9442354.278338889, "PLW": 12080040.984378226, "WSM": 11709870.141614662, "STP": 12471060.815205349, "SYC": 9442354.278338889, "SGP": 11499487.985041223, "SXM": 11499487.985041223, "SLB": 11827347.932122, "KNA": 9442354.278338889, "VCT": 11040665.785432069, "LCA": 11040665.785432069, "SUR": 10868242.830660798, "TLS": 13308181.64870784, "TTO": 9442354.278338889, "TON": 9442354.278338889, "TUV": 9442354.278338889, "TCA": 12080040.984378226, "VUT": 10868242.830660798, "AIA": 16874097.51064582, "COK": 16874097.51064582, "MSR": 16874097.51064582, "NIU": 16874097.51064582, "TKL": 16874097.51064582}}, "lowerIntervals": {"2015": {"ATG": -9115456.648805264, "ABW": -9115456.648805264, "BHS": -6477769.942765922, "BMU": -9115456.648805264, "BHR": -9115456.648805264, "BRB": -9115456.648805264, "BLZ": -7689568.096483351, "VGB": -9115456.648805264, "CPV": -7045855.213400003, "CYM": -9115456.648805264, "COM": -7045855.213400003, "CUB": -6119238.864551298, "CUW": -9115456.648805264, "DMA": -7627449.914129399, "DOM": -3981448.540353024, "FJI": -6289450.653544597, "GRD": -9115456.648805264, "GNB": -3260744.1166781387, "GUY": -7689568.096483351, "HTI": -6086750.1119388, "JAM": -9115456.648805264, "KIR": -7045855.213400003, "MDV": -9115456.648805264, "MHL": -7045855.213400003, "MUS": -9115456.648805264, "FSM": -7045855.213400003, "NRU": -9115456.648805264, "PLW": -6477769.942765922, "WSM": -6847940.785529486, "STP": -6086750.1119388, "SYC": -9115456.648805264, "SGP": -7058322.942102924, "SXM": -7058322.942102924, "SLB": -6730462.995022149, "KNA": -9115456.648805264, "VCT": -7517145.141712082, "LCA": -7517145.141712082, "SUR": -7689568.096483351, "TLS": -5249629.278436308, "TTO": -9115456.648805264, "TON": -9115456.648805264, "TUV": -9115456.648805264, "TCA": -6477769.942765922, "VUT": -7689568.096483351, "AIA": -1683713.4164983286, "COK": -1683713.4164983286, "MSR": -1683713.4164983286, "NIU": -1683713.4164983286, "TKL": -1683713.4164983286}}, "categoryImportances": {"2015": {"Environment": 155986514534400.0, "Private Sector & Trade": 0.0, "Economic Policy & Debt": 0.0}}, "featureImportances": {"2015": {"wdi2-NE.DAB.TOTL.CN": 0.0, "wdi-AG.LND.TOTL.K2": 21963198955520.0, "wdi-AG.SRF.TOTL.K2": 0.0, "wdi-EG.ELC.ACCS.UR.ZS": 27962978828288.0, "wdi-EG.ELC.ACCS.ZS": 0.0, "wdi-EG.ELC.RNEW.ZS": 0.0, "wdi-EG.FEC.RNEW.ZS": 0.0, "wdi-EN.ATM.CO2E.LF.KT": 81274852352000.0, "wdi-EN.POP.DNST": 24785484398592.0, "wdi-IC.BUS.DFRN.XQ": 0.0}}}