{"data": {"2015": {"ATG": 38.49864258975269, "ABW": 38.45246704717591, "BHS": 28.98665704675429, "BMU": 29.16051334969652, "BHR": 29.002234856884364, "BRB": 38.378654303165966, "BLZ": 45.40567382939691, "VGB": 30.998183362916297, "CPV": 42.4, "CYM": 38.5435923480533, "COM": 43.093271645413765, "CUB": 44.70860289315363, "CUW": 38.378654303165966, "DMA": 43.161723473505965, "DOM": 45.2, "FJI": 43.82215569410492, "GRD": 46.17507454930918, "GNB": 43.607496120066266, "GUY": 44.0483496013242, "HTI": 39.956954333067536, "JAM": 41.35140760211047, "KIR": 43.7846801839549, "MDV": 40.08906135946541, "MHL": 43.093271645413765, "MUS": 32.03103187424077, "FSM": 45.17643413758108, "NRU": 37.743680159814325, "PLW": 44.85290363834456, "PNG": 48.36638266478344, "WSM": 43.16285468807532, "STP": 45.34026771910051, "SYC": 38.49864258975269, "SGP": 38.259084670573, "SXM": 39.28496579067203, "SLB": 45.40567382939691, "KNA": 39.33344941996136, "VCT": 38.77419420983132, "LCA": 45.8249252303533, "SUR": 49.9122647644144, "TLS": 45.40567382939691, "TTO": 38.07384533278846, "TON": 37.6, "TUV": 44.43317127672713, "TCA": 38.45246704717591, "VUT": 43.71562487912767, "AIA": 45.00189611837337, "COK": 45.00189611837337, "MSR": 45.00189611837337, "NIU": 45.00189611837337, "TKL": 45.00189611837337}}, "upperIntervals": {"2015": {"ATG": 52.17346926031748, "ABW": 52.1272937177407, "BHS": 42.66148371731908, "BMU": 42.83534002026131, "BHR": 42.67706152744916, "BRB": 52.05348097373076, "BLZ": 59.0805004999617, "VGB": 44.67301003348109, "CYM": 52.21841901861809, "COM": 56.76809831597856, "CUB": 58.38342956371842, "CUW": 52.05348097373076, "DMA": 56.83655014407076, "FJI": 57.49698236466971, "GRD": 59.84990121987397, "GNB": 57.282322790631056, "GUY": 57.72317627188899, "HTI": 53.63178100363233, "JAM": 55.02623427267526, "KIR": 57.459506854519695, "MDV": 53.7638880300302, "MHL": 56.76809831597856, "MUS": 45.70585854480556, "FSM": 58.85126080814587, "NRU": 51.41850683037912, "PLW": 58.52773030890936, "PNG": 62.04120933534824, "WSM": 56.83768135864011, "STP": 59.0150943896653, "SYC": 52.17346926031748, "SGP": 51.93391134113779, "SXM": 52.95979246123682, "SLB": 59.0805004999617, "KNA": 53.00827609052615, "VCT": 52.449020880396105, "LCA": 59.49975190091809, "SUR": 63.58709143497919, "TLS": 59.0805004999617, "TTO": 51.74867200335325, "TUV": 58.10799794729192, "TCA": 52.1272937177407, "VUT": 57.39045154969246, "AIA": 58.67672278893816, "COK": 58.67672278893816, "MSR": 58.67672278893816, "NIU": 58.67672278893816, "TKL": 58.67672278893816}}, "lowerIntervals": {"2015": {"ATG": 27.817309948597927, "ABW": 27.771134406021144, "BHS": 18.305324405599524, "BMU": 18.47918070854176, "BHR": 18.3209022157296, "BRB": 27.6973216620112, "BLZ": 34.72434118824215, "VGB": 20.316850721761533, "CYM": 27.86225970689853, "COM": 32.411939004259, "CUB": 34.02727025199887, "CUW": 27.6973216620112, "DMA": 32.480390832351205, "FJI": 33.140823052950154, "GRD": 35.49374190815442, "GNB": 32.926163478911505, "GUY": 33.36701696016944, "HTI": 29.27562169191277, "JAM": 30.670074960955706, "KIR": 33.10334754280014, "MDV": 29.40772871831064, "MHL": 32.411939004259, "MUS": 21.349699233086003, "FSM": 34.495101496426315, "NRU": 27.06234751865956, "PLW": 34.171570997189804, "PNG": 37.68505002362868, "WSM": 32.48152204692056, "STP": 34.65893507794574, "SYC": 27.817309948597927, "SGP": 27.57775202941823, "SXM": 28.603633149517268, "SLB": 34.72434118824215, "KNA": 28.6521167788066, "VCT": 28.09286156867655, "LCA": 35.14359258919853, "SUR": 39.23093212325964, "TLS": 34.72434118824215, "TTO": 27.39251269163369, "TUV": 33.75183863557237, "TCA": 27.771134406021144, "VUT": 33.034292237972906, "AIA": 34.3205634772186, "COK": 34.3205634772186, "MSR": 34.3205634772186, "NIU": 34.3205634772186, "TKL": 34.3205634772186}}, "categoryImportances": {"2015": {"Environment": 256.0154605433345, "Economic Policy & Debt": 73.4005901440978, "Financial": 20.1871754527092}}, "featureImportances": {"2015": {"wdi2-NY.GDP.MKTP.CN": 5.206731840968132, "mvi-wdi-BX.KLT.DINV.WD.GD.ZS": 9.610648512840273, "mvi-wdi-BX.TRF.PWKR.DT.GD.ZS": 10.576526939868929, "wdi-AG.LND.TOTL.K2": 16.57167299091816, "wdi-AG.SRF.TOTL.K2": 1.7166685909032822, "wdi-BX.KLT.DINV.CD.WD": 14.049784533679484, "wdi-BX.KLT.DINV.WD.GD.ZS": 0.0, "wdi-BX.TRF.PWKR.CD.DT": 54.14407376945019, "wdi-BX.TRF.PWKR.DT.GD.ZS": 0.0, "wdi-EG.ELC.ACCS.RU.ZS": 237.72711896151304}}}