{"data": {"2015": {"ATG": 25.138176726373683, "ABW": 25.138176726373683, "BHS": 25.138176726373683, "BMU": 25.138176726373683, "BHR": 25.138176726373683, "BRB": 25.138176726373683, "BLZ": 25.138176726373683, "VGB": 25.138176726373683, "CPV": 25.138176726373683, "CYM": 25.138176726373683, "COM": 25.138176726373683, "CUB": 25.138176726373683, "CUW": 25.138176726373683, "DMA": 25.138176726373683, "DOM": 25.5, "FJI": 25.138176726373683, "GRD": 25.138176726373683, "GNB": 25.138176726373683, "GUY": 25.138176726373683, "HTI": 25.138176726373683, "JAM": 25.138176726373683, "KIR": 25.138176726373683, "MDV": 25.138176726373683, "MHL": 25.138176726373683, "MUS": 25.138176726373683, "FSM": 25.138176726373683, "NRU": 25.138176726373683, "PLW": 25.138176726373683, "PNG": 25.138176726373683, "WSM": 25.138176726373683, "STP": 25.138176726373683, "SYC": 25.138176726373683, "SGP": 25.138176726373683, "SXM": 25.138176726373683, "SLB": 25.138176726373683, "KNA": 25.138176726373683, "VCT": 25.138176726373683, "LCA": 25.138176726373683, "SUR": 25.138176726373683, "TLS": 25.138176726373683, "TTO": 25.138176726373683, "TON": 25.138176726373683, "TUV": 25.138176726373683, "TCA": 25.138176726373683, "VUT": 25.138176726373683, "AIA": 25.138176726373683, "COK": 25.138176726373683, "MSR": 25.138176726373683, "NIU": 25.138176726373683, "TKL": 25.138176726373683}}, "upperIntervals": {"2015": {"ATG": 40.52268088750501, "ABW": 40.52268088750501, "BHS": 40.52268088750501, "BMU": 40.52268088750501, "BHR": 40.52268088750501, "BRB": 40.52268088750501, "BLZ": 40.52268088750501, "VGB": 40.52268088750501, "CPV": 40.52268088750501, "CYM": 40.52268088750501, "COM": 40.52268088750501, "CUB": 40.52268088750501, "CUW": 40.52268088750501, "DMA": 40.52268088750501, "FJI": 40.52268088750501, "GRD": 40.52268088750501, "GNB": 40.52268088750501, "GUY": 40.52268088750501, "HTI": 40.52268088750501, "JAM": 40.52268088750501, "KIR": 40.52268088750501, "MDV": 40.52268088750501, "MHL": 40.52268088750501, "MUS": 40.52268088750501, "FSM": 40.52268088750501, "NRU": 40.52268088750501, "PLW": 40.52268088750501, "PNG": 40.52268088750501, "WSM": 40.52268088750501, "STP": 40.52268088750501, "SYC": 40.52268088750501, "SGP": 40.52268088750501, "SXM": 40.52268088750501, "SLB": 40.52268088750501, "KNA": 40.52268088750501, "VCT": 40.52268088750501, "LCA": 40.52268088750501, "SUR": 40.52268088750501, "TLS": 40.52268088750501, "TTO": 40.52268088750501, "TON": 40.52268088750501, "TUV": 40.52268088750501, "TCA": 40.52268088750501, "VUT": 40.52268088750501, "AIA": 40.52268088750501, "COK": 40.52268088750501, "MSR": 40.52268088750501, "NIU": 40.52268088750501, "TKL": 40.52268088750501}}, "lowerIntervals": {"2015": {"ATG": 16.445915113499076, "ABW": 16.445915113499076, "BHS": 16.445915113499076, "BMU": 16.445915113499076, "BHR": 16.445915113499076, "BRB": 16.445915113499076, "BLZ": 16.445915113499076, "VGB": 16.445915113499076, "CPV": 16.445915113499076, "CYM": 16.445915113499076, "COM": 16.445915113499076, "CUB": 16.445915113499076, "CUW": 16.445915113499076, "DMA": 16.445915113499076, "FJI": 16.445915113499076, "GRD": 16.445915113499076, "GNB": 16.445915113499076, "GUY": 16.445915113499076, "HTI": 16.445915113499076, "JAM": 16.445915113499076, "KIR": 16.445915113499076, "MDV": 16.445915113499076, "MHL": 16.445915113499076, "MUS": 16.445915113499076, "FSM": 16.445915113499076, "NRU": 16.445915113499076, "PLW": 16.445915113499076, "PNG": 16.445915113499076, "WSM": 16.445915113499076, "STP": 16.445915113499076, "SYC": 16.445915113499076, "SGP": 16.445915113499076, "SXM": 16.445915113499076, "SLB": 16.445915113499076, "KNA": 16.445915113499076, "VCT": 16.445915113499076, "LCA": 16.445915113499076, "SUR": 16.445915113499076, "TLS": 16.445915113499076, "TTO": 16.445915113499076, "TON": 16.445915113499076, "TUV": 16.445915113499076, "TCA": 16.445915113499076, "VUT": 16.445915113499076, "AIA": 16.445915113499076, "COK": 16.445915113499076, "MSR": 16.445915113499076, "NIU": 16.445915113499076, "TKL": 16.445915113499076}}, "categoryImportances": {"2015": {"Economic Policy & Debt": 0.0, "Profile": 0.0, "Climate": 0.0, "Finance": 0.0, "MVI": 0.0}}, "featureImportances": {"2015": {"wdi2-NE.DAB.TOTL.CN": 0.0, "key-mvi-wdi-BX.KLT.DINV.WD.GD.ZS": 0.0, "key-mvi-wdi-BX.TRF.PWKR.DT.GD.ZS": 0.0, "key-ndgain-nd-gain": 0.0, "key-ndgain-nd-readiness": 0.0, "key-ndgain-nd-vulnerability": 0.0, "key-wdi-AG.SRF.TOTL.K2": 0.0, "key-wdi-BN.CAB.XOKA.GD.ZS": 0.0, "key-wdi-BX.KLT.DINV.CD.WD": 0.0, "key-wdi-BX.TRF.PWKR.DT.GD.ZS": 0.0}}, "performance": {"2015": 0.294685441287761}}