{"data": {"2015": {"ATG": 96.66880903453266, "ABW": 97.57317726468516, "BHS": 95.67154612280156, "BMU": 91.36388688493663, "BHR": 95.98124306087236, "BRB": 91.0754016044098, "BLZ": 89.92707792412432, "VGB": 105.12172050579056, "CPV": 98.73017883, "CYM": 98.5528005492572, "COM": 93.16858391919682, "CUB": 102.57978051203864, "CUW": 73.21223466502362, "DMA": 98.68175324246512, "DOM": 98.03096008, "FJI": 97.07989596533938, "GRD": 99.91280386515407, "GNB": 97.29815888796932, "GUY": 90.51355759670366, "HTI": 93.3645049766951, "JAM": 97.87215502177756, "KIR": 92.264935055214, "MDV": 98.89902911837936, "MHL": 98.1609191138514, "MUS": 89.33307455238418, "FSM": 96.8053244990989, "NRU": 93.48567278580737, "PLW": 99.17050934, "PNG": 98.70272742432284, "WSM": 97.26291725924514, "STP": 95.21303517164093, "SYC": 99.56100597905056, "SGP": 99.83811951, "SXM": 90.0467077448626, "SLB": 99.75692703654884, "KNA": 88.71809052020015, "VCT": 97.01375906730954, "LCA": 94.09802581832068, "SUR": 95.60343240471596, "TLS": 98.41145162747364, "TTO": 96.6061363309932, "TON": 77.6486695860154, "TUV": 98.96280134747155, "TCA": 95.7754974548534, "VUT": 97.66800264777152, "AIA": 93.80374472323122, "COK": 93.80374472323122, "MSR": 93.80374472323122, "NIU": 93.80374472323122, "TKL": 93.80374472323122}}, "upperIntervals": {"2015": {"ATG": 117.46612028765732, "ABW": 118.37048851780985, "BHS": 116.46885737592623, "BMU": 112.16119813806132, "BHR": 116.77855431399703, "BRB": 111.87271285753448, "BLZ": 110.724389177249, "VGB": 125.91903175891522, "CYM": 119.35011180238187, "COM": 113.9658951723215, "CUB": 123.37709176516331, "CUW": 94.00954591814828, "DMA": 119.4790644955898, "FJI": 117.87720721846404, "GRD": 120.71011511827876, "GNB": 118.095470141094, "GUY": 111.31086884982834, "HTI": 114.16181622981978, "JAM": 118.66946627490223, "KIR": 113.06224630833869, "MDV": 119.69634037150402, "MHL": 118.95823036697608, "MUS": 110.13038580550884, "FSM": 117.60263575222358, "NRU": 114.28298403893204, "PNG": 119.5000386774475, "WSM": 118.06022851236982, "STP": 116.0103464247656, "SYC": 120.35831723217524, "SXM": 110.84401899798728, "SLB": 120.55423828967352, "KNA": 109.51540177332484, "VCT": 117.8110703204342, "LCA": 114.89533707144535, "SUR": 116.40074365784062, "TLS": 119.20876288059831, "TTO": 117.40344758411788, "TON": 98.44598083914008, "TUV": 119.76011260059624, "TCA": 116.57280870797808, "VUT": 118.4653139008962, "AIA": 114.6010559763559, "COK": 114.6010559763559, "MSR": 114.6010559763559, "NIU": 114.6010559763559, "TKL": 114.6010559763559}}, "lowerIntervals": {"2015": {"ATG": 73.55691458885539, "ABW": 74.46128281900789, "BHS": 72.5596516771243, "BMU": 68.25199243925937, "BHR": 72.8693486151951, "BRB": 67.96350715873254, "BLZ": 66.81518347844705, "VGB": 82.00982606011328, "CYM": 75.44090610357993, "COM": 70.05668947351955, "CUB": 79.46788606636139, "CUW": 50.10034021934635, "DMA": 75.56985879678787, "FJI": 73.96800151966211, "GRD": 76.80090941947681, "GNB": 74.18626444229206, "GUY": 67.4016631510264, "HTI": 70.25261053101784, "JAM": 74.7602605761003, "KIR": 69.15304060953673, "MDV": 75.78713467270208, "MHL": 75.04902466817414, "MUS": 66.22118010670691, "FSM": 73.69343005342164, "NRU": 70.37377834013009, "PNG": 75.59083297864557, "WSM": 74.15102281356788, "STP": 72.10114072596365, "SYC": 76.4491115333733, "SXM": 66.93481329918534, "SLB": 76.64503259087158, "KNA": 65.60619607452288, "VCT": 73.90186462163227, "LCA": 70.98613137264341, "SUR": 72.49153795903868, "TLS": 75.29955718179637, "TTO": 73.49424188531593, "TON": 54.536775140338136, "TUV": 75.85090690179429, "TCA": 72.66360300917613, "VUT": 74.55610820209425, "AIA": 70.69185027755395, "COK": 70.69185027755395, "MSR": 70.69185027755395, "NIU": 70.69185027755395, "TKL": 70.69185027755395}}, "categoryImportances": {"2015": {"Environment": 1268.6295095699315, "Economic Policy & Debt": 110.46137092728168}}, "featureImportances": {"2015": {"wdi2-NY.GDP.MKTP.PP.KD": 110.46137092728168, "wdi-AG.LND.AGRI.K2": 150.94029920056346, "wdi-AG.LND.AGRI.ZS": 61.78848205739632, "wdi-AG.LND.ARBL.HA.PC": 452.8610274838284, "wdi-AG.LND.ARBL.ZS": 142.04534014943056, "wdi-AG.LND.CROP.ZS": 40.660805102437735, "wdi-AG.LND.FRST.K2": 36.20366752706468, "wdi-AG.LND.FRST.ZS": 339.2774310365785, "wdi-AG.LND.TOTL.K2": 39.52278693916742, "wdi-AG.SRF.TOTL.K2": 5.329670073464513}}}