{"data": {"2015": {"ATG": 67.37882859022096, "ABW": 59.82790361470033, "BHS": 56.61235574866429, "BMU": 66.22665096346056, "BHR": 43.54, "BRB": 60.81, "BLZ": 47.93, "VGB": 58.00256760831317, "CPV": 59.36, "CYM": 80.98, "COM": 56.62330123112686, "CUB": 43.09531607085574, "CUW": 60.630624075199165, "DMA": 56.73367461016798, "DOM": 48.33, "FJI": 54.7589179839969, "GRD": 65.4, "GNB": 56.48186261449301, "GUY": 68.6246945375563, "HTI": 47.72024921992926, "JAM": 56.25, "KIR": 33.57, "MDV": 64.29345237238316, "MHL": 41.48625828748519, "MUS": 46.18, "FSM": 40.50911643259475, "NRU": 63.2139442149092, "PLW": 64.52703717223541, "PNG": 60.97516321941133, "WSM": 46.58923978118455, "STP": 48.831829315391374, "SYC": 67.23, "SGP": 60.42, "SXM": 66.27493610774513, "SLB": 50.23140693048038, "KNA": 62.10016342594562, "VCT": 57.60073899011049, "LCA": 64.45757127942213, "SUR": 47.65, "TLS": 42.49296186115433, "TTO": 49.37, "TON": 39.408942806733215, "TUV": 44.76998317185336, "TCA": 65.48863177438663, "VUT": 64.56613144010348, "AIA": 50.05662564480227, "COK": 50.05662564480227, "MSR": 50.05662564480227, "NIU": 50.05662564480227, "TKL": 50.05662564480227}, "2020": {"ASM": 44.06910602098499, "ATG": 43.502011808628176, "ABW": 48.65873620229033, "BHS": 57.747282807299364, "BRB": 46.41515033827659, "BLZ": 50.86886181747744, "VGB": 56.60164680508183, "CPV": 39.769025281742174, "COM": 40.0722432035095, "CUB": 44.57377965570943, "CUW": 50.38879026281903, "DMA": 39.915933088813475, "DOM": 51.35855915903471, "FJI": 40.33905932530572, "PYF": 40.0722432035095, "GRD": 45.96671715076844, "GUM": 53.88513031163193, "GNB": 49.473912251639256, "GUY": 46.48611143725682, "HTI": 46.830659801711235, "JAM": 48.86200018292585, "KIR": 34.01352037342511, "MDV": 53.60542327415909, "MHL": 47.70308927745074, "MUS": 39.49180730950995, "FSM": 47.345921060720165, "NRU": 48.64179618284278, "NCL": 47.48924125577562, "MNP": 59.079768730475564, "PLW": 41.40733070456533, "PNG": 40.0722432035095, "PRI": 40.33175156637499, "KNA": 41.87126007613161, "LCA": 49.50227100141846, "VCT": 42.40507140244162, "WSM": 40.83072947824481, "STP": 40.0722432035095, "SYC": 44.25173215339909, "SGP": 59.71201923944606, "SXM": 50.32694862473293, "SLB": 50.17604840243573, "SUR": 37.429422009002906, "TLS": 53.60542327415909, "TON": 40.0722432035095, "TTO": 46.900537753465535, "TUV": 36.72508537982293, "VIR": 50.767083366287096, "VUT": 51.709635548176344, "AIA": 50.31365369946066, "COK": 50.31365369946066, "MSR": 50.31365369946066, "NIU": 50.31365369946066}}, "upperIntervals": {"2015": {"ATG": 92.1110838647238, "ABW": 84.56015888920318, "BHS": 81.34461102316715, "BMU": 90.9589062379634, "VGB": 82.73482288281602, "COM": 81.3555565056297, "CUB": 67.82757134535859, "CUW": 85.36287934970201, "DMA": 81.46592988467083, "FJI": 79.49117325849974, "GNB": 81.21411788899586, "GUY": 93.35694981205914, "HTI": 72.4525044944321, "MDV": 89.025707646886, "MHL": 66.21851356198803, "FSM": 65.2413717070976, "NRU": 87.94619948941204, "PLW": 89.25929244673826, "PNG": 85.70741849391418, "WSM": 71.3214950556874, "STP": 73.56408458989422, "SXM": 91.00719138224798, "SLB": 74.96366220498322, "KNA": 86.83241870044847, "VCT": 82.33299426461335, "LCA": 89.18982655392497, "TLS": 67.22521713565718, "TON": 64.14119808123607, "TUV": 69.5022384463562, "TCA": 90.22088704888948, "VUT": 89.29838671460632, "AIA": 74.78888091930511, "COK": 74.78888091930511, "MSR": 74.78888091930511, "NIU": 74.78888091930511, "TKL": 74.78888091930511}, "2020": {"ASM": 51.112699035919334, "ATG": 50.54560482356252, "ABW": 55.70232921722467, "BHS": 64.7908758222337, "BRB": 53.458743353210934, "BLZ": 57.91245483241178, "VGB": 63.64523982001617, "CPV": 46.81261829667652, "COM": 47.115836218443846, "CUB": 51.617372670643775, "CUW": 57.432383277753374, "DMA": 46.95952610374782, "DOM": 58.40215217396906, "FJI": 47.382652340240064, "PYF": 47.115836218443846, "GRD": 53.01031016570278, "GUM": 60.92872332656628, "GNB": 56.5175052665736, "GUY": 53.52970445219116, "HTI": 53.87425281664558, "JAM": 55.90559319786019, "KIR": 41.057113388359454, "MDV": 60.64901628909343, "MHL": 54.74668229238508, "MUS": 46.535400324444296, "FSM": 54.38951407565451, "NRU": 55.68538919777713, "NCL": 54.53283427070996, "MNP": 66.12336174540991, "PLW": 48.45092371949968, "PNG": 47.115836218443846, "PRI": 47.375344581309335, "KNA": 48.91485309106596, "LCA": 56.5458640163528, "VCT": 49.448664417375966, "WSM": 47.87432249317916, "STP": 47.115836218443846, "SYC": 51.295325168333434, "SGP": 66.7556122543804, "SXM": 57.37054163966727, "SLB": 57.21964141737008, "SUR": 44.47301502393725, "TLS": 60.64901628909343, "TON": 47.115836218443846, "TTO": 53.94413076839988, "TUV": 43.76867839475727, "VIR": 57.81067638122144, "VUT": 58.75322856311069, "AIA": 57.357246714395, "COK": 57.357246714395, "MSR": 57.357246714395, "NIU": 57.357246714395}}, "lowerIntervals": {"2015": {"ATG": 46.08544454512954, "ABW": 38.53451956960891, "BHS": 35.31897170357287, "BMU": 44.933266918369135, "VGB": 36.70918356322175, "COM": 35.32991718603544, "CUB": 21.80193202576432, "CUW": 39.33724003010774, "DMA": 35.44029056507656, "FJI": 33.46553393890548, "GNB": 35.18847856940159, "GUY": 47.33131049246487, "HTI": 26.42686517483784, "MDV": 43.000068327291736, "MHL": 20.19287424239377, "FSM": 19.21573238750333, "NRU": 41.920560169817776, "PLW": 43.23365312714399, "PNG": 39.68177917431991, "WSM": 25.295855736093124, "STP": 27.538445270299952, "SXM": 44.98155206265371, "SLB": 28.93802288538896, "KNA": 40.8067793808542, "VCT": 36.30735494501907, "LCA": 43.164187234330704, "TLS": 21.199577816062902, "TON": 18.1155587616418, "TUV": 23.476599126761933, "TCA": 44.19524772929521, "VUT": 43.27274739501205, "AIA": 28.763241599710845, "COK": 28.763241599710845, "MSR": 28.763241599710845, "NIU": 28.763241599710845, "TKL": 28.763241599710845}, "2020": {"ASM": 35.65158740504786, "ATG": 35.08449319269104, "ABW": 40.2412175863532, "BHS": 49.32976419136223, "BRB": 37.99763172233946, "BLZ": 42.45134320154031, "VGB": 48.1841281891447, "CPV": 31.351506665805044, "COM": 31.65472458757237, "CUB": 36.1562610397723, "CUW": 41.9712716468819, "DMA": 31.498414472876345, "DOM": 42.941040543097586, "FJI": 31.92154070936859, "PYF": 31.65472458757237, "GRD": 37.549198534831305, "GUM": 45.4676116956948, "GNB": 41.05639363570212, "GUY": 38.06859282131968, "HTI": 38.41314118577411, "JAM": 40.44448156698871, "KIR": 25.59600175748798, "MDV": 45.18790465822195, "MHL": 39.2855706615136, "MUS": 31.07428869357282, "FSM": 38.92840244478303, "NRU": 40.224277566905656, "NCL": 39.071722639838484, "MNP": 50.66225011453844, "PLW": 32.9898120886282, "PNG": 31.65472458757237, "PRI": 31.91423295043786, "KNA": 33.45374146019448, "LCA": 41.08475238548132, "VCT": 33.987552786504494, "WSM": 32.41321086230768, "STP": 31.65472458757237, "SYC": 35.83421353746196, "SGP": 51.294500623508924, "SXM": 41.909430008795795, "SLB": 41.7585297864986, "SUR": 29.011903393065776, "TLS": 45.18790465822195, "TON": 31.65472458757237, "TTO": 38.4830191375284, "TUV": 28.3075667638858, "VIR": 42.34956475034997, "VUT": 43.29211693223921, "AIA": 41.89613508352353, "COK": 41.89613508352353, "MSR": 41.89613508352353, "NIU": 41.89613508352353}}, "categoryImportances": {"2015": {"Environment": 571.3533561602235, "Economic Policy & Debt": 941.6758967265487}, "2020": {"Economic Policy & Debt": 24.562796272337437, "Infrastructure": 19.555877715349197, "Social Protection & Labor": 363.2468974366784}}, "featureImportances": {"2015": {"wdi2-NY.GDP.MKTP.CN": 110.38513918966056, "wdi-AG.LND.TOTL.K2": 108.809395134449, "wdi-AG.SRF.TOTL.K2": 4.151098132133484, "wdi-EG.ELC.ACCS.ZS": 32.85233345627785, "wdi-EG.ELC.RNEW.ZS": 184.72701842337847, "wdi-EN.POP.DNST": 50.69502791762352, "wdi2-NY.GDP.FRST.RT.ZS": 151.8261997103691, "wdi2-NY.GDP.MINR.RT.ZS": 38.29228338599205, "wdi2-NY.GDP.MKTP.CD": 243.3483091443777, "wdi2-NY.GDP.PCAP.CD": 587.9424483925104}, "2020": {"wdi2-NE.DAB.TOTL.CN": 5.775499992072582, "wdi2-NE.EXP.GNFS.CN": 2.3345660269260406,