{"data": {"2015": {"ATG": 40.73916364547056, "ABW": 51.29053832243071, "BHS": 45.86397560747477, "BMU": 48.41270404369921, "BHR": 51.69776504893654, "BRB": 37.12218947945222, "BLZ": 8.09221416238895, "VGB": 52.029678209717545, "CPV": 11.86962032, "CYM": 54.85269928, "COM": 10.846421518392042, "CUB": 13.012415457868652, "CUW": 13.539728198844452, "DMA": 26.12408350196109, "DOM": 12.38035011, "FJI": 12.687302516850757, "GRD": 20.80523665579664, "GNB": 10.291820375167184, "GUY": 12.219222783819024, "HTI": 6.885618537412645, "JAM": 11.742321352984696, "KIR": 13.2271660626001, "MDV": 21.22938393743851, "MHL": 13.2271660626001, "MUS": 22.095298588345, "FSM": 17.822254417061888, "NRU": 16.605078054958863, "PLW": 18.97946299145741, "PNG": 13.36081415815709, "WSM": 12.024727297972586, "STP": 10.846421518392042, "SYC": 36.47598845178977, "SGP": 52.04100037, "SXM": 30.430805124197448, "SLB": 11.508996737270207, "KNA": 40.30863560393582, "VCT": 22.134705455706435, "LCA": 20.80523665579664, "SUR": 18.60912584600994, "TLS": 11.488081295893974, "TTO": 42.76753479126679, "TON": 37.12218947945222, "TUV": 16.71737049276563, "TCA": 37.45410264023322, "VUT": 11.621289175076983, "AIA": 14.807230165597762, "COK": 14.807230165597762, "MSR": 14.807230165597762, "NIU": 14.807230165597762, "TKL": 14.807230165597762}}, "upperIntervals": {"2015": {"ATG": 63.179145344444805, "ABW": 73.73052002140496, "BHS": 68.303957306449, "BMU": 70.85268574267346, "BHR": 74.13774674791078, "BRB": 59.56217117842647, "BLZ": 30.5321958613632, "VGB": 74.4696599086918, "COM": 33.286403217366285, "CUB": 35.4523971568429, "CUW": 35.9797098978187, "DMA": 48.56406520093534, "FJI": 35.127284215825, "GRD": 43.24521835477088, "GNB": 32.73180207414143, "GUY": 34.65920448279327, "HTI": 29.32560023638689, "JAM": 34.18230305195894, "KIR": 35.66714776157435, "MDV": 43.66936563641276, "MHL": 35.66714776157435, "MUS": 44.535280287319246, "FSM": 40.262236116036135, "NRU": 39.04505975393311, "PLW": 41.41944469043166, "PNG": 35.800795857131334, "WSM": 34.46470899694683, "STP": 33.286403217366285, "SYC": 58.91597015076401, "SXM": 52.8707868231717, "SLB": 33.94897843624446, "KNA": 62.74861730291006, "VCT": 44.57468715468068, "LCA": 43.24521835477088, "SUR": 41.04910754498418, "TLS": 33.92806299486822, "TTO": 65.20751649024103, "TON": 59.56217117842647, "TUV": 39.15735219173988, "TCA": 59.89408433920747, "VUT": 34.06127087405123, "AIA": 37.24721186457201, "COK": 37.24721186457201, "MSR": 37.24721186457201, "NIU": 37.24721186457201, "TKL": 37.24721186457201}}, "lowerIntervals": {"2015": {"ATG": 23.96394905460709, "ABW": 34.51532373156725, "BHS": 29.0887610166113, "BMU": 31.637489452835744, "BHR": 34.92255045807308, "BRB": 20.34697488858876, "BLZ": -8.683000428474513, "VGB": 35.25446361885408, "COM": -5.9287930724714215, "CUB": -3.762799132994811, "CUW": -3.235486392019011, "DMA": 9.348868911097629, "FJI": -4.087912074012706, "GRD": 4.030022064933178, "GNB": -6.483394215696279, "GUY": -4.555991807044439, "HTI": -9.889596053450818, "JAM": -5.032893237878767, "KIR": -3.548048528263364, "MDV": 4.454169346575046, "MHL": -3.548048528263364, "MUS": 5.320083997481536, "FSM": 1.047039826198425, "NRU": -0.1701365359046001, "PLW": 2.204248400593947, "PNG": -3.4144004327063726, "WSM": -4.7504872928908775, "STP": -5.9287930724714215, "SYC": 19.700773860926304, "SXM": 13.655590533333983, "SLB": -5.266217853593254, "KNA": 23.53342101307236, "VCT": 5.359490864842972, "LCA": 4.030022064933178, "SUR": 1.8339112551464751, "TLS": -5.28713329496949, "TTO": 25.992320200403327, "TON": 20.34697488858876, "TUV": -0.0578440980978314, "TCA": 20.67888804936976, "VUT": -5.153925415786478, "AIA": -1.9679844252657013, "COK": -1.9679844252657013, "MSR": -1.9679844252657013, "NIU": -1.9679844252657013, "TKL": -1.9679844252657013}}, "categoryImportances": {"2015": {"Environment": 241.71785765886307, "Economic Policy & Debt": 23.63766980171204, "Profile": 77.05702605843544, "Climate": 312.35990488529205, "Digital": 2238.8967886567116, "Blue": 47.34379056096077}}, "featureImportances": {"2015": {"wdi2-NE.DAB.TOTL.CN": 23.63766980171204, "key-wdi-AG.SRF.TOTL.K2": 59.75658994913101, "key-wdi-EG.ELC.ACCS.ZS": 1122.5440604686737, "key-wdi-EG.ELC.RNEW.ZS": 19.74638205766678, "key-wdi-EG.FEC.RNEW.ZS": 292.6135228276253, "key-wdi-ER.FSH.CAPT.MT": 47.34379056096077, "key-wdi-IT.CEL.SETS.P2": 90.98112645745276, "key-wdi-IT.NET.USER.ZS": 1025.371601730585, "key-wdi2-SP.POP.TOTL": 17.300436109304428, "wdi-AG.LND.AGRI.K2": 241.71785765886307}}, "performance": {"2015": 0.4908813641568393}}