{"data": {"2015": {"ATG": 41.0438701751, "ABW": 32.712927071226744, "BHS": 37.54946254666719, "BMU": 36.83374504704646, "BHR": 41.83, "BRB": 30.0, "BLZ": 38.57, "VGB": 38.33426330970552, "CPV": 17.44, "CYM": 47.74, "COM": 38.096535622469936, "CUB": 19.82383099946399, "CUW": 20.19, "DMA": 22.98379208237408, "DOM": 36.77, "FJI": 19.487982833970577, "GRD": 31.80070888847716, "GNB": 37.0423621544089, "GUY": 29.985423750461223, "HTI": 33.94078047771715, "JAM": 22.87, "KIR": 20.85, "MDV": 34.3363316823899, "MHL": 29.23004061983752, "MUS": 34.29, "FSM": 37.12673385401828, "NRU": 30.881089645115534, "PLW": 34.850184157706565, "PNG": 37.79777176721719, "WSM": 28.34992121249014, "STP": 37.61663887886057, "SYC": 48.04, "SGP": 36.79, "SXM": 38.84253033965884, "SLB": 36.64349370293942, "KNA": 30.04126629275364, "VCT": 25.30081854802372, "LCA": 29.790412562232422, "SUR": 26.95, "TLS": 29.0448354385944, "TTO": 41.05, "TON": 31.855346975532505, "TUV": 27.643518306961635, "TCA": 38.84253033965884, "VUT": 30.936086139177323, "AIA": 43.21782467349232, "COK": 43.21782467349232, "MSR": 43.21782467349232, "NIU": 43.21782467349232, "TKL": 43.21782467349232}, "2020": {"ASM": 18.41571578575958, "ATG": 26.66208096461202, "ABW": 30.16975768027927, "BHS": 33.289160978750054, "BRB": 21.003430817152513, "BLZ": 36.02312132565077, "VGB": 55.08817155201625, "CPV": 22.30417204622736, "COM": 33.725258076625614, "CUB": 48.76218804176482, "CUW": 30.936009378393514, "DMA": 20.545702585389286, "DOM": 35.470210481317075, "FJI": 40.96695961415161, "PYF": 24.904066300520654, "GRD": 30.199195768198045, "GUM": 30.623120626365957, "GNB": 23.7543674757777, "GUY": 49.69582665038226, "HTI": 26.538326221330525, "JAM": 32.06334168308373, "KIR": 21.324782148845976, "MDV": 26.41021608337307, "MHL": 31.097259911863745, "MUS": 25.992570444076634, "FSM": 29.428849429494015, "NRU": 35.317108165076824, "NCL": 29.20777937579374, "MNP": 29.961563196133266, "PLW": 22.28804913294862, "PNG": 29.102341854892966, "PRI": 33.53717011175412, "KNA": 22.123327013082246, "LCA": 32.32935913807894, "VCT": 24.493936805982376, "WSM": 36.17906579078325, "STP": 48.047736807407645, "SYC": 20.545702585389286, "SGP": 33.413165149048766, "SXM": 23.68967903558485, "SLB": 34.13769520805844, "SUR": 31.554029666308644, "TLS": 34.6991461055609, "TON": 35.061537263554655, "TTO": 31.806053789237954, "TUV": 19.10186458490412, "VIR": 39.77748891720825, "VUT": 34.534423985694524, "AIA": 31.143135579687527, "COK": 31.143135579687527, "MSR": 31.143135579687527, "NIU": 31.143135579687527}}, "upperIntervals": {"2015": {"ATG": 63.24722169464218, "ABW": 54.916278590768925, "BHS": 59.752814066209375, "BMU": 59.03709656658864, "VGB": 60.5376148292477, "COM": 60.29988714201212, "CUB": 42.027182519006175, "DMA": 45.187143601916254, "FJI": 41.69133435351276, "GRD": 54.00406040801934, "GNB": 59.24571367395108, "GUY": 52.18877527000341, "HTI": 56.14413199725933, "MDV": 56.53968320193208, "MHL": 51.433392139379706, "FSM": 59.33008537356047, "NRU": 53.08444116465772, "PLW": 57.053535677248746, "PNG": 60.00112328675937, "WSM": 50.553272732032326, "STP": 59.81999039840275, "SXM": 61.04588185920102, "SLB": 58.846845222481605, "KNA": 52.24461781229582, "VCT": 47.50417006756589, "LCA": 51.99376408177461, "TLS": 51.24818695813658, "TON": 54.05869849507468, "TUV": 49.84686982650382, "TCA": 61.04588185920102, "VUT": 53.1394376587195, "AIA": 65.42117619303451, "COK": 65.42117619303451, "MSR": 65.42117619303451, "NIU": 65.42117619303451, "TKL": 65.42117619303451}, "2020": {"ASM": 25.828744555694108, "ATG": 34.075109734546544, "ABW": 37.582786450213796, "BHS": 40.70218974868458, "BRB": 28.41645958708704, "BLZ": 43.4361500955853, "VGB": 62.501200321950776, "CPV": 29.71720081616189, "COM": 41.13828684656014, "CUB": 56.17521681169935, "CUW": 38.34903814832804, "DMA": 27.958731355323813, "DOM": 42.8832392512516, "FJI": 48.37998838408614, "PYF": 32.31709507045518, "GRD": 37.61222453813257, "GUM": 38.03614939630048, "GNB": 31.167396245712226, "GUY": 57.108855420316786, "HTI": 33.95135499126505, "JAM": 39.476370453018255, "KIR": 28.737810918780504, "MDV": 33.82324485330759, "MHL": 38.51028868179827, "MUS": 33.40559921401116, "FSM": 36.84187819942854, "NRU": 42.73013693501135, "NCL": 36.62080814572827, "MNP": 37.37459196606779, "PLW": 29.701077902883146, "PNG": 36.51537062482749, "PRI": 40.95019888168865, "KNA": 29.536355783016774, "LCA": 39.74238790801347, "VCT": 31.906965575916903, "WSM": 43.592094560717776, "STP": 55.46076557734217, "SYC": 27.958731355323813, "SGP": 40.82619391898329, "SXM": 31.102707805519376, "SLB": 41.550723977992966, "SUR": 38.96705843624317, "TLS": 42.11217487549543, "TON": 42.47456603348918, "TTO": 39.21908255917248, "TUV": 26.514893354838648, "VIR": 47.19051768714278, "VUT": 41.94745275562905, "AIA": 38.55616434962205, "COK": 38.55616434962205, "MSR": 38.55616434962205, "NIU": 38.55616434962205}}, "lowerIntervals": {"2015": {"ATG": 24.471899449512097, "ABW": 16.140956345638845, "BHS": 20.97749182107929, "BMU": 20.261774321458564, "VGB": 21.76229258411762, "COM": 21.52456489688204, "CUB": 3.2518602738760904, "DMA": 6.411821356786174, "FJI": 2.9160121083826773, "GRD": 15.228738162889258, "GNB": 20.470391428821, "GUY": 13.413453024873329, "HTI": 17.36880975212925, "MDV": 17.764360956801998, "MHL": 12.65806989424962, "FSM": 20.554763128430384, "NRU": 14.309118919527634, "PLW": 18.278213432118665, "PNG": 21.225801041629293, "WSM": 11.777950486902242, "STP": 21.04466815327267, "SXM": 22.270559614070937, "SLB": 20.071522977351524, "KNA": 13.46929556716574, "VCT": 8.728847822435814, "LCA": 13.218441836644526, "TLS": 12.472864713006498, "TON": 15.283376249944602, "TUV": 11.071547581373736, "TCA": 22.270559614070937, "VUT": 14.364115413589424, "AIA": 26.645853947904424, "COK": 26.645853947904424, "MSR": 26.645853947904424, "NIU": 26.645853947904424, "TKL": 26.645853947904424}, "2020": {"ASM": 11.07055152324078, "ATG": 19.31691670209322, "ABW": 22.82459341776047, "BHS": 25.943996716231254, "BRB": 13.658266554633713, "BLZ": 28.67795706313197, "VGB": 47.74300728949745, "CPV": 14.95900778370856, "COM": 26.380093814106814, "CUB": 41.41702377924602, "CUW": 23.590845115874714, "DMA": 13.200538322870486, "DOM": 28.125046218798275, "FJI": 33.62179535163281, "PYF": 17.558902038001854, "GRD": 22.854031505679245, "GUM": 23.277956363847156, "GNB": 16.4092032132589, "GUY": 42.35066238786346, "HTI": 19.193161958811725, "JAM": 24.718177420564928, "KIR": 13.979617886327176, "MDV": 19.06505182085427, "MHL": 23.752095649344945, "MUS": 18.647406181557834, "FSM": 22.083685166975215, "NRU": 27.971943902558024, "NCL": 21.86261511327494, "MNP": 22.616398933614466, "PLW": 14.942884870429818, "PNG": 21.757177592374166, "PRI": 26.192005849235322, "KNA": 14.778162750563446, "LCA": 24.984194875560142, "VCT": 17.148772543463576, "WSM": 28.833901528264448, "STP": 40.702572544888845, "SYC": 13.200538322870486, "SGP": 26.068000886529965, "SXM": 16.34451477306605, "SLB": 26.79253094553964, "SUR": 24.208865403789844, "TLS": 27.3539818430421, "TON": 27.716373001035855, "TTO": 24.460889526719154, "TUV": 11.75670032238532, "VIR": 32.43232465468945, "VUT": 27.189259723175724, "AIA": 23.797971317168727, "COK": 23.797971317168727, "MSR": 23.797971317168727, "NIU": 23.797971317168727}}, "categoryImportances": {"2015": {"Environment": 741.5242570191622, "Economic Policy & Debt": 323.9259240925312, "Financial": 196.07239270210263}, "2020": {"Economic Policy & Debt": 12.863079346716404, "Infrastructure": 9.414147362112999, "Social Protection & Labor": 725.8310812562704}}, "featureImportances": {"2015": {"wdi2-NY.GDP.MKTP.CN": 98.659948438406, "mvi-wdi-BX.KLT.DINV.WD.GD.ZS": 196.07239270210263, "wdi-AG.LND.TOTL.K2": 114.54804009199142, "wdi-AG.SRF.TOTL.K2": 31.1216441988945, "wdi-BX.KLT.DINV.CD.WD": 225.2659756541252, "wdi-BX.KLT.DINV.WD.GD.ZS": 0.0, "wdi-EG.ELC.ACCS.UR.ZS": 90.27655372023582, "wdi-EG.ELC.ACCS.ZS": 54.47154140472412, "wdi-EG.ELC.RNEW.ZS": 236.29359631240368,