{"data": {"2015": {"ATG": 2.3461986456617114, "ABW": 5.860532998364147, "BHS": 17.166872928519293, "BMU": 3.726217688, "BHR": 13.72105799, "BRB": 5.221688443502415, "BLZ": 10.641277934701248, "VGB": 1.9419954845201528, "CPV": 5.297075989957995, "CYM": 11.684912049581335, "COM": 13.431190959074817, "CUB": 10.389219603695818, "CUW": 4.372147674899957, "DMA": -0.1633366870036896, "DOM": 6.359615448532878, "FJI": 5.213904983, "GRD": 2.1540568114573984, "GNB": 14.77229490527716, "GUY": 13.89500391102983, "HTI": 11.477720940735752, "JAM": 15.082795581698084, "KIR": 7.389554731129002, "MDV": 0.041928264, "MHL": -0.1095679777369463, "MUS": 14.301139109708188, "FSM": 9.39233193352704, "NRU": -0.1796201169317849, "PLW": 13.854510890805708, "PNG": 11.929118739316811, "WSM": 3.0073285529436764, "STP": 11.781119266079656, "SYC": 14.150201995638566, "SGP": 26.68064443, "SXM": 6.940302106463449, "SLB": 13.083878418544764, "KNA": 5.175222671222688, "VCT": 0.5732606960477203, "LCA": 12.11891226173149, "SUR": 11.43027253634843, "TLS": 6.376146378881945, "TTO": 14.475314290964423, "TON": -0.9943769714123136, "TUV": 1.0799186379230332, "TCA": 13.046250110713032, "VUT": 13.130754907633412, "AIA": 9.874494340527685, "COK": 9.874494340527685, "MSR": 9.874494340527685, "NIU": 9.874494340527685, "TKL": 9.874494340527685}}, "upperIntervals": {"2015": {"ATG": 18.39891832259613, "ABW": 21.913252675298565, "BHS": 33.21959260545371, "BRB": 21.274408120436835, "BLZ": 26.693997611635663, "VGB": 17.99471516145457, "CPV": 21.34979566689241, "CYM": 27.73763172651576, "COM": 29.483910636009234, "CUB": 26.44193928063024, "CUW": 20.424867351834376, "DMA": 15.88938298993073, "DOM": 22.412335125467298, "GRD": 18.206776488391817, "GNB": 30.82501458221158, "GUY": 29.947723587964248, "HTI": 27.530440617670173, "JAM": 31.135515258632505, "KIR": 23.442274408063422, "MHL": 15.943151699197474, "MUS": 30.353858786642604, "FSM": 25.44505161046146, "NRU": 15.873099560002634, "PLW": 29.90723056774013, "PNG": 27.981838416251232, "WSM": 19.06004822987809, "STP": 27.833838943014072, "SYC": 30.202921672572984, "SXM": 22.993021783397868, "SLB": 29.136598095479183, "KNA": 21.227942348157107, "VCT": 16.62598037298214, "LCA": 28.17163193866591, "SUR": 27.48299221328285, "TLS": 22.428866055816364, "TTO": 30.528033967898843, "TON": 15.058342705522106, "TUV": 17.132638314857452, "TCA": 29.09896978764745, "VUT": 29.18347458456784, "AIA": 25.927214017462106, "COK": 25.927214017462106, "MSR": 25.927214017462106, "NIU": 25.927214017462106, "TKL": 25.927214017462106}}, "lowerIntervals": {"2015": {"ATG": -8.88137254506042, "ABW": -5.3670381923579855, "BHS": 5.939301737797161, "BRB": -6.005882747219718, "BLZ": -0.5862932560208858, "VGB": -9.285575706201978, "CPV": -5.930495200764137, "CYM": 0.4573408588592045, "COM": 2.2036197683526844, "CUB": -0.838351587026315, "CUW": -6.855423515822175, "DMA": -11.390907877725825, "DOM": -4.867955742189254, "GRD": -9.073514379264736, "GNB": 3.544723714555028, "GUY": 2.6674327203076977, "HTI": 0.2501497500136196, "JAM": 3.85522439097595, "KIR": -3.8380164595931294, "MHL": -11.337139168459078, "MUS": 3.073567918986054, "FSM": -1.8352392571950933, "NRU": -11.407191307653918, "PLW": 2.6269397000835752, "PNG": 0.7015475485946805, "WSM": -8.220242637778457, "STP": 0.5535480753575222, "SYC": 2.922630804916434, "SXM": -4.287269084258684, "SLB": 1.8563072278226311, "KNA": -6.052348519499445, "VCT": -10.654310494674412, "LCA": 0.8913410710093572, "SUR": 0.2027013456262967, "TLS": -4.851424811840188, "TTO": 3.2477431002422925, "TON": -12.221948162134446, "TUV": -10.1476525527991, "TCA": 1.8186789199909, "VUT": 1.9031837169112809, "AIA": -1.353076850194448, "COK": -1.353076850194448, "MSR": -1.353076850194448, "NIU": -1.353076850194448, "TKL": -1.353076850194448}}, "categoryImportances": {"2015": {"Environment": 536.8957620188594, "Economic Policy & Debt": 133.11295244842768}}, "featureImportances": {"2015": {"wdi2-NY.GDP.MKTP.CN": 133.11295244842768, "wdi-AG.LND.AGRI.K2": 86.79163003712893, "wdi-AG.LND.AGRI.ZS": 51.54478123039007, "wdi-AG.LND.ARBL.HA": 29.825826182961464, "wdi-AG.LND.ARBL.HA.PC": 13.544695019721985, "wdi-AG.LND.ARBL.ZS": 193.1758962869644, "wdi-AG.LND.TOTL.K2": 85.29926638305187, "wdi-AG.PRD.CROP.XD": 11.62945094704628, "wdi-AG.PRD.FOOD.XD": 12.16016311198473, "wdi-AG.PRD.LVSK.XD": 52.92405281960964}}}