{"data": {"2015": {"ATG": 2308576448765.66, "ABW": -3072798792426.1875, "BHS": -1108720000.0, "BMU": 2814987261047.9, "BHR": 1999320000.0, "BRB": 4184705722212.317, "BLZ": -96041638.21, "VGB": 1430613877583.285, "CPV": -22359807500.0, "CYM": 479212844966.1234, "COM": -71766706500.0, "CUB": 2827000000.0, "CUW": 5155332383563.6045, "DMA": 39044652217.436455, "DOM": -117000000000.0, "FJI": 1766794222557.7354, "GRD": 2656302987032.15, "GNB": -62388318700.0, "GUY": -51360279200.75778, "HTI": 4860518041159.219, "JAM": -98199000000.0, "KIR": -169383000.0, "MDV": 3880000000.0, "MHL": 2649584265815.8013, "MUS": -16917368300.0, "FSM": 3480283647070.7725, "NRU": 2707575965894.9653, "PLW": -48462000.0, "PNG": -3694520937637.256, "WSM": -2859694253327.7417, "STP": 2635145677717.2856, "SYC": -887000000.0, "SGP": 116000000000.0, "SXM": -1812867400942.6355, "SLB": -367000000.0, "KNA": 4032471096827.217, "VCT": -409057933946.8987, "LCA": 3025829506021.016, "SUR": -1045001953103.3474, "TLS": -858412500.0, "TTO": 4294747702460.009, "TON": -543791012450.5602, "TUV": 1561390726846.327, "TCA": -2312689058747.8457, "VUT": -12976000000.0, "AIA": 4719611089110.645, "COK": 4719611089110.645, "MSR": 4719611089110.645, "NIU": 4719611089110.645, "TKL": 4719611089110.645}, "2020": {"ASM": -2459791027881.4434, "ATG": 921792053232.6731, "ABW": 2286860113675.505, "BHS": -906809411064.951, "BRB": -3739366823682.128, "BLZ": -145360738.3, "VGB": -1628219010782.443, "CPV": -51196088800.0, "COM": -7621571112285.619, "CUB": -2526537433892.351, "CUW": -1083287354803.3112, "DMA": 1611557996393.761, "DOM": -221000000000.0, "FJI": -1399348432259.9065, "PYF": 9084237376825.723, "GRD": -2532374403848.486, "GUM": 12587280426865.953, "GNB": -99927941800.0, "GUY": 2795606106434.6973, "HTI": 17240249900216.44, "JAM": -88918822000.0, "KIR": 5794786101434.955, "MDV": 2467658559622.9062, "MHL": -1017412156786.8723, "MUS": -46390000000.0, "FSM": -2800555083866.044, "NRU": 4848663003257.712, "NCL": 9292704245269.281, "MNP": 1705485788602.2144, "PLW": -2013154414211.745, "PNG": 2776056284710.502, "PRI": -3407131594107.563, "KNA": 1174730521341.0906, "LCA": 563071540049.0952, "VCT": 3504053050571.574, "WSM": 1862464459811.0583, "STP": 11857038886113.004, "SYC": -2028759330551.2239, "SGP": 144000000000.0, "SXM": -12006568624227.95, "SLB": -1212000000.0, "SUR": -1336298261979.6829, "TLS": -442679846387.3613, "TON": -1857118126801.4797, "TTO": 1227541400565.1638, "TUV": 1270784960127.168, "VIR": 10086992274593.271, "VUT": -23981000000.0, "AIA": 5010024669784.971, "COK": 5010024669784.971, "MSR": 5010024669784.971, "NIU": 5010024669784.971}}, "upperIntervals": {"2015": {"ATG": 17870233097392.305, "ABW": 12488857856200.455, "BMU": 18376643909674.543, "BRB": 19746362370838.96, "VGB": 16992270526209.93, "CYM": 16040869493592.768, "CUW": 20716989032190.25, "DMA": 15600701300844.08, "FJI": 17328450871184.38, "GRD": 18217959635658.8, "GUY": 15510296369425.889, "HTI": 20422174689785.863, "MHL": 18211240914442.445, "FSM": 19041940295697.41, "NRU": 18269232614521.61, "PNG": 11867135710989.389, "WSM": 12701962395298.902, "STP": 18196802326343.93, "SXM": 13748789247684.01, "KNA": 19594127745453.863, "VCT": 15152598714679.746, "LCA": 18587486154647.66, "SUR": 14516654695523.297, "TTO": 19856404351086.65, "TON": 15017865636176.084, "TUV": 17123047375472.97, "TCA": 13248967589878.8, "AIA": 20281267737737.29, "COK": 20281267737737.29, "MSR": 20281267737737.29, "NIU": 20281267737737.29, "TKL": 20281267737737.29}, "2020": {"ASM": 30859317190676.508, "ATG": 34240900271790.62, "ABW": 35605968332233.45, "BHS": 32412298807493.0, "BRB": 29579741394875.82, "VGB": 31690889207775.508, "COM": 25697537106272.33, "CUB": 30792570784665.598, "CUW": 32235820863754.637, "DMA": 34930666214951.71, "FJI": 31919759786298.043, "PYF": 42403345595383.67, "GRD": 30786733814709.465, "GUM": 45906388645423.91, "GUY": 36114714324992.65, "HTI": 50559358118774.39, "KIR": 39113894319992.91, "MDV": 35786766778180.86, "MHL": 32301696061771.08, "FSM": 30518553134691.906, "NRU": 38167771221815.664, "NCL": 42611812463827.234, "MNP": 35024594007160.164, "PLW": 31305953804346.203, "PNG": 36095164503268.45, "PRI": 29911976624450.387, "KNA": 34493838739899.04, "LCA": 33882179758607.043, "VCT": 36823161269129.52, "WSM": 35181572678369.008, "STP": 45176147104670.95, "SYC": 31290348888006.727, "SXM": 21312539594330.0, "SUR": 31982809956578.266, "TLS": 32876428372170.586, "TON": 31461990091756.47, "TTO": 34546649619123.113, "TUV": 34589893178685.117, "VIR": 43406100493151.22, "AIA": 38329132888342.92, "COK": 38329132888342.92, "MSR": 38329132888342.92, "NIU": 38329132888342.92}}, "lowerIntervals": {"2015": {"ATG": -17229841036285.062, "ABW": -22611216277476.91, "BMU": -16723430224002.822, "BRB": -15353711762838.406, "VGB": -18107803607467.44, "CYM": -19059204640084.6, "CUW": -14383085101487.115, "DMA": -19499372832833.285, "FJI": -17771623262492.99, "GRD": -16882114498018.572, "GUY": -19589777764251.48, "HTI": -14677899443891.504, "MHL": -16888833219234.922, "FSM": -16058133837979.95, "NRU": -16830841519155.758, "PNG": -23232938422687.977, "WSM": -22398111738378.465, "STP": -16903271807333.438, "SXM": -21351284885993.36, "KNA": -15505946388223.506, "VCT": -19947475418997.62, "LCA": -16512587979029.707, "SUR": -20583419438154.07, "TTO": -15243669782590.713, "TON": -20082208497501.28, "TUV": -17977026758204.395, "TCA": -21851106543798.57, "AIA": -14818806395940.078, "COK": -14818806395940.078, "MSR": -14818806395940.078, "NIU": -14818806395940.078, "TKL": -14818806395940.078}, "2020": {"ASM": -33903371756987.22, "ATG": -30521788675873.1, "ABW": -29156720615430.27, "BHS": -32350390140170.723, "BRB": -35182947552787.902, "VGB": -33071799739888.215, "COM": -39065151841391.39, "CUB": -33970118162998.125, "CUW": -32526868083909.086, "DMA": -29832022732712.01, "FJI": -32842929161365.68, "PYF": -22359343352280.05, "GRD": -33975955132954.258, "GUM": -18856300302239.82, "GUY": -28647974622671.08, "HTI": -14203330828889.334, "KIR": -25648794627670.82, "MDV": -28975922169482.867, "MHL": -32460992885892.645, "FSM": -34244135812971.816, "NRU": -26594917725848.062, "NCL": -22150876483836.492, "MNP": -29738094940503.56, "PLW": -33456735143317.52, "PNG": -28667524444395.273, "PRI": -34850712323213.336, "KNA": -30268850207764.684, "LCA": -30880509189056.68, "VCT": -27939527678534.2, "WSM": -29581116269294.715, "STP": -19586541842992.77, "SYC": -33472340059656.996, "SXM": -43450149353333.72, "SUR": -32779878991085.457, "TLS": -31886260575493.133, "TON": -33300698855907.254, "TTO": -30216039328540.61, "TUV": -30172795768978.605, "VIR": -21356588454512.5, "AIA": -26433556059320.805, "COK": -26433556059320.805, "MSR": -26433556059320.805, "NIU": -26433556059320.805}}, "categoryImportances": {"2015": {"Environment": 3.226664311026151e+26, "Public Sector": 3.750467993947287e+25, "Economic Policy & Debt": 8.108643861040418e+26}, "2020": {"Economic Policy & Debt": 2.7401217453332106e+27}}, "featureImportances": {"2015": {"wdi2-NE.DAB.TOTL.CN": 1.1921079885249668e+26, "wdi-AG.LND.TOTL.K2": 9.196907952298504e+25, "wdi-AG.SRF.TOTL.K2": 8.903656266124977e+24, "wdi-EG.ELC.RNEW.ZS": 1.3833077530129805e+26, "wdi-EN.POP.DNST": 8.346292001220703e+25, "wdi-IQ.SPI.PIL1": 3.750467993947287e+25, "wdi2-NE.EXP.GNFS.CD": 2.192778720718703e+26, "wdi2-NE.EXP.GNFS.CN": 9.360688120532172e+25, "wdi2-NE.EXP.GNFS.KN": 1.995015134952564e+26, "wdi2-NE.EXP.GNFS.ZS": 1.792673204790967e+26}, "2020": {"wdi2-NE.DAB.TOTL.CN": 1.2992059032346216e+26, "wdi2-NE.EXP.GNFS.CN": 1.0928029272403444e+26, "wdi2-NE.EXP.GNFS.KD.ZG": 7.198739282225209e+26, "wdi2-NE.EXP.GNFS.KN": 1.7647672781885527e+26, "wdi2-NE.EXP.GNFS.ZS": 4.111077576634668e+26, "wdi2-NE.IMP.GNFS.CN": 1.4303355385159229e+26, "wdi2-NE.IMP.GNFS.KD.ZG": 1.9917544322651713e+26, "wdi2-NE.IMP.GNFS.KN": 1.0565093012694684e+25, "wdi2-NE.IMP.GNFS.ZS": 4.1347048770222245e+26, "wdi2-NE.RSB.GNFS.CN": 4.272178707878445e+26}}}