{"data": {"2015": {"ATG": 1.1790602234366216, "ABW": 2.336585535085084, "BHS": -0.6879938636970774, "BMU": -0.6279040792337719, "BHR": -2.8407067210130457, "BRB": -0.0264122268551011, "BLZ": 4.653161200080252, "VGB": -0.1306529912273856, "CPV": 3.4, "CYM": 0.2607444191705844, "COM": 13.833569704238537, "CUB": 4.026876467878926, "CUW": -0.0264122268551011, "DMA": 1.4326668332405983, "DOM": 1.8, "FJI": 0.3354399867280259, "GRD": 0.9085705569082984, "GNB": 13.833569704238537, "GUY": 22.815403593209748, "HTI": 10.408329342815843, "JAM": 0.8954411948171315, "KIR": 1.4326668332405983, "MDV": 0.482613774179468, "MHL": 4.713250984543557, "MUS": 7.016604020716935, "FSM": 6.245803821223894, "NRU": 1.0708146196574715, "PLW": 0.6544188465502953, "PNG": 20.370577559432505, "WSM": 1.0708146196574715, "STP": 6.245803821223894, "SYC": -0.0963950607492508, "SGP": 4.076474270864518, "SXM": 1.0107248351941662, "SLB": 8.360589396234255, "KNA": 1.1790602234366216, "VCT": 0.5467183433251714, "LCA": 2.385180891061604, "SUR": 16.400297921376946, "TLS": 6.709810313092888, "TTO": 0.8359892564112168, "TON": 1.0, "TUV": 4.184393138401189, "TCA": 1.7575767001563647, "VUT": 6.245803821223894, "AIA": 17.19954773527813, "COK": 17.19954773527813, "MSR": 17.19954773527813, "NIU": 17.19954773527813, "TKL": 17.19954773527813}}, "upperIntervals": {"2015": {"ATG": 21.62530226993865, "ABW": 22.78282758158712, "BHS": 19.75824818280495, "BMU": 19.818337967268256, "BHR": 17.605535325488983, "BRB": 20.419829819646928, "BLZ": 25.09940324658228, "VGB": 20.315589055274643, "CYM": 20.70698646567261, "COM": 34.27981175074056, "CUB": 24.47311851438096, "CUW": 20.419829819646928, "DMA": 21.878908879742628, "FJI": 20.78168203323005, "GRD": 21.354812603410327, "GNB": 34.27981175074056, "GUY": 43.26164563971177, "HTI": 30.854571389317872, "JAM": 21.34168324131916, "KIR": 21.878908879742628, "MDV": 20.9288558206815, "MHL": 25.159493031045585, "MUS": 27.46284606721896, "FSM": 26.692045867725923, "NRU": 21.5170566661595, "PLW": 21.100660893052325, "PNG": 40.81681960593453, "WSM": 21.5170566661595, "STP": 26.692045867725923, "SYC": 20.349846985752777, "SGP": 24.522716317366545, "SXM": 21.4569668816962, "SLB": 28.80683144273628, "KNA": 21.62530226993865, "VCT": 20.9929603898272, "LCA": 22.83142293756364, "SUR": 36.846539967878975, "TLS": 27.15605235959492, "TTO": 21.28223130291325, "TUV": 24.63063518490322, "TCA": 22.203818746658392, "VUT": 26.692045867725923, "AIA": 37.64578978178016, "COK": 37.64578978178016, "MSR": 37.64578978178016, "NIU": 37.64578978178016, "TKL": 37.64578978178016}}, "lowerIntervals": {"2015": {"ATG": -12.77519968899718, "ABW": -11.61767437734872, "BHS": -14.64225377613088, "BMU": -14.582163991667574, "BHR": -16.794966633446847, "BRB": -13.980672139288902, "BLZ": -9.30109871235355, "VGB": -14.084912903661188, "CYM": -13.693515493263217, "COM": -0.1206902081952652, "CUB": -9.927383444554875, "CUW": -13.980672139288902, "DMA": -12.521593079193204, "FJI": -13.618819925705775, "GRD": -13.045689355525504, "GNB": -0.1206902081952652, "GUY": 8.861143680775946, "HTI": -3.5459305696179584, "JAM": -13.05881871761667, "KIR": -12.521593079193204, "MDV": -13.471646138254334, "MHL": -9.241008927890244, "MUS": -6.937655891716867, "FSM": -7.708456091209908, "NRU": -12.88344529277633, "PLW": -13.299841065883507, "PNG": 6.416317646998703, "WSM": -12.88344529277633, "STP": -7.708456091209908, "SYC": -14.050654973183052, "SGP": -9.877785641569284, "SXM": -12.943535077239636, "SLB": -5.593670516199547, "KNA": -12.77519968899718, "VCT": -13.40754156910863, "LCA": -11.5690790213722, "SUR": 2.4460380089431446, "TLS": -7.244449599340914, "TTO": -13.118270656022585, "TUV": -9.769866774032613, "TCA": -12.196683212277437, "VUT": -7.708456091209908, "AIA": 3.245287822844329, "COK": 3.245287822844329, "MSR": 3.245287822844329, "NIU": 3.245287822844329, "TKL": 3.245287822844329}}, "categoryImportances": {"2015": {"Environment": 523.1225437242538, "Economic Policy & Debt": 119.75521700829268, "Financial": 60.31990395486355}}, "featureImportances": {"2015": {"wdi2-NY.GDP.MKTP.CN": 66.87643572688103, "mvi-wdi-BX.KLT.DINV.WD.GD.ZS": 5.932322259992361, "mvi-wdi-BX.TRF.PWKR.DT.GD.ZS": 54.38758169487119, "wdi-AG.LND.TOTL.K2": 100.07494056224824, "wdi-AG.SRF.TOTL.K2": 2.607711585238576, "wdi-BX.KLT.DINV.CD.WD": 9.936694115400314, "wdi-BX.KLT.DINV.WD.GD.ZS": 0.0, "wdi-BX.TRF.PWKR.CD.DT": 42.94208716601133, "wdi-BX.TRF.PWKR.DT.GD.ZS": 0.0, "wdi-EG.ELC.ACCS.RU.ZS": 420.43989157676697}}}