{"data": {"2015": {"ATG": 94253732.04, "ABW": 440520319.9, "BHS": 2557192189.0, "BMU": 2658303132.0, "BHR": 7327743617.0, "BRB": 251706467.5, "BLZ": 226760105.6, "VGB": 103549354019.52708, "CPV": 449594837.9, "CYM": 262504244728.3072, "COM": 129028683.0, "CUB": 27256970246.26704, "CUW": -12040604251.981745, "DMA": -18896360473.17918, "DOM": 15190973933.0, "FJI": 1061301189.0, "GRD": -6229893434.0325365, "GNB": 105756198.8, "GUY": -87901238696.44778, "HTI": 1843258624.0, "JAM": 2585794345.0, "KIR": 130354564.5, "MDV": 997086734.6, "MHL": 58525446.54, "MUS": 1879152345.0, "FSM": -30683820599.02404, "NRU": 7184808582.977494, "PLW": 55574224.33, "PNG": 35546055927.95516, "WSM": -22889512477.99609, "STP": -8518655886.481152, "SYC": 244947797.4, "SGP": 136000000000.0, "SXM": 238016759.8, "SLB": 170997834.6, "KNA": -5222519035.109715, "VCT": -6312003958.988107, "LCA": -6229893434.0325365, "SUR": -24023388519.1295, "TLS": 1090855908.0, "TTO": 50519031562.53684, "TON": -5533318365.373282, "TUV": 8645817746.60235, "TCA": -9029307776.717909, "VUT": 264542055.0, "AIA": 14693033788.51622, "COK": 14693033788.51622, "MSR": 14693033788.51622, "NIU": 14693033788.51622, "TKL": 14693033788.51622}, "2020": {"ASM": 34044508278.294395, "ATG": -23245867818.885403, "ABW": 34273961351.96778, "BHS": 26275091963.942898, "BRB": -27380325383.479874, "BLZ": 277612344.0, "VGB": -38164748843.78565, "CPV": 586167989.8, "COM": 29683129620.94067, "CUB": 236655225351.12234, "CUW": -38164748843.78565, "DMA": -7791841022.091391, "DOM": 18138799575.0, "FJI": 961202992.7, "PYF": 110689683.53924787, "GRD": 8962592533.155256, "GUM": 163859125948.62335, "GNB": 1528488313.9320807, "GUY": 236655672975.21686, "HTI": 2582585998.223465, "JAM": 5335510270.844801, "KIR": 17444334606.313015, "MDV": -28043951623.469345, "MHL": -26372342648.949417, "MUS": 5889866971.285815, "FSM": 29683129620.94067, "NRU": 8962592533.155256, "NCL": 189054312047.92664, "MNP": 305888069521.248, "PLW": -24971226061.5999, "PNG": 30346755860.93015, "PRI": 189153371053.9536, "KNA": 5889866971.285815, "LCA": 9256057996.686476, "VCT": 34044508278.294395, "WSM": 26877495187.617893, "STP": -3299880327.4700193, "SYC": 84923133.59, "SGP": 137000000000.0, "SXM": 154843926383.3964, "SLB": 105160185.3, "SUR": 26275091963.942898, "TLS": 24479298943.762753, "TON": 39056797044.68408, "TTO": -24971226061.5999, "TUV": -26372342648.949417, "VIR": 217240130794.38882, "VUT": 1795579442.478746, "AIA": 162875587091.11325, "COK": -30652689582.45692, "MSR": 169259943939.41385, "NIU": -22597307330.760597}}, "upperIntervals": {"2015": {"VGB": 265861864080.49225, "CYM": 424816754789.27234, "CUB": 189569480307.23212, "CUW": 150271905808.9834, "DMA": 143416149587.78598, "GRD": 156082616626.93262, "GUY": 74411271364.51736, "FSM": 131628689461.94112, "NRU": 169497318643.94266, "PNG": 197858565988.92032, "WSM": 139422997582.96906, "STP": 153793854174.484, "KNA": 157089991025.85544, "VCT": 156000506101.97705, "LCA": 156082616626.93262, "SUR": 138289121541.83563, "TTO": 212831541623.502, "TON": 156779191695.59186, "TUV": 170958327807.5675, "TCA": 153283202284.24725, "AIA": 177005543849.48138, "COK": 177005543849.48138, "MSR": 177005543849.48138, "NIU": 177005543849.48138, "TKL": 177005543849.48138}, "2020": {"ASM": 267858725271.4348, "ATG": 210568349174.255, "ABW": 268088178345.1082, "BHS": 260089308957.0833, "BRB": 206433891609.66052, "VGB": 195649468149.35477, "COM": 263497346614.0811, "CUB": 470469442344.26276, "CUW": 195649468149.35477, "DMA": 226022375971.049, "PYF": 233924906676.67966, "GRD": 242776809526.29565, "GUM": 397673342941.7638, "GNB": 235342705307.07248, "GUY": 470469889968.3573, "HTI": 236396802991.3639, "JAM": 239149727263.9852, "KIR": 251258551599.45343, "MDV": 205770265369.67108, "MHL": 207441874344.19098, "MUS": 239704083964.42624, "FSM": 263497346614.0811, "NRU": 242776809526.29565, "NCL": 422868529041.067, "MNP": 539702286514.3884, "PLW": 208842990931.54053, "PNG": 264160972854.07056, "PRI": 422967588047.094, "KNA": 239704083964.42624, "LCA": 243070274989.82687, "VCT": 267858725271.4348, "WSM": 260691712180.7583, "STP": 230514336665.67038, "SXM": 388658143376.5368, "SUR": 260089308957.0833, "TLS": 258293515936.90317, "TON": 272871014037.8245, "TTO": 208842990931.54053, "TUV": 207441874344.19098, "VIR": 451054347787.52924, "VUT": 235609796435.61917, "AIA": 396689804084.25366, "COK": 203161527410.6835, "MSR": 403074160932.55426, "NIU": 211216909662.37982}}, "lowerIntervals": {"2015": {"VGB": -271757802811.35892, "CYM": -112802912102.57886, "CUB": -348050186584.619, "CUW": -387347761082.8678, "DMA": -394203517304.0653, "GRD": -381537050264.9186, "GUY": -463208395527.33386, "FSM": -405990977429.9101, "NRU": -368122348247.90857, "PNG": -339761100902.9309, "WSM": -398196669308.8821, "STP": -383825812717.3672, "KNA": -380529675865.9958, "VCT": -381619160789.87415, "LCA": -381537050264.9186, "SUR": -399330545350.0156, "TTO": -324788125268.3492, "TON": -380840475196.25934, "TUV": -366661339084.2837, "TCA": -384336464607.604, "AIA": -360614123042.3698, "COK": -360614123042.3698, "MSR": -360614123042.3698, "NIU": -360614123042.3698, "TKL": -360614123042.3698}, "2020": {"ASM": -146301850962.36487, "ATG": -203592227059.54468, "ABW": -146072397888.6915, "BHS": -154071267276.71637, "BRB": -207726684624.13916, "VGB": -218511108084.44492, "COM": -150663229619.7186, "CUB": 56308866110.46307, "CUW": -218511108084.44492, "DMA": -188138200262.75067, "PYF": -180235669557.12003, "GRD": -171383766707.50403, "GUM": -16487233292.03592, "GNB": -178817870926.7272, "GUY": 56309313734.55759, "HTI": -177763773242.4358, "JAM": -175010848969.81448, "KIR": -162902024634.34625, "MDV": -208390310864.1286, "MHL": -206718701889.6087, "MUS": -174456492269.37344, "FSM": -150663229619.7186, "NRU": -171383766707.50403, "NCL": 8707952807.267365, "MNP": 125541710280.58871, "PLW": -205317585302.25916, "PNG": -149999603379.72913, "PRI": 8807011813.294342, "KNA": -174456492269.37344, "LCA": -171090301243.9728, "VCT": -146301850962.36487, "WSM": -153468864053.04138, "STP": -183646239568.1293, "SXM": -25502432857.26288, "SUR": -154071267276.71637, "TLS": -155867060296.8965, "TON": -141289562195.9752, "TTO": -205317585302.25916, "TUV": -206718701889.6087, "VIR": 36893771553.72955, "VUT": -178550779798.1805, "AIA": -17470772149.54602, "COK": -210999048823.11618, "MSR": -11086415301.245422, "NIU": -202943666571.41986}}, "categoryImportances": {"2015": {"Environment": 5.6690390347270035e+22, "Economic Policy & Debt": 6.697347954977763e+23, "Financial": 6.993374456691445e+22}, "2020": {"Economic Policy & Debt": 1.3598388091531522e+23}}, "featureImportances": {"2015": {"wdi2-NE.DAB.TOTL.CN": 1.4442560135569647e+23, "mvi-wdi-BX.KLT.DINV.WD.GD.ZS": 6.993374456691445e+22, "wdi-AG.LND.TOTL.K2": 5.295647725938449e+22, "wdi-AG.SRF.TOTL.K2": 3.733913087885548e+21, "wdi-BG.GSR.NFSV.GD.ZS": 6.299550065650575e+22, "wdi-BM.GSR.FCTY.CD": 3.270478447986477e+22, "wdi-BM.GSR.GNFS.CD": 1.4142810556153666e+22, "wdi-BM.GSR.MRCH.CD": 1.378363808449087e+23, "wdi-BM.GSR.NFSV.CD": 1.878529292091706e+23, "wdi-BM.GSR.TOTL.CD": 8.97767883954763e+22}, "2020": {"wdi2-NE.DAB.TOTL.CN": 6.558604697060977e+21, "wdi-BG.GSR.NFSV.GD.ZS": 1.4647135012476357e+22, "wdi-BM.GSR.CMCP.ZS": 2.3790214190166977e+21, "wdi-BM.GSR.FCTY.CD": 2.489248181860479e+22, "wdi-BM.GSR.GNFS.CD": 1.9358770963347327e+22, "wdi-BM.GSR.INSF.ZS": 1.538050793779388e+21, "wdi-BM.GSR.MRCH.CD": 2.581170044667408e+20, "wdi-BM.GSR.NFSV.CD": 6.1152343108301e+22, "wdi-BM.GSR.TOTL.CD": 0.0, "wdi-BM.GSR.TRAN.ZS": 5.199356098261941e+21}}}