{"data": {"2015": {"ATG": 703909.3881123845, "ABW": 703909.3881123845, "BHS": 703909.3881123845, "BMU": 703909.3881123845, "BHR": 703909.3881123845, "BRB": 703909.3881123845, "BLZ": 703909.3881123845, "VGB": 703909.3881123845, "CPV": 703909.3881123845, "CYM": 703909.3881123845, "COM": 703909.3881123845, "CUB": 703909.3881123845, "CUW": 703909.3881123845, "DMA": 703909.3881123845, "DOM": 703909.3881123845, "FJI": 703909.3881123845, "GRD": 703909.3881123845, "GNB": 703909.3881123845, "GUY": 703909.3881123845, "HTI": 703909.3881123845, "JAM": 703909.3881123845, "KIR": 703909.3881123845, "MDV": 703909.3881123845, "MHL": 703909.3881123845, "MUS": 703909.3881123845, "FSM": 703909.3881123845, "NRU": 703909.3881123845, "PLW": 703909.3881123845, "PNG": 703909.3881123845, "WSM": 703909.3881123845, "STP": 703909.3881123845, "SYC": 703909.3881123845, "SGP": 703909.3881123845, "SXM": 703909.3881123845, "SLB": 703909.3881123845, "KNA": 703909.3881123845, "VCT": 703909.3881123845, "LCA": 703909.3881123845, "SUR": 703909.3881123845, "TLS": 703909.3881123845, "TTO": 703909.3881123845, "TON": 703909.3881123845, "TUV": 703909.3881123845, "TCA": 703909.3881123845, "VUT": 703909.3881123845, "AIA": 703909.3881123845, "COK": 703909.3881123845, "MSR": 703909.3881123845, "NIU": 703909.3881123845, "TKL": 703909.3881123845}}, "upperIntervals": {"2015": {"ATG": 3565573.716624779, "ABW": 3565573.716624779, "BHS": 3565573.716624779, "BMU": 3565573.716624779, "BHR": 3565573.716624779, "BRB": 3565573.716624779, "BLZ": 3565573.716624779, "VGB": 3565573.716624779, "CPV": 3565573.716624779, "CYM": 3565573.716624779, "COM": 3565573.716624779, "CUB": 3565573.716624779, "CUW": 3565573.716624779, "DMA": 3565573.716624779, "DOM": 3565573.716624779, "FJI": 3565573.716624779, "GRD": 3565573.716624779, "GNB": 3565573.716624779, "GUY": 3565573.716624779, "HTI": 3565573.716624779, "JAM": 3565573.716624779, "KIR": 3565573.716624779, "MDV": 3565573.716624779, "MHL": 3565573.716624779, "MUS": 3565573.716624779, "FSM": 3565573.716624779, "NRU": 3565573.716624779, "PLW": 3565573.716624779, "PNG": 3565573.716624779, "WSM": 3565573.716624779, "STP": 3565573.716624779, "SYC": 3565573.716624779, "SGP": 3565573.716624779, "SXM": 3565573.716624779, "SLB": 3565573.716624779, "KNA": 3565573.716624779, "VCT": 3565573.716624779, "LCA": 3565573.716624779, "SUR": 3565573.716624779, "TLS": 3565573.716624779, "TTO": 3565573.716624779, "TON": 3565573.716624779, "TUV": 3565573.716624779, "TCA": 3565573.716624779, "VUT": 3565573.716624779, "AIA": 3565573.716624779, "COK": 3565573.716624779, "MSR": 3565573.716624779, "NIU": 3565573.716624779, "TKL": 3565573.716624779}}, "lowerIntervals": {"2015": {"ATG": -143142.65734216094, "ABW": -143142.65734216094, "BHS": -143142.65734216094, "BMU": -143142.65734216094, "BHR": -143142.65734216094, "BRB": -143142.65734216094, "BLZ": -143142.65734216094, "VGB": -143142.65734216094, "CPV": -143142.65734216094, "CYM": -143142.65734216094, "COM": -143142.65734216094, "CUB": -143142.65734216094, "CUW": -143142.65734216094, "DMA": -143142.65734216094, "DOM": -143142.65734216094, "FJI": -143142.65734216094, "GRD": -143142.65734216094, "GNB": -143142.65734216094, "GUY": -143142.65734216094, "HTI": -143142.65734216094, "JAM": -143142.65734216094, "KIR": -143142.65734216094, "MDV": -143142.65734216094, "MHL": -143142.65734216094, "MUS": -143142.65734216094, "FSM": -143142.65734216094, "NRU": -143142.65734216094, "PLW": -143142.65734216094, "PNG": -143142.65734216094, "WSM": -143142.65734216094, "STP": -143142.65734216094, "SYC": -143142.65734216094, "SGP": -143142.65734216094, "SXM": -143142.65734216094, "SLB": -143142.65734216094, "KNA": -143142.65734216094, "VCT": -143142.65734216094, "LCA": -143142.65734216094, "SUR": -143142.65734216094, "TLS": -143142.65734216094, "TTO": -143142.65734216094, "TON": -143142.65734216094, "TUV": -143142.65734216094, "TCA": -143142.65734216094, "VUT": -143142.65734216094, "AIA": -143142.65734216094, "COK": -143142.65734216094, "MSR": -143142.65734216094, "NIU": -143142.65734216094, "TKL": -143142.65734216094}}, "categoryImportances": {"2015": {"Environment": 0.0, "Economic Policy & Debt": 0.0}}, "featureImportances": {"2015": {"wdi2-NE.DAB.TOTL.CN": 0.0, "wdi-AG.LND.AGRI.K2": 0.0, "wdi-AG.LND.AGRI.ZS": 0.0, "wdi-AG.LND.CREL.HA": 0.0, "wdi-AG.LND.FRST.K2": 0.0, "wdi-AG.LND.FRST.ZS": 0.0, "wdi-AG.LND.TOTL.K2": 0.0, "wdi-AG.PRD.CREL.MT": 0.0, "wdi-AG.SRF.TOTL.K2": 0.0, "wdi-AG.YLD.CREL.KG": 0.0}}}