{"data": {"2015": {"ATG": 1.0106530198693382, "ABW": 1.0070911372679034, "BHS": 1.0004497190566586, "BMU": 0.9969122025476416, "BHR": 0.9999451069959048, "BRB": 1.0070911372679034, "BLZ": 0.957538957087831, "VGB": 1.0264398004348616, "CPV": 1.011600018, "CYM": 1.0034826235049226, "COM": 1.0059586186819842, "CUB": 1.0005970736191188, "CUW": 0.8881585034038986, "DMA": 1.0141905363783552, "DOM": 1.008219957, "FJI": 0.9793640260500984, "GRD": 1.0141905363783552, "GNB": 0.9875223195884008, "GUY": 0.9545060526395676, "HTI": 1.0059586186819842, "JAM": 1.0108340970060938, "KIR": 0.9999451069959048, "MDV": 1.0070911372679034, "MHL": 1.0081340603929914, "MUS": 1.0070911372679034, "FSM": 1.0034826235049226, "NRU": 1.0070911372679034, "PLW": 1.009330034, "PNG": 1.000835007786976, "WSM": 0.9873168763592276, "STP": 1.0009880301209926, "SYC": 1.0034826235049226, "SGP": 1.001029968, "SXM": 0.996968068516237, "SLB": 1.0034826235049226, "KNA": 1.0106617688452766, "VCT": 1.0034826235049226, "LCA": 1.0034826235049226, "SUR": 1.0004497190566586, "TLS": 1.0143959796075286, "TTO": 1.0034826235049226, "TON": 0.9588585549276996, "TUV": 1.0081340603929914, "TCA": 0.9999451069959048, "VUT": 1.0036880667340955, "AIA": 0.9735497180839234, "COK": 0.9735497180839234, "MSR": 0.9735497180839234, "NIU": 0.9735497180839234, "TKL": 0.9735497180839234}}, "upperIntervals": {"2015": {"ATG": 1.077358512423348, "ABW": 1.0737966298219133, "BHS": 1.0671552116106684, "BMU": 1.0636176951016514, "BHR": 1.0666505995499145, "BRB": 1.0737966298219133, "BLZ": 1.0242444496418408, "VGB": 1.0931452929888714, "CYM": 1.0701881160589324, "COM": 1.072664111235994, "CUB": 1.0673025661731286, "CUW": 0.9548639959579084, "DMA": 1.080896028932365, "FJI": 1.0460695186041082, "GRD": 1.080896028932365, "GNB": 1.0542278121424105, "GUY": 1.0212115451935777, "HTI": 1.072664111235994, "JAM": 1.0775395895601037, "KIR": 1.0666505995499145, "MDV": 1.0737966298219133, "MHL": 1.0748395529470012, "MUS": 1.0737966298219133, "FSM": 1.0701881160589324, "NRU": 1.0737966298219133, "PNG": 1.067540500340986, "WSM": 1.0540223689132373, "STP": 1.0676935226750024, "SYC": 1.0701881160589324, "SXM": 1.0636735610702468, "SLB": 1.0701881160589324, "KNA": 1.0773672613992864, "VCT": 1.0701881160589324, "LCA": 1.0701881160589324, "SUR": 1.0671552116106684, "TLS": 1.0811014721615384, "TTO": 1.0701881160589324, "TON": 1.0255640474817094, "TUV": 1.0748395529470012, "TCA": 1.0666505995499145, "VUT": 1.0703935592881055, "AIA": 1.0402552106379332, "COK": 1.0402552106379332, "MSR": 1.0402552106379332, "NIU": 1.0402552106379332, "TKL": 1.0402552106379332}}, "lowerIntervals": {"2015": {"ATG": 0.9019347983702898, "ABW": 0.898372915768855, "BHS": 0.8917314975576102, "BMU": 0.8881939810485932, "BHR": 0.8912268854968564, "BRB": 0.898372915768855, "BLZ": 0.8488207355887826, "VGB": 0.9177215789358132, "CYM": 0.8947644020058741, "COM": 0.8972403971829358, "CUB": 0.8918788521200703, "CUW": 0.7794402819048502, "DMA": 0.9054723148793068, "FJI": 0.8706458045510501, "GRD": 0.9054723148793068, "GNB": 0.8788040980893523, "GUY": 0.8457878311405193, "HTI": 0.8972403971829358, "JAM": 0.9021158755070454, "KIR": 0.8912268854968564, "MDV": 0.898372915768855, "MHL": 0.8994158388939429, "MUS": 0.898372915768855, "FSM": 0.8947644020058741, "NRU": 0.898372915768855, "PNG": 0.8921167862879277, "WSM": 0.8785986548601791, "STP": 0.8922698086219442, "SYC": 0.8947644020058741, "SXM": 0.8882498470171886, "SLB": 0.8947644020058741, "KNA": 0.9019435473462282, "VCT": 0.8947644020058741, "LCA": 0.8947644020058741, "SUR": 0.8917314975576102, "TLS": 0.9056777581084802, "TTO": 0.8947644020058741, "TON": 0.8501403334286513, "TUV": 0.8994158388939429, "TCA": 0.8912268854968564, "VUT": 0.8949698452350473, "AIA": 0.864831496584875, "COK": 0.864831496584875, "MSR": 0.864831496584875, "NIU": 0.864831496584875, "TKL": 0.864831496584875}}, "categoryImportances": {"2015": {"Environment": 0.0258895275537721, "Economic Policy & Debt": 0.0015168735062616}}, "featureImportances": {"2015": {"wdi2-NY.GDP.MKTP.PP.KD": 0.0015168735062616, "wdi-AG.LND.AGRI.K2": 0.0068840467138215, "wdi-AG.LND.AGRI.ZS": 0.0008217253962357, "wdi-AG.LND.ARBL.HA.PC": 0.0055841554021753, "wdi-AG.LND.ARBL.ZS": 0.0034732856524897, "wdi-AG.LND.CROP.ZS": 0.0008691648909007, "wdi-AG.LND.FRST.K2": 0.0010573559829936, "wdi-AG.LND.FRST.ZS": 0.0070294362171807, "wdi-AG.LND.TOTL.K2": 0.0001703572979749, "wdi-AG.SRF.TOTL.K2": 0.0}}}