{"data": {"2015": {"ATG": 703909.3881123845, "ABW": 703909.3881123845, "BHS": 703909.3881123845, "BMU": 703909.3881123845, "BHR": 703909.3881123845, "BRB": 703909.3881123845, "BLZ": 703909.3881123845, "VGB": 703909.3881123845, "CPV": 703909.3881123845, "CYM": 703909.3881123845, "COM": 703909.3881123845, "CUB": 703909.3881123845, "CUW": 703909.3881123845, "DMA": 703909.3881123845, "DOM": 703909.3881123845, "FJI": 703909.3881123845, "GRD": 703909.3881123845, "GNB": 703909.3881123845, "GUY": 703909.3881123845, "HTI": 703909.3881123845, "JAM": 703909.3881123845, "KIR": 703909.3881123845, "MDV": 703909.3881123845, "MHL": 703909.3881123845, "MUS": 703909.3881123845, "FSM": 703909.3881123845, "NRU": 703909.3881123845, "PLW": 703909.3881123845, "PNG": 703909.3881123845, "WSM": 703909.3881123845, "STP": 703909.3881123845, "SYC": 703909.3881123845, "SGP": 703909.3881123845, "SXM": 703909.3881123845, "SLB": 703909.3881123845, "KNA": 703909.3881123845, "VCT": 703909.3881123845, "LCA": 703909.3881123845, "SUR": 703909.3881123845, "TLS": 703909.3881123845, "TTO": 703909.3881123845, "TON": 703909.3881123845, "TUV": 703909.3881123845, "TCA": 703909.3881123845, "VUT": 703909.3881123845, "AIA": 703909.3881123845, "COK": 703909.3881123845, "MSR": 703909.3881123845, "NIU": 703909.3881123845, "TKL": 703909.3881123845}, "2020": {"ASM": -1175748.3692322664, "ATG": 1402183.2497679836, "ABW": -118952.83328404193, "BHS": 883041.1115906191, "BRB": -198047.1023762958, "BLZ": 792103.6024792944, "VGB": 1003318.0077315755, "CPV": -314425.24210912385, "COM": 1234172.4884491689, "CUB": -281812.02458742925, "CUW": -198047.1023762958, "DMA": 1003318.0077315755, "DOM": 687568.7027655371, "FJI": -314425.24210912385, "PYF": -118952.83328404193, "GRD": -356529.9924177779, "GUM": 803946.8424983652, "GNB": 1151687.7761614951, "GUY": -214560.99551424597, "HTI": 7900.0, "JAM": 687568.7027655371, "KIR": 1582677.0535855135, "MDV": 792103.6024792944, "MHL": 2730729.6052227123, "MUS": -209890.34239536666, "FSM": 1276249.3393647356, "NRU": 1173586.1155666276, "NCL": 140.0, "MNP": -608755.584431773, "PLW": -118952.83328404193, "PNG": -457254.11046820093, "PRI": -314425.24210912385, "KNA": -118952.83328404193, "LCA": 635677.343517785, "VCT": -366316.60135687643, "WSM": 911360.194837043, "STP": 1977359.4568378318, "SYC": -209890.34239536666, "SGP": 792103.6024792944, "SXM": -608755.584431773, "SLB": 2198152.004974313, "SUR": -209890.34239536666, "TLS": 544739.83440646, "TON": -447467.5015291024, "TTO": -445410.8704491303, "TUV": 1304571.7439066349, "VIR": -435624.26151003176, "VUT": 687568.7027655371, "AIA": 1740578.9003671212, "COK": 1740578.9003671212, "MSR": 1740578.9003671212, "NIU": 1740578.9003671212}}, "upperIntervals": {"2015": {"ATG": 3565573.716624779, "ABW": 3565573.716624779, "BHS": 3565573.716624779, "BMU": 3565573.716624779, "BHR": 3565573.716624779, "BRB": 3565573.716624779, "BLZ": 3565573.716624779, "VGB": 3565573.716624779, "CPV": 3565573.716624779, "CYM": 3565573.716624779, "COM": 3565573.716624779, "CUB": 3565573.716624779, "CUW": 3565573.716624779, "DMA": 3565573.716624779, "DOM": 3565573.716624779, "FJI": 3565573.716624779, "GRD": 3565573.716624779, "GNB": 3565573.716624779, "GUY": 3565573.716624779, "HTI": 3565573.716624779, "JAM": 3565573.716624779, "KIR": 3565573.716624779, "MDV": 3565573.716624779, "MHL": 3565573.716624779, "MUS": 3565573.716624779, "FSM": 3565573.716624779, "NRU": 3565573.716624779, "PLW": 3565573.716624779, "PNG": 3565573.716624779, "WSM": 3565573.716624779, "STP": 3565573.716624779, "SYC": 3565573.716624779, "SGP": 3565573.716624779, "SXM": 3565573.716624779, "SLB": 3565573.716624779, "KNA": 3565573.716624779, "VCT": 3565573.716624779, "LCA": 3565573.716624779, "SUR": 3565573.716624779, "TLS": 3565573.716624779, "TTO": 3565573.716624779, "TON": 3565573.716624779, "TUV": 3565573.716624779, "TCA": 3565573.716624779, "VUT": 3565573.716624779, "AIA": 3565573.716624779, "COK": 3565573.716624779, "MSR": 3565573.716624779, "NIU": 3565573.716624779, "TKL": 3565573.716624779}, "2020": {"ASM": 5521328.568094602, "ATG": 8099260.187094851, "ABW": 6578124.104042826, "BHS": 7580118.048917487, "BRB": 6499029.834950572, "BLZ": 7489180.539806163, "VGB": 7700394.945058444, "CPV": 6382651.695217744, "COM": 7931249.425776036, "CUB": 6415264.912739439, "CUW": 6499029.834950572, "DMA": 7700394.945058444, "DOM": 7384645.6400924055, "FJI": 6382651.695217744, "PYF": 6578124.104042826, "GRD": 6340546.94490909, "GUM": 7501023.779825233, "GNB": 7848764.713488363, "GUY": 6482515.941812622, "JAM": 7384645.6400924055, "KIR": 8279753.990912382, "MDV": 7489180.539806163, "MHL": 9427806.54254958, "MUS": 6487186.594931501, "FSM": 7973326.2766916035, "NRU": 7870663.052893495, "MNP": 6088321.352895095, "PLW": 6578124.104042826, "PNG": 6239822.826858667, "PRI": 6382651.695217744, "KNA": 6578124.104042826, "LCA": 7332754.280844653, "VCT": 6330760.335969992, "WSM": 7608437.132163911, "STP": 8674436.3941647, "SYC": 6487186.594931501, "SGP": 7489180.539806163, "SXM": 6088321.352895095, "SLB": 8895228.94230118, "SUR": 6487186.594931501, "TLS": 7241816.771733328, "TON": 6249609.435797766, "TTO": 6251666.066877738, "TUV": 8001648.681233503, "VIR": 6261452.675816836, "VUT": 7384645.6400924055, "AIA": 8437655.83769399, "COK": 8437655.83769399, "MSR": 8437655.83769399, "NIU": 8437655.83769399}}, "lowerIntervals": {"2015": {"ATG": -143142.65734216094, "ABW": -143142.65734216094, "BHS": -143142.65734216094, "BMU": -143142.65734216094, "BHR": -143142.65734216094, "BRB": -143142.65734216094, "BLZ": -143142.65734216094, "VGB": -143142.65734216094, "CPV": -143142.65734216094, "CYM": -143142.65734216094, "COM": -143142.65734216094, "CUB": -143142.65734216094, "CUW": -143142.65734216094, "DMA": -143142.65734216094, "DOM": -143142.65734216094, "FJI": -143142.65734216094, "GRD": -143142.65734216094, "GNB": -143142.65734216094, "GUY": -143142.65734216094, "HTI": -143142.65734216094, "JAM": -143142.65734216094, "KIR": -143142.65734216094, "MDV": -143142.65734216094, "MHL": -143142.65734216094, "MUS": -143142.65734216094, "FSM": -143142.65734216094, "NRU": -143142.65734216094, "PLW": -143142.65734216094, "PNG": -143142.65734216094, "WSM": -143142.65734216094, "STP": -143142.65734216094, "SYC": -143142.65734216094, "SGP": -143142.65734216094, "SXM": -143142.65734216094, "SLB": -143142.65734216094, "KNA": -143142.65734216094, "VCT": -143142.65734216094, "LCA": -143142.65734216094, "SUR": -143142.65734216094, "TLS": -143142.65734216094, "TTO": -143142.65734216094, "TON": -143142.65734216094, "TUV": -143142.65734216094, "TCA": -143142.65734216094, "VUT": -143142.65734216094, "AIA": -143142.65734216094, "COK": -143142.65734216094, "MSR": -143142.65734216094, "NIU": -143142.65734216094, "TKL": -143142.65734216094}, "2020": {"ASM": -2870037.4657234945, "ATG": -292105.8467232445, "ABW": -1813241.92977527, "BHS": -811247.984900609, "BRB": -1892336.1988675238, "BLZ": -902185.4940119337, "VGB": -690971.0887596526, "CPV": -2008714.338600352, "COM": -460116.60804205923, "CUB": -1976101.1210786575, "CUW": -1892336.1988675238, "DMA": -690971.0887596526, "DOM": -1006720.393725691, "FJI": -2008714.338600352, "PYF": -1813241.92977527, "GRD": -2050819.088909006, "GUM": -890342.2539928629, "GNB": -542601.320329733, "GUY": -1908850.092005474, "JAM": -1006720.393725691, "KIR": -111612.0429057146, "MDV": -902185.4940119337, "MHL": 1036440.5087314842, "MUS": -1904179.4388865947, "FSM": -418039.75712649245, "NRU": -520702.9809246005, "MNP": -2303044.680923001, "PLW": -1813241.92977527, "PNG": -2151543.206959429, "PRI": -2008714.338600352, "KNA": -1813241.92977527, "LCA": -1058611.7529734431, "VCT": -2060605.6978481044, "WSM": -782928.9016541851, "STP": 283070.3603466037, "SYC": -1904179.4388865947, "SGP": -902185.4940119337, "SXM": -2303044.680923001, "SLB": 503862.908483085, "SUR": -1904179.4388865947, "TLS": -1149549.2620847682, "TON": -2141756.5980203305, "TTO": -2139699.9669403583, "TUV": -389717.35258459323, "VIR": -2129913.35800126,