{"data": {"2015": {"ATG": 72.82189608244, "ABW": 86.86052147768477, "BHS": 79.80557768409724, "BMU": 84.31883208633917, "BHR": 79.61389682267371, "BRB": 81.41661017414332, "BLZ": 32.30534048364842, "VGB": 84.12715122491564, "CPV": 30.6373291, "CYM": 94.2126236, "COM": 35.97254512734046, "CUB": 56.714986984381206, "CUW": 83.58918764350742, "DMA": 72.82370896438671, "DOM": 54.44623184, "FJI": 37.21609259997116, "GRD": 44.32237430388126, "GNB": 55.86705303749347, "GUY": 55.250647623903006, "HTI": 47.71110253682113, "JAM": 49.08866236606239, "KIR": 39.07227134472799, "MDV": 61.67170395517778, "MHL": 39.07227134472799, "MUS": 46.724365887109904, "FSM": 46.54312833959931, "NRU": 52.50022428149951, "PLW": 48.24884804444641, "PNG": 39.022530592420175, "WSM": 43.61142245607528, "STP": 35.97254512734046, "SYC": 70.8813458201752, "SGP": 82.88253784, "SXM": 76.19157335286225, "SLB": 51.04686400859856, "KNA": 89.49494457772835, "VCT": 50.98372979478484, "LCA": 44.32237430388126, "SUR": 46.75229089011843, "TLS": 54.02550675143495, "TTO": 78.0783387007468, "TON": 80.53835994844687, "TUV": 52.30075011235557, "TCA": 79.4332064525261, "VUT": 38.585566712368966, "AIA": 49.45203196538179, "COK": 49.45203196538179, "MSR": 49.45203196538179, "NIU": 49.45203196538179, "TKL": 49.45203196538179}}, "upperIntervals": {"2015": {"ATG": 108.28284644969328, "ABW": 122.32147184493805, "BHS": 115.26652805135052, "BMU": 119.77978245359245, "BHR": 115.07484718992696, "BRB": 116.87756054139658, "BLZ": 67.7662908509017, "VGB": 119.5881015921689, "COM": 71.43349549459373, "CUB": 92.17593735163447, "CUW": 119.05013801076068, "DMA": 108.28465933163996, "FJI": 72.67704296722442, "GRD": 79.78332467113452, "GNB": 91.32800340474674, "GUY": 90.71159799115628, "HTI": 83.1720529040744, "JAM": 84.54961273331566, "KIR": 74.53322171198126, "MDV": 97.13265432243104, "MHL": 74.53322171198126, "MUS": 82.18531625436317, "FSM": 82.00407870685258, "NRU": 87.96117464875277, "PLW": 83.70979841169968, "PNG": 74.48348095967344, "WSM": 79.07237282332855, "STP": 71.43349549459373, "SYC": 106.34229618742847, "SXM": 111.65252372011552, "SLB": 86.50781437585182, "KNA": 124.95589494498162, "VCT": 86.44468016203811, "LCA": 79.78332467113452, "SUR": 82.21324125737169, "TLS": 89.48645711868822, "TTO": 113.53928906800007, "TON": 115.99931031570014, "TUV": 87.76170047960883, "TCA": 114.89415681977935, "VUT": 74.04651707962223, "AIA": 84.91298233263507, "COK": 84.91298233263507, "MSR": 84.91298233263507, "NIU": 84.91298233263507, "TKL": 84.91298233263507}}, "lowerIntervals": {"2015": {"ATG": 34.82778692569821, "ABW": 48.86641232094298, "BHS": 41.81146852735545, "BMU": 46.32472292959738, "BHR": 41.61978766593192, "BRB": 43.42250101740152, "BLZ": -5.688768673093371, "VGB": 46.13304206817384, "COM": -2.0215640294013326, "CUB": 18.720877827639413, "CUW": 45.59507848676562, "DMA": 34.82959980764492, "FJI": -0.7780165567706376, "GRD": 6.328265147139469, "GNB": 17.872943880751677, "GUY": 17.256538467161214, "HTI": 9.716993380079336, "JAM": 11.094553209320594, "KIR": 1.0781621879861945, "MDV": 23.67759479843599, "MHL": 1.0781621879861945, "MUS": 8.730256730368112, "FSM": 8.54901918285752, "NRU": 14.50611512475772, "PLW": 10.25473888770462, "PNG": 1.028421435678382, "WSM": 5.617313299333489, "STP": -2.0215640294013326, "SYC": 32.887236663433406, "SXM": 38.19746419612046, "SLB": 13.05275485185676, "KNA": 51.50083542098656, "VCT": 12.989620638043045, "LCA": 6.328265147139469, "SUR": 8.758181733376638, "TLS": 16.03139759469316, "TTO": 40.084229544005005, "TON": 42.54425079170508, "TUV": 14.30664095561378, "TCA": 41.4390972957843, "VUT": 0.5914575556271728, "AIA": 11.45792280864, "COK": 11.45792280864, "MSR": 11.45792280864, "NIU": 11.45792280864, "TKL": 11.45792280864}}, "categoryImportances": {"2015": {"Environment": 68.89061466604471, "Economic Policy & Debt": 118.91463962942362, "Profile": 185.88031486421824, "Climate": 588.4121305271983, "Digital": 4620.632485926151, "Blue": 197.69774224609137}}, "featureImportances": {"2015": {"wdi2-NE.DAB.TOTL.CN": 118.91463962942362, "key-wdi-AG.SRF.TOTL.K2": 105.36943167448044, "key-wdi-EG.ELC.ACCS.ZS": 4349.589342474937, "key-wdi-EG.ELC.RNEW.ZS": 69.59807023406029, "key-wdi-EG.FEC.RNEW.ZS": 518.814060293138, "key-wdi-ER.FSH.CAPT.MT": 197.69774224609137, "key-wdi-IT.CEL.SETS.P2": 18.826929800212383, "key-wdi-IT.NET.USER.ZS": 252.21621365100145, "key-wdi2-SP.POP.TOTL": 80.5108831897378, "wdi-AG.LND.AGRI.K2": 68.89061466604471}}}