{"data": {"2015": {"ATG": 29.54280080048928, "ABW": 29.97456766003346, "BHS": 23.447405547728927, "BMU": 23.46165264179632, "BHR": 22.62767693488451, "BRB": 30.363097311218247, "BLZ": 33.716469999439454, "VGB": 24.694680466972923, "CPV": 32.3, "CYM": 31.06680468087597, "COM": 32.87975481585352, "CUB": 34.56239263375263, "CUW": 30.10880259755911, "DMA": 33.06714423674771, "DOM": 34.9, "FJI": 32.78522932654862, "GRD": 34.79274100364025, "GNB": 33.34405117057236, "GUY": 32.27997826199314, "HTI": 30.94625635646196, "JAM": 31.67350130885206, "KIR": 33.61086228989785, "MDV": 31.703272378570475, "MHL": 33.06714423674771, "MUS": 24.58287780374197, "FSM": 34.62107662352502, "NRU": 29.750726262704365, "PLW": 33.50026956536639, "PNG": 39.01570535953189, "WSM": 32.79646218394334, "STP": 33.716469999439454, "SYC": 29.54280080048928, "SGP": 30.57831607310862, "SXM": 29.884392591741623, "SLB": 33.74809042599743, "KNA": 30.6306468565324, "VCT": 29.64482861279896, "LCA": 34.76985759155381, "SUR": 37.14360623107427, "TLS": 33.75966547783976, "TTO": 30.259920772919404, "TON": 29.7, "TUV": 33.771218309768976, "TCA": 29.795946788159256, "VUT": 33.00108756617408, "AIA": 34.512257311738644, "COK": 34.512257311738644, "MSR": 34.512257311738644, "NIU": 34.512257311738644, "TKL": 34.512257311738644}}, "upperIntervals": {"2015": {"ATG": 40.46270069196991, "ABW": 40.89446755151409, "BHS": 34.36730543920955, "BMU": 34.381552533276945, "BHR": 33.54757682636514, "BRB": 41.28299720269887, "BLZ": 44.63636989092008, "VGB": 35.61458035845355, "CYM": 41.9867045723566, "COM": 43.79965470733414, "CUB": 45.482292525233255, "CUW": 41.02870248903974, "DMA": 43.987044128228334, "FJI": 43.70512921802924, "GRD": 45.71264089512088, "GNB": 44.26395106205298, "GUY": 43.19987815347377, "HTI": 41.86615624794258, "JAM": 42.593401200332686, "KIR": 44.53076218137848, "MDV": 42.6231722700511, "MHL": 43.987044128228334, "MUS": 35.5027776952226, "FSM": 45.540976515005646, "NRU": 40.670626154184994, "PLW": 44.42016945684701, "PNG": 49.93560525101252, "WSM": 43.716362075423966, "STP": 44.63636989092008, "SYC": 40.46270069196991, "SGP": 41.49821596458925, "SXM": 40.80429248322225, "SLB": 44.66799031747806, "KNA": 41.55054674801303, "VCT": 40.56472850427959, "LCA": 45.689757483034434, "SUR": 48.0635061225549, "TLS": 44.67956536932039, "TTO": 41.17982066440003, "TUV": 44.6911182012496, "TCA": 40.71584667963988, "VUT": 43.920987457654704, "AIA": 45.43215720321927, "COK": 45.43215720321927, "MSR": 45.43215720321927, "NIU": 45.43215720321927, "TKL": 45.43215720321927}}, "lowerIntervals": {"2015": {"ATG": 22.832739667648173, "ABW": 23.26450652719236, "BHS": 16.737344414887822, "BMU": 16.75159150895521, "BHR": 15.917615802043404, "BRB": 23.653036178377143, "BLZ": 27.00640886659835, "VGB": 17.984619334131818, "CYM": 24.35674354803487, "COM": 26.16969368301241, "CUB": 27.852331500911525, "CUW": 23.398741464718004, "DMA": 26.357083103906604, "FJI": 26.075168193707512, "GRD": 28.082679870799147, "GNB": 26.63399003773125, "GUY": 25.56991712915204, "HTI": 24.236195223620854, "JAM": 24.963440176010955, "KIR": 26.900801157056748, "MDV": 24.99321124572937, "MHL": 26.357083103906604, "MUS": 17.872816670900868, "FSM": 27.91101549068392, "NRU": 23.04066512986326, "PLW": 26.790208432525283, "PNG": 32.30564422669079, "WSM": 26.08640105110224, "STP": 27.00640886659835, "SYC": 22.832739667648173, "SGP": 23.86825494026752, "SXM": 23.17433145890052, "SLB": 27.038029293156328, "KNA": 23.920585723691293, "VCT": 22.934767479957856, "LCA": 28.059796458712704, "SUR": 30.433545098233168, "TLS": 27.049604344998656, "TTO": 23.5498596400783, "TUV": 27.06115717692787, "TCA": 23.08588565531815, "VUT": 26.291026433332974, "AIA": 27.80219617889754, "COK": 27.80219617889754, "MSR": 27.80219617889754, "NIU": 27.80219617889754, "TKL": 27.80219617889754}}, "categoryImportances": {"2015": {"Environment": 142.2061397656798, "Economic Policy & Debt": 48.07390636950731, "Financial": 7.3248954601585865}}, "featureImportances": {"2015": {"wdi2-NY.GDP.MKTP.CN": 5.381662346422672, "mvi-wdi-BX.KLT.DINV.WD.GD.ZS": 2.767317347228527, "mvi-wdi-BX.TRF.PWKR.DT.GD.ZS": 4.557578112930059, "wdi-AG.LND.TOTL.K2": 15.00271352380514, "wdi-AG.SRF.TOTL.K2": 0.0471003018319606, "wdi-BX.KLT.DINV.CD.WD": 6.195194210857153, "wdi-BX.KLT.DINV.WD.GD.ZS": 0.0, "wdi-BX.TRF.PWKR.CD.DT": 36.49704981222749, "wdi-BX.TRF.PWKR.DT.GD.ZS": 0.0, "wdi-EG.ELC.ACCS.RU.ZS": 127.15632594004272}}}