{"data": {"2015": {"ATG": 8.920969781934584, "ABW": 5.671972025813136, "BHS": 8.500939099737971, "BMU": 5.64671907904095, "BHR": 6.514673387849813, "BRB": 10.940105828142096, "BLZ": 7.698008030402268, "VGB": 5.242513368800348, "CPV": 10.69202381, "CYM": 9.373811533246988, "COM": 11.790131860867485, "CUB": 8.778321239437513, "CUW": 4.758951045653176, "DMA": 7.4342625203202175, "DOM": 6.4116911, "FJI": 9.645182701, "GRD": 8.818327091837306, "GNB": 9.983587772252491, "GUY": 8.661762171, "HTI": 9.409058579, "JAM": 8.534216106, "KIR": 7.957659418641305, "MDV": 12.662558510075757, "MHL": 9.399482998625508, "MUS": 6.566136451715131, "FSM": 10.293470184176806, "NRU": 6.512353127540206, "PLW": 8.306883084317224, "PNG": 6.855736949270933, "WSM": 8.484003823, "STP": 12.972219143850808, "SYC": 7.575168817469181, "SGP": 8.393833687085007, "SXM": 4.758951045653176, "SLB": 8.673704126664717, "KNA": 7.48039281610848, "VCT": 9.594653870760306, "LCA": 8.21833057473487, "SUR": 6.497623996, "TLS": 12.83136459453, "TTO": 6.694899179267005, "TON": 8.343663078, "TUV": 6.512353127540206, "TCA": 4.758951045653176, "VUT": 15.74822107, "AIA": 7.0035018583633, "COK": 7.0035018583633, "MSR": 7.0035018583633, "NIU": 7.0035018583633, "TKL": 7.0035018583633}, "2020": {"ASM": 9.356691070246187, "ATG": 8.529086006230129, "ABW": 9.15989966567546, "BHS": 13.213206340754633, "BRB": 10.499056943510906, "BLZ": 3.309170488264458, "VGB": 5.612805919311283, "CPV": 8.229126, "COM": 4.56583, "CUB": 10.533334, "CUW": 10.37769742653378, "DMA": 5.799508620662013, "DOM": 5.917232, "FJI": 7.621332, "PYF": 9.649775407764833, "GRD": 8.64437837288892, "GUM": 9.599359078842603, "GNB": 8.907568818083316, "GUY": 7.752671, "HTI": 7.218717, "JAM": 6.895464, "KIR": 5.558906072463191, "MDV": 13.363225274405776, "MHL": 8.665262479209575, "MUS": 6.528018477786128, "FSM": 7.521198748289831, "NRU": 8.08336781039634, "NCL": 7.7726639567922335, "MNP": 9.73349207978131, "PLW": 9.517504165003254, "PNG": 6.977759330351474, "PRI": 7.724615970476465, "KNA": 9.084377577354536, "LCA": 11.930660680619178, "VCT": 7.977789732711931, "WSM": 8.401363, "STP": 8.16064725758714, "SYC": 6.128897211237786, "SGP": 7.010593371607569, "SXM": 9.637921749912595, "SLB": 8.601397717038614, "SUR": 7.055034, "TLS": 10.279405002212874, "TON": 9.775254, "TTO": 11.456334115872705, "TUV": 8.105675132305471, "VIR": 8.313506111231547, "VUT": 11.38515, "AIA": 8.15372138802916, "COK": 8.203127044671843, "MSR": 9.328602882395389, "NIU": 9.190531249999726}}, "upperIntervals": {"2015": {"ATG": 16.371808001341428, "ABW": 13.122810245219975, "BHS": 15.951777319144814, "BMU": 13.097557298447793, "BHR": 13.965511607256657, "BRB": 18.39094404754894, "BLZ": 15.148846249809113, "VGB": 12.69335158820719, "CYM": 16.82464975265383, "COM": 19.240970080274323, "CUB": 16.229159458844357, "CUW": 12.209789265060015, "DMA": 14.88510073972706, "GRD": 16.269165311244148, "GNB": 17.43442599165933, "KIR": 15.408497638048146, "MDV": 20.1133967294826, "MHL": 16.85032121803235, "MUS": 14.016974671121972, "FSM": 17.74430840358365, "NRU": 13.963191346947047, "PLW": 15.757721303724066, "PNG": 14.306575168677774, "STP": 20.423057363257648, "SYC": 15.026007036876024, "SGP": 15.844671906491849, "SXM": 12.209789265060015, "SLB": 16.124542346071557, "KNA": 14.93123103551532, "VCT": 17.045492090167148, "LCA": 15.669168794141711, "TLS": 20.28220281393684, "TTO": 14.145737398673848, "TUV": 13.963191346947047, "TCA": 12.209789265060015, "AIA": 14.45434007777014, "COK": 14.45434007777014, "MSR": 14.45434007777014, "NIU": 14.45434007777014, "TKL": 14.45434007777014}, "2020": {"ASM": 15.060867275740737, "ATG": 14.233262211724679, "ABW": 14.864075871170009, "BHS": 18.917382546249183, "BRB": 16.203233149005456, "BLZ": 9.013346693759008, "VGB": 11.316982124805833, "CUW": 16.08187363202833, "DMA": 11.503684826156562, "PYF": 15.353951613259383, "GRD": 14.348554578383467, "GUM": 15.303535284337151, "GNB": 14.611745023577864, "KIR": 11.26308227795774, "MDV": 19.067401479900326, "MHL": 14.369438684704125, "MUS": 12.232194683280678, "FSM": 13.22537495378438, "NRU": 13.787544015890887, "NCL": 13.476840162286782, "MNP": 15.437668285275858, "PLW": 15.221680370497804, "PNG": 12.681935535846023, "PRI": 13.428792175971015, "KNA": 14.788553782849085, "LCA": 17.634836886113728, "VCT": 13.68196593820648, "STP": 13.864823463081688, "SYC": 11.833073416732335, "SGP": 12.714769577102118, "SXM": 15.342097955407144, "SLB": 14.305573922533164, "TLS": 15.983581207707424, "TTO": 17.160510321367255, "TUV": 13.80985133780002, "VIR": 14.017682316726095, "AIA": 13.85789759352371, "COK": 13.907303250166393, "MSR": 15.032779087889939, "NIU": 14.894707455494274}}, "lowerIntervals": {"2015": {"ATG": 3.230968692549382, "ABW": -0.0180290635720661, "BHS": 2.810938010352769, "BMU": -0.0432820103442521, "BHR": 0.8246722984646109, "BRB": 5.250104738756894, "BLZ": 2.008006941017066, "VGB": -0.4474877205848537, "CYM": 3.683810443861786, "COM": 6.100130771482281, "CUB": 3.0883201500523114, "CUW": -0.931050043732026, "DMA": 1.7442614309350155, "GRD": 3.128326002452104, "GNB": 4.293586682867289, "KIR": 2.2676583292561032, "MDV": 6.9725574206905545, "MHL": 3.7094819092403046, "MUS": 0.8761353623299293, "FSM": 4.603469094791604, "NRU": 0.822352038155004, "PLW": 2.6168819949320223, "PNG": 1.1657358598857313, "STP": 7.282218054465606, "SYC": 1.885167728083979, "SGP": 2.703832597699805, "SXM": -0.931050043732026, "SLB": 2.983703037279515, "KNA": 1.7903917267232776, "VCT": 3.904652781375104, "LCA": 2.5283294853496674, "TLS": 7.141363505144797, "TTO": 1.0048980898818032, "TUV": 0.822352038155004, "TCA": -0.931050043732026, "AIA": 1.3135007689780975, "COK": 1.3135007689780975, "MSR": 1.3135007689780975, "NIU": 1.3135007689780975, "TKL": 1.3135007689780975}, "2020": {"ASM": 4.4027242511604365, "ATG": 3.575119187144378, "ABW": 4.20593284658971, "BHS": 8.259239521668881, "BRB": 5.545090124425156, "BLZ": -1.6447963308212925, "VGB": 0.6588391002255323, "CUW": 5.42373060744803, "DMA": 0.8455418015762621, "PYF": 4.695808588679083, "GRD": 3.6904115538031688, "GUM": 4.645392259756853, "GNB": 3.9536019989975655, "KIR": 0.6049392533774407, "MDV": 8.409258455320025, "MHL": 3.7112956601238247, "MUS": 1.5740516587003777, "FSM": 2.5672319292040804, "NRU": 3.1294009913105887, "NCL": 2.818697137706483, "MNP": 4.77952526069556, "PLW": 4.563537345917504, "PNG": 2.0237925112657233, "PRI": 2.7706491513907148, "KNA": 4.130410758268785, "LCA": 6.976693861533428, "VCT": 3.02382291362618, "STP": 3.2066804385013894, "SYC": 1.174930392152035, "SGP": 2.056626552521818, "SXM": 4.683954930826844, "SLB": 3.647430897952863, "TLS": 5.325438183127123, "TTO": 6.502367296786955, "TUV": 3.1517083132197206, "VIR": 3.3595392921457963, "AIA": 3.1997545689434093, "COK": 3.2491602255860927, "MSR": 4.374636063309638, "NIU": 4.236564430913975}}, "categoryImportances": {"2015": {"Indicators": 68.61957597266883, "Economic Policy & Debt": 9.817698862403631}, "2020": {"Infrastructure": 32.39903586730361, "Economic Policy & Debt": 6.364497813396156, "Education": 2.1866720989346504, "Gender": 5.575017336755991, "Social Protection & Labor": 24.521072428673506}}, "featureImportances": {"2015": {"wdi2-NE.DAB.TOTL.CN": 9.817698862403631, "ndgain-id_econ_01-raw": 4.273067282512784, "ndgain-id_econ_01-score": 0.0, "ndgain-id_ecos_02-raw": 5.404418210498989, "ndgain-id_ecos_02-score": 0.0, "ndgain-id_ecos_05-raw": 24.72138101421297, "ndgain-id_ecos_05-score": 1.928452044725418, "ndgain-id_ecos_06-score": 14.087084472179413, "ndgain-id_food_01-raw": 17.39171913266182, "ndgain-id_food_01-score": 0.8134538158774376}, "2020": {"wdi2-NE.DAB.TOTL.CN": 6.364497813396156, "wdi-IT.NET.SECR": 26.194152081385255, "wdi-IT.NET.SECR.P6": 6.204883785918355, "wdi2-SE.PRM.AGES": 0.0, "wdi2-SE.PRM.DURS": 0.0, "wdi2-SE.SEC.AGES": 0.15761789679527283, "wdi2-SE.SEC.DURS": 2.0290542021393776, "wdi2-SG.LAW.INDX": 5.575017336755991, "wdi2-SL.EMP.TOTL.SP.ZS": 8.982542456127703,