{"data": {"2015": {"ATG": 0.2890716789384306, "ABW": 0.7387289522132064, "BHS": 0.4794005310960927, "BMU": 0.4794005310960927, "BHR": 1.1688463490982923, "BRB": 0.162920994525416, "BLZ": 0.162920994525416, "VGB": 1.408480172551542, "CPV": 0.0, "CYM": 0.710950017, "COM": 0.162920994525416, "CUB": 0.5816499031411645, "CUW": 1.2240467291810055, "DMA": 0.096332126173366, "DOM": 0.5816499031411645, "FJI": 0.096332126173366, "GRD": 0.096332126173366, "GNB": 0.096332126173366, "GUY": -0.1546901855492198, "HTI": 0.096332126173366, "JAM": 0.096332126173366, "KIR": 0.096332126173366, "MDV": 0.2890716789384306, "MHL": 0.162920994525416, "MUS": 0.3556605472904803, "FSM": 0.162920994525416, "NRU": 0.162920994525416, "PLW": 0.2890716789384306, "PNG": 0.3420160796879155, "WSM": 0.096332126173366, "STP": 0.096332126173366, "SYC": 0.2890716789384306, "SGP": 1.408480172551542, "SXM": 0.3556605472904803, "SLB": 0.096332126173366, "KNA": 0.3556605472904803, "VCT": 0.096332126173366, "LCA": 0.096332126173366, "SUR": 0.0380493672158444, "TLS": 0.096332126173366, "TTO": 0.7857779441755648, "TON": 0.096332126173366, "TUV": 0.096332126173366, "TCA": 0.162920994525416, "VUT": 0.096332126173366, "AIA": 0.648238771493214, "COK": 0.648238771493214, "MSR": 0.648238771493214, "NIU": 0.648238771493214, "TKL": 0.648238771493214}}, "upperIntervals": {"2015": {"ATG": 1.386290088260522, "ABW": 1.8359473615352977, "BHS": 1.576618940418184, "BMU": 1.576618940418184, "BHR": 2.2660647584203835, "BRB": 1.2601394038475071, "BLZ": 1.2601394038475071, "VGB": 2.505698581873633, "COM": 1.2601394038475071, "CUB": 1.6788683124632555, "CUW": 2.321265138503097, "DMA": 1.1935505354954574, "DOM": 1.6788683124632555, "FJI": 1.1935505354954574, "GRD": 1.1935505354954574, "GNB": 1.1935505354954574, "GUY": 0.9425282237728716, "HTI": 1.1935505354954574, "JAM": 1.1935505354954574, "KIR": 1.1935505354954574, "MDV": 1.386290088260522, "MHL": 1.2601394038475071, "MUS": 1.4528789566125715, "FSM": 1.2601394038475071, "NRU": 1.2601394038475071, "PLW": 1.386290088260522, "PNG": 1.4392344890100068, "WSM": 1.1935505354954574, "STP": 1.1935505354954574, "SYC": 1.386290088260522, "SGP": 2.505698581873633, "SXM": 1.4528789566125715, "SLB": 1.1935505354954574, "KNA": 1.4528789566125715, "VCT": 1.1935505354954574, "LCA": 1.1935505354954574, "SUR": 1.1352677765379358, "TLS": 1.1935505354954574, "TTO": 1.882996353497656, "TON": 1.1935505354954574, "TUV": 1.1935505354954574, "TCA": 1.2601394038475071, "VUT": 1.1935505354954574, "AIA": 1.7454571808153054, "COK": 1.7454571808153054, "MSR": 1.7454571808153054, "NIU": 1.7454571808153054, "TKL": 1.7454571808153054}}, "lowerIntervals": {"2015": {"ATG": -0.482652330289479, "ABW": -0.0329950570147031, "BHS": -0.2923234781318169, "BMU": -0.2923234781318169, "BHR": 0.3971223398703827, "BRB": -0.6088030147024935, "BLZ": -0.6088030147024935, "VGB": 0.6367561633236325, "COM": -0.6088030147024935, "CUB": -0.1900741060867451, "CUW": 0.4523227199530959, "DMA": -0.6753918830545436, "DOM": -0.1900741060867451, "FJI": -0.6753918830545436, "GRD": -0.6753918830545436, "GNB": -0.6753918830545436, "GUY": -0.9264141947771296, "HTI": -0.6753918830545436, "JAM": -0.6753918830545436, "KIR": -0.6753918830545436, "MDV": -0.482652330289479, "MHL": -0.6088030147024935, "MUS": -0.4160634619374292, "FSM": -0.6088030147024935, "NRU": -0.6088030147024935, "PLW": -0.482652330289479, "PNG": -0.4297079295399941, "WSM": -0.6753918830545436, "STP": -0.6753918830545436, "SYC": -0.482652330289479, "SGP": 0.6367561633236325, "SXM": -0.4160634619374292, "SLB": -0.6753918830545436, "KNA": -0.4160634619374292, "VCT": -0.6753918830545436, "LCA": -0.6753918830545436, "SUR": -0.7336746420120651, "TLS": -0.6753918830545436, "TTO": 0.0140539349476551, "TON": -0.6753918830545436, "TUV": -0.6753918830545436, "TCA": -0.6088030147024935, "VUT": -0.6753918830545436, "AIA": -0.1234852377346956, "COK": -0.1234852377346956, "MSR": -0.1234852377346956, "NIU": -0.1234852377346956, "TKL": -0.1234852377346956}}, "categoryImportances": {"2015": {"Economic Policy & Debt": 0.0, "Profile": 0.1028492596233263, "Climate": 0.0, "Digital": 1.1325007155537605, "Blue": 0.0, "Finance": 1.0350442242342979}}, "featureImportances": {"2015": {"wdi2-NE.DAB.TOTL.CN": 0.0, "key-wdi-AG.SRF.TOTL.K2": 0.1028492596233263, "key-wdi-EG.ELC.ACCS.ZS": 0.0, "key-wdi-EG.ELC.RNEW.ZS": 0.0, "key-wdi-EG.FEC.RNEW.ZS": 0.0, "key-wdi-ER.FSH.CAPT.MT": 0.0, "key-wdi-IT.CEL.SETS.P2": 0.2069359105080366, "key-wdi-IT.NET.USER.ZS": 0.925564805045724, "key-wdi2-NY.GDP.DEFL.KD.ZG": 0.0501654006075114, "key-wdi2-NY.GDP.MKTP.CD": 0.9848788236267864}}, "performance": {"2015": 0.9141893967550152}}