{"data": {"2015": {"ATG": 63.405399985958894, "ABW": 63.405399985958894, "BHS": 65.3254782631547, "BMU": 63.405399985958894, "BHR": 81.4448909571547, "BRB": 63.405399985958894, "BLZ": 32.01878950997056, "VGB": 91.7471237530764, "CPV": 31.21465259137812, "CYM": 64.20953690455134, "COM": 11.1930124768652, "CUB": 47.56782561765634, "CUW": 62.29002683722678, "DMA": 47.848665626647744, "DOM": 45.38073671514619, "FJI": 19.715204981832063, "GRD": 32.01878950997056, "GNB": 18.586128812851754, "GUY": 32.669208163018496, "HTI": 10.987751154112225, "JAM": 26.76996965069125, "KIR": 17.781991894259313, "MDV": 63.20013866320593, "MHL": 32.249783459132686, "MUS": 63.20013866320593, "FSM": 18.586128812851754, "NRU": 63.405399985958894, "PLW": 47.848665626647744, "PNG": 18.57097303679401, "WSM": 51.14887473, "STP": 18.81712276201388, "SYC": 64.20953690455134, "SGP": 87.5404450293547, "SXM": 62.29002683722678, "SLB": 19.44180878865264, "KNA": 62.5730483289536, "VCT": 64.20953690455134, "LCA": 31.21465259137812, "SUR": 32.669208163018496, "TLS": 18.586128812851754, "TTO": 82.24902787574713, "TON": 63.63639393512101, "TUV": 9.724527363, "TCA": 63.405399985958894, "VUT": 17.781991894259313, "AIA": 41.33565669758421, "COK": 41.33565669758421, "MSR": 41.33565669758421, "NIU": 41.33565669758421, "TKL": 41.33565669758421}}, "upperIntervals": {"2015": {"ATG": 109.01625371696936, "ABW": 109.01625371696936, "BHS": 110.93633199416512, "BMU": 109.01625371696936, "BHR": 127.05574468816512, "BRB": 109.01625371696936, "BLZ": 77.62964324098101, "VGB": 137.35797748408683, "CPV": 76.82550632238856, "CYM": 109.82039063556178, "COM": 56.80386620787564, "CUB": 93.17867934866678, "CUW": 107.90088056823724, "DMA": 93.4595193576582, "DOM": 90.99159044615664, "FJI": 65.32605871284251, "GRD": 77.62964324098101, "GNB": 64.19698254386219, "GUY": 78.28006189402893, "HTI": 56.59860488512267, "JAM": 72.3808233817017, "KIR": 63.39284562526976, "MDV": 108.81099239421636, "MHL": 77.86063719014314, "MUS": 108.81099239421636, "FSM": 64.19698254386219, "NRU": 109.01625371696936, "PLW": 93.4595193576582, "PNG": 64.18182676780445, "STP": 64.42797649302432, "SYC": 109.82039063556178, "SGP": 133.15129876036514, "SXM": 107.90088056823724, "SLB": 65.05266251966307, "KNA": 108.18390205996404, "VCT": 109.82039063556178, "LCA": 76.82550632238856, "SUR": 78.28006189402893, "TLS": 64.19698254386219, "TTO": 127.85988160675755, "TON": 109.24724766613146, "TCA": 109.01625371696936, "VUT": 63.39284562526976, "AIA": 86.94651042859465, "COK": 86.94651042859465, "MSR": 86.94651042859465, "NIU": 86.94651042859465, "TKL": 86.94651042859465}}, "lowerIntervals": {"2015": {"ATG": 14.08624865029192, "ABW": 14.08624865029192, "BHS": 16.00632692748772, "BMU": 14.08624865029192, "BHR": 32.125739621487725, "BRB": 14.08624865029192, "BLZ": -17.300361825696413, "VGB": 42.42797241740942, "CPV": -18.10449874428885, "CYM": 14.89038556888437, "COM": -38.126138858801774, "CUB": -1.7513257180106336, "CUW": 12.97087550155981, "DMA": -1.4704857090192291, "DOM": -3.938414620520781, "FJI": -29.603946353834907, "GRD": -17.300361825696413, "GNB": -30.73302252281522, "GUY": -16.649943172648477, "HTI": -38.33140018155475, "JAM": -22.54918168497572, "KIR": -31.53715944140766, "MDV": 13.880987327538952, "MHL": -17.069367876534287, "MUS": 13.880987327538952, "FSM": -30.73302252281522, "NRU": 14.08624865029192, "PLW": -1.4704857090192291, "PNG": -30.748178298872965, "STP": -30.5020285736531, "SYC": 14.89038556888437, "SGP": 38.22129369368773, "SXM": 12.97087550155981, "SLB": -29.877342547014337, "KNA": 13.25389699328663, "VCT": 14.89038556888437, "LCA": -18.10449874428885, "SUR": -16.649943172648477, "TLS": -30.73302252281522, "TTO": 32.92987654008016, "TON": 14.31724259945404, "TCA": 14.08624865029192, "VUT": -31.53715944140766, "AIA": -7.98349463808276, "COK": -7.98349463808276, "MSR": -7.98349463808276, "NIU": -7.98349463808276, "TKL": -7.98349463808276}}, "categoryImportances": {"2015": {"Environment": 6908.692311406136, "Economic Policy & Debt": 1068.9361298680305}}, "featureImportances": {"2015": {"wdi2-NY.GDP.MKTP.CN": 101.94167041778564, "wdi2-NY.GDP.MKTP.PP.KD": 966.9944594502448, "wdi-AG.LND.AGRI.K2": 196.25049740076065, "wdi-AG.LND.AGRI.ZS": 230.31694054603577, "wdi-AG.LND.FRST.K2": 4.801825940608978, "wdi-AG.LND.FRST.ZS": 8.694225013256073, "wdi-AG.LND.TOTL.K2": 9.107410430908203, "wdi-AG.SRF.TOTL.K2": 3.5259730219841003, "wdi-EG.CFT.ACCS.ZS": 1681.6745529174805, "wdi-EG.ELC.ACCS.RU.ZS": 4774.320886135101}}, "performance": {"2015": 0.3723760605776392}}