{"data": {"2015": {"ATG": 3.076398194899956, "ABW": 7.732016337861366, "BHS": 12.9, "BMU": 5.427936522653846, "BHR": 8.99022111218616, "BRB": 8.97, "BLZ": 11.07, "VGB": 10.40183879248254, "CPV": 31.63, "CYM": 5.2, "COM": 15.978254144044588, "CUB": 2.6, "CUW": 7.642778045797558, "DMA": 14.76198956185134, "DOM": 10.84, "FJI": 15.811962436086183, "GRD": 9.82860147924984, "GNB": 13.22194028196468, "GUY": 10.427367749735112, "HTI": 14.983105585214537, "JAM": 17.86, "KIR": 5.64, "MDV": 12.806585806450034, "MHL": 15.326059013014683, "MUS": 10.68, "FSM": 15.960515648555711, "NRU": 15.708249868897472, "PLW": 17.597064675092113, "PNG": 8.029958258698283, "WSM": 17.916400420480244, "STP": 13.497418791113502, "SYC": 4.79, "SGP": 3.96, "SXM": 7.094501887327304, "SLB": 16.59488527244524, "KNA": 6.770436688578641, "VCT": 6.377738284709295, "LCA": 12.267696517546396, "SUR": 11.45, "TLS": 15.603313293748297, "TTO": 2.95, "TON": 0.2436911059779404, "TUV": 7.081706024017672, "TCA": 14.721225148945814, "VUT": 17.846936180084306, "AIA": 7.04566439855373, "COK": 7.04566439855373, "MSR": 7.04566439855373, "NIU": 7.04566439855373, "TKL": 7.04566439855373}, "2020": {"ASM": 17.216916627604423, "ATG": 17.664327103018234, "ABW": 10.629236574253481, "BHS": 13.239185219898912, "BRB": 11.826250131837378, "BLZ": 10.928414847121859, "VGB": 2.810602498325043, "CPV": 17.664327103018234, "COM": 19.513491689352424, "CUB": 11.728612278470948, "CUW": 6.5267575772684925, "DMA": 13.71421575281824, "DOM": 9.007611723524402, "FJI": 15.188732522771973, "PYF": 19.513491689352424, "GRD": 16.24985628492357, "GUM": 12.653030330881977, "GNB": 10.550979903528004, "GUY": 17.216916627604423, "HTI": 12.701738523029567, "JAM": 10.008871505367846, "KIR": 20.46016664963671, "MDV": 10.701880295241166, "MHL": 20.368661919938138, "MUS": 17.664327103018234, "FSM": 14.234715305680519, "NRU": 20.113013826215628, "NCL": 17.328727637582027, "MNP": 6.712556771486543, "PLW": 19.799951993790078, "PNG": 19.513491689352424, "PRI": 12.226300906946102, "KNA": 13.8362321439205, "LCA": 13.012994302157077, "VCT": 19.816324736732586, "WSM": 19.513491689352424, "STP": 19.513491689352424, "SYC": 12.299744934723579, "SGP": 4.593651707282411, "SXM": 10.245391781925898, "SLB": 8.852715708906976, "SUR": 13.8362321439205, "TLS": 13.807895146046969, "TON": 19.513491689352424, "TTO": 16.24985628492357, "TUV": 19.61905861638276, "VIR": 12.33530421029885, "VUT": 8.852715708906976, "AIA": 4.384119886792716, "COK": 4.384119886792716, "MSR": 4.384119886792716, "NIU": 4.384119886792716}}, "upperIntervals": {"2015": {"ATG": 16.312391985174713, "ABW": 20.96801012813612, "BMU": 18.663930312928603, "BHR": 22.22621490246092, "VGB": 23.63783258275729, "COM": 29.214247934319346, "CUW": 20.87877183607232, "DMA": 27.99798335212609, "FJI": 29.04795622636094, "GRD": 23.064595269524595, "GNB": 26.45793407223944, "GUY": 23.66336154000987, "HTI": 28.219099375489293, "MDV": 26.042579596724792, "MHL": 28.56205280328944, "FSM": 29.196509438830468, "NRU": 28.94424365917223, "PLW": 30.833058465366868, "PNG": 21.26595204897304, "WSM": 31.152394210755, "STP": 26.73341258138825, "SXM": 20.33049567760206, "SLB": 29.83087906272, "KNA": 20.0064304788534, "VCT": 19.61373207498405, "LCA": 25.503690307821152, "TLS": 28.83930708402305, "TON": 13.479684896252698, "TUV": 20.31769981429243, "TCA": 27.95721893922057, "VUT": 31.08292997035906, "AIA": 20.281658188828487, "COK": 20.281658188828487, "MSR": 20.281658188828487, "NIU": 20.281658188828487, "TKL": 20.281658188828487}, "2020": {"ASM": 28.366456573039716, "ATG": 28.813867048453528, "ABW": 21.778776519688776, "BHS": 24.388725165334208, "BRB": 22.97579007727267, "BLZ": 22.07795479255715, "VGB": 13.960142443760336, "CPV": 28.813867048453528, "COM": 30.663031634787718, "CUB": 22.87815222390624, "CUW": 17.676297522703784, "DMA": 24.863755698253534, "DOM": 20.157151668959695, "FJI": 26.338272468207265, "PYF": 30.663031634787718, "GRD": 27.399396230358864, "GUM": 23.80257027631727, "GNB": 21.700519848963296, "GUY": 28.366456573039716, "HTI": 23.851278468464862, "JAM": 21.15841145080314, "KIR": 31.609706595072005, "MDV": 21.85142024067646, "MHL": 31.51820186537343, "MUS": 28.813867048453528, "FSM": 25.38425525111581, "NRU": 31.26255377165092, "NCL": 28.47826758301732, "MNP": 17.862096716921837, "PLW": 30.94949193922537, "PNG": 30.663031634787718, "PRI": 23.375840852381394, "KNA": 24.98577208935579, "LCA": 24.16253424759237, "VCT": 30.96586468216788, "WSM": 30.663031634787718, "STP": 30.663031634787718, "SYC": 23.44928488015887, "SGP": 15.743191652717705, "SXM": 21.39493172736119, "SLB": 20.00225565434227, "SUR": 24.98577208935579, "TLS": 24.95743509148226, "TON": 30.663031634787718, "TTO": 27.399396230358864, "TUV": 30.768598561818052, "VIR": 23.484844155734145, "VUT": 20.00225565434227, "AIA": 15.53365983222801, "COK": 15.53365983222801, "MSR": 15.53365983222801, "NIU": 15.53365983222801}}, "lowerIntervals": {"2015": {"ATG": -4.852537674750058, "ABW": -0.196919531788648, "BMU": -2.500999346996168, "BHR": 1.0612852425361463, "VGB": 2.472902922832525, "COM": 8.049318274394572, "CUW": -0.2861578238524567, "DMA": 6.833053692201324, "FJI": 7.883026566436171, "GRD": 1.8996656095998248, "GNB": 5.293004412314667, "GUY": 2.498431880085099, "HTI": 7.05416971556452, "MDV": 4.87764993680002, "MHL": 7.397123143364669, "FSM": 8.031579778905698, "NRU": 7.779313999247457, "PLW": 9.668128805442098, "PNG": 0.1010223890482686, "WSM": 9.987464550830229, "STP": 5.568482921463487, "SXM": -0.83443398232271, "SLB": 8.665949402795224, "KNA": -1.158499181071373, "VCT": -1.5511975849407191, "LCA": 4.338760647896382, "TLS": 7.674377424098282, "TON": -7.685244763672074, "TUV": -0.8472298456323424, "TCA": 6.7922892792958, "VUT": 9.91800031043429, "AIA": -0.8832714710962843, "COK": -0.8832714710962843, "MSR": -0.8832714710962843, "NIU": -0.8832714710962843, "TKL": -0.8832714710962843}, "2020": {"ASM": 8.470505030186965, "ATG": 8.917915505600776, "ABW": 1.882824976836023, "BHS": 4.4927736224814545, "BRB": 3.0798385344199204, "BLZ": 2.182003249704401, "VGB": -5.935809099092415, "CPV": 8.917915505600776, "COM": 10.767080091934966, "CUB": 2.98220068105349, "CUW": -2.2196540201489654, "DMA": 4.967804155400781, "DOM": 0.2612001261069441, "FJI": 6.442320925354515, "PYF": 10.767080091934966, "GRD": 7.5034446875061125, "GUM": 3.9066187334645193, "GNB": 1.8045683061105464, "GUY": 8.470505030186965, "HTI": 3.955326925612109, "JAM": 1.2624599079503884, "KIR": 11.713755052219254, "MDV": 1.955468697823708, "MHL": 11.62225032252068, "MUS": 8.917915505600776, "FSM": 5.488303708263061, "NRU": 11.36660222879817, "NCL": 8.582316040164569, "MNP": -2.0338548259309146, "PLW": 11.05354039637262, "PNG": 10.767080091934966, "PRI": 3.4798893095286445, "KNA": 5.0898205465030415, "LCA": 4.266582704739619, "VCT": 11.069913139315128, "WSM": 10.767080091934966, "STP": 10.767080091934966, "SYC": 3.553333337306121, "SGP": -4.152759890135047, "SXM": 1.49898018450844, "SLB": 0.1063041114895178, "SUR": 5.0898205465030415, "TLS": 5.061483548629511, "TON": 10.767080091934966, "TTO": 7.5034446875061125, "TUV": 10.872647018965301, "VIR": 3.5888926128813914, "VUT": 0.1063041114895178, "AIA": -4.362291710624742, "COK": -4.362291710624742, "MSR": -4.362291710624742, "NIU": -4.362291710624742}}, "categoryImportances": {"2015": {"Environment": 410.4899416519329, "Financial Sector": 43.53983844071627, "Economic Policy & Debt": 22.88521363586188}, "2020": {"Economic Policy & Debt": 39.699551835656166, "Infrastructure": 37.682882100343704, "Social Protection & Labor": 116.42109466344118}}, "featureImportances": {"2015": {"wdi2-NY.GDP.MKTP.CN": 22.88521363586188, "wdi-AG.LND.TOTL.K2": 147.1364138284698, "wdi-AG.SRF.TOTL.K2": 3.657657319679856, "wdi-EG.ELC.ACCS.UR.ZS": 4.313119404017925, "wdi-EG.ELC.ACCS.ZS": 51.323693692684174, "wdi-EG.ELC.RNEW.ZS": 48.38233353197575, "wdi-EN.POP.DNST": 71.149139277637, "wdi2-NY.GDP.DEFL.KD.ZG": 43.53983844071627, "wdi2-NY.GDP.FRST.RT.ZS": 55.46118017286062,