{"data": {"2015": {"ATG": 45.04467345910548, "ABW": 52.12993626274878, "BHS": 37.7754320255345, "BMU": 41.660642682594855, "BHR": 48.99054941356847, "BRB": 41.95771793646583, "BLZ": 12.92094089869808, "VGB": 52.40192135410019, "CPV": 12.31680012, "CYM": 55.6828804, "COM": 14.762308772598482, "CUB": 8.696269509044365, "CUW": 32.21190450866272, "DMA": 29.584528369190195, "DOM": 14.49662018, "FJI": 12.92094089869808, "GRD": 20.93130434710743, "GNB": 14.762308772598482, "GUY": 12.618801823693415, "HTI": 10.853089452821528, "JAM": 13.886775409374046, "KIR": 13.717421688467466, "MDV": 16.500405395282808, "MHL": 15.386961879249542, "MUS": 22.12752343551409, "FSM": 18.21413026014637, "NRU": 25.92584160359068, "PLW": 25.48635015978821, "PNG": 12.64152050506049, "WSM": 15.748109279594924, "STP": 14.762308772598482, "SYC": 35.28829536380118, "SGP": 47.94758987, "SXM": 32.94864613210909, "SLB": 11.935140391701635, "KNA": 48.88594860444043, "VCT": 21.87281702574589, "LCA": 20.93130434710743, "SUR": 17.330062742294434, "TLS": 11.935140391701635, "TTO": 48.60555368005563, "TON": 30.78555701372437, "TUV": 19.15564293878483, "TCA": 38.49726835716872, "VUT": 12.272581435883213, "AIA": 16.901848256781093, "COK": 16.901848256781093, "MSR": 16.901848256781093, "NIU": 16.901848256781093, "TKL": 16.901848256781093}}, "upperIntervals": {"2015": {"ATG": 69.38873572195943, "ABW": 76.47399852560274, "BHS": 62.11949428838845, "BMU": 66.00470494544881, "BHR": 73.33461167642243, "BRB": 66.3017801993198, "BLZ": 37.26500316155204, "VGB": 76.74598361695415, "COM": 39.10637103545244, "CUB": 33.04033177189832, "CUW": 56.55596677151668, "DMA": 53.92859063204415, "FJI": 37.26500316155204, "GRD": 45.27536660996139, "GNB": 39.10637103545244, "GUY": 36.96286408654737, "HTI": 35.19715171567549, "JAM": 38.230837672228006, "KIR": 38.06148395132142, "MDV": 40.844467658136764, "MHL": 39.7310241421035, "MUS": 46.471585698368045, "FSM": 42.55819252300033, "NRU": 50.26990386644464, "PLW": 49.83041242264217, "PNG": 36.98558276791445, "WSM": 40.09217154244888, "STP": 39.10637103545244, "SYC": 59.632357626655136, "SXM": 57.29270839496304, "SLB": 36.27920265455559, "KNA": 73.23001086729438, "VCT": 46.21687928859984, "LCA": 45.27536660996139, "SUR": 41.67412500514839, "TLS": 36.27920265455559, "TTO": 72.94961594290959, "TON": 55.129619276578325, "TUV": 43.49970520163879, "TCA": 62.841330620022674, "VUT": 36.61664369873717, "AIA": 41.245910519635046, "COK": 41.245910519635046, "MSR": 41.245910519635046, "NIU": 41.245910519635046, "TKL": 41.245910519635046}}, "lowerIntervals": {"2015": {"ATG": 28.19085069536435, "ABW": 35.27611349900765, "BHS": 20.92160926179337, "BMU": 24.80681991885373, "BHR": 32.13672664982735, "BRB": 25.10389517272471, "BLZ": -3.932881865043044, "VGB": 35.54809859035906, "COM": -2.0915139911426426, "CUB": -8.15755325469676, "CUW": 15.358081744921597, "DMA": 12.73070560544907, "FJI": -3.932881865043044, "GRD": 4.077481583366307, "GNB": -2.0915139911426426, "GUY": -4.2350209400477095, "HTI": -6.000733310919596, "JAM": -2.967047354367079, "KIR": -3.136401075273658, "MDV": -0.3534173684583166, "MHL": -1.4668608844915827, "MUS": 5.273700671772964, "FSM": 1.3603074964052446, "NRU": 9.072018839849552, "PLW": 8.632527396047085, "PNG": -4.212302258680635, "WSM": -1.1057134841462002, "STP": -2.0915139911426426, "SYC": 18.43447260006005, "SXM": 16.094823368367965, "SLB": -4.918682372039488, "KNA": 32.03212584069931, "VCT": 5.018994262004764, "LCA": 4.077481583366307, "SUR": 0.4762399785533091, "TLS": -4.918682372039488, "TTO": 31.751730916314504, "TON": 13.931734249983249, "TUV": 2.301820175043705, "TCA": 21.64344559342759, "VUT": -4.581241327857914, "AIA": 0.0480254930399688, "COK": 0.0480254930399688, "MSR": 0.0480254930399688, "NIU": 0.0480254930399688, "TKL": 0.0480254930399688}}, "categoryImportances": {"2015": {"Environment": 136.13497504591942, "Economic Policy & Debt": 34.31483694911003, "Profile": 119.95714691281319, "Climate": 173.09608882665634, "Digital": 2145.357998073101, "Blue": 11.100528061389925}}, "featureImportances": {"2015": {"wdi2-NE.DAB.TOTL.CN": 34.31483694911003, "key-wdi-AG.SRF.TOTL.K2": 88.71650916337967, "key-wdi-EG.ELC.ACCS.ZS": 1137.4228602051735, "key-wdi-EG.ELC.RNEW.ZS": 19.278887301683422, "key-wdi-EG.FEC.RNEW.ZS": 153.81720152497292, "key-wdi-ER.FSH.CAPT.MT": 11.100528061389925, "key-wdi-IT.CEL.SETS.P2": 153.69883006811142, "key-wdi-IT.NET.USER.ZS": 854.2363077998161, "key-wdi2-SP.POP.TOTL": 31.24063774943352, "wdi-AG.LND.AGRI.K2": 136.13497504591942}}}