{"data": {"2015": {"ATG": 33.36466116655522, "ABW": 41.22537403140854, "BHS": 34.886364795493535, "BMU": 40.59819232045406, "BHR": 39.99447921223675, "BRB": 32.20350293950205, "BLZ": 6.86831356678563, "VGB": 41.75935054750723, "CPV": 9.033370018, "CYM": 33.93507004, "COM": 9.27351254210962, "CUB": 10.928213244937746, "CUW": 25.460956981434386, "DMA": 26.47575447229173, "DOM": 10.11355019, "FJI": 10.877011284291946, "GRD": 18.68281185333801, "GNB": 11.933258255406006, "GUY": 14.358595738189162, "HTI": 9.845215149331166, "JAM": 11.148830945898766, "KIR": 11.610572295689472, "MDV": 21.19344326216352, "MHL": 11.610572295689472, "MUS": 16.635131690280037, "FSM": 14.739826305449244, "NRU": 16.916863954596582, "PLW": 18.0625915113704, "PNG": 12.139277255061698, "WSM": 12.26939883006122, "STP": 11.939070613854154, "SYC": 28.61174217987026, "SGP": 46.06443024, "SXM": 33.098377317527955, "SLB": 9.289063955527732, "KNA": 30.444680531294708, "VCT": 17.943326379136572, "LCA": 18.68281185333801, "SUR": 14.080704574529816, "TLS": 11.917827585126654, "TTO": 33.52752178707765, "TON": 32.313727214149885, "TUV": 19.220753855280805, "TCA": 32.313727214149885, "VUT": 6.175240616047318, "AIA": 11.95144123343157, "COK": 11.95144123343157, "MSR": 11.95144123343157, "NIU": 11.95144123343157, "TKL": 11.95144123343157}}, "upperIntervals": {"2015": {"ATG": 48.71229861915147, "ABW": 56.57301148400478, "BHS": 50.23400224808978, "BMU": 55.94582977305031, "BHR": 55.342116664832986, "BRB": 47.55114039209829, "BLZ": 22.21595101938188, "VGB": 57.10698800010347, "COM": 24.62114999470586, "CUB": 26.27585069753399, "CUW": 40.808594434030624, "DMA": 41.82339192488797, "FJI": 26.224648736888188, "GRD": 34.03044930593425, "GNB": 27.280895708002248, "GUY": 29.706233190785404, "HTI": 25.19285260192741, "JAM": 26.496468398495008, "KIR": 26.958209748285714, "MDV": 36.54108071475976, "MHL": 26.958209748285714, "MUS": 31.98276914287628, "FSM": 30.087463758045487, "NRU": 32.264501407192824, "PLW": 33.410228963966645, "PNG": 27.48691470765793, "WSM": 27.61703628265746, "STP": 27.286708066450394, "SYC": 43.9593796324665, "SXM": 48.446014770124194, "SLB": 24.636701408123976, "KNA": 45.79231798389095, "VCT": 33.29096383173281, "LCA": 34.03044930593425, "SUR": 29.428342027126057, "TLS": 27.265465037722898, "TTO": 48.87515923967389, "TON": 47.66136466674613, "TUV": 34.56839130787705, "TCA": 47.66136466674613, "VUT": 21.52287806864356, "AIA": 27.29907868602781, "COK": 27.29907868602781, "MSR": 27.29907868602781, "NIU": 27.29907868602781, "TKL": 27.29907868602781}}, "lowerIntervals": {"2015": {"ATG": 19.749003562007367, "ABW": 27.60971642686069, "BHS": 21.27070719094568, "BMU": 26.982534715906205, "BHR": 26.37882160768889, "BRB": 18.5878453349542, "BLZ": -6.747344037762226, "VGB": 28.143692942959376, "COM": -4.342145062438236, "CUB": -2.68744435961011, "CUW": 11.845299376886526, "DMA": 12.860096867743874, "FJI": -2.73864632025591, "GRD": 5.06715424879015, "GNB": -1.68239934914185, "GUY": 0.7429381336413066, "HTI": -3.77044245521669, "JAM": -2.46682665864909, "KIR": -2.0050853088583835, "MDV": 7.57778565761566, "MHL": -2.0050853088583835, "MUS": 3.019474085732181, "FSM": 1.1241687009013877, "NRU": 3.3012063500487265, "PLW": 4.446933906822544, "PNG": -1.476380349486158, "WSM": -1.3462587744866372, "STP": -1.6765869906937017, "SYC": 14.996084575322405, "SXM": 19.4827197129801, "SLB": -4.326593649020124, "KNA": 16.829022926746852, "VCT": 4.327668774588716, "LCA": 5.06715424879015, "SUR": 0.4650469699819588, "TLS": -1.6978300194212022, "TTO": 19.9118641825298, "TON": 18.69806960960203, "TUV": 5.605096250732949, "TCA": 18.69806960960203, "VUT": -7.440416988500538, "AIA": -1.6642163711162858, "COK": -1.6642163711162858, "MSR": -1.6642163711162858, "NIU": -1.6642163711162858, "TKL": -1.6642163711162858}}, "categoryImportances": {"2015": {"Environment": 1.2415130138397217, "Economic Policy & Debt": 16.180764943361282, "Profile": 17.601577013731003, "Climate": 333.227813154459, "Digital": 1293.2035402059555, "Blue": 56.76931342482567}}, "featureImportances": {"2015": {"wdi2-NE.DAB.TOTL.CN": 16.180764943361282, "key-wdi-AG.SRF.TOTL.K2": 8.588058084249496, "key-wdi-EG.ELC.ACCS.ZS": 1008.7584198713304, "key-wdi-EG.ELC.RNEW.ZS": 6.936964064836502, "key-wdi-EG.FEC.RNEW.ZS": 326.2908490896225, "key-wdi-ER.FSH.CAPT.MT": 56.76931342482567, "key-wdi-IT.CEL.SETS.P2": 7.965068101882935, "key-wdi-IT.NET.USER.ZS": 276.4800522327423, "key-wdi2-SP.POP.TOTL": 9.013518929481506, "wdi-AG.LND.AGRI.K2": 1.2415130138397217}}, "performance": {"2015": 0.446669896571727}}