{"data": {"2015": {"ATG": 24.97654988053544, "ABW": 24.97654988053544, "BHS": 24.97654988053544, "BMU": 24.97654988053544, "BHR": 24.97654988053544, "BRB": 24.97654988053544, "BLZ": 24.97654988053544, "VGB": 24.97654988053544, "CPV": 24.97654988053544, "CYM": 24.97654988053544, "COM": 24.97654988053544, "CUB": 24.97654988053544, "CUW": 24.97654988053544, "DMA": 24.97654988053544, "DOM": 24.5, "FJI": 24.97654988053544, "GRD": 24.97654988053544, "GNB": 24.97654988053544, "GUY": 24.97654988053544, "HTI": 24.97654988053544, "JAM": 24.97654988053544, "KIR": 24.97654988053544, "MDV": 24.97654988053544, "MHL": 24.97654988053544, "MUS": 24.97654988053544, "FSM": 24.97654988053544, "NRU": 24.97654988053544, "PLW": 24.97654988053544, "PNG": 24.97654988053544, "WSM": 24.97654988053544, "STP": 24.97654988053544, "SYC": 24.97654988053544, "SGP": 24.97654988053544, "SXM": 24.97654988053544, "SLB": 24.97654988053544, "KNA": 24.97654988053544, "VCT": 24.97654988053544, "LCA": 24.97654988053544, "SUR": 24.97654988053544, "TLS": 24.97654988053544, "TTO": 24.97654988053544, "TON": 24.97654988053544, "TUV": 24.97654988053544, "TCA": 24.97654988053544, "VUT": 24.97654988053544, "AIA": 24.97654988053544, "COK": 24.97654988053544, "MSR": 24.97654988053544, "NIU": 24.97654988053544, "TKL": 24.97654988053544}}, "upperIntervals": {"2015": {"ATG": 40.11485830500824, "ABW": 40.11485830500824, "BHS": 40.11485830500824, "BMU": 40.11485830500824, "BHR": 40.11485830500824, "BRB": 40.11485830500824, "BLZ": 40.11485830500824, "VGB": 40.11485830500824, "CPV": 40.11485830500824, "CYM": 40.11485830500824, "COM": 40.11485830500824, "CUB": 40.11485830500824, "CUW": 40.11485830500824, "DMA": 40.11485830500824, "FJI": 40.11485830500824, "GRD": 40.11485830500824, "GNB": 40.11485830500824, "GUY": 40.11485830500824, "HTI": 40.11485830500824, "JAM": 40.11485830500824, "KIR": 40.11485830500824, "MDV": 40.11485830500824, "MHL": 40.11485830500824, "MUS": 40.11485830500824, "FSM": 40.11485830500824, "NRU": 40.11485830500824, "PLW": 40.11485830500824, "PNG": 40.11485830500824, "WSM": 40.11485830500824, "STP": 40.11485830500824, "SYC": 40.11485830500824, "SGP": 40.11485830500824, "SXM": 40.11485830500824, "SLB": 40.11485830500824, "KNA": 40.11485830500824, "VCT": 40.11485830500824, "LCA": 40.11485830500824, "SUR": 40.11485830500824, "TLS": 40.11485830500824, "TTO": 40.11485830500824, "TON": 40.11485830500824, "TUV": 40.11485830500824, "TCA": 40.11485830500824, "VUT": 40.11485830500824, "AIA": 40.11485830500824, "COK": 40.11485830500824, "MSR": 40.11485830500824, "NIU": 40.11485830500824, "TKL": 40.11485830500824}}, "lowerIntervals": {"2015": {"ATG": 15.681484848848015, "ABW": 15.681484848848015, "BHS": 15.681484848848015, "BMU": 15.681484848848015, "BHR": 15.681484848848015, "BRB": 15.681484848848015, "BLZ": 15.681484848848015, "VGB": 15.681484848848015, "CPV": 15.681484848848015, "CYM": 15.681484848848015, "COM": 15.681484848848015, "CUB": 15.681484848848015, "CUW": 15.681484848848015, "DMA": 15.681484848848015, "FJI": 15.681484848848015, "GRD": 15.681484848848015, "GNB": 15.681484848848015, "GUY": 15.681484848848015, "HTI": 15.681484848848015, "JAM": 15.681484848848015, "KIR": 15.681484848848015, "MDV": 15.681484848848015, "MHL": 15.681484848848015, "MUS": 15.681484848848015, "FSM": 15.681484848848015, "NRU": 15.681484848848015, "PLW": 15.681484848848015, "PNG": 15.681484848848015, "WSM": 15.681484848848015, "STP": 15.681484848848015, "SYC": 15.681484848848015, "SGP": 15.681484848848015, "SXM": 15.681484848848015, "SLB": 15.681484848848015, "KNA": 15.681484848848015, "VCT": 15.681484848848015, "LCA": 15.681484848848015, "SUR": 15.681484848848015, "TLS": 15.681484848848015, "TTO": 15.681484848848015, "TON": 15.681484848848015, "TUV": 15.681484848848015, "TCA": 15.681484848848015, "VUT": 15.681484848848015, "AIA": 15.681484848848015, "COK": 15.681484848848015, "MSR": 15.681484848848015, "NIU": 15.681484848848015, "TKL": 15.681484848848015}}, "categoryImportances": {"2015": {"Economic Policy & Debt": 0.0, "Profile": 0.0, "Climate": 0.0, "Finance": 0.0, "MVI": 0.0}}, "featureImportances": {"2015": {"wdi2-NY.GDP.MKTP.CN": 0.0, "key-mvi-wdi-BX.KLT.DINV.WD.GD.ZS": 0.0, "key-mvi-wdi-BX.TRF.PWKR.DT.GD.ZS": 0.0, "key-ndgain-nd-gain": 0.0, "key-ndgain-nd-readiness": 0.0, "key-ndgain-nd-vulnerability": 0.0, "key-wdi-AG.SRF.TOTL.K2": 0.0, "key-wdi-BN.CAB.XOKA.GD.ZS": 0.0, "key-wdi-BX.KLT.DINV.CD.WD": 0.0, "key-wdi-BX.TRF.PWKR.DT.GD.ZS": 0.0}}}