{"data": {"2015": {"ATG": 32.5275598685807, "ABW": 32.5275598685807, "BHS": 32.5275598685807, "BMU": 32.5275598685807, "BHR": 32.5275598685807, "BRB": 32.5275598685807, "BLZ": 32.5275598685807, "VGB": 32.5275598685807, "CPV": 32.5275598685807, "CYM": 32.5275598685807, "COM": 32.5275598685807, "CUB": 32.5275598685807, "CUW": 32.5275598685807, "DMA": 32.5275598685807, "DOM": 26.21193507, "FJI": 32.5275598685807, "GRD": 32.5275598685807, "GNB": 32.5275598685807, "GUY": 32.5275598685807, "HTI": 32.5275598685807, "JAM": 32.5275598685807, "KIR": 32.5275598685807, "MDV": 32.5275598685807, "MHL": 32.5275598685807, "MUS": 32.5275598685807, "FSM": 32.5275598685807, "NRU": 32.5275598685807, "PLW": 32.5275598685807, "PNG": 32.5275598685807, "WSM": 32.5275598685807, "STP": 32.5275598685807, "SYC": 32.5275598685807, "SGP": 32.5275598685807, "SXM": 32.5275598685807, "SLB": 32.5275598685807, "KNA": 32.5275598685807, "VCT": 32.5275598685807, "LCA": 32.5275598685807, "SUR": 32.5275598685807, "TLS": 32.5275598685807, "TTO": 32.5275598685807, "TON": 32.5275598685807, "TUV": 32.5275598685807, "TCA": 32.5275598685807, "VUT": 32.5275598685807, "AIA": 32.5275598685807, "COK": 32.5275598685807, "MSR": 32.5275598685807, "NIU": 32.5275598685807, "TKL": 32.5275598685807}}, "upperIntervals": {"2015": {"ATG": 69.54225514252494, "ABW": 69.54225514252494, "BHS": 69.54225514252494, "BMU": 69.54225514252494, "BHR": 69.54225514252494, "BRB": 69.54225514252494, "BLZ": 69.54225514252494, "VGB": 69.54225514252494, "CPV": 69.54225514252494, "CYM": 69.54225514252494, "COM": 69.54225514252494, "CUB": 69.54225514252494, "CUW": 69.54225514252494, "DMA": 69.54225514252494, "FJI": 69.54225514252494, "GRD": 69.54225514252494, "GNB": 69.54225514252494, "GUY": 69.54225514252494, "HTI": 69.54225514252494, "JAM": 69.54225514252494, "KIR": 69.54225514252494, "MDV": 69.54225514252494, "MHL": 69.54225514252494, "MUS": 69.54225514252494, "FSM": 69.54225514252494, "NRU": 69.54225514252494, "PLW": 69.54225514252494, "PNG": 69.54225514252494, "WSM": 69.54225514252494, "STP": 69.54225514252494, "SYC": 69.54225514252494, "SGP": 69.54225514252494, "SXM": 69.54225514252494, "SLB": 69.54225514252494, "KNA": 69.54225514252494, "VCT": 69.54225514252494, "LCA": 69.54225514252494, "SUR": 69.54225514252494, "TLS": 69.54225514252494, "TTO": 69.54225514252494, "TON": 69.54225514252494, "TUV": 69.54225514252494, "TCA": 69.54225514252494, "VUT": 69.54225514252494, "AIA": 69.54225514252494, "COK": 69.54225514252494, "MSR": 69.54225514252494, "NIU": 69.54225514252494, "TKL": 69.54225514252494}}, "lowerIntervals": {"2015": {"ATG": -4.128135922874527, "ABW": -4.128135922874527, "BHS": -4.128135922874527, "BMU": -4.128135922874527, "BHR": -4.128135922874527, "BRB": -4.128135922874527, "BLZ": -4.128135922874527, "VGB": -4.128135922874527, "CPV": -4.128135922874527, "CYM": -4.128135922874527, "COM": -4.128135922874527, "CUB": -4.128135922874527, "CUW": -4.128135922874527, "DMA": -4.128135922874527, "FJI": -4.128135922874527, "GRD": -4.128135922874527, "GNB": -4.128135922874527, "GUY": -4.128135922874527, "HTI": -4.128135922874527, "JAM": -4.128135922874527, "KIR": -4.128135922874527, "MDV": -4.128135922874527, "MHL": -4.128135922874527, "MUS": -4.128135922874527, "FSM": -4.128135922874527, "NRU": -4.128135922874527, "PLW": -4.128135922874527, "PNG": -4.128135922874527, "WSM": -4.128135922874527, "STP": -4.128135922874527, "SYC": -4.128135922874527, "SGP": -4.128135922874527, "SXM": -4.128135922874527, "SLB": -4.128135922874527, "KNA": -4.128135922874527, "VCT": -4.128135922874527, "LCA": -4.128135922874527, "SUR": -4.128135922874527, "TLS": -4.128135922874527, "TTO": -4.128135922874527, "TON": -4.128135922874527, "TUV": -4.128135922874527, "TCA": -4.128135922874527, "VUT": -4.128135922874527, "AIA": -4.128135922874527, "COK": -4.128135922874527, "MSR": -4.128135922874527, "NIU": -4.128135922874527, "TKL": -4.128135922874527}}, "categoryImportances": {"2015": {"Economic Policy & Debt": 0.0, "Profile": 0.0, "Climate": 0.0, "Finance": 0.0, "MVI": 0.0}}, "featureImportances": {"2015": {"wdi2-NE.DAB.TOTL.CN": 0.0, "key-mvi-wdi-BX.KLT.DINV.WD.GD.ZS": 0.0, "key-mvi-wdi-BX.TRF.PWKR.DT.GD.ZS": 0.0, "key-ndgain-nd-gain": 0.0, "key-ndgain-nd-readiness": 0.0, "key-ndgain-nd-vulnerability": 0.0, "key-wdi-AG.SRF.TOTL.K2": 0.0, "key-wdi-BN.CAB.XOKA.GD.ZS": 0.0, "key-wdi-BX.KLT.DINV.CD.WD": 0.0, "key-wdi-BX.TRF.PWKR.DT.GD.ZS": 0.0}}}