{"data": {"2015": {"ATG": 82.95584341289464, "ABW": 92.80443316598864, "BHS": 95.809793253974, "BMU": 95.809793253974, "BHR": 88.72104785968483, "BRB": 94.260158360197, "BLZ": 51.346183087112784, "VGB": 92.25320184412394, "CPV": 51.92240906, "CYM": 99.02892303, "COM": 58.48216978322162, "CUB": 72.22757002865102, "CUW": 88.89051288455285, "DMA": 91.4349075852327, "DOM": 66.80484772, "FJI": 52.28819410438456, "GRD": 60.282997994068815, "GNB": 62.59677643217158, "GUY": 57.89453450936482, "HTI": 51.27236223157868, "JAM": 60.48118582987838, "KIR": 61.1244327629628, "MDV": 80.02345610212508, "MHL": 61.1244327629628, "MUS": 71.7336743985705, "FSM": 56.46910772296801, "NRU": 64.50544267218989, "PLW": 74.57309555530591, "PNG": 56.97791004151188, "WSM": 47.20524848304044, "STP": 49.61975889377309, "SYC": 80.02345610212508, "SGP": 86.69622803, "SXM": 94.69325549090256, "SLB": 53.76069349784543, "KNA": 96.6075201051728, "VCT": 71.30493692222805, "LCA": 60.282997994068815, "SUR": 49.65629817894728, "TLS": 67.92617214571825, "TTO": 92.23462651954544, "TON": 84.09303804529435, "TUV": 54.5689877481578, "TCA": 90.0445888071838, "VUT": 51.45493576056108, "AIA": 60.86288990964251, "COK": 60.86288990964251, "MSR": 60.86288990964251, "NIU": 60.86288990964251, "TKL": 60.86288990964251}}, "upperIntervals": {"2015": {"ATG": 106.85447764847552, "ABW": 116.70306740156953, "BHS": 119.70842748955488, "BMU": 119.70842748955488, "BHR": 112.61968209526572, "BRB": 118.1587925957779, "BLZ": 75.24481732269368, "VGB": 116.15183607970482, "COM": 82.38080401880251, "CUB": 96.1262042642319, "CUW": 112.78914712013372, "DMA": 115.33354182081358, "FJI": 76.18682833996544, "GRD": 84.1816322296497, "GNB": 86.49541066775247, "GUY": 81.7931687449457, "HTI": 75.17099646715957, "JAM": 84.37982006545926, "KIR": 85.02306699854368, "MDV": 103.92209033770597, "MHL": 85.02306699854368, "MUS": 95.6323086341514, "FSM": 80.36774195854889, "NRU": 88.40407690777077, "PLW": 98.4717297908868, "PNG": 80.87654427709276, "WSM": 71.10388271862132, "STP": 73.51839312935397, "SYC": 103.92209033770597, "SXM": 118.59188972648346, "SLB": 77.65932773342632, "KNA": 120.50615434075368, "VCT": 95.20357115780894, "LCA": 84.1816322296497, "SUR": 73.55493241452817, "TLS": 91.82480638129914, "TTO": 116.13326075512632, "TON": 107.99167228087524, "TUV": 78.46762198373868, "TCA": 113.94322304276469, "VUT": 75.35356999614197, "AIA": 84.7615241452234, "COK": 84.7615241452234, "MSR": 84.7615241452234, "NIU": 84.7615241452234, "TKL": 84.7615241452234}}, "lowerIntervals": {"2015": {"ATG": 42.43161601602353, "ABW": 52.28020576911752, "BHS": 55.28556585710289, "BMU": 55.28556585710289, "BHR": 48.196820462813726, "BRB": 53.73593096332591, "BLZ": 10.82195569024168, "VGB": 51.72897444725283, "COM": 17.957942386350517, "CUB": 31.70334263177991, "CUW": 48.36628548768174, "DMA": 50.91068018836159, "FJI": 11.763966707513454, "GRD": 19.75877059719771, "GNB": 22.07254903530048, "GUY": 17.370307112493713, "HTI": 10.748134834707573, "JAM": 19.95695843300728, "KIR": 20.600205366091693, "MDV": 39.49922870525398, "MHL": 20.600205366091693, "MUS": 31.209447001699395, "FSM": 15.944880326096907, "NRU": 23.98121527531878, "PLW": 34.04886815843481, "PNG": 16.45368264464077, "WSM": 6.681021086169338, "STP": 9.095531496901984, "SYC": 39.49922870525398, "SXM": 54.16902809403147, "SLB": 13.236466100974326, "KNA": 56.08329270830169, "VCT": 30.780709525356947, "LCA": 19.75877059719771, "SUR": 9.13207078207617, "TLS": 27.40194474884715, "TTO": 51.71039912267434, "TON": 43.568810648423245, "TUV": 14.04476035128669, "TCA": 49.520361410312695, "VUT": 10.930708363689972, "AIA": 20.338662512771407, "COK": 20.338662512771407, "MSR": 20.338662512771407, "NIU": 20.338662512771407, "TKL": 20.338662512771407}}, "categoryImportances": {"2015": {"Environment": 7.092455089092255, "Economic Policy & Debt": 151.60353648662567, "Profile": 88.72514532506466, "Climate": 308.17250118404627, "Digital": 2885.179810024798, "Blue": 29.66525512933731}}, "featureImportances": {"2015": {"wdi2-NE.DAB.TOTL.CN": 151.60353648662567, "key-wdi-AG.SRF.TOTL.K2": 67.85010839998722, "key-wdi-EG.ELC.ACCS.ZS": 2578.68519115448, "key-wdi-EG.ELC.RNEW.ZS": 40.97344578057528, "key-wdi-EG.FEC.RNEW.ZS": 267.199055403471, "key-wdi-ER.FSH.CAPT.MT": 29.66525512933731, "key-wdi-IT.CEL.SETS.P2": 83.1631568968296, "key-wdi-IT.NET.USER.ZS": 223.3314619734884, "key-wdi2-SP.POP.TOTL": 20.87503692507744, "wdi-AG.LND.AGRI.K2": 7.092455089092255}}}