{"data": {"2015": {"ATG": 0.443759196530447, "ABW": 0.8445270409221359, "BHS": 0.4992970889185629, "BMU": 0.4992970889185629, "BHR": 0.8445270409221359, "BRB": 0.3726760493089028, "BLZ": 0.2613621532841376, "VGB": 0.9371430224274676, "CPV": 0.081569999, "CYM": 0.915289998, "COM": 0.2613621532841376, "CUB": 0.2825469173908824, "CUW": 0.8914713113951305, "DMA": 0.2356026469178881, "DOM": 0.2825469173908824, "FJI": 0.1242887508931231, "GRD": 0.2356026469178881, "GNB": 0.1242887508931231, "GUY": -0.0584563625302287, "HTI": 0.1242887508931231, "JAM": 0.2356026469178881, "KIR": 0.2356026469178881, "MDV": 0.443759196530447, "MHL": 0.3726760493089028, "MUS": 0.5808325989214611, "FSM": 0.3726760493089028, "NRU": 0.3726760493089028, "PLW": 0.443759196530447, "PNG": 0.0786170398607857, "WSM": 0.1242887508931231, "STP": 0.1242887508931231, "SYC": 0.443759196530447, "SGP": 0.9371430224274676, "SXM": 0.5808325989214611, "SLB": 0.1242887508931231, "KNA": 0.5808325989214611, "VCT": 0.2356026469178881, "LCA": 0.2356026469178881, "SUR": 0.14970018708233, "TLS": 0.2356026469178881, "TTO": 0.5808325989214611, "TON": 0.2356026469178881, "TUV": 0.2356026469178881, "TCA": 0.3726760493089028, "VUT": 0.1242887508931231, "AIA": 0.419620319781897, "COK": 0.419620319781897, "MSR": 0.419620319781897, "NIU": 0.419620319781897, "TKL": 0.419620319781897}}, "upperIntervals": {"2015": {"ATG": 1.369765108170787, "ABW": 1.7705329525624756, "BHS": 1.425303000558903, "BMU": 1.425303000558903, "BHR": 1.7705329525624756, "BRB": 1.2986819609492424, "BLZ": 1.187368064924477, "VGB": 1.8631489340678071, "COM": 1.187368064924477, "CUB": 1.208552829031222, "CUW": 1.81747722303547, "DMA": 1.161608558558228, "DOM": 1.208552829031222, "FJI": 1.0502946625334628, "GRD": 1.161608558558228, "GNB": 1.0502946625334628, "GUY": 0.8675495491101108, "HTI": 1.0502946625334628, "JAM": 1.161608558558228, "KIR": 1.161608558558228, "MDV": 1.369765108170787, "MHL": 1.2986819609492424, "MUS": 1.5068385105618007, "FSM": 1.2986819609492424, "NRU": 1.2986819609492424, "PLW": 1.369765108170787, "PNG": 1.0046229515011251, "WSM": 1.0502946625334628, "STP": 1.0502946625334628, "SYC": 1.369765108170787, "SGP": 1.8631489340678071, "SXM": 1.5068385105618007, "SLB": 1.0502946625334628, "KNA": 1.5068385105618007, "VCT": 1.161608558558228, "LCA": 1.161608558558228, "SUR": 1.0757060987226696, "TLS": 1.161608558558228, "TTO": 1.5068385105618007, "TON": 1.161608558558228, "TUV": 1.161608558558228, "TCA": 1.2986819609492424, "VUT": 1.0502946625334628, "AIA": 1.3456262314222367, "COK": 1.3456262314222367, "MSR": 1.3456262314222367, "NIU": 1.3456262314222367, "TKL": 1.3456262314222367}}, "lowerIntervals": {"2015": {"ATG": -0.0443810221905883, "ABW": 0.3563868222011006, "BHS": 0.0111568701975275, "BMU": 0.0111568701975275, "BHR": 0.3563868222011006, "BRB": -0.1154641694121325, "BLZ": -0.2267780654368977, "VGB": 0.4490028037064321, "COM": -0.2267780654368977, "CUB": -0.2055933013301529, "CUW": 0.4033310926740951, "DMA": -0.2525375718031472, "DOM": -0.2055933013301529, "FJI": -0.3638514678279122, "GRD": -0.2525375718031472, "GNB": -0.3638514678279122, "GUY": -0.5465965812512641, "HTI": -0.3638514678279122, "JAM": -0.2525375718031472, "KIR": -0.2525375718031472, "MDV": -0.0443810221905883, "MHL": -0.1154641694121325, "MUS": 0.0926923802004257, "FSM": -0.1154641694121325, "NRU": -0.1154641694121325, "PLW": -0.0443810221905883, "PNG": -0.4095231788602496, "WSM": -0.3638514678279122, "STP": -0.3638514678279122, "SYC": -0.0443810221905883, "SGP": 0.4490028037064321, "SXM": 0.0926923802004257, "SLB": -0.3638514678279122, "KNA": 0.0926923802004257, "VCT": -0.2525375718031472, "LCA": -0.2525375718031472, "SUR": -0.3384400316387053, "TLS": -0.2525375718031472, "TTO": 0.0926923802004257, "TON": -0.2525375718031472, "TUV": -0.2525375718031472, "TCA": -0.1154641694121325, "VUT": -0.3638514678279122, "AIA": -0.0685198989391382, "COK": -0.0685198989391382, "MSR": -0.0685198989391382, "NIU": -0.0685198989391382, "TKL": -0.0685198989391382}}, "categoryImportances": {"2015": {"Economic Policy & Debt": 0.0, "Profile": 0.0556531971669755, "Climate": 0.0891172789270058, "Digital": 0.8214338219258934, "Blue": 0.0, "Finance": 0.2548292907886206}}, "featureImportances": {"2015": {"wdi2-NE.DAB.TOTL.CN": 0.0, "key-wdi-AG.SRF.TOTL.K2": 0.0556531971669755, "key-wdi-EG.ELC.ACCS.ZS": 0.0, "key-wdi-EG.ELC.RNEW.ZS": 0.0, "key-wdi-EG.FEC.RNEW.ZS": 0.0891172789270058, "key-wdi-ER.FSH.CAPT.MT": 0.0, "key-wdi-IT.CEL.SETS.P2": 0.2509681324008852, "key-wdi-IT.NET.USER.ZS": 0.5704656895250082, "key-wdi2-NY.GDP.DEFL.KD.ZG": 0.1736313147703185, "key-wdi2-NY.GDP.MKTP.CD": 0.0811979760183021}}}