{"data": {"2015": {"ATG": 7.202985835243017, "ABW": 7.035034437432761, "BHS": 8.447052930662938, "BMU": 8.509833463076864, "BHR": 8.806282772298776, "BRB": 6.597666456584227, "BLZ": 5.388540923867338, "VGB": 7.709534308919011, "CPV": 5.7, "CYM": 7.246462327752926, "COM": 5.599641005279228, "CUB": 4.957622780636445, "CUW": 6.632017632368814, "DMA": 5.572730045650476, "DOM": 5.0, "FJI": 5.495918795843226, "GRD": 5.138469781081532, "GNB": 5.313282953042052, "GUY": 5.276767624138784, "HTI": 6.80498241465174, "JAM": 6.2899286945193165, "KIR": 5.2863719934133, "MDV": 7.053590038716593, "MHL": 5.572730045650476, "MUS": 7.691820052085347, "FSM": 5.212234167712163, "NRU": 6.807346422850032, "PLW": 5.538371820834688, "PNG": 3.997826937430464, "WSM": 5.901743641776124, "STP": 5.388540923867338, "SYC": 7.202985835243017, "SGP": 7.246462327752926, "SXM": 6.606021814929146, "SLB": 5.178256430998082, "KNA": 7.061030254872429, "VCT": 6.88208877515462, "LCA": 5.138469781081532, "SUR": 3.9760928292072526, "TLS": 5.178256430998082, "TTO": 6.919989816690924, "TON": 6.8, "TUV": 5.178256430998082, "TCA": 7.035034437432761, "VUT": 5.701809935733266, "AIA": 5.5034104636653485, "COK": 5.5034104636653485, "MSR": 5.5034104636653485, "NIU": 5.5034104636653485, "TKL": 5.5034104636653485}}, "upperIntervals": {"2015": {"ATG": 10.148141792645294, "ABW": 9.980190394835038, "BHS": 11.392208888065216, "BMU": 11.45498942047914, "BHR": 11.751438729701054, "BRB": 9.542822413986505, "BLZ": 8.333696881269615, "VGB": 10.654690266321287, "CYM": 10.191618285155204, "COM": 8.544796962681506, "CUB": 7.902778738038722, "CUW": 9.57717358977109, "DMA": 8.517886003052753, "FJI": 8.441074753245502, "GRD": 8.083625738483809, "GNB": 8.25843891044433, "GUY": 8.221923581541061, "HTI": 9.750138372054018, "JAM": 9.235084651921593, "KIR": 8.231527950815577, "MDV": 9.99874599611887, "MHL": 8.517886003052753, "MUS": 10.636976009487624, "FSM": 8.15739012511444, "NRU": 9.75250238025231, "PLW": 8.483527778236965, "PNG": 6.942982894832741, "WSM": 8.846899599178402, "STP": 8.333696881269615, "SYC": 10.148141792645294, "SGP": 10.191618285155204, "SXM": 9.551177772331425, "SLB": 8.123412388400359, "KNA": 10.006186212274706, "VCT": 9.827244732556895, "LCA": 8.083625738483809, "SUR": 6.92124878660953, "TLS": 8.123412388400359, "TTO": 9.8651457740932, "TUV": 8.123412388400359, "TCA": 9.980190394835038, "VUT": 8.646965893135544, "AIA": 8.448566421067625, "COK": 8.448566421067625, "MSR": 8.448566421067625, "NIU": 8.448566421067625, "TKL": 8.448566421067625}}, "lowerIntervals": {"2015": {"ATG": 4.098482466755424, "ABW": 3.930531068945169, "BHS": 5.342549562175346, "BMU": 5.405330094589273, "BHR": 5.701779403811184, "BRB": 3.4931630880966344, "BLZ": 2.284037555379746, "VGB": 4.605030940431419, "CYM": 4.141958959265335, "COM": 2.495137636791636, "CUB": 1.8531194121488528, "CUW": 3.5275142638812214, "DMA": 2.468226677162884, "FJI": 2.3914154273556334, "GRD": 2.0339664125939394, "GNB": 2.20877958455446, "GUY": 2.1722642556511915, "HTI": 3.700479046164148, "JAM": 3.185425326031724, "KIR": 2.181868624925708, "MDV": 3.949086670229001, "MHL": 2.468226677162884, "MUS": 4.587316683597754, "FSM": 2.10773079922457, "NRU": 3.70284305436244, "PLW": 2.433868452347096, "PNG": 0.8933235689428716, "WSM": 2.797240273288532, "STP": 2.284037555379746, "SYC": 4.098482466755424, "SGP": 4.141958959265335, "SXM": 3.5015184464415534, "SLB": 2.0737530625104896, "KNA": 3.956526886384837, "VCT": 3.777585406667028, "LCA": 2.0339664125939394, "SUR": 0.8715894607196604, "TLS": 2.0737530625104896, "TTO": 3.815486448203332, "TUV": 2.0737530625104896, "TCA": 3.930531068945169, "VUT": 2.5973065672456737, "AIA": 2.398907095177756, "COK": 2.398907095177756, "MSR": 2.398907095177756, "NIU": 2.398907095177756, "TKL": 2.398907095177756}}, "categoryImportances": {"2015": {"Environment": 11.267421532364096, "Economic Policy & Debt": 3.1245924434624612, "Financial": 2.4279961427673697}}, "featureImportances": {"2015": {"wdi2-NY.GDP.MKTP.CN": 0.3193371472880244, "mvi-wdi-BX.KLT.DINV.WD.GD.ZS": 0.5097660105675459, "mvi-wdi-BX.TRF.PWKR.DT.GD.ZS": 1.918230132199824, "wdi-AG.LND.TOTL.K2": 1.2551354193128643, "wdi-AG.SRF.TOTL.K2": 0.0664234980940818, "wdi-BX.KLT.DINV.CD.WD": 0.8963753236457705, "wdi-BX.KLT.DINV.WD.GD.ZS": 0.0, "wdi-BX.TRF.PWKR.CD.DT": 1.9088799725286665, "wdi-BX.TRF.PWKR.DT.GD.ZS": 0.0, "wdi-EG.ELC.ACCS.RU.ZS": 9.94586261495715}}}