{"data": {"2015": {"ATG": 106.787116, "ABW": 100.1278434, "BHS": 99.76005055, "BMU": 73.05014726, "BHR": 88.71695515, "BRB": 107.255176, "BLZ": 106.8558903, "VGB": 80.48443555956784, "CPV": 114.2512043, "CYM": 102.31525310084928, "COM": 117.5325555, "CUB": 97.31904101, "CUW": 104.67781112216711, "DMA": 125.83083713244784, "DOM": 104.6479131, "FJI": 98.38641091, "GRD": 127.14421315590812, "GNB": 104.6954645, "GUY": 104.24441570204124, "HTI": 118.4654843, "JAM": 116.2741907, "KIR": 190.0858303, "MDV": 92.81042647, "MHL": 148.8564818, "MUS": 107.7283584, "FSM": 153.73082775285687, "NRU": 115.46055111646582, "PLW": 119.7744972, "PNG": 104.93094964831984, "WSM": 129.28194217047198, "STP": 140.00788341321788, "SYC": 111.0666323, "SGP": 72.70218194, "SXM": 93.17877842, "SLB": 107.1338811, "KNA": 113.56539816571733, "VCT": 136.00468853595825, "LCA": 137.57200932985225, "SUR": 104.92796400556402, "TLS": 153.8388476, "TTO": 89.31490499571659, "TON": 121.07320052709346, "TUV": 121.05364939540462, "TCA": 108.4770973341644, "VUT": 117.8377293, "AIA": 116.91645255440972, "COK": 116.91645255440972, "MSR": 116.91645255440972, "NIU": 116.91645255440972, "TKL": 116.91645255440972}, "2020": {"ASM": 106.1155222473077, "ATG": 132.7464038, "ABW": 109.24806521581661, "BHS": 107.39226778585228, "BRB": 116.65765368595255, "BLZ": 100.0370798, "VGB": 118.98167471084984, "CPV": 134.9907725, "COM": 107.73311695508526, "CUB": 102.73644148752489, "CUW": 106.91383681474659, "DMA": 123.55928764208915, "DOM": 107.7022622, "FJI": 97.36351607, "PYF": 105.8561187476321, "GRD": 123.94353716302258, "GUM": 102.82891833699057, "GNB": 114.8617526, "GUY": 103.66085642599518, "HTI": 118.7498861, "JAM": 114.1745548, "KIR": 114.38904751870608, "MDV": 115.29891683193846, "MHL": 103.88647572850998, "MUS": 110.734337, "FSM": 113.25224257825934, "NRU": 93.59111030578163, "NCL": 111.3354300984121, "MNP": 97.44261378957478, "PLW": 99.33494857966015, "PNG": 111.38822684642912, "PRI": 82.34564657, "KNA": 119.01632846901775, "LCA": 102.37578450459158, "VCT": 108.35723656945399, "WSM": 117.27945022950341, "STP": 103.25475202820502, "SYC": 115.9508862, "SGP": 68.04433806, "SXM": 99.13263441515423, "SLB": 108.4059336, "SUR": 112.00442737953156, "TLS": 109.72567120318503, "TON": 111.30737886055995, "TTO": 107.42875957874391, "TUV": 106.5296534229834, "VIR": 103.31213420169126, "VUT": 123.5768342, "AIA": 112.44084062377603, "COK": 115.65238283383175, "MSR": 125.33477669175274, "NIU": 121.87309804715473}}, "upperIntervals": {"2015": {"VGB": 104.43065502155984, "CYM": 126.26147256284128, "CUW": 128.6240305841591, "DMA": 149.7770565944398, "GRD": 151.09043261790012, "GUY": 128.19063516403324, "FSM": 177.67704721484884, "NRU": 139.4067705784578, "PNG": 128.87716911031185, "WSM": 153.22816163246395, "STP": 163.95410287520986, "KNA": 137.51161762770928, "VCT": 159.95090799795022, "LCA": 161.51822879184422, "SUR": 128.874183467556, "TTO": 113.26112445770858, "TON": 145.01941998908543, "TUV": 144.9998688573966, "TCA": 132.4233167961564, "AIA": 140.8626720164017, "COK": 140.8626720164017, "MSR": 140.8626720164017, "NIU": 140.8626720164017, "TKL": 140.8626720164017}, "2020": {"ASM": 117.93506920099026, "ABW": 121.06761216949917, "BHS": 119.21181473953484, "BRB": 128.47720063963513, "VGB": 130.80122166453242, "COM": 119.55266390876784, "CUB": 114.55598844120746, "CUW": 118.73338376842915, "DMA": 135.3788345957717, "PYF": 117.67566570131467, "GRD": 135.76308411670516, "GUM": 114.64846529067313, "GUY": 115.48040337967774, "KIR": 126.20859447238865, "MDV": 127.11846378562103, "MHL": 115.70602268219255, "FSM": 125.0717895319419, "NRU": 105.41065725946419, "NCL": 123.15497705209467, "MNP": 109.26216074325734, "PLW": 111.15449553334273, "PNG": 123.20777380011168, "KNA": 130.83587542270033, "LCA": 114.19533145827415, "VCT": 120.17678352313655, "WSM": 129.098997183186, "STP": 115.07429898188758, "SXM": 110.95218136883679, "SUR": 123.82397433321412, "TLS": 121.5452181568676, "TON": 123.12692581424253, "TTO": 119.24830653242648, "TUV": 118.34920037666598, "VIR": 115.13168115537383, "AIA": 124.2603875774586, "COK": 127.47192978751431, "MSR": 137.1543236454353, "NIU": 133.6926450008373}}, "lowerIntervals": {"2015": {"VGB": 57.27689538209066, "CYM": 79.1077129233721, "CUW": 81.47027094468993, "DMA": 102.62329695497066, "GRD": 103.93667297843096, "GUY": 81.03687552456407, "FSM": 130.5232875753797, "NRU": 92.25301093898864, "PNG": 81.72340947084265, "WSM": 106.0744019929948, "STP": 116.8003432357407, "KNA": 90.35785798824011, "VCT": 112.79714835848108, "LCA": 114.36446915237508, "SUR": 81.72042382808684, "TTO": 66.1073648182394, "TON": 97.86566034961628, "TUV": 97.84610921792743, "TCA": 85.26955715668723, "AIA": 93.70891237693252, "COK": 93.70891237693252, "MSR": 93.70891237693252, "NIU": 93.70891237693252, "TKL": 93.70891237693252}, "2020": {"ASM": 95.96674936179757, "ABW": 99.09929233030648, "BHS": 97.24349490034216, "BRB": 106.50888080044243, "VGB": 108.83290182533972, "COM": 97.58434406957514, "CUB": 92.58766860201476, "CUW": 96.76506392923646, "DMA": 113.41051475657902, "PYF": 95.70734586212197, "GRD": 113.79476427751246, "GUM": 92.68014545148044, "GUY": 93.51208354048505, "KIR": 104.24027463319595, "MDV": 105.15014394642833, "MHL": 93.73770284299985, "FSM": 103.10346969274921, "NRU": 83.4423374202715, "NCL": 101.18665721290198, "MNP": 87.29384090406465, "PLW": 89.18617569415002, "PNG": 101.239453960919, "KNA": 108.86755558350762, "LCA": 92.22701161908145, "VCT": 98.20846368394386, "WSM": 107.13067734399328, "STP": 93.10597914269489, "SXM": 88.9838615296441, "SUR": 101.85565449402144, "TLS": 99.5768983176749, "TON": 101.15860597504982, "TTO": 97.27998669323378, "TUV": 96.38088053747327, "VIR": 93.16336131618114, "AIA": 102.2920677382659, "COK": 105.50360994832162, "MSR": 115.18600380624261, "NIU": 111.7243251616446}}, "categoryImportances": {"2015": {"Environment": 2582.5683008357882, "Public Sector": 46.6862173974514, "Economic Policy & Debt": 1285.4347605705261}, "2020": {"Economic Policy & Debt": 2270.522737726569, "Financial Sector": 89.26427225396037}}, "featureImportances": {"2015": {"wdi2-NY.GDP.MKTP.CN": 333.9838687032461, "wdi-AG.LND.TOTL.K2": 215.7150022089481, "wdi-AG.SRF.TOTL.K2": 60.9360833466053, "wdi-EG.ELC.ACCS.UR.ZS": 1293.129147529602, "wdi-EG.ELC.ACCS.ZS": 491.5657314062119, "wdi-EG.ELC.RNEW.ZS": 167.0337484627962, "wdi-EN.POP.DNST": 354.1885878816247, "wdi-IQ.SPI.PIL1": 46.6862173974514, "wdi2-NE.CON.TOTL.CD": 361.3865135908127, "wdi2-NE.CON.TOTL.CN": 590.0643782764673}, "2020": {"wdi2-NE.DAB.TOTL.CN": 46.07811427861452, "wdi2-NY.GDY.TOTL.KN": 49.45538391545415, "wdi2-NE.CON.TOTL.CN": 8.747696321457624, "wdi2-NE.CON.TOTL.ZS": 1420.545854255557, "wdi2-NE.GDI.TOTL.CN": 12.29732482880354, "wdi2-NE.GDI.TOTL.ZS": 733.3983641266823, "wdi2-NY.GDP.DEFL.KD.ZG": 26.712579049170017, "wdi2-NY.GDP.DEFL.KD.ZG.AD": 0.0, "wdi2-NY.GDP.DEFL.ZS": 62.551693204790354, "wdi2-NY.GDP.DEFL.ZS.AD": 0.0}}}