{"data": {"2015": {"ATG": 34.249232437473054, "ABW": 34.249232437473054, "BHS": 34.249232437473054, "BMU": 34.249232437473054, "BHR": 34.249232437473054, "BRB": 34.249232437473054, "BLZ": 34.249232437473054, "VGB": 34.249232437473054, "CPV": 34.249232437473054, "CYM": 34.249232437473054, "COM": 34.249232437473054, "CUB": 34.249232437473054, "CUW": 34.249232437473054, "DMA": 34.249232437473054, "DOM": 34.249232437473054, "FJI": 34.249232437473054, "GRD": 34.249232437473054, "GNB": 34.249232437473054, "GUY": 34.249232437473054, "HTI": 34.249232437473054, "JAM": 34.249232437473054, "KIR": 34.249232437473054, "MDV": 34.249232437473054, "MHL": 34.249232437473054, "MUS": 34.249232437473054, "FSM": 34.249232437473054, "NRU": 34.249232437473054, "PLW": 34.249232437473054, "PNG": 34.249232437473054, "WSM": 34.249232437473054, "STP": 34.249232437473054, "SYC": 34.249232437473054, "SGP": 34.249232437473054, "SXM": 34.249232437473054, "SLB": 24.3, "KNA": 34.249232437473054, "VCT": 34.249232437473054, "LCA": 34.249232437473054, "SUR": 34.249232437473054, "TLS": 34.249232437473054, "TTO": 34.249232437473054, "TON": 34.249232437473054, "TUV": 34.249232437473054, "TCA": 34.249232437473054, "VUT": 34.249232437473054, "AIA": 34.249232437473054, "COK": 34.249232437473054, "MSR": 34.249232437473054, "NIU": 34.249232437473054, "TKL": 34.249232437473054}}, "upperIntervals": {"2015": {"ATG": 73.00966393853695, "ABW": 73.00966393853695, "BHS": 73.00966393853695, "BMU": 73.00966393853695, "BHR": 73.00966393853695, "BRB": 73.00966393853695, "BLZ": 73.00966393853695, "VGB": 73.00966393853695, "CPV": 73.00966393853695, "CYM": 73.00966393853695, "COM": 73.00966393853695, "CUB": 73.00966393853695, "CUW": 73.00966393853695, "DMA": 73.00966393853695, "DOM": 73.00966393853695, "FJI": 73.00966393853695, "GRD": 73.00966393853695, "GNB": 73.00966393853695, "GUY": 73.00966393853695, "HTI": 73.00966393853695, "JAM": 73.00966393853695, "KIR": 73.00966393853695, "MDV": 73.00966393853695, "MHL": 73.00966393853695, "MUS": 73.00966393853695, "FSM": 73.00966393853695, "NRU": 73.00966393853695, "PLW": 73.00966393853695, "PNG": 73.00966393853695, "WSM": 73.00966393853695, "STP": 73.00966393853695, "SYC": 73.00966393853695, "SGP": 73.00966393853695, "SXM": 73.00966393853695, "KNA": 73.00966393853695, "VCT": 73.00966393853695, "LCA": 73.00966393853695, "SUR": 73.00966393853695, "TLS": 73.00966393853695, "TTO": 73.00966393853695, "TON": 73.00966393853695, "TUV": 73.00966393853695, "TCA": 73.00966393853695, "VUT": 73.00966393853695, "AIA": 73.00966393853695, "COK": 73.00966393853695, "MSR": 73.00966393853695, "NIU": 73.00966393853695, "TKL": 73.00966393853695}}, "lowerIntervals": {"2015": {"ATG": -0.5645319498503625, "ABW": -0.5645319498503625, "BHS": -0.5645319498503625, "BMU": -0.5645319498503625, "BHR": -0.5645319498503625, "BRB": -0.5645319498503625, "BLZ": -0.5645319498503625, "VGB": -0.5645319498503625, "CPV": -0.5645319498503625, "CYM": -0.5645319498503625, "COM": -0.5645319498503625, "CUB": -0.5645319498503625, "CUW": -0.5645319498503625, "DMA": -0.5645319498503625, "DOM": -0.5645319498503625, "FJI": -0.5645319498503625, "GRD": -0.5645319498503625, "GNB": -0.5645319498503625, "GUY": -0.5645319498503625, "HTI": -0.5645319498503625, "JAM": -0.5645319498503625, "KIR": -0.5645319498503625, "MDV": -0.5645319498503625, "MHL": -0.5645319498503625, "MUS": -0.5645319498503625, "FSM": -0.5645319498503625, "NRU": -0.5645319498503625, "PLW": -0.5645319498503625, "PNG": -0.5645319498503625, "WSM": -0.5645319498503625, "STP": -0.5645319498503625, "SYC": -0.5645319498503625, "SGP": -0.5645319498503625, "SXM": -0.5645319498503625, "KNA": -0.5645319498503625, "VCT": -0.5645319498503625, "LCA": -0.5645319498503625, "SUR": -0.5645319498503625, "TLS": -0.5645319498503625, "TTO": -0.5645319498503625, "TON": -0.5645319498503625, "TUV": -0.5645319498503625, "TCA": -0.5645319498503625, "VUT": -0.5645319498503625, "AIA": -0.5645319498503625, "COK": -0.5645319498503625, "MSR": -0.5645319498503625, "NIU": -0.5645319498503625, "TKL": -0.5645319498503625}}, "categoryImportances": {"2015": {"Economic Policy & Debt": 0.0, "Profile": 0.0, "Climate": 0.0, "Digital": 0.0, "Finance": 0.0, "MVI": 0.0}}, "featureImportances": {"2015": {"wdi2-NE.DAB.TOTL.CN": 0.0, "key-mvi-wdi-BX.KLT.DINV.WD.GD.ZS": 0.0, "key-mvi-wdi-BX.TRF.PWKR.DT.GD.ZS": 0.0, "key-wdi-AG.SRF.TOTL.K2": 0.0, "key-wdi-BX.KLT.DINV.CD.WD": 0.0, "key-wdi-BX.TRF.PWKR.DT.GD.ZS": 0.0, "key-wdi-EG.ELC.ACCS.ZS": 0.0, "key-wdi-EG.ELC.RNEW.ZS": 0.0, "key-wdi-EG.FEC.RNEW.ZS": 0.0, "key-wdi-EN.ATM.CO2E.KT": 0.0}}}