{"data": {"2015": {"ATG": 13.157990108321458, "ABW": 12.792522714774137, "BHS": 8.21372919739576, "BMU": 8.21372919739576, "BHR": 8.460447017466578, "BRB": 13.08095325360898, "BLZ": 17.031558500504644, "VGB": 10.070440001440613, "CPV": 15.8, "CYM": 11.39848535662776, "COM": 16.324195749508778, "CUB": 19.06828222367174, "CUW": 12.95387150432269, "DMA": 15.970604910104536, "DOM": 17.6, "FJI": 15.506187246725796, "GRD": 17.031558500504644, "GNB": 16.324195749508778, "GUY": 16.436893236808736, "HTI": 14.17410508449832, "JAM": 16.328756585687845, "KIR": 15.970604910104536, "MDV": 13.205870383733796, "MHL": 15.970604910104536, "MUS": 12.375966524136462, "FSM": 16.23865600811386, "NRU": 12.545804894703316, "PLW": 16.87939434845093, "PNG": 19.53682243006953, "WSM": 12.63927427474738, "STP": 16.11157425882757, "SYC": 12.885992094818198, "SGP": 11.752076196031986, "SXM": 13.559258516424446, "SLB": 16.87939434845093, "KNA": 13.407094364370726, "VCT": 12.63927427474738, "LCA": 16.87939434845093, "SUR": 20.06314573395428, "TLS": 16.998152572081004, "TTO": 12.540726542076603, "TON": 12.6, "TUV": 16.738424999727926, "TCA": 12.792522714774137, "VUT": 16.371470731794233, "AIA": 15.774266459265291, "COK": 15.774266459265291, "MSR": 15.774266459265291, "NIU": 15.774266459265291, "TKL": 15.774266459265291}}, "upperIntervals": {"2015": {"ATG": 22.0003000568829, "ABW": 21.634832663335576, "BHS": 17.0560391459572, "BMU": 17.0560391459572, "BHR": 17.30275696602802, "BRB": 21.92326320217042, "BLZ": 25.873868449066087, "VGB": 18.91274995000205, "CYM": 20.2407953051892, "COM": 25.166505698070218, "CUB": 27.91059217223318, "CUW": 21.79618145288413, "DMA": 24.812914858665977, "FJI": 24.34849719528724, "GRD": 25.873868449066087, "GNB": 25.166505698070218, "GUY": 25.27920318537018, "HTI": 23.01641503305976, "JAM": 25.171066534249285, "KIR": 24.812914858665977, "MDV": 22.04818033229524, "MHL": 24.812914858665977, "MUS": 21.2182764726979, "FSM": 25.0809659566753, "NRU": 21.38811484326476, "PLW": 25.721704297012373, "PNG": 28.37913237863097, "WSM": 21.481584223308825, "STP": 24.95388420738901, "SYC": 21.72830204337964, "SGP": 20.59438614459343, "SXM": 22.401568464985885, "SLB": 25.721704297012373, "KNA": 22.249404312932167, "VCT": 21.481584223308825, "LCA": 25.721704297012373, "SUR": 28.905455682515715, "TLS": 25.840462520642447, "TTO": 21.383036490638045, "TUV": 25.58073494828937, "TCA": 21.634832663335576, "VUT": 25.21378068035568, "AIA": 24.61657640782673, "COK": 24.61657640782673, "MSR": 24.61657640782673, "NIU": 24.61657640782673, "TKL": 24.61657640782673}}, "lowerIntervals": {"2015": {"ATG": 4.287737323306713, "ABW": 3.9222699297593895, "BHS": -0.6565235876189863, "BMU": -0.6565235876189863, "BHR": -0.4098057675481676, "BRB": 4.210700468594235, "BLZ": 8.161305715489899, "VGB": 1.2001872164258671, "CYM": 2.528232571613016, "COM": 7.453942964494033, "CUB": 10.198029438656995, "CUW": 4.083618719307944, "DMA": 7.100352125089792, "FJI": 6.6359344617110505, "GRD": 8.161305715489899, "GNB": 7.453942964494033, "GUY": 7.56664045179399, "HTI": 5.303852299483575, "JAM": 7.4585038006731, "KIR": 7.100352125089792, "MDV": 4.33561759871905, "MHL": 7.100352125089792, "MUS": 3.505713739121717, "FSM": 7.368403223099115, "NRU": 3.675552109688571, "PLW": 8.009141563436184, "PNG": 10.666569645054786, "WSM": 3.7690214897326335, "STP": 7.241321473812825, "SYC": 4.015739309803452, "SGP": 2.8818234110172405, "SXM": 4.689005731409701, "SLB": 8.009141563436184, "KNA": 4.536841579355981, "VCT": 3.7690214897326335, "LCA": 8.009141563436184, "SUR": 11.19289294893953, "TLS": 8.127899787066259, "TTO": 3.670473757061858, "TUV": 7.86817221471318, "TCA": 3.9222699297593895, "VUT": 7.501217946779487, "AIA": 6.904013674250548, "COK": 6.904013674250548, "MSR": 6.904013674250548, "NIU": 6.904013674250548, "TKL": 6.904013674250548}}, "categoryImportances": {"2015": {"Environment": 73.37859695032239, "Economic Policy & Debt": 28.763040140271187, "Financial": 13.132511716336012}}, "featureImportances": {"2015": {"wdi2-NY.GDP.MKTP.CN": 5.406602095812559, "mvi-wdi-BX.KLT.DINV.WD.GD.ZS": 4.334208831191063, "mvi-wdi-BX.TRF.PWKR.DT.GD.ZS": 8.798302885144949, "wdi-AG.LND.TOTL.K2": 10.117301989346744, "wdi-AG.SRF.TOTL.K2": 0.3186930119991302, "wdi-BX.KLT.DINV.CD.WD": 10.486243709921837, "wdi-BX.KLT.DINV.WD.GD.ZS": 0.0, "wdi-BX.TRF.PWKR.CD.DT": 12.87019433453679, "wdi-BX.TRF.PWKR.DT.GD.ZS": 0.0, "wdi-EG.ELC.ACCS.RU.ZS": 62.94260194897652}}}