{"data": {"2015": {"ATG": 2.455249886536976, "ABW": 9.29710011398132, "BHS": 8.55565910065307, "BMU": 8.55565910065307, "BHR": 9.29710011398132, "BRB": 8.55565910065307, "BLZ": 1.7138088732087209, "VGB": 9.29710011398132, "CPV": 1.228800058, "CYM": 9.444319725, "COM": 1.7138088732087209, "CUB": 4.052468796831956, "CUW": 11.93593259795293, "DMA": 1.7138088732087209, "DOM": 5.953456164276349, "FJI": 3.445118567770084, "GRD": 1.7138088732087209, "GNB": 3.7098833611470186, "GUY": 1.0959809698274252, "HTI": 4.911842590599729, "JAM": 3.445118567770084, "KIR": 1.7138088732087209, "MDV": 2.455249886536976, "MHL": 1.7138088732087209, "MUS": 2.455249886536976, "FSM": 1.7138088732087209, "NRU": 1.7138088732087209, "PLW": 2.455249886536976, "PNG": 3.3395537729567595, "WSM": 1.7138088732087209, "STP": 1.7138088732087209, "SYC": 2.455249886536976, "SGP": 11.540672917110651, "SXM": 3.7098833611470186, "SLB": 1.7138088732087209, "KNA": 9.29710011398132, "VCT": 1.7138088732087209, "LCA": 1.7138088732087209, "SUR": 1.5958760927692048, "TLS": 3.445118567770084, "TTO": 2.455249886536976, "TON": 1.7138088732087209, "TUV": 1.7138088732087209, "TCA": 1.7138088732087209, "VUT": 1.7138088732087209, "AIA": 2.297940199280138, "COK": 2.297940199280138, "MSR": 2.297940199280138, "NIU": 2.297940199280138, "TKL": 2.297940199280138}}, "upperIntervals": {"2015": {"ATG": 11.40655859672982, "ABW": 18.248408824174163, "BHS": 17.506967810845914, "BMU": 17.506967810845914, "BHR": 18.248408824174163, "BRB": 17.506967810845914, "BLZ": 10.665117583401566, "VGB": 18.248408824174163, "COM": 10.665117583401566, "CUB": 13.0037775070248, "CUW": 20.88724130814577, "DMA": 10.665117583401566, "DOM": 14.904764874469194, "FJI": 12.396427277962928, "GRD": 10.665117583401566, "GNB": 12.661192071339862, "GUY": 10.047289680020269, "HTI": 13.863151300792572, "JAM": 12.396427277962928, "KIR": 10.665117583401566, "MDV": 11.40655859672982, "MHL": 10.665117583401566, "MUS": 11.40655859672982, "FSM": 10.665117583401566, "NRU": 10.665117583401566, "PLW": 11.40655859672982, "PNG": 12.290862483149605, "WSM": 10.665117583401566, "STP": 10.665117583401566, "SYC": 11.40655859672982, "SGP": 20.49198162730349, "SXM": 12.661192071339862, "SLB": 10.665117583401566, "KNA": 18.248408824174163, "VCT": 10.665117583401566, "LCA": 10.665117583401566, "SUR": 10.547184802962049, "TLS": 12.396427277962928, "TTO": 11.40655859672982, "TON": 10.665117583401566, "TUV": 10.665117583401566, "TCA": 10.665117583401566, "VUT": 10.665117583401566, "AIA": 11.249248909472982, "COK": 11.249248909472982, "MSR": 11.249248909472982, "NIU": 11.249248909472982, "TKL": 11.249248909472982}}, "lowerIntervals": {"2015": {"ATG": -4.091917336790042, "ABW": 2.7499328906543026, "BHS": 2.008491877326052, "BMU": 2.008491877326052, "BHR": 2.7499328906543026, "BRB": 2.008491877326052, "BLZ": -4.8333583501182975, "VGB": 2.7499328906543026, "COM": -4.8333583501182975, "CUB": -2.494698426495062, "CUW": 5.388765374625911, "DMA": -4.8333583501182975, "DOM": -0.5937110590506691, "FJI": -3.1020486555569344, "GRD": -4.8333583501182975, "GNB": -2.83728386218, "GUY": -5.451186253499593, "HTI": -1.635324632727289, "JAM": -3.1020486555569344, "KIR": -4.8333583501182975, "MDV": -4.091917336790042, "MHL": -4.8333583501182975, "MUS": -4.091917336790042, "FSM": -4.8333583501182975, "NRU": -4.8333583501182975, "PLW": -4.091917336790042, "PNG": -3.2076134503702587, "WSM": -4.8333583501182975, "STP": -4.8333583501182975, "SYC": -4.091917336790042, "SGP": 4.993505693783633, "SXM": -2.83728386218, "SLB": -4.8333583501182975, "KNA": 2.7499328906543026, "VCT": -4.8333583501182975, "LCA": -4.8333583501182975, "SUR": -4.951291130557813, "TLS": -3.1020486555569344, "TTO": -4.091917336790042, "TON": -4.8333583501182975, "TUV": -4.8333583501182975, "TCA": -4.8333583501182975, "VUT": -4.8333583501182975, "AIA": -4.24922702404688, "COK": -4.24922702404688, "MSR": -4.24922702404688, "NIU": -4.24922702404688, "TKL": -4.24922702404688}}, "categoryImportances": {"2015": {"Environment": 1.7369895838201046, "Economic Policy & Debt": 0.0, "Profile": 29.563101764768362, "Climate": 0.0, "Digital": 151.4888110011816, "Blue": 0.0}}, "featureImportances": {"2015": {"wdi2-NE.DAB.TOTL.CN": 0.0, "key-wdi-AG.SRF.TOTL.K2": 14.281092576682568, "key-wdi-EG.ELC.ACCS.ZS": 0.0, "key-wdi-EG.ELC.RNEW.ZS": 0.0, "key-wdi-EG.FEC.RNEW.ZS": 0.0, "key-wdi-ER.FSH.CAPT.MT": 0.0, "key-wdi-IT.CEL.SETS.P2": 2.346376031637192, "key-wdi-IT.NET.USER.ZS": 149.1424349695444, "key-wdi2-SP.POP.TOTL": 15.282009188085794, "wdi-AG.LND.AGRI.K2": 1.7369895838201046}}, "performance": {"2015": 0.8353157477927404}}