{"data": {"2015": {"ATG": 87.00868679556581, "ABW": 90.32629812336069, "BHS": 91.60275291179424, "BMU": 91.60275291179424, "BHR": 87.96323826208211, "BRB": 92.23985482084898, "BLZ": 51.35533171734126, "VGB": 91.3920841861719, "CPV": 49.46517181, "CYM": 98.98110962, "COM": 53.949940947572976, "CUB": 62.10671745041629, "CUW": 92.54073186746338, "DMA": 94.7693251653123, "DOM": 67.8394928, "FJI": 51.992433626396, "GRD": 65.26084109643921, "GNB": 59.24915453007484, "GUY": 58.056380014461446, "HTI": 56.662888408355904, "JAM": 65.26084109643921, "KIR": 60.08671885775394, "MDV": 79.95546816042705, "MHL": 60.08671885775394, "MUS": 78.71293144491023, "FSM": 63.536651077865024, "NRU": 69.89732121434035, "PLW": 79.84729838026196, "PNG": 56.25953180951235, "WSM": 58.3974409453786, "STP": 56.919330385683296, "SYC": 84.57047144892026, "SGP": 83.6155777, "SXM": 91.28530335433268, "SLB": 52.225750928998806, "KNA": 94.37341260950224, "VCT": 86.90289690279538, "LCA": 65.26084109643921, "SUR": 56.01168847527744, "TLS": 62.448010785382856, "TTO": 93.73454276679786, "TON": 94.30602122593072, "TUV": 66.2584088741337, "TCA": 88.96533058504721, "VUT": 51.35533171734126, "AIA": 57.73826352410781, "COK": 57.73826352410781, "MSR": 57.73826352410781, "NIU": 57.73826352410781, "TKL": 57.73826352410781}}, "upperIntervals": {"2015": {"ATG": 103.44767076171006, "ABW": 106.76528208950494, "BHS": 108.04173687793848, "BMU": 108.04173687793848, "BHR": 104.40222222822636, "BRB": 108.67883878699324, "BLZ": 67.79431568348551, "VGB": 107.83106815231616, "COM": 70.38892491371722, "CUB": 78.54570141656053, "CUW": 108.97971583360764, "DMA": 111.20830913145656, "FJI": 68.43141759254024, "GRD": 81.69982506258346, "GNB": 75.68813849621908, "GUY": 74.49536398060569, "HTI": 73.10187237450015, "JAM": 81.69982506258346, "KIR": 76.52570282389819, "MDV": 96.3944521265713, "MHL": 76.52570282389819, "MUS": 95.15191541105447, "FSM": 79.97563504400927, "NRU": 86.3363051804846, "PLW": 96.2862823464062, "PNG": 72.6985157756566, "WSM": 74.83642491152284, "STP": 73.35831435182754, "SYC": 101.00945541506452, "SXM": 107.72428732047692, "SLB": 68.66473489514306, "KNA": 110.8123965756465, "VCT": 103.34188086893964, "LCA": 81.69982506258346, "SUR": 72.45067244142169, "TLS": 78.8869947515271, "TTO": 110.17352673294212, "TON": 110.74500519207498, "TUV": 82.69739284027796, "TCA": 105.40431455119146, "VUT": 67.79431568348551, "AIA": 74.17724749025206, "COK": 74.17724749025206, "MSR": 74.17724749025206, "NIU": 74.17724749025206, "TKL": 74.17724749025206}}, "lowerIntervals": {"2015": {"ATG": 45.80720148158992, "ABW": 49.12481280938479, "BHS": 50.40126759781833, "BMU": 50.40126759781833, "BHR": 46.76175294810622, "BRB": 51.03836950687308, "BLZ": 10.153846403365364, "VGB": 50.190598872196006, "COM": 12.748455633597082, "CUB": 20.9052321364404, "CUW": 51.339246553487484, "DMA": 53.5678398513364, "FJI": 10.790948312420106, "GRD": 24.05935578246332, "GNB": 18.047669216098942, "GUY": 16.854894700485552, "HTI": 15.46140309438001, "JAM": 24.05935578246332, "KIR": 18.88523354377805, "MDV": 38.75398284645115, "MHL": 18.88523354377805, "MUS": 37.51144613093433, "FSM": 22.33516576388913, "NRU": 28.695835900364457, "PLW": 38.64581306628607, "PNG": 15.05804649553646, "WSM": 17.195955631402704, "STP": 15.7178450717074, "SYC": 43.368986134944365, "SXM": 50.083818040356775, "SLB": 11.024265615022912, "KNA": 53.17192729552636, "VCT": 45.70141158881948, "LCA": 24.05935578246332, "SUR": 14.810203161301544, "TLS": 21.24652547140696, "TTO": 52.53305745282197, "TON": 53.10453591195484, "TUV": 25.056923560157813, "TCA": 47.76384527107132, "VUT": 10.153846403365364, "AIA": 16.536778210131914, "COK": 16.536778210131914, "MSR": 16.536778210131914, "NIU": 16.536778210131914, "TKL": 16.536778210131914}}, "categoryImportances": {"2015": {"Environment": 4.649419903755188, "Economic Policy & Debt": 130.33964204788208, "Profile": 55.745695531368256, "Climate": 351.6478719115257, "Digital": 2724.1930721998215, "Blue": 31.23360002040863}}, "featureImportances": {"2015": {"wdi2-NE.DAB.TOTL.CN": 130.33964204788208, "key-wdi-AG.SRF.TOTL.K2": 40.279685616493225, "key-wdi-EG.ELC.ACCS.ZS": 2655.1207840442657, "key-wdi-EG.ELC.RNEW.ZS": 34.70619720220566, "key-wdi-EG.FEC.RNEW.ZS": 316.94167470932007, "key-wdi-ER.FSH.CAPT.MT": 31.23360002040863, "key-wdi-IT.CEL.SETS.P2": 31.51108187437057, "key-wdi-IT.NET.USER.ZS": 37.56120628118515, "key-wdi2-SP.POP.TOTL": 15.46600991487503, "wdi-AG.LND.AGRI.K2": 4.649419903755188}}, "performance": {"2015": 0.1938282703289734}}