{"data": {"2015": {"ATG": 59.786998577650536, "ABW": 43.48537876883416, "BHS": 51.30412110659349, "BMU": 51.60060324115785, "BHR": 54.91, "BRB": 46.14, "BLZ": 59.6, "VGB": 46.66902178085932, "CPV": 49.16, "CYM": 52.03, "COM": 47.01309978357239, "CUB": 36.90608783445568, "CUW": 55.6529307567541, "DMA": 45.93641096038373, "DOM": 56.0, "FJI": 48.17253487513764, "GRD": 47.96717986127462, "GNB": 53.33358569542343, "GUY": 44.757019245149, "HTI": 44.3177804468412, "JAM": 38.58, "KIR": 32.81, "MDV": 48.48332713422601, "MHL": 38.72680870400104, "MUS": 52.49, "FSM": 39.403759229634936, "NRU": 47.86436425525611, "PLW": 60.31005144216096, "PNG": 47.309278831624944, "WSM": 53.35102754841197, "STP": 49.909795257445104, "SYC": 59.39, "SGP": 41.3, "SXM": 57.70770196060466, "SLB": 50.173160440229005, "KNA": 55.36978049819507, "VCT": 47.91532420021301, "LCA": 47.55492246215266, "SUR": 40.3, "TLS": 45.177311021979634, "TTO": 51.07, "TON": 53.31227954339699, "TUV": 48.55322798716349, "TCA": 51.60060324115785, "VUT": 54.029894353837925, "AIA": 46.22550540863646, "COK": 46.22550540863646, "MSR": 46.22550540863646, "NIU": 46.22550540863646, "TKL": 46.22550540863646}, "2020": {"ASM": 36.436417649052764, "ATG": 43.21830941099637, "ABW": 47.59082787999389, "BHS": 58.19976062552903, "BRB": 33.67496531570833, "BLZ": 52.26030305467831, "VGB": 62.16549847393393, "CPV": 43.21830941099637, "COM": 55.552102319582254, "CUB": 58.87831546110413, "CUW": 45.93450850942688, "DMA": 30.73832867724318, "DOM": 50.38272462822083, "FJI": 59.655396693935806, "PYF": 47.04779926577294, "GRD": 46.917243316654904, "GUM": 50.175272630950396, "GNB": 35.51513011632667, "GUY": 62.07969073478123, "HTI": 49.58061923641397, "JAM": 50.10688295023636, "KIR": 34.289152542783874, "MDV": 39.127695310340705, "MHL": 47.924871810429536, "MUS": 38.66691115207868, "FSM": 47.04779926577294, "NRU": 49.3240108010309, "NCL": 46.19160560002408, "MNP": 44.61346179293371, "PLW": 37.29091946267225, "PNG": 55.25519295472321, "PRI": 41.95677560770485, "KNA": 33.04846647168993, "LCA": 55.798221568944165, "VCT": 37.44093357853589, "WSM": 56.275593562300635, "STP": 62.07969073478123, "SYC": 30.73832867724318, "SGP": 37.021540627586035, "SXM": 35.90857138302575, "SLB": 55.08792920837035, "SUR": 52.2712090629324, "TLS": 55.552102319582254, "TON": 55.51378909996975, "TTO": 48.68667627276042, "TUV": 34.90094288925112, "VIR": 50.08581526336179, "VUT": 55.08792920837035, "AIA": 40.92691557495227, "COK": 40.92691557495227, "MSR": 40.92691557495227, "NIU": 40.92691557495227}}, "upperIntervals": {"2015": {"ATG": 77.3469756653372, "ABW": 61.04535585652083, "BHS": 68.86409819428016, "BMU": 69.16058032884452, "VGB": 64.22899886854599, "COM": 64.57307687125905, "CUB": 54.46606492214235, "CUW": 73.21290784444076, "DMA": 63.4963880480704, "FJI": 65.7325119628243, "GRD": 65.52715694896129, "GNB": 70.8935627831101, "GUY": 62.316996332835664, "HTI": 61.877757534527866, "MDV": 66.04330422191268, "MHL": 56.28678579168771, "FSM": 56.9637363173216, "NRU": 65.42434134294278, "PLW": 77.87002852984762, "PNG": 64.86925591931161, "WSM": 70.91100463609864, "STP": 67.46977234513177, "SXM": 75.26767904829133, "SLB": 67.73313752791567, "KNA": 72.92975758588173, "VCT": 65.47530128789968, "LCA": 65.11489954983932, "TLS": 62.7372881096663, "TON": 70.87225663108366, "TUV": 66.11320507485016, "TCA": 69.16058032884452, "VUT": 71.5898714415246, "AIA": 63.78548249632313, "COK": 63.78548249632313, "MSR": 63.78548249632313, "NIU": 63.78548249632313, "TKL": 63.78548249632313}, "2020": {"ASM": 45.879114382504014, "ATG": 52.661006144447626, "ABW": 57.03352461344514, "BHS": 67.64245735898028, "BRB": 43.11766204915958, "BLZ": 61.70299978812956, "VGB": 71.60819520738518, "CPV": 52.661006144447626, "COM": 64.9947990530335, "CUB": 68.32101219455538, "CUW": 55.377205242878134, "DMA": 40.18102541069443, "DOM": 59.825421361672085, "FJI": 69.09809342738706, "PYF": 56.490495999224194, "GRD": 56.35994005010616, "GUM": 59.617969364401645, "GNB": 44.957826849777916, "GUY": 71.52238746823248, "HTI": 59.02331596986522, "JAM": 59.54957968368761, "KIR": 43.731849276235124, "MDV": 48.570392043791955, "MHL": 57.36756854388079, "MUS": 48.10960788552994, "FSM": 56.490495999224194, "NRU": 58.76670753448215, "NCL": 55.63430233347533, "MNP": 54.05615852638496, "PLW": 46.733616196123506, "PNG": 64.69788968817447, "PRI": 51.3994723411561, "KNA": 42.49116320514118, "LCA": 65.24091830239541, "VCT": 46.88363031198715, "WSM": 65.71829029575188, "STP": 71.52238746823248, "SYC": 40.18102541069443, "SGP": 46.46423736103729, "SXM": 45.351268116477, "SLB": 64.5306259418216, "SUR": 61.713905796383656, "TLS": 64.9947990530335, "TON": 64.956485833421, "TTO": 58.12937300621168, "TUV": 44.34363962270237, "VIR": 59.52851199681304, "VUT": 64.5306259418216, "AIA": 50.36961230840352, "COK": 50.36961230840352, "MSR": 50.36961230840352, "NIU": 50.36961230840352}}, "lowerIntervals": {"2015": {"ATG": 41.58180285999966, "ABW": 25.28018305118329, "BHS": 33.09892538894262, "BMU": 33.395407523506975, "VGB": 28.463826063208444, "COM": 28.807904065921512, "CUB": 18.70089211680481, "CUW": 37.44773503910323, "DMA": 27.73121524273286, "FJI": 29.96733915748677, "GRD": 29.76198414362375, "GNB": 35.12838997777256, "GUY": 26.55182352749812, "HTI": 26.112584729190324, "MDV": 30.27813141657513, "MHL": 20.52161298635017, "FSM": 21.198563511984062, "NRU": 29.65916853760524, "PLW": 42.10485572451008, "PNG": 29.10408311397407, "WSM": 35.1458318307611, "STP": 31.70459953979423, "SXM": 39.502506242953785, "SLB": 31.96796472257813, "KNA": 37.1645847805442, "VCT": 29.71012848256214, "LCA": 29.349726744501787, "TLS": 26.97211530432876, "TON": 35.10708382574612, "TUV": 30.34803226951261, "TCA": 33.395407523506975, "VUT": 35.82469863618705, "AIA": 28.020309690985584, "COK": 28.020309690985584, "MSR": 28.020309690985584, "NIU": 28.020309690985584, "TKL": 28.020309690985584}, "2020": {"ASM": 25.169147413860756, "ATG": 31.95103917580436, "ABW": 36.32355764480188, "BHS": 46.93249039033702, "BRB": 22.40769508051632, "BLZ": 40.9930328194863, "VGB": 50.89822823874192, "CPV": 31.95103917580436, "COM": 44.284832084390246, "CUB": 47.61104522591212, "CUW": 34.66723827423487, "DMA": 19.471058442051174, "DOM": 39.11545439302882, "FJI": 48.3881264587438, "PYF": 35.78052903058093, "GRD": 35.649973081462896, "GUM": 38.90800239575839, "GNB": 24.24785988113466, "GUY": 50.81242049958922, "HTI": 38.313349001221965, "JAM": 38.83961271504435, "KIR": 23.021882307591866, "MDV": 27.860425075148697, "MHL": 36.65760157523753, "MUS": 27.399640916886675, "FSM": 35.78052903058093, "NRU": 38.05674056583889, "NCL": 34.924335364832075, "MNP": 33.346191557741705, "PLW": 26.02364922748024, "PNG": 43.987922719531205, "PRI": 30.68950537251284, "KNA": 21.78119623649792, "LCA": 44.53095133375216, "VCT": 26.173663343343883, "WSM": 45.00832332710863, "STP": 50.81242049958922, "SYC": 19.471058442051174, "SGP": 25.754270392394027, "SXM": 24.641301147833744, "SLB": 43.82065897317834, "SUR": 41.00393882774039, "TLS": 44.284832084390246, "TON": 44.24651886477774, "TTO": 37.419406037568415, "TUV": 23.63367265405911, "VIR": 38.81854502816978, "VUT": 43.82065897317834, "AIA": 29.65964533976026, "COK": 29.65964533976026, "MSR": 29.65964533976026, "NIU": 29.65964533976026}}, "categoryImportances": {"2015": {"Environment": 635.3771043121815, "Economic Policy & Debt": 190.56757797300816, "Financial": 121.4616042226553}, "2020": {"Economic Policy & Debt": 40.54115777462721, "Infrastructure": 13.668361090123653, "Social Protection & Labor": 635.2215062081814}}, "featureImportances": {"2015": {"wdi2-NY.GDP.MKTP.CN": 92.17482922971249, "mvi-wdi-BX.KLT.DINV.WD.GD.ZS": 121.4616042226553, "wdi-AG.LND.TOTL.K2": 54.55210243165493, "wdi-AG.SRF.TOTL.K2": 71.57411995530128, "wdi-BX.KLT.DINV.CD.WD": 98.39274874329568, "wdi-BX.KLT.DINV.WD.GD.ZS": 0.0, "wdi-EG.ELC.ACCS.UR.ZS": 73.93818572163582, "wdi-EG.ELC.ACCS.ZS": 70.9815476089716, "wdi-EG.ELC.RNEW.ZS": 163.54803359508514,