{"data": {"2015": {"ATG": 8.727939888478893, "ABW": 8.727939888478893, "BHS": 8.727939888478893, "BMU": 8.727939888478893, "BHR": 8.727939888478893, "BRB": 8.727939888478893, "BLZ": 8.727939888478893, "VGB": 8.727939888478893, "CPV": 8.727939888478893, "CYM": 8.727939888478893, "COM": 8.727939888478893, "CUB": 8.727939888478893, "CUW": 8.727939888478893, "DMA": 8.727939888478893, "DOM": 13.41150609, "FJI": 8.727939888478893, "GRD": 8.727939888478893, "GNB": 8.727939888478893, "GUY": 8.727939888478893, "HTI": 8.727939888478893, "JAM": 8.727939888478893, "KIR": 8.727939888478893, "MDV": 8.727939888478893, "MHL": 8.727939888478893, "MUS": 8.727939888478893, "FSM": 8.727939888478893, "NRU": 8.727939888478893, "PLW": 8.727939888478893, "PNG": 8.727939888478893, "WSM": 8.727939888478893, "STP": 8.727939888478893, "SYC": 8.727939888478893, "SGP": 5.937272219, "SXM": 8.727939888478893, "SLB": 8.727939888478893, "KNA": 8.727939888478893, "VCT": 8.727939888478893, "LCA": 8.727939888478893, "SUR": 8.727939888478893, "TLS": 8.727939888478893, "TTO": 8.727939888478893, "TON": 8.727939888478893, "TUV": 8.727939888478893, "TCA": 8.727939888478893, "VUT": 8.727939888478893, "AIA": 8.727939888478893, "COK": 8.727939888478893, "MSR": 8.727939888478893, "NIU": 8.727939888478893, "TKL": 8.727939888478893}}, "upperIntervals": {"2015": {"ATG": 15.891076270966368, "ABW": 15.891076270966368, "BHS": 15.891076270966368, "BMU": 15.891076270966368, "BHR": 15.891076270966368, "BRB": 15.891076270966368, "BLZ": 15.891076270966368, "VGB": 15.891076270966368, "CPV": 15.891076270966368, "CYM": 15.891076270966368, "COM": 15.891076270966368, "CUB": 15.891076270966368, "CUW": 15.891076270966368, "DMA": 15.891076270966368, "FJI": 15.891076270966368, "GRD": 15.891076270966368, "GNB": 15.891076270966368, "GUY": 15.891076270966368, "HTI": 15.891076270966368, "JAM": 15.891076270966368, "KIR": 15.891076270966368, "MDV": 15.891076270966368, "MHL": 15.891076270966368, "MUS": 15.891076270966368, "FSM": 15.891076270966368, "NRU": 15.891076270966368, "PLW": 15.891076270966368, "PNG": 15.891076270966368, "WSM": 15.891076270966368, "STP": 15.891076270966368, "SYC": 15.891076270966368, "SXM": 15.891076270966368, "SLB": 15.891076270966368, "KNA": 15.891076270966368, "VCT": 15.891076270966368, "LCA": 15.891076270966368, "SUR": 15.891076270966368, "TLS": 15.891076270966368, "TTO": 15.891076270966368, "TON": 15.891076270966368, "TUV": 15.891076270966368, "TCA": 15.891076270966368, "VUT": 15.891076270966368, "AIA": 15.891076270966368, "COK": 15.891076270966368, "MSR": 15.891076270966368, "NIU": 15.891076270966368, "TKL": 15.891076270966368}}, "lowerIntervals": {"2015": {"ATG": 3.807879647847874, "ABW": 3.807879647847874, "BHS": 3.807879647847874, "BMU": 3.807879647847874, "BHR": 3.807879647847874, "BRB": 3.807879647847874, "BLZ": 3.807879647847874, "VGB": 3.807879647847874, "CPV": 3.807879647847874, "CYM": 3.807879647847874, "COM": 3.807879647847874, "CUB": 3.807879647847874, "CUW": 3.807879647847874, "DMA": 3.807879647847874, "FJI": 3.807879647847874, "GRD": 3.807879647847874, "GNB": 3.807879647847874, "GUY": 3.807879647847874, "HTI": 3.807879647847874, "JAM": 3.807879647847874, "KIR": 3.807879647847874, "MDV": 3.807879647847874, "MHL": 3.807879647847874, "MUS": 3.807879647847874, "FSM": 3.807879647847874, "NRU": 3.807879647847874, "PLW": 3.807879647847874, "PNG": 3.807879647847874, "WSM": 3.807879647847874, "STP": 3.807879647847874, "SYC": 3.807879647847874, "SXM": 3.807879647847874, "SLB": 3.807879647847874, "KNA": 3.807879647847874, "VCT": 3.807879647847874, "LCA": 3.807879647847874, "SUR": 3.807879647847874, "TLS": 3.807879647847874, "TTO": 3.807879647847874, "TON": 3.807879647847874, "TUV": 3.807879647847874, "TCA": 3.807879647847874, "VUT": 3.807879647847874, "AIA": 3.807879647847874, "COK": 3.807879647847874, "MSR": 3.807879647847874, "NIU": 3.807879647847874, "TKL": 3.807879647847874}}, "categoryImportances": {"2015": {"Indicators": 0.0, "Financial Sector": 0.0, "Financial": 0.0}}, "featureImportances": {"2015": {"wdi-FM.AST.DOMS.CN": 0.0, "mvi-wdi-BX.KLT.DINV.WD.GD.ZS": 0.0, "ndgain-id_econ_01-raw": 0.0, "ndgain-id_econ_01-score": 0.0, "ndgain-id_ecos_02-raw": 0.0, "ndgain-id_ecos_02-score": 0.0, "ndgain-id_ecos_04-score": 0.0, "ndgain-id_ecos_05-raw": 0.0, "ndgain-id_ecos_05-score": 0.0, "ndgain-id_ecos_06-score": 0.0}}}