{"data": {"2015": {"ATG": 64.75797316275194, "ABW": 77.9563234398861, "BHS": 64.30181412068245, "BMU": 76.40522575869323, "BHR": 66.92436866943731, "BRB": 69.18067121457783, "BLZ": 15.409062704336952, "VGB": 77.9563234398861, "CPV": 20.28751945, "CYM": 89.66024017, "COM": 20.294863968970137, "CUB": 38.39856615227287, "CUW": 48.99866661947737, "DMA": 60.73308829403385, "DOM": 31.30021095, "FJI": 21.150624329097063, "GRD": 30.08741647105025, "GNB": 31.977362329930543, "GUY": 35.912798517606866, "HTI": 29.40754173717374, "JAM": 23.45594046517349, "KIR": 17.736020309817572, "MDV": 35.780980521810896, "MHL": 17.736020309817572, "MUS": 30.770172581856, "FSM": 22.414777936521627, "NRU": 42.09742100537201, "PLW": 47.561081193270525, "PNG": 30.00801912018534, "WSM": 32.927627361751505, "STP": 22.812227264827584, "SYC": 45.80567022049073, "SGP": 73.78817749, "SXM": 73.92619888553038, "SLB": 20.743599367862974, "KNA": 62.88727673228927, "VCT": 36.202678744223775, "LCA": 30.08741647105025, "SUR": 29.3247785875359, "TLS": 29.01126363518026, "TTO": 60.62597301130997, "TON": 65.7242387774165, "TUV": 32.530178033445544, "TCA": 65.7242387774165, "VUT": 20.294863968970137, "AIA": 33.35528516915887, "COK": 33.35528516915887, "MSR": 33.35528516915887, "NIU": 33.35528516915887, "TKL": 33.35528516915887}}, "upperIntervals": {"2015": {"ATG": 95.15663245109678, "ABW": 108.35498272823094, "BHS": 94.7004734090273, "BMU": 106.80388504703808, "BHR": 97.32302795778216, "BRB": 99.57933050292266, "BLZ": 45.80772199268179, "VGB": 108.35498272823094, "COM": 50.69352325731498, "CUB": 68.79722544061771, "CUW": 79.39732590782221, "DMA": 91.1317475823787, "FJI": 51.5492836174419, "GRD": 60.48607575939509, "GNB": 62.37602161827538, "GUY": 66.3114578059517, "HTI": 59.806201025518575, "JAM": 53.854599753518336, "KIR": 48.13467959816241, "MDV": 66.17963981015573, "MHL": 48.13467959816241, "MUS": 61.16883187020083, "FSM": 52.81343722486646, "NRU": 72.49608029371686, "PLW": 77.95974048161537, "PNG": 60.40667840853018, "WSM": 63.32628665009634, "STP": 53.21088655317242, "SYC": 76.20432950883557, "SXM": 104.3248581738752, "SLB": 51.142258656207815, "KNA": 93.28593602063413, "VCT": 66.6013380325686, "LCA": 60.48607575939509, "SUR": 59.723437875880734, "TLS": 59.4099229235251, "TTO": 91.0246322996548, "TON": 96.12289806576136, "TUV": 62.92883732179038, "TCA": 96.12289806576136, "VUT": 50.69352325731498, "AIA": 63.75394445750371, "COK": 63.75394445750371, "MSR": 63.75394445750371, "NIU": 63.75394445750371, "TKL": 63.75394445750371}}, "lowerIntervals": {"2015": {"ATG": 29.881612654501964, "ABW": 43.07996293163613, "BHS": 29.42545361243248, "BMU": 41.52886525044326, "BHR": 32.04800816118734, "BRB": 34.304310706327854, "BLZ": -19.46729780391302, "VGB": 43.07996293163613, "COM": -14.581496539279836, "CUB": 3.522205644022897, "CUW": 14.122306111227395, "DMA": 25.856727785783875, "FJI": -13.72573617915291, "GRD": -4.78894403719972, "GNB": -2.898998178319431, "GUY": 1.0364380093568926, "HTI": -5.468818771076233, "JAM": -11.420420043076476, "KIR": -17.1403401984324, "MDV": 0.9046200135609226, "MHL": -17.1403401984324, "MUS": -4.106187926393975, "FSM": -12.461582571728346, "NRU": 7.221060497122039, "PLW": 12.684720685020553, "PNG": -4.868341388064632, "WSM": -1.9487331464984687, "STP": -12.06413324342239, "SYC": 10.92930971224076, "SXM": 39.04983837728041, "SLB": -14.132761140387, "KNA": 28.0109162240393, "VCT": 1.326318235973801, "LCA": -4.78894403719972, "SUR": -5.551581920714074, "TLS": -5.865096873069714, "TTO": 25.74961250306, "TON": 30.84787826916653, "TUV": -2.3461824748044293, "TCA": 30.84787826916653, "VUT": -14.581496539279836, "AIA": -1.5210753390911051, "COK": -1.5210753390911051, "MSR": -1.5210753390911051, "NIU": -1.5210753390911051, "TKL": -1.5210753390911051}}, "categoryImportances": {"2015": {"Environment": 135.78771090507507, "Economic Policy & Debt": 332.73597180843353, "Profile": 66.14542961120605, "Climate": 87.50031924247742, "Digital": 5416.283447861671, "Blue": 437.5397951602936}}, "featureImportances": {"2015": {"wdi2-NE.DAB.TOTL.CN": 332.73597180843353, "key-wdi-AG.SRF.TOTL.K2": 66.14542961120605, "key-wdi-EG.ELC.ACCS.ZS": 4663.1249713897705, "key-wdi-EG.ELC.RNEW.ZS": 84.62203919887543, "key-wdi-EG.FEC.RNEW.ZS": 2.8782800436019897, "key-wdi-ER.FSH.CAPT.MT": 437.5397951602936, "key-wdi-IT.CEL.SETS.P2": 38.43057060241699, "key-wdi-IT.NET.USER.ZS": 714.727905869484, "key-wdi2-SP.POP.TOTL": 0.0, "wdi-AG.LND.AGRI.K2": 135.78771090507507}}}