{"data": {"2015": {"ATG": -1606656978094.9712, "ABW": 51256947993.18831, "BHS": 3996200000.0, "BMU": 1486763978568.6465, "BHR": 10006300000.0, "BRB": -5157031207134.365, "BLZ": 1693794408.0, "VGB": 15863123522306.656, "CPV": 60453272500.0, "CYM": -652926766753.3138, "COM": 43925000000.0, "CUB": 14014000000.0, "CUW": -6705267018991.246, "DMA": -327404711439.51605, "DOM": 547000000000.0, "FJI": 3438639795933.3345, "GRD": -3045709909983.234, "GNB": 96971194400.0, "GUY": 4678172135712.771, "HTI": 61462021700.0, "JAM": 291000000000.0, "KIR": 27619000.0, "MDV": 46786000000.0, "MHL": 82374800.0, "MUS": 170000000000.0, "FSM": 3761638542244.1777, "NRU": -3045709909983.234, "PLW": 163479800.0, "PNG": -63849681767914.86, "WSM": -4978084538880.513, "STP": 1944474832490.7231, "SYC": 6941000000.0, "SGP": 755000000000.0, "SXM": 2142865200.0, "SLB": 5450000000.0, "KNA": -2153712811763.264, "VCT": -7113403183028.391, "LCA": -8166211726086.985, "SUR": 9191229893403.998, "TLS": 48508500.0, "TTO": 109491461664923.2, "TON": 1571894316353.9077, "TUV": -2306010165045.7, "TCA": 1874992006386.7888, "VUT": 31303000000.0, "AIA": 535252842244685.6, "COK": 535252842244685.6, "MSR": 535252842244685.6, "NIU": 535252842244685.6, "TKL": 535252842244685.6}, "2020": {"ASM": 85691307800978.86, "ATG": 15630755550368.465, "ABW": -12696373137592.668, "BHS": -61653612226418.74, "BRB": 2660724829213.927, "BLZ": 1397136157.0, "VGB": 88621230515102.58, "CPV": 34268255600.0, "COM": -29960735876113.94, "CUB": 43853658489041.25, "CUW": -13171983558824.998, "DMA": 46619460907443.46, "DOM": 463000000000.0, "FJI": 170775706136930.62, "PYF": 86226829323062.03, "GRD": 7131302997242.03, "GUM": 295808536215224.25, "GNB": 98588028100.0, "GUY": -13420676318533.715, "HTI": 52871616600.0, "JAM": 317000000000.0, "KIR": 25005033283331.594, "MDV": -39317811365844.6, "MHL": 89237434298280.53, "MUS": 106000000000.0, "FSM": -1570733195019.41, "NRU": 241014015371593.0, "NCL": 354640196988565.94, "MNP": 298198124392968.44, "PLW": 48000994588862.92, "PNG": -119817573332709.1, "PRI": 43406768087702.61, "KNA": -12755557494825.31, "LCA": 80919246135796.83, "VCT": 97080703903204.88, "WSM": 30605246357515.855, "STP": -46036463791881.27, "SYC": 77217598798102.55, "SGP": 834000000000.0, "SXM": 40005412549238.164, "SLB": 4218000000.0, "SUR": 81293190365791.84, "TLS": 77336256103541.69, "TON": 404135567810.85095, "TTO": 87877805784236.44, "TUV": -12438113125596.393, "VIR": -71380923167125.98, "VUT": 14569000000.0, "AIA": 92514867205917.19, "COK": 92514867205917.19, "MSR": 92514867205917.19, "NIU": 92514867205917.19}}, "upperIntervals": {"2015": {"ATG": 134660124980367.36, "ABW": 136318038906455.52, "BMU": 137753545937030.95, "BRB": 131109750751327.95, "VGB": 152129905480769.0, "CYM": 135613855191709.02, "CUW": 129561514939471.08, "DMA": 135939377247022.8, "FJI": 139705421754395.66, "GRD": 133221072048479.1, "GUY": 140944954094175.1, "FSM": 140028420500706.5, "NRU": 133221072048479.1, "PNG": 72417100190547.47, "WSM": 131288697419581.8, "STP": 138211256790953.05, "KNA": 134113069146699.06, "VCT": 129153378775433.94, "LCA": 128100570232375.34, "SUR": 145458011851866.3, "TTO": 245758243623385.6, "TON": 137838676274816.23, "TUV": 133960771793416.62, "TCA": 138141773964849.12, "AIA": 671519624203147.9, "COK": 671519624203147.9, "MSR": 671519624203147.9, "NIU": 671519624203147.9, "TKL": 671519624203147.9}, "2020": {"ASM": 418135295500658.9, "ATG": 348074743250048.44, "ABW": 319747614562087.3, "BHS": 270790375473261.25, "BRB": 335104712528893.94, "VGB": 421065218214782.56, "COM": 302483251823566.06, "CUB": 376297646188721.25, "CUW": 319272004140855.0, "DMA": 379063448607123.44, "FJI": 503219693836610.6, "PYF": 418670817022742.0, "GRD": 339575290696922.0, "GUM": 628252523914904.2, "GUY": 319023311381146.3, "KIR": 357449020983011.6, "MDV": 293126176333835.4, "MHL": 421681421997960.5, "FSM": 330873254504660.56, "NRU": 573458003071273.0, "NCL": 687084184688246.0, "MNP": 630642112092648.5, "PLW": 380444982288542.94, "PNG": 212626414366970.9, "PRI": 375850755787382.6, "KNA": 319688430204854.7, "LCA": 413363233835476.8, "VCT": 429524691602884.9, "WSM": 363049234057195.9, "STP": 286407523907798.75, "SYC": 409661586497782.56, "SXM": 372449400248918.2, "SUR": 413737178065471.9, "TLS": 409780243803221.7, "TON": 332848123267490.9, "TTO": 420321793483916.44, "TUV": 320005874574083.6, "VIR": 261063064532554.0, "AIA": 424958854905597.2, "COK": 424958854905597.2, "MSR": 424958854905597.2, "NIU": 424958854905597.2}}, "lowerIntervals": {"2015": {"ATG": -229927275070099.25, "ABW": -228269361144011.1, "BMU": -226833854113435.6, "BRB": -233477649299138.62, "VGB": -212457494569697.6, "CYM": -228973544858757.6, "CUW": -235025885110995.6, "DMA": -228648022803443.8, "FJI": -224881978296070.9, "GRD": -231366328001987.5, "GUY": -223642445956291.5, "FSM": -224558979549760.1, "NRU": -231366328001987.5, "PNG": -292170299859919.1, "WSM": -233298702630884.8, "STP": -226376143259513.6, "KNA": -230474330903767.6, "VCT": -235434021275032.7, "LCA": -236486829818091.28, "SUR": -219129388198600.28, "TTO": -118829156427081.08, "TON": -226748723775650.4, "TUV": -230626628257050.0, "TCA": -226445626085617.5, "AIA": 306932224152681.25, "COK": 306932224152681.25, "MSR": 306932224152681.25, "NIU": 306932224152681.25, "TKL": 306932224152681.25}, "2020": {"ASM": -233713973905316.38, "ATG": -303774526155926.8, "ABW": -332101654843887.94, "BHS": -381058893932714.0, "BRB": -316744556877081.3, "VGB": -230784051191192.7, "COM": -349366017582409.2, "CUB": -275551623217254.0, "CUW": -332577265265120.25, "DMA": -272785820798851.78, "FJI": -148629575569364.62, "PYF": -233178452383233.22, "GRD": -312273978709053.25, "GUM": -23596745491071.0, "GUY": -332825958024828.94, "KIR": -294400248422963.6, "MDV": -358723093072139.9, "MHL": -230167847408014.72, "FSM": -320976014901314.7, "NRU": -78391266334702.25, "NCL": 35234915282270.69, "MNP": -21207157313326.812, "PLW": -271404287117432.3, "PNG": -439222855039004.4, "PRI": -275998513618592.62, "KNA": -332160839201120.56, "LCA": -238486035570498.44, "VCT": -222324577803090.38, "WSM": -288800035348779.4, "STP": -365441745498176.5, "SYC": -242187682908192.7, "SXM": -279399869157057.1, "SUR": -238112091340503.4, "TLS": -242069025602753.56, "TON": -319001146138484.4, "TTO": -231527475922058.8, "TUV": -331843394831891.6, "VIR": -390786204873421.25, "AIA": -226890414500378.06, "COK": -226890414500378.06, "MSR": -226890414500378.06, "NIU": -226890414500378.06}}, "categoryImportances": {"2015": {"Environment": 2.171717515631049e+28, "Public Sector": 1.3327108044616152e+27, "Economic Policy & Debt": 2.5320098116465808e+29}, "2020": {"Economic Policy & Debt": 4.0265994498540134e+29}}, "featureImportances": {"2015": {"wdi2-NY.GDP.MKTP.CN": 4.62256781565909e+28, "wdi-AG.LND.TOTL.K2": 6.862692957635779e+27, "wdi-AG.SRF.TOTL.K2": 1.0234424088832338e+27, "wdi-EG.ELC.RNEW.ZS": 6.528038576289203e+26, "wdi-EN.POP.DNST": 1.3178235932162555e+28, "wdi-IQ.SPI.PIL1": 1.3327108044616152e+27, "wdi2-NE.EXP.GNFS.CD": 8.383224600130588e+28, "wdi2-NE.EXP.GNFS.CN": 8.278431663525446e+28, "wdi2-NE.EXP.GNFS.ZS": 8.833308728047934e+26, "wdi2-NE.IMP.GNFS.CD": 3.947540949870205e+28}, "2020": {"wdi2-NE.DAB.TOTL.CN": 4.6638607997417615e+28, "wdi2-NY.GDY.TOTL.KN": 1.887859710151167e+28, "wdi2-NE.EXP.GNFS.CN": 5.701416892741915e+28, "wdi2-NE.EXP.GNFS.KD.ZG": 2.487048087437435e+28, "wdi2-NE.EXP.GNFS.ZS": 5.051655502809969e+28, "wdi2-NE.IMP.GNFS.CN": 4.9848484050351395e+28, "wdi2-NE.IMP.GNFS.KD.ZG": 5.198521577990721e+28, "wdi2-NE.IMP.GNFS.KN": 2.1693838711849625e+28, "wdi2-NE.IMP.GNFS.ZS": 1.3236679208669972e+28, "wdi2-NE.RSB.GNFS.CN": 6.7977317305800655e+28}}}