{"data": {"2015": {"ATG": 17.996959344040025, "ABW": 27.92497090006987, "BHS": 24.324577451280422, "BMU": 24.324577451280422, "BHR": 27.33648458104282, "BRB": 24.324577451280422, "BLZ": 12.433992742791034, "VGB": 27.33648458104282, "CPV": 6.926159859, "CYM": 29.86387062, "COM": 11.400665519214815, "CUB": 13.162278194033966, "CUW": 17.729158896043344, "DMA": 17.459315085323706, "DOM": 19.78839418789566, "FJI": 8.791528951676254, "GRD": 16.870828766296658, "GNB": 14.460469232361588, "GUY": 10.029265134167275, "HTI": 14.522001223593197, "JAM": 17.022044275775112, "KIR": 13.521990370252592, "MDV": 16.533897500015, "MHL": 13.521990370252592, "MUS": 20.471222215086105, "FSM": 13.521990370252592, "NRU": 14.98505221427762, "PLW": 17.996959344040025, "PNG": 11.043893465464167, "WSM": 10.103375286222825, "STP": 9.51488896719578, "SYC": 16.533897500015, "SGP": 28.21052933, "SXM": 15.136267723756076, "SLB": 10.960415326839067, "KNA": 23.42040353142976, "VCT": 17.459315085323706, "LCA": 16.870828766296658, "SUR": 13.29898688992671, "TLS": 15.136267723756076, "TTO": 19.882735896059057, "TON": 14.98505221427762, "TUV": 15.573538533304664, "TCA": 14.98505221427762, "VUT": 8.640313442197797, "AIA": 13.92953082662964, "COK": 13.92953082662964, "MSR": 13.92953082662964, "NIU": 13.92953082662964, "TKL": 13.92953082662964}}, "upperIntervals": {"2015": {"ATG": 31.224406615256704, "ABW": 41.15241817128655, "BHS": 37.5520247224971, "BMU": 37.5520247224971, "BHR": 40.5639318522595, "BRB": 37.5520247224971, "BLZ": 25.66144001400771, "VGB": 40.5639318522595, "COM": 24.62811279043149, "CUB": 26.38972546525064, "CUW": 30.95660616726002, "DMA": 30.686762356540385, "DOM": 33.01584145911234, "FJI": 22.01897622289293, "GRD": 30.098276037513337, "GNB": 27.687916503578265, "GUY": 23.256712405383954, "HTI": 27.749448494809872, "JAM": 30.24949154699179, "KIR": 26.74943764146927, "MDV": 29.76134477123168, "MHL": 26.74943764146927, "MUS": 33.698669486302784, "FSM": 26.74943764146927, "NRU": 28.2124994854943, "PLW": 31.224406615256704, "PNG": 24.271340736680845, "WSM": 23.330822557439504, "STP": 22.742336238412456, "SYC": 29.76134477123168, "SXM": 28.36371499497276, "SLB": 24.187862598055744, "KNA": 36.64785080264644, "VCT": 30.686762356540385, "LCA": 30.098276037513337, "SUR": 26.526434161143385, "TLS": 28.36371499497276, "TTO": 33.110183167275736, "TON": 28.2124994854943, "TUV": 28.800985804521343, "TCA": 28.2124994854943, "VUT": 21.86776071341448, "AIA": 27.15697809784632, "COK": 27.15697809784632, "MSR": 27.15697809784632, "NIU": 27.15697809784632, "TKL": 27.15697809784632}}, "lowerIntervals": {"2015": {"ATG": 5.156068126982385, "ABW": 15.084079683012227, "BHS": 11.483686234222782, "BMU": 11.483686234222782, "BHR": 14.49559336398518, "BRB": 11.483686234222782, "BLZ": -0.4068984742666064, "VGB": 14.49559336398518, "COM": -1.4402256978428234, "CUB": 0.321386976976326, "CUW": 4.888267678985704, "DMA": 4.618423868266065, "DOM": 6.947502970838018, "FJI": -4.0493622653813865, "GRD": 4.029937549239017, "GNB": 1.6195780153039472, "GUY": -2.8116260828903634, "HTI": 1.6811100065355546, "JAM": 4.181153058717472, "KIR": 0.6810991531949515, "MDV": 3.693006282957361, "MHL": 0.6810991531949515, "MUS": 7.630330998028464, "FSM": 0.6810991531949515, "NRU": 2.1441609972199807, "PLW": 5.156068126982385, "PNG": -1.796997751593473, "WSM": -2.737515930834816, "STP": -3.32600224986186, "SYC": 3.693006282957361, "SXM": 2.295376506698437, "SLB": -1.8804758902185728, "KNA": 10.57951231437212, "VCT": 4.618423868266065, "LCA": 4.029937549239017, "SUR": 0.458095672869069, "TLS": 2.295376506698437, "TTO": 7.041844679001416, "TON": 2.1441609972199807, "TUV": 2.732647316247025, "TCA": 2.1441609972199807, "VUT": -4.200577774859843, "AIA": 1.0886396095720006, "COK": 1.0886396095720006, "MSR": 1.0886396095720006, "NIU": 1.0886396095720006, "TKL": 1.0886396095720006}}, "categoryImportances": {"2015": {"Environment": 0.7457059919834137, "Economic Policy & Debt": 15.48768699169159, "Profile": 51.19279429316521, "Climate": 134.866222769022, "Digital": 514.1844950914383, "Blue": 30.86250913143158}}, "featureImportances": {"2015": {"wdi2-NE.DAB.TOTL.CN": 15.48768699169159, "key-wdi-AG.SRF.TOTL.K2": 48.06765830516815, "key-wdi-EG.ELC.ACCS.ZS": 0.0, "key-wdi-EG.ELC.RNEW.ZS": 6.808724075555801, "key-wdi-EG.FEC.RNEW.ZS": 128.0574986934662, "key-wdi-ER.FSH.CAPT.MT": 30.86250913143158, "key-wdi-IT.CEL.SETS.P2": 36.00571048259735, "key-wdi-IT.NET.USER.ZS": 478.17878460884094, "key-wdi2-SP.POP.TOTL": 3.125135987997055, "wdi-AG.LND.AGRI.K2": 0.7457059919834137}}}