{"data": {"2015": {"ATG": -2293106.7262080857, "ABW": -2293106.7262080857, "BHS": 344579.9798312542, "BMU": -2293106.7262080857, "BHR": -2293106.7262080857, "BRB": -2293106.7262080857, "BLZ": -867218.1738861745, "VGB": -2293106.7262080857, "CPV": -223505.29080282577, "CYM": -2293106.7262080857, "COM": -223505.29080282577, "CUB": 703111.0580458778, "CUW": -2293106.7262080857, "DMA": -805099.9915322223, "DOM": 2840901.382244153, "FJI": 532899.2690525787, "GRD": -2293106.7262080857, "GNB": 3561605.8059190377, "GUY": -867218.1738861745, "HTI": 735599.8106583763, "JAM": -2293106.7262080857, "KIR": -223505.29080282577, "MDV": -2293106.7262080857, "MHL": -223505.29080282577, "MUS": -2293106.7262080857, "FSM": -223505.29080282577, "NRU": -2293106.7262080857, "PLW": 344579.9798312542, "PNG": 6300.0, "WSM": -25590.86293230985, "STP": 735599.8106583763, "SYC": -2293106.7262080857, "SGP": -235973.01950574777, "SXM": -235973.01950574777, "SLB": 91886.92757502737, "KNA": -2293106.7262080857, "VCT": -694795.2191149053, "LCA": -694795.2191149053, "SUR": -867218.1738861745, "TLS": 1572720.6441608686, "TTO": -2293106.7262080857, "TON": -2293106.7262080857, "TUV": -2293106.7262080857, "TCA": 344579.9798312542, "VUT": -867218.1738861745, "AIA": 5138636.506098848, "COK": 5138636.506098848, "MSR": 5138636.506098848, "NIU": 5138636.506098848, "TKL": 5138636.506098848}, "2020": {"ASM": 1457226.680050854, "ATG": 1419091.6458971135, "ABW": 1352236.1878334351, "BHS": 335169.96785777877, "BRB": -41448.2490615699, "BLZ": 1493871.8446041436, "VGB": -362752.9552892488, "CPV": 774177.7129158713, "COM": -4436979.085747548, "CUB": -1078410.0445829704, "CUW": 1346714.2961192813, "DMA": -362752.9552892488, "DOM": 1232155.1806352627, "FJI": 1335766.7193885045, "PYF": -1421266.5662513357, "GRD": -704560.9863497508, "GUM": 841120.3936174191, "GNB": 1681282.2164802216, "GUY": -187583.93188781803, "HTI": 7900.0, "JAM": 729607.2136584959, "KIR": 3964855.4689215864, "MDV": 77408.37713811379, "MHL": 4580161.590126501, "MUS": -197982.14834805508, "FSM": 7996855.487149655, "NRU": -703932.5741076968, "NCL": 140.0, "MNP": -256458.00614541827, "PLW": -643359.3910624166, "PNG": 14000.0, "PRI": -143559.2692589823, "KNA": -703932.5741076968, "LCA": 335169.96785777877, "VCT": -34621.898948969756, "WSM": -1805681.4700258174, "STP": -6423567.919422173, "SYC": -204760.86454631685, "SGP": 1310380.8882910374, "SXM": -256458.00614541827, "SLB": 1681282.2164802216, "SUR": -137408.96530277486, "TLS": -1472322.4763218467, "TON": 1337973.9573991424, "TTO": 1972956.150467795, "TUV": 5590032.490879472, "VIR": -361083.10085897427, "VUT": 4538697.463001885, "AIA": 7255941.115400448, "COK": 7255941.115400448, "MSR": 7255941.115400448, "NIU": 7255941.115400448}}, "upperIntervals": {"2015": {"ATG": 9442354.278338889, "ABW": 9442354.278338889, "BHS": 12080040.984378226, "BMU": 9442354.278338889, "BHR": 9442354.278338889, "BRB": 9442354.278338889, "BLZ": 10868242.830660798, "VGB": 9442354.278338889, "CPV": 11511955.713744149, "CYM": 9442354.278338889, "COM": 11511955.713744149, "CUB": 12438572.06259285, "CUW": 9442354.278338889, "DMA": 10930361.01301475, "DOM": 14576362.386791123, "FJI": 12268360.27359955, "GRD": 9442354.278338889, "GNB": 15297066.81046601, "GUY": 10868242.830660798, "HTI": 12471060.815205349, "JAM": 9442354.278338889, "KIR": 11511955.713744149, "MDV": 9442354.278338889, "MHL": 11511955.713744149, "MUS": 9442354.278338889, "FSM": 11511955.713744149, "NRU": 9442354.278338889, "PLW": 12080040.984378226, "WSM": 11709870.141614662, "STP": 12471060.815205349, "SYC": 9442354.278338889, "SGP": 11499487.985041223, "SXM": 11499487.985041223, "SLB": 11827347.932122, "KNA": 9442354.278338889, "VCT": 11040665.785432069, "LCA": 11040665.785432069, "SUR": 10868242.830660798, "TLS": 13308181.64870784, "TTO": 9442354.278338889, "TON": 9442354.278338889, "TUV": 9442354.278338889, "TCA": 12080040.984378226, "VUT": 10868242.830660798, "AIA": 16874097.51064582, "COK": 16874097.51064582, "MSR": 16874097.51064582, "NIU": 16874097.51064582, "TKL": 16874097.51064582}, "2020": {"ASM": 16486093.89156806, "ATG": 16447958.857414318, "ABW": 16381103.399350641, "BHS": 15364037.179374984, "BRB": 14987418.962455636, "BLZ": 16522739.05612135, "VGB": 14666114.256227957, "CPV": 15803044.924433077, "COM": 10591888.125769656, "CUB": 13950457.166934235, "CUW": 16375581.507636487, "DMA": 14666114.256227957, "DOM": 16261022.392152468, "FJI": 16364633.93090571, "PYF": 13607600.64526587, "GRD": 14324306.225167455, "GUM": 15869987.605134625, "GNB": 16710149.427997427, "GUY": 14841283.279629387, "JAM": 15758474.425175702, "KIR": 18993722.68043879, "MDV": 15106275.588655319, "MHL": 19609028.801643707, "MUS": 14830885.06316915, "FSM": 23025722.69866686, "NRU": 14324934.637409508, "MNP": 14772409.205371788, "PLW": 14385507.82045479, "PRI": 14885307.942258224, "KNA": 14324934.637409508, "LCA": 15364037.179374984, "VCT": 14994245.312568236, "WSM": 13223185.741491389, "STP": 8605299.292095032, "SYC": 14824106.346970888, "SGP": 16339248.099808242, "SXM": 14772409.205371788, "SLB": 16710149.427997427, "SUR": 14891458.24621443, "TLS": 13556544.73519536, "TON": 16366841.168916348, "TTO": 17001823.361985, "TUV": 20618899.702396676, "VIR": 14667784.110658232, "VUT": 19567564.67451909, "AIA": 22284808.326917656, "COK": 22284808.326917656, "MSR": 22284808.326917656, "NIU": 22284808.326917656}}, "lowerIntervals": {"2015": {"ATG": -9115456.648805264, "ABW": -9115456.648805264, "BHS": -6477769.942765922, "BMU": -9115456.648805264, "BHR": -9115456.648805264, "BRB": -9115456.648805264, "BLZ": -7689568.096483351, "VGB": -9115456.648805264, "CPV": -7045855.213400003, "CYM": -9115456.648805264, "COM": -7045855.213400003, "CUB": -6119238.864551298, "CUW": -9115456.648805264, "DMA": -7627449.914129399, "DOM": -3981448.540353024, "FJI": -6289450.653544597, "GRD": -9115456.648805264, "GNB": -3260744.1166781387, "GUY": -7689568.096483351, "HTI": -6086750.1119388, "JAM": -9115456.648805264, "KIR": -7045855.213400003, "MDV": -9115456.648805264, "MHL": -7045855.213400003, "MUS": -9115456.648805264, "FSM": -7045855.213400003, "NRU": -9115456.648805264, "PLW": -6477769.942765922, "WSM": -6847940.785529486, "STP": -6086750.1119388, "SYC": -9115456.648805264, "SGP": -7058322.942102924, "SXM": -7058322.942102924, "SLB": -6730462.995022149, "KNA": -9115456.648805264, "VCT": -7517145.141712082, "LCA": -7517145.141712082, "SUR": -7689568.096483351, "TLS": -5249629.278436308, "TTO": -9115456.648805264, "TON": -9115456.648805264, "TUV": -9115456.648805264, "TCA": -6477769.942765922, "VUT": -7689568.096483351, "AIA": -1683713.4164983286, "COK": -1683713.4164983286, "MSR": -1683713.4164983286, "NIU": -1683713.4164983286, "TKL": -1683713.4164983286}, "2020": {"ASM": -9216941.300435033, "ATG": -9255076.334588774, "ABW": -9321931.79265245, "BHS": -10338998.012628108, "BRB": -10715616.229547456, "BLZ": -9180296.135881742, "VGB": -11036920.935775135, "CPV": -9899990.267570015, "COM": -15111147.066233434, "CUB": -11752578.025068857, "CUW": -9327453.684366604, "DMA": -11036920.935775135, "DOM": -9442012.799850624, "FJI": -9338401.261097383, "PYF": -12095434.546737222, "GRD": -11378728.966835637, "GUM": -9833047.586868467, "GNB": -8992885.764005665, "GUY": -10861751.912373705, "JAM": -9944560.76682739, "KIR": -6709312.511564299, "MDV": -10596759.603347773, "MHL": -6094006.390359385, "MUS": -10872150.128833942, "FSM": -2677312.4933362314, "NRU": -11378100.554593584, "MNP": -10930625.986631304, "PLW": -11317527.371548302, "PRI": -10817727.249744868, "KNA": -11378100.554593584, "LCA": -10338998.012628108, "VCT": -10708789.879434856, "WSM": -12479849.450511703, "STP": -17097735.89990806, "SYC": -10878928.845032204, "SGP": -9363787.09219485, "SXM": -10930625.986631304, "SLB": -8992885.764005665, "SUR": -10811576.945788661, "TLS": -12146490.456807733, "TON": -9336194.023086743, "TTO": -8701211.830018092, "TUV": -5084135.489606414, "VIR": -11035251.081344862, "VUT": -6135470.517484001,