{"data": {"2015": {"ATG": 88.25580865772591, "ABW": 86.09492317972943, "BHS": 71.88309136241493, "BMU": 81.21702734850543, "BHR": 50.0805153, "BRB": 90.20916778, "BLZ": 60.47186475, "VGB": 77.97761113390577, "CPV": 87.12755027, "CYM": 95.69841645, "COM": 87.14351851371237, "CUB": 64.29542420979715, "CUW": 87.30466453817156, "DMA": 68.33668511154605, "DOM": 63.20125539, "FJI": 69.27763816966046, "GRD": 84.82490272, "GNB": 83.35998884012982, "GUY": 89.50514988994829, "HTI": 72.96814165249761, "JAM": 80.07117438, "KIR": 63.03041682, "MDV": 84.20724918429491, "MHL": 63.96418360002754, "MUS": 61.89518831, "FSM": 64.18178238579874, "NRU": 77.56828010024097, "PLW": 74.69898427748305, "PNG": 79.72743342556886, "WSM": 58.707317381458, "STP": 74.14915076271052, "SYC": 89.31845357, "SGP": 78.76417677, "SXM": 89.04448870053683, "SLB": 72.5508902434095, "KNA": 86.41260448427543, "VCT": 77.98041101155738, "LCA": 79.5368403954464, "SUR": 65.66979052, "TLS": 60.21864003777972, "TTO": 69.88958097, "TON": 70.53874701898543, "TUV": 61.937025738317466, "TCA": 84.71214394040612, "VUT": 85.99869048519476, "AIA": 69.74476478715279, "COK": 69.74476478715279, "MSR": 69.74476478715279, "NIU": 69.74476478715279, "TKL": 69.74476478715279}, "2020": {"ASM": 63.432717797257226, "ATG": 68.4166076032707, "ABW": 68.04303717471416, "BHS": 71.77504824086792, "BRB": 71.9683443326187, "BLZ": 68.47180750090847, "VGB": 82.83480018804057, "CPV": 58.837383232863566, "COM": 54.687785794293234, "CUB": 68.44755143945498, "CUW": 87.38966766237604, "DMA": 74.30047577129537, "DOM": 71.17075191132578, "FJI": 63.03018223844112, "PYF": 54.687785794293234, "GRD": 67.4583539685047, "GUM": 67.21378122099468, "GNB": 71.65735295788487, "GUY": 68.14279741958697, "HTI": 62.942418762547085, "JAM": 60.908771771229645, "KIR": 53.027624772709046, "MDV": 71.46128981521434, "MHL": 67.34054022892357, "MUS": 60.384162580128915, "FSM": 61.68033097054042, "NRU": 68.51649458245988, "NCL": 69.13565683701103, "MNP": 77.99726277267675, "PLW": 69.05831562038217, "PNG": 54.687785794293234, "PRI": 61.544074038000815, "KNA": 76.13472800204795, "LCA": 70.47543117848632, "VCT": 62.01857252360039, "WSM": 54.687785794293234, "STP": 58.15004108361428, "SYC": 77.76273106061643, "SGP": 88.76601508882896, "SXM": 74.95196147973047, "SLB": 62.53421016485702, "SUR": 58.4845480645355, "TLS": 63.71699688094969, "TON": 54.687785794293234, "TTO": 67.17977967701147, "TUV": 65.59606033106111, "VIR": 73.45878685885455, "VUT": 62.53421016485702, "AIA": 75.69000992328584, "COK": 75.69000992328584, "MSR": 75.69000992328584, "NIU": 75.69000992328584}}, "upperIntervals": {"2015": {"ATG": 117.49945633606887, "ABW": 115.3385708580724, "BHS": 101.1267390407579, "BMU": 110.4606750268484, "VGB": 107.22125881224872, "COM": 116.38716619205532, "CUB": 93.53907188814011, "CUW": 116.54831221651452, "DMA": 97.580332789889, "FJI": 98.52128584800344, "GNB": 112.60363651847278, "GUY": 118.74879756829124, "HTI": 102.21178933084056, "MDV": 113.45089686263788, "MHL": 93.2078312783705, "FSM": 93.42543006414172, "NRU": 106.81192777858394, "PLW": 103.94263195582602, "PNG": 108.97108110391184, "WSM": 87.95096505980098, "STP": 103.39279844105349, "SXM": 118.2881363788798, "SLB": 101.79453792175246, "KNA": 115.6562521626184, "VCT": 107.22405868990036, "LCA": 108.78048807378936, "TLS": 89.46228771612269, "TON": 99.7823946973284, "TUV": 91.18067341666044, "TCA": 113.95579161874907, "VUT": 115.24233816353772, "AIA": 98.98841246549576, "COK": 98.98841246549576, "MSR": 98.98841246549576, "NIU": 98.98841246549576, "TKL": 98.98841246549576}, "2020": {"ASM": 76.19239548664498, "ATG": 81.17628529265846, "ABW": 80.80271486410192, "BHS": 84.53472593025568, "BRB": 84.72802202200646, "BLZ": 81.23148519029623, "VGB": 95.59447787742833, "CPV": 71.59706092225132, "COM": 67.44746348368099, "CUB": 81.20722912884274, "CUW": 100.1493453517638, "DMA": 87.06015346068313, "DOM": 83.93042960071354, "FJI": 75.78985992782887, "PYF": 67.44746348368099, "GRD": 80.21803165789245, "GUM": 79.97345891038243, "GNB": 84.41703064727263, "GUY": 80.90247510897473, "HTI": 75.70209645193484, "JAM": 73.6684494606174, "KIR": 65.7873024620968, "MDV": 84.2209675046021, "MHL": 80.10021791831133, "MUS": 73.14384026951667, "FSM": 74.44000865992817, "NRU": 81.27617227184764, "NCL": 81.89533452639878, "MNP": 90.7569404620645, "PLW": 81.81799330976993, "PNG": 67.44746348368099, "PRI": 74.30375172738857, "KNA": 88.89440569143571, "LCA": 83.23510886787408, "VCT": 74.77825021298814, "WSM": 67.44746348368099, "STP": 70.90971877300204, "SYC": 90.52240875000419, "SGP": 101.52569277821672, "SXM": 87.71163916911823, "SLB": 75.29388785424477, "SUR": 71.24422575392326, "TLS": 76.47667457033744, "TON": 67.44746348368099, "TTO": 79.93945736639922, "TUV": 78.35573802044887, "VIR": 86.21846454824231, "VUT": 75.29388785424477, "AIA": 88.4496876126736, "COK": 88.4496876126736, "MSR": 88.4496876126736, "NIU": 88.4496876126736}}, "lowerIntervals": {"2015": {"ATG": 61.08559251931827, "ABW": 58.9247070413218, "BHS": 44.71287522400729, "BMU": 54.046811210097786, "VGB": 50.80739499549813, "COM": 59.973302375304726, "CUB": 37.12520807138951, "CUW": 60.134448399763926, "DMA": 41.16646897313841, "FJI": 42.10742203125282, "GNB": 56.18977270172218, "GUY": 62.334933751540646, "HTI": 45.79792551408997, "MDV": 57.03703304588727, "MHL": 36.7939674616199, "FSM": 37.0115662473911, "NRU": 50.39806396183333, "PLW": 47.52876813907541, "PNG": 52.55721728716122, "WSM": 31.537101243050365, "STP": 46.97893462430288, "SXM": 61.87427256212919, "SLB": 45.38067410500186, "KNA": 59.2423883458678, "VCT": 50.81019487314974, "LCA": 52.366624257038765, "TLS": 33.04842389937208, "TON": 43.368530880577794, "TUV": 34.76680959990983, "TCA": 57.54192780199848, "VUT": 58.82847434678712, "AIA": 42.57454864874515, "COK": 42.57454864874515, "MSR": 42.57454864874515, "NIU": 42.57454864874515, "TKL": 42.57454864874515}, "2020": {"ASM": 50.931022433156876, "ATG": 55.914912239170356, "ABW": 55.54134181061381, "BHS": 59.27335287676757, "BRB": 59.46664896851835, "BLZ": 55.97011213680812, "VGB": 70.33310482394023, "CPV": 46.335687868763216, "COM": 42.186090430192884, "CUB": 55.945856075354634, "CUW": 74.8879722982757, "DMA": 61.79878040719502, "DOM": 58.66905654722543, "FJI": 50.52848687434077, "PYF": 42.186090430192884, "GRD": 54.956658604404346, "GUM": 54.712085856894326, "GNB": 59.15565759378452, "GUY": 55.64110205548662, "HTI": 50.440723398446735, "JAM": 48.407076407129296, "KIR": 40.5259294086087, "MDV": 58.95959445111399, "MHL": 54.83884486482322, "MUS": 47.882467216028566, "FSM": 49.17863560644007, "NRU": 56.014799218359535, "NCL": 56.63396147291068, "MNP": 65.4955674085764, "PLW": 56.556620256281825, "PNG": 42.186090430192884, "PRI": 49.042378673900465, "KNA": 63.6330326379476, "LCA": 57.97373581438597, "VCT": 49.51687715950004, "WSM": 42.186090430192884, "STP": 45.648345719513934, "SYC": 65.26103569651609, "SGP": 76.26431972472862, "SXM": 62.45026611563012, "SLB": 50.03251480075667, "SUR": 45.98285270043515, "TLS": 51.21530151684934, "TON": 42.186090430192884, "TTO": 54.67808431291112, "TUV": 53.09436496696076, "VIR": 60.9570914947542, "VUT": 50.03251480075667, "AIA": 63.18831455918549, "COK": 63.18831455918549, "MSR": 63.18831455918549, "NIU": 63.18831455918549}}, "categoryImportances": {"2015": {"Environment": 1068.1738031506538, "Economic Policy & Debt": 1235.9801760166883}, "2020": {"Economic Policy & Debt": 40.59227612614632, "Infrastructure": 139.84061071276665, "Social Protection & Labor": 414.3781299293041}}, "featureImportances": {"2015": {"wdi2-NY.GDP.MKTP.CN": 134.95074306428432, "wdi-AG.LND.TOTL.K2": 74.96496412158012, "wdi-AG.SRF.TOTL.K2": 23.34077537059784, "wdi-EG.ELC.ACCS.ZS": 335.6161920130253, "wdi-EG.ELC.RNEW.ZS": 199.54268519580364, "wdi-EN.POP.DNST": 124.87663167715073, "wdi2-NY.GDP.FRST.RT.ZS": 255.280172213912, "wdi2-NY.GDP.MINR.RT.ZS": 54.55238255858421, "wdi2-NY.GDP.MKTP.CD": 463.7458526492119, "wdi2-NY.GDP.PCAP.CD": 637.2835803031921},