{"data": {"2015": {"ATG": 57.184371864267824, "ABW": 74.6341385623771, "BHS": 66.10967741457587, "BMU": 69.9659918595613, "BHR": 67.78984736883524, "BRB": 66.34146438355215, "BLZ": 17.568873233636047, "VGB": 74.6341385623771, "CPV": 20.03713036, "CYM": 90.19631958, "COM": 21.34171154903136, "CUB": 34.26811889684041, "CUW": 64.74275148166748, "DMA": 48.38310921575204, "DOM": 34.86874008, "FJI": 18.42297837934328, "GRD": 35.59120710399315, "GNB": 38.366545290030224, "GUY": 36.84403502279563, "HTI": 31.21190538779284, "JAM": 27.37904036036584, "KIR": 22.92648146655008, "MDV": 35.72851481424291, "MHL": 22.92648146655008, "MUS": 36.582619959950144, "FSM": 27.37904036036584, "NRU": 30.36701710892227, "PLW": 42.98847353668223, "PNG": 31.17969461171085, "WSM": 25.30309687949188, "STP": 21.34171154903136, "SYC": 51.58605764976189, "SGP": 70.91709137, "SXM": 65.91062711818054, "SLB": 21.34171154903136, "KNA": 76.97560756049302, "VCT": 43.14604326218419, "LCA": 35.59120710399315, "SUR": 35.52143151172871, "TLS": 28.11954105841945, "TTO": 67.01097567898249, "TON": 56.37998821711761, "TUV": 26.76856336081374, "TCA": 54.17786966938538, "VUT": 21.34171154903136, "AIA": 36.142761412547614, "COK": 36.142761412547614, "MSR": 36.142761412547614, "NIU": 36.142761412547614, "TKL": 36.142761412547614}}, "upperIntervals": {"2015": {"ATG": 89.63433645073022, "ABW": 107.08410314883947, "BHS": 98.55964200103828, "BMU": 102.4159564460237, "BHR": 100.23981195529764, "BRB": 98.79142897001456, "BLZ": 50.01883782009844, "VGB": 107.08410314883947, "COM": 53.79167613549375, "CUB": 66.7180834833028, "CUW": 97.19271606812988, "DMA": 80.83307380221443, "FJI": 50.87294296580567, "GRD": 68.04117169045554, "GNB": 70.81650987649262, "GUY": 69.29399960925802, "HTI": 63.661869974255225, "JAM": 59.82900494682824, "KIR": 55.37644605301247, "MDV": 68.1784794007053, "MHL": 55.37644605301247, "MUS": 69.03258454641254, "FSM": 59.82900494682824, "NRU": 62.81698169538466, "PLW": 75.43843812314462, "PNG": 63.62965919817324, "WSM": 57.75306146595428, "STP": 53.79167613549375, "SYC": 84.03602223622428, "SXM": 98.36059170464291, "SLB": 53.79167613549375, "KNA": 109.4255721469554, "VCT": 75.5960078486466, "LCA": 68.04117169045554, "SUR": 67.9713960981911, "TLS": 60.56950564488184, "TTO": 99.46094026544488, "TON": 88.82995280358, "TUV": 59.21852794727613, "TCA": 86.62783425584777, "VUT": 53.79167613549375, "AIA": 68.59272599901001, "COK": 68.59272599901001, "MSR": 68.59272599901001, "NIU": 68.59272599901001, "TKL": 68.59272599901001}}, "lowerIntervals": {"2015": {"ATG": 23.755464446105183, "ABW": 41.20523114421447, "BHS": 32.68076999641323, "BMU": 36.53708444139866, "BHR": 34.3609399506726, "BRB": 32.91255696538951, "BLZ": -15.86003418452659, "VGB": 41.20523114421447, "COM": -12.087195869131282, "CUB": 0.8392114786777753, "CUW": 31.313844063504845, "DMA": 14.954201797589398, "FJI": -15.00592903881936, "GRD": 2.1622996858305115, "GNB": 4.937637871867587, "GUY": 3.4151276046329926, "HTI": -2.2170020303698017, "JAM": -6.049867057796796, "KIR": -10.502425951612562, "MDV": 2.299607396080269, "MHL": -10.502425951612562, "MUS": 3.153712541787506, "FSM": -6.049867057796796, "NRU": -3.0618903092403684, "PLW": 9.55956611851959, "PNG": -2.249212806451787, "WSM": -8.125810538670759, "STP": -12.087195869131282, "SYC": 18.157150231599253, "SXM": 32.481719700017905, "SLB": -12.087195869131282, "KNA": 43.54670014233038, "VCT": 9.717135844021556, "LCA": 2.1622996858305115, "SUR": 2.0925240935660696, "TLS": -5.309366359743184, "TTO": 33.58206826081985, "TON": 22.95108079895497, "TUV": -6.6603440573488975, "TCA": 20.748962251222743, "VUT": -12.087195869131282, "AIA": 2.7138539943849764, "COK": 2.7138539943849764, "MSR": 2.7138539943849764, "NIU": 2.7138539943849764, "TKL": 2.7138539943849764}}, "categoryImportances": {"2015": {"Environment": 151.0130409002304, "Economic Policy & Debt": 457.40193819999695, "Profile": 59.331101059913635, "Climate": 122.01524913311005, "Digital": 5036.420796394348, "Blue": 183.40708446502688}}, "featureImportances": {"2015": {"wdi2-NE.DAB.TOTL.CN": 457.40193819999695, "key-wdi-AG.SRF.TOTL.K2": 3.945330023765564, "key-wdi-EG.ELC.ACCS.ZS": 3871.558372497559, "key-wdi-EG.ELC.RNEW.ZS": 35.86982011795044, "key-wdi-EG.FEC.RNEW.ZS": 86.1454290151596, "key-wdi-ER.FSH.CAPT.MT": 183.40708446502688, "key-wdi-IT.CEL.SETS.P2": 99.00525045394896, "key-wdi-IT.NET.USER.ZS": 1065.8571734428406, "key-wdi2-SP.POP.TOTL": 55.38577103614807, "wdi-AG.LND.AGRI.K2": 151.0130409002304}}}