{"data": {"2015": {"ATG": 16.81468551509551, "ABW": 16.81468551509551, "BHS": 16.81468551509551, "BMU": 16.81468551509551, "BHR": 16.81468551509551, "BRB": 16.81468551509551, "BLZ": 16.81468551509551, "VGB": 16.81468551509551, "CPV": 16.81468551509551, "CYM": 16.81468551509551, "COM": 16.81468551509551, "CUB": 16.81468551509551, "CUW": 16.81468551509551, "DMA": 16.81468551509551, "DOM": 7.996024319, "FJI": 16.81468551509551, "GRD": 16.81468551509551, "GNB": 16.81468551509551, "GUY": 16.81468551509551, "HTI": 16.81468551509551, "JAM": 16.81468551509551, "KIR": 16.81468551509551, "MDV": 16.81468551509551, "MHL": 16.81468551509551, "MUS": 16.81468551509551, "FSM": 16.81468551509551, "NRU": 16.81468551509551, "PLW": 16.81468551509551, "PNG": 16.81468551509551, "WSM": 16.81468551509551, "STP": 16.81468551509551, "SYC": 16.81468551509551, "SGP": 16.81468551509551, "SXM": 16.81468551509551, "SLB": 16.81468551509551, "KNA": 16.81468551509551, "VCT": 16.81468551509551, "LCA": 16.81468551509551, "SUR": 16.81468551509551, "TLS": 16.81468551509551, "TTO": 16.81468551509551, "TON": 16.81468551509551, "TUV": 16.81468551509551, "TCA": 16.81468551509551, "VUT": 16.81468551509551, "AIA": 16.81468551509551, "COK": 16.81468551509551, "MSR": 16.81468551509551, "NIU": 16.81468551509551, "TKL": 16.81468551509551}}, "upperIntervals": {"2015": {"ATG": 45.40029717884093, "ABW": 45.40029717884093, "BHS": 45.40029717884093, "BMU": 45.40029717884093, "BHR": 45.40029717884093, "BRB": 45.40029717884093, "BLZ": 45.40029717884093, "VGB": 45.40029717884093, "CPV": 45.40029717884093, "CYM": 45.40029717884093, "COM": 45.40029717884093, "CUB": 45.40029717884093, "CUW": 45.40029717884093, "DMA": 45.40029717884093, "FJI": 45.40029717884093, "GRD": 45.40029717884093, "GNB": 45.40029717884093, "GUY": 45.40029717884093, "HTI": 45.40029717884093, "JAM": 45.40029717884093, "KIR": 45.40029717884093, "MDV": 45.40029717884093, "MHL": 45.40029717884093, "MUS": 45.40029717884093, "FSM": 45.40029717884093, "NRU": 45.40029717884093, "PLW": 45.40029717884093, "PNG": 45.40029717884093, "WSM": 45.40029717884093, "STP": 45.40029717884093, "SYC": 45.40029717884093, "SGP": 45.40029717884093, "SXM": 45.40029717884093, "SLB": 45.40029717884093, "KNA": 45.40029717884093, "VCT": 45.40029717884093, "LCA": 45.40029717884093, "SUR": 45.40029717884093, "TLS": 45.40029717884093, "TTO": 45.40029717884093, "TON": 45.40029717884093, "TUV": 45.40029717884093, "TCA": 45.40029717884093, "VUT": 45.40029717884093, "AIA": 45.40029717884093, "COK": 45.40029717884093, "MSR": 45.40029717884093, "NIU": 45.40029717884093, "TKL": 45.40029717884093}}, "lowerIntervals": {"2015": {"ATG": -9.823261022475869, "ABW": -9.823261022475869, "BHS": -9.823261022475869, "BMU": -9.823261022475869, "BHR": -9.823261022475869, "BRB": -9.823261022475869, "BLZ": -9.823261022475869, "VGB": -9.823261022475869, "CPV": -9.823261022475869, "CYM": -9.823261022475869, "COM": -9.823261022475869, "CUB": -9.823261022475869, "CUW": -9.823261022475869, "DMA": -9.823261022475869, "FJI": -9.823261022475869, "GRD": -9.823261022475869, "GNB": -9.823261022475869, "GUY": -9.823261022475869, "HTI": -9.823261022475869, "JAM": -9.823261022475869, "KIR": -9.823261022475869, "MDV": -9.823261022475869, "MHL": -9.823261022475869, "MUS": -9.823261022475869, "FSM": -9.823261022475869, "NRU": -9.823261022475869, "PLW": -9.823261022475869, "PNG": -9.823261022475869, "WSM": -9.823261022475869, "STP": -9.823261022475869, "SYC": -9.823261022475869, "SGP": -9.823261022475869, "SXM": -9.823261022475869, "SLB": -9.823261022475869, "KNA": -9.823261022475869, "VCT": -9.823261022475869, "LCA": -9.823261022475869, "SUR": -9.823261022475869, "TLS": -9.823261022475869, "TTO": -9.823261022475869, "TON": -9.823261022475869, "TUV": -9.823261022475869, "TCA": -9.823261022475869, "VUT": -9.823261022475869, "AIA": -9.823261022475869, "COK": -9.823261022475869, "MSR": -9.823261022475869, "NIU": -9.823261022475869, "TKL": -9.823261022475869}}, "categoryImportances": {"2015": {"Economic Policy & Debt": 0.0, "Profile": 0.0, "Climate": 0.0, "Finance": 0.0, "MVI": 0.0}}, "featureImportances": {"2015": {"wdi2-NE.DAB.TOTL.CN": 0.0, "key-mvi-wdi-BX.KLT.DINV.WD.GD.ZS": 0.0, "key-mvi-wdi-BX.TRF.PWKR.DT.GD.ZS": 0.0, "key-ndgain-nd-gain": 0.0, "key-ndgain-nd-readiness": 0.0, "key-ndgain-nd-vulnerability": 0.0, "key-wdi-AG.SRF.TOTL.K2": 0.0, "key-wdi-BN.CAB.XOKA.GD.ZS": 0.0, "key-wdi-BX.KLT.DINV.CD.WD": 0.0, "key-wdi-BX.TRF.PWKR.DT.GD.ZS": 0.0}}}