{"data": {"2015": {"ATG": 37.96316381640136, "ABW": 29.148461472145232, "BHS": 23.83372104690945, "BMU": 28.09738436044123, "BHR": 25.7, "BRB": 26.28, "BLZ": 24.59, "VGB": 35.10301655979533, "CPV": 14.36, "CYM": 52.25, "COM": 24.87125062819061, "CUB": 10.265286044397952, "CUW": 30.16107843726146, "DMA": 17.678107545080717, "DOM": 24.01, "FJI": 19.78003304987051, "GRD": 29.68905653272783, "GNB": 25.490217177950363, "GUY": 19.903384831365774, "HTI": 24.390350309963274, "JAM": 17.18, "KIR": 16.12, "MDV": 30.451408584808203, "MHL": 19.10497962361036, "MUS": 27.1, "FSM": 29.63562141132804, "NRU": 18.59050038227195, "PLW": 30.837257900699235, "PNG": 28.615323013649043, "WSM": 19.223166957266216, "STP": 34.572675505693084, "SYC": 43.7, "SGP": 35.34, "SXM": 29.687284532385227, "SLB": 22.629894238887832, "KNA": 32.622167026978985, "VCT": 27.92421320827729, "LCA": 24.245774642268376, "SUR": 16.95, "TLS": 15.199321520142258, "TTO": 33.49, "TON": 26.694339651772573, "TUV": 21.3543575307902, "TCA": 25.61898586513451, "VUT": 25.14742588720953, "AIA": 44.269975989643456, "COK": 44.269975989643456, "MSR": 44.269975989643456, "NIU": 44.269975989643456, "TKL": 44.269975989643456}, "2020": {"ASM": 11.302073344758275, "ATG": 15.229292360538137, "ABW": 23.75272197672037, "BHS": 20.36317047602554, "BRB": 13.863204174957007, "BLZ": 31.078942675189502, "VGB": 55.027916857536596, "CPV": 14.357899527606863, "COM": 22.734473963200685, "CUB": 42.45407802858913, "CUW": 27.73220210412596, "DMA": 17.527964111510723, "DOM": 27.093343654939893, "FJI": 35.2155745102375, "PYF": 15.2502460304064, "GRD": 24.29870206884987, "GUM": 25.000107579223737, "GNB": 14.47420695266201, "GUY": 43.25964788500856, "HTI": 18.40048026942198, "JAM": 22.91157090857195, "KIR": 12.178644985988582, "MDV": 15.32759032556489, "MHL": 24.37631259580195, "MUS": 17.206321955621068, "FSM": 21.141671480371798, "NRU": 26.253111227300483, "NCL": 24.84404538916915, "MNP": 22.988119885049624, "PLW": 14.89591468589227, "PNG": 22.734473963200685, "PRI": 22.279482244263754, "KNA": 16.40034229739272, "LCA": 25.673636916881577, "VCT": 14.068852354270886, "WSM": 26.482344857771945, "STP": 39.76625090094813, "SYC": 17.527964111510723, "SGP": 29.55050198007257, "SXM": 16.22031207037046, "SLB": 21.19557635274506, "SUR": 26.070238894460417, "TLS": 22.89713879220698, "TON": 23.83383826191563, "TTO": 26.469408666069043, "TUV": 14.149060443653827, "VIR": 33.78481896391935, "VUT": 23.575229930398045, "AIA": 27.125381556742656, "COK": 27.125381556742656, "MSR": 27.125381556742656, "NIU": 27.125381556742656}}, "upperIntervals": {"2015": {"ATG": 59.41621538170679, "ABW": 50.60151303745066, "BHS": 45.28677261221488, "BMU": 49.550435925746655, "VGB": 56.55606812510076, "COM": 46.32430219349604, "CUB": 31.718337609703383, "CUW": 51.61413000256689, "DMA": 39.13115911038615, "FJI": 41.23308461517594, "GRD": 51.14210809803326, "GNB": 46.94326874325579, "GUY": 41.3564363966712, "HTI": 45.843401875268704, "MDV": 51.90446015011364, "MHL": 40.55803118891579, "FSM": 51.08867297663348, "NRU": 40.04355194757738, "PLW": 52.290309466004665, "PNG": 50.06837457895448, "WSM": 40.676218522571645, "STP": 56.025727070998514, "SXM": 51.14033609769066, "SLB": 44.08294580419326, "KNA": 54.075218592284415, "VCT": 49.37726477358272, "LCA": 45.6988262075738, "TLS": 36.652373085447685, "TON": 48.147391217078, "TUV": 42.807409096095626, "TCA": 47.072037430439934, "VUT": 46.60047745251495, "AIA": 65.72302755494889, "COK": 65.72302755494889, "MSR": 65.72302755494889, "NIU": 65.72302755494889, "TKL": 65.72302755494889}, "2020": {"ASM": 21.06669157317847, "ATG": 24.993910588958332, "ABW": 33.51734020514056, "BHS": 30.127788704445734, "BRB": 23.627822403377202, "BLZ": 40.8435609036097, "VGB": 64.79253508595679, "CPV": 24.122517756027058, "COM": 32.49909219162088, "CUB": 52.21869625700933, "CUW": 37.49682033254616, "DMA": 27.292582339930917, "DOM": 36.85796188336009, "FJI": 44.9801927386577, "PYF": 25.014864258826595, "GRD": 34.06332029727007, "GUM": 34.764725807643934, "GNB": 24.238825181082206, "GUY": 53.02426611342876, "HTI": 28.165098497842173, "JAM": 32.67618913699214, "KIR": 21.943263214408777, "MDV": 25.092208553985085, "MHL": 34.140930824222146, "MUS": 26.97094018404126, "FSM": 30.906289708791995, "NRU": 36.017729455720676, "NCL": 34.60866361758934, "MNP": 32.75273811346982, "PLW": 24.660532914312466, "PNG": 32.49909219162088, "PRI": 32.04410047268395, "KNA": 26.164960525812916, "LCA": 35.438255145301774, "VCT": 23.83347058269108, "WSM": 36.24696308619214, "STP": 49.53086912936833, "SYC": 27.292582339930917, "SGP": 39.315120208492765, "SXM": 25.98493029879066, "SLB": 30.960194581165254, "SUR": 35.834857122880614, "TLS": 32.66175702062718, "TON": 33.59845649033583, "TTO": 36.23402689448924, "TUV": 23.91367867207402, "VIR": 43.549437192339546, "VUT": 33.33984815881824, "AIA": 36.88999978516285, "COK": 36.88999978516285, "MSR": 36.88999978516285, "NIU": 36.88999978516285}}, "lowerIntervals": {"2015": {"ATG": 20.79837937755684, "ABW": 11.983677033300708, "BHS": 6.6689366080649215, "BMU": 10.932599921596704, "VGB": 17.938232120950804, "COM": 7.706466189346088, "CUB": -6.899498394446571, "CUW": 12.996293998416936, "DMA": 0.5133231062361929, "FJI": 2.6152486110259865, "GRD": 12.524272093883305, "GNB": 8.325432739105839, "GUY": 2.738600392521249, "HTI": 7.22556587111875, "MDV": 13.286624145963678, "MHL": 1.9401951847658367, "FSM": 12.470836972483518, "NRU": 1.4257159434274271, "PLW": 13.672473461854713, "PNG": 11.45053857480452, "WSM": 2.058382518421692, "STP": 17.40789106684856, "SXM": 12.522500093540703, "SLB": 5.465109800043308, "KNA": 15.45738258813446, "VCT": 10.75942876943277, "LCA": 7.080990203423852, "TLS": -1.9654629187022667, "TON": 9.529555212928049, "TUV": 4.189573091945672, "TCA": 8.454201426289984, "VUT": 7.982641448365001, "AIA": 27.10519155079893, "COK": 27.10519155079893, "MSR": 27.10519155079893, "NIU": 27.10519155079893, "TKL": 27.10519155079893}, "2020": {"ASM": 2.8953974275786543, "ATG": 6.822616443358516, "ABW": 15.346046059540749, "BHS": 11.95649455884592, "BRB": 5.456528257777386, "BLZ": 22.672266758009883, "VGB": 46.62124094035698, "CPV": 5.951223610427242, "COM": 14.327798046021064, "CUB": 34.04740211140951, "CUW": 19.32552618694634, "DMA": 9.121288194331102, "DOM": 18.686667737760274, "FJI": 26.808898593057883, "PYF": 6.843570113226779, "GRD": 15.89202615167025, "GUM": 16.593431662044118, "GNB": 6.067531035482389, "GUY": 34.85297196782894, "HTI": 9.993804352242359, "JAM": 14.504894991392328, "KIR": 3.7719690688089607, "MDV": 6.9209144083852685, "MHL": 15.969636678622328, "MUS": 8.799646038441447, "FSM": 12.734995563192177, "NRU": 17.84643531012086, "NCL": 16.437369471989527, "MNP": 14.581443967870003, "PLW": 6.489238768712649, "PNG": 14.327798046021064, "PRI": 13.872806327084133, "KNA": 7.993666380213098, "LCA": 17.266960999701958, "VCT": 5.662176437091265, "WSM": 18.075668940592323, "STP": 31.35957498376851, "SYC": 9.121288194331102, "SGP": 21.14382606289295, "SXM": 7.81363615319084, "SLB": 12.78890043556544, "SUR": 17.663562977280797, "TLS": 14.49046287502736, "TON": 15.42716234473601, "TTO": 18.062732748889424, "TUV": 5.742384526474206, "VIR": 25.37814304673973, "VUT": 15.168554013218424, "AIA": 18.718705639563034, "COK": 18.718705639563034, "MSR": 18.718705639563034, "NIU": 18.718705639563034}}, "categoryImportances": {"2015": {"Environment": 762.0225708782673, "Economic Policy & Debt": 470.16425409913063, "Financial": 344.04743108153343}, "2020": {"Economic Policy & Debt": 27.438789553940296, "Infrastructure": 55.783164985477924, "Social Protection & Labor": 875.6140670403838}}, "featureImportances": {"2015": {"wdi2-NY.GDP.MKTP.CN": 151.17043924331665, "mvi-wdi-BX.KLT.DINV.WD.GD.ZS": 344.04743108153343, "wdi-AG.LND.TOTL.K2": 78.32152000069618, "wdi-AG.SRF.TOTL.K2": 36.71793934702873, "wdi-BX.KLT.DINV.CD.WD": 318.993814855814, "wdi-BX.KLT.DINV.WD.GD.ZS": 0.0, "wdi-EG.ELC.ACCS.UR.ZS": 65.07622408866882,