{"data": {"2015": {"ATG": 17.024900338649534, "ABW": 27.7482828425646, "BHS": 25.59123679235602, "BMU": 25.59123679235602, "BHR": 26.74072268244032, "BRB": 21.42242728001554, "BLZ": 7.869407757759148, "VGB": 26.74072268244032, "CPV": 6.833909988, "CYM": 27.08624077, "COM": 9.145861710583029, "CUB": 13.602787900881076, "CUW": 13.4005979585177, "DMA": 16.503923548198593, "DOM": 18.613434286512632, "FJI": 7.869407757759148, "GRD": 14.473907764123606, "GNB": 12.21903956411183, "GUY": 6.758696009245228, "HTI": 14.882371061530415, "JAM": 14.473907764123606, "KIR": 13.225135936455526, "MDV": 15.748446385825632, "MHL": 12.568944711666347, "MUS": 16.002444714698832, "FSM": 13.225135936455526, "NRU": 15.875414448565213, "PLW": 18.032460498773816, "PNG": 9.956375417407171, "WSM": 9.145861710583029, "STP": 9.145861710583029, "SYC": 15.748446385825632, "SGP": 30.47409058, "SXM": 17.696864387215527, "SLB": 7.869407757759148, "KNA": 22.93152847703362, "VCT": 15.13009898891278, "LCA": 15.13009898891278, "SUR": 9.164690102628228, "TLS": 13.845398664490231, "TTO": 17.653409438282914, "TON": 14.501589889279408, "TUV": 14.501589889279408, "TCA": 15.875414448565213, "VUT": 7.869407757759148, "AIA": 12.169398720649882, "COK": 12.169398720649882, "MSR": 12.169398720649882, "NIU": 12.169398720649882, "TKL": 12.169398720649882}}, "upperIntervals": {"2015": {"ATG": 29.93978587081866, "ABW": 40.66316837473372, "BHS": 38.50612232452514, "BMU": 38.50612232452514, "BHR": 39.65560821460944, "BRB": 34.33731281218466, "BLZ": 20.78429328992827, "VGB": 39.65560821460944, "COM": 22.06074724275216, "CUB": 26.5176734330502, "CUW": 26.315483490686823, "DMA": 29.41880908036772, "DOM": 31.52831981868176, "FJI": 20.78429328992827, "GRD": 27.38879329629273, "GNB": 25.133925096280954, "GUY": 19.67358154141436, "HTI": 27.797256593699544, "JAM": 27.38879329629273, "KIR": 26.140021468624653, "MDV": 28.66333191799476, "MHL": 25.48383024383548, "MUS": 28.917330246867955, "FSM": 26.140021468624653, "NRU": 28.790299980734336, "PLW": 30.94734603094294, "PNG": 22.871260949576296, "WSM": 22.06074724275216, "STP": 22.06074724275216, "SYC": 28.66333191799476, "SXM": 30.61174991938465, "SLB": 20.78429328992827, "KNA": 35.846414009202746, "VCT": 28.044984521081908, "LCA": 28.044984521081908, "SUR": 22.07957563479735, "TLS": 26.76028419665936, "TTO": 30.56829497045204, "TON": 27.41647542144853, "TUV": 27.41647542144853, "TCA": 28.790299980734336, "VUT": 20.78429328992827, "AIA": 25.084284252819007, "COK": 25.084284252819007, "MSR": 25.084284252819007, "NIU": 25.084284252819007, "TKL": 25.084284252819007}}, "lowerIntervals": {"2015": {"ATG": 5.118238294243824, "ABW": 15.841620798158887, "BHS": 13.684574747950313, "BMU": 13.684574747950313, "BHR": 14.834060638034607, "BRB": 9.51576523560983, "BLZ": -4.037254286646562, "VGB": 14.834060638034607, "COM": -2.760800333822681, "CUB": 1.6961258564753674, "CUW": 1.49393591411199, "DMA": 4.597261503792883, "DOM": 6.706772242106922, "FJI": -4.037254286646562, "GRD": 2.567245719717896, "GNB": 0.3123775197061196, "GUY": -5.147966035160482, "HTI": 2.975709017124707, "JAM": 2.567245719717896, "KIR": 1.3184738920498162, "MDV": 3.841784341419922, "MHL": 0.662282667260639, "MUS": 4.095782670293122, "FSM": 1.3184738920498162, "NRU": 3.968752404159501, "PLW": 6.125798454368105, "PNG": -1.9502866269985384, "WSM": -2.760800333822681, "STP": -2.760800333822681, "SYC": 3.841784341419922, "SXM": 5.790202342809817, "SLB": -4.037254286646562, "KNA": 11.02486643262791, "VCT": 3.223436944507071, "LCA": 3.223436944507071, "SUR": -2.741971941777482, "TLS": 1.938736620084521, "TTO": 5.746747393877204, "TON": 2.5949278448736965, "TUV": 2.5949278448736965, "TCA": 3.968752404159501, "VUT": -4.037254286646562, "AIA": 0.2627366762441721, "COK": 0.2627366762441721, "MSR": 0.2627366762441721, "NIU": 0.2627366762441721, "TKL": 0.2627366762441721}}, "categoryImportances": {"2015": {"Environment": 10.066092044115068, "Economic Policy & Debt": 3.2954420149326324, "Profile": 53.16735112667084, "Climate": 150.43968018889427, "Digital": 539.5602807998657, "Blue": 22.85937023162841}}, "featureImportances": {"2015": {"wdi2-NE.DAB.TOTL.CN": 3.2954420149326324, "key-wdi-AG.SRF.TOTL.K2": 25.582199722528458, "key-wdi-EG.ELC.ACCS.ZS": 0.0, "key-wdi-EG.ELC.RNEW.ZS": 2.0825239419937134, "key-wdi-EG.FEC.RNEW.ZS": 148.35715624690056, "key-wdi-ER.FSH.CAPT.MT": 22.85937023162841, "key-wdi-IT.CEL.SETS.P2": 25.85653460025788, "key-wdi-IT.NET.USER.ZS": 513.7037461996078, "key-wdi2-SP.POP.TOTL": 27.58515140414238, "wdi-AG.LND.AGRI.K2": 10.066092044115068}}}