{"data": {"2015": {"ATG": 2.805571012127185, "ABW": 16.594435430770346, "BHS": 11.570521298257956, "BMU": 15.15190577, "BHR": 5.737828896, "BRB": 6.78574286870942, "BLZ": 15.416060366794351, "VGB": 7.624196865464937, "CPV": 13.368440672096556, "CYM": 8.935773984869725, "COM": 15.756951152983978, "CUB": 16.170542596170897, "CUW": 16.90056199276639, "DMA": 3.4318052402780803, "DOM": 21.41751429798185, "FJI": 1.845886443, "GRD": 4.329210103360261, "GNB": 17.583265535097055, "GUY": 12.73666753928723, "HTI": 22.8646147850404, "JAM": 11.652525454688268, "KIR": -0.4869498154161827, "MDV": 2.591396367, "MHL": 9.244402342001605, "MUS": 4.53045446, "FSM": 4.279588868303912, "NRU": 5.767284092325995, "PLW": 15.024055117865656, "PNG": 10.059933148715448, "WSM": 9.389793571031548, "STP": 3.697436677550819, "SYC": 13.551580756226528, "SGP": 50.27252816, "SXM": 22.540527533525434, "SLB": 16.03389238868215, "KNA": 9.049354393277117, "VCT": 6.978412512065545, "LCA": 7.185348188344492, "SUR": 7.05780055580504, "TLS": 4.098296295115427, "TTO": 13.864251130981938, "TON": 17.05415798923182, "TUV": 16.553863437024813, "TCA": 19.841892470399376, "VUT": 7.736114978603454, "AIA": 17.78066954996033, "COK": 17.78066954996033, "MSR": 17.78066954996033, "NIU": 17.78066954996033, "TKL": 17.78066954996033}}, "upperIntervals": {"2015": {"ATG": 25.28055717510642, "ABW": 39.06942159374958, "BHS": 34.04550746123719, "BRB": 29.26072903168865, "BLZ": 37.89104652977359, "VGB": 30.099183028444173, "CPV": 35.84342683507579, "CYM": 31.41076014784896, "COM": 38.231937315963215, "CUB": 38.64552875915013, "CUW": 39.375548155745626, "DMA": 25.90679140325732, "DOM": 43.89250046096108, "GRD": 26.80419626633949, "GNB": 40.05825169807629, "GUY": 35.21165370226647, "HTI": 45.33960094801964, "JAM": 34.1275116176675, "KIR": 21.988036347563053, "MHL": 31.71938850498084, "FSM": 26.754575031283142, "NRU": 28.24227025530523, "PLW": 37.49904128084489, "PNG": 32.53491931169468, "WSM": 31.86477973401078, "STP": 26.172422840530054, "SYC": 36.02656691920576, "SXM": 45.01551369650467, "SLB": 38.50887855166138, "KNA": 31.52434055625635, "VCT": 29.45339867504478, "LCA": 29.660334351323726, "SUR": 29.53278671878428, "TLS": 26.57328245809466, "TTO": 36.339237293961176, "TON": 39.52914415221105, "TUV": 39.02884960000405, "TCA": 42.31687863337861, "VUT": 30.211101141582688, "AIA": 40.25565571293957, "COK": 40.25565571293957, "MSR": 40.25565571293957, "NIU": 40.25565571293957, "TKL": 40.25565571293957}}, "lowerIntervals": {"2015": {"ATG": -14.42708335029128, "ABW": -0.6382189316481188, "BHS": -5.662133064160509, "BRB": -10.446911493709043, "BLZ": -1.816593995624114, "VGB": -9.608457496953529, "CPV": -3.864213690321909, "CYM": -8.29688037754874, "COM": -1.4757032094344869, "CUB": -1.0621117662475683, "CUW": -0.3320923696520736, "DMA": -13.800849122140384, "DOM": 4.184859935563381, "GRD": -12.903444259058205, "GNB": 0.3506111726785903, "GUY": -4.4959868231312345, "HTI": 5.631960422621937, "JAM": -5.580128907730197, "KIR": -17.719604177834647, "MHL": -7.98825202041686, "FSM": -12.953065494114554, "NRU": -11.465370270092471, "PLW": -2.208599244552809, "PNG": -7.172721213703017, "WSM": -7.842860791386919, "STP": -13.535217684867646, "SYC": -3.681073606191937, "SXM": 5.307873171106969, "SLB": -1.198761973736314, "KNA": -8.183299969141348, "VCT": -10.25424185035292, "LCA": -10.047306174073974, "SUR": -10.174853806613426, "TLS": -13.134358067303038, "TTO": -3.3684032314365275, "TON": -0.1784963731866469, "TUV": -0.6787909253936526, "TCA": 2.609238107980911, "VUT": -9.496539383815012, "AIA": 0.5480151875418642, "COK": 0.5480151875418642, "MSR": 0.5480151875418642, "NIU": 0.5480151875418642, "TKL": 0.5480151875418642}}, "categoryImportances": {"2015": {"Environment": 1698.5384482629597, "Economic Policy & Debt": 410.4210797548294}}, "featureImportances": {"2015": {"wdi2-NY.GDP.MKTP.CN": 410.4210797548294, "wdi-AG.LND.AGRI.K2": 73.50340017676353, "wdi-AG.LND.AGRI.ZS": 487.2542488276959, "wdi-AG.LND.ARBL.HA": 175.45232519507408, "wdi-AG.LND.ARBL.HA.PC": 335.8159402310848, "wdi-AG.LND.ARBL.ZS": 155.15209574997425, "wdi-AG.LND.TOTL.K2": 141.25782226026058, "wdi-AG.PRD.CROP.XD": 133.22166730463505, "wdi-AG.PRD.FOOD.XD": 95.74475494399668, "wdi-AG.PRD.LVSK.XD": 101.13619357347488}}, "performance": {"2015": 0.8425216094040561}}