{"data": {"2015": {"ATG": 4.857318688222201, "ABW": 26.59961294433603, "BHS": 21.39952927910961, "BMU": 16.101281476407493, "BHR": 29.60372332455133, "BRB": 29.26, "BLZ": 16.4, "VGB": 23.4745842381777, "CPV": 61.57, "CYM": 13.79, "COM": 34.47284752200976, "CUB": 20.77274050334677, "CUW": 29.72, "DMA": 27.689063386103484, "DOM": 16.52, "FJI": 31.118564361910703, "GRD": 21.119536038486565, "GNB": 24.83361003943079, "GUY": 17.73111674531267, "HTI": 19.36038104623438, "JAM": 32.85, "KIR": 17.12, "MDV": 17.524850004024735, "MHL": 30.269896712950704, "MUS": 25.44, "FSM": 34.710186384431495, "NRU": 32.664889270039595, "PLW": 30.95620200966881, "PNG": 5.858094368272094, "WSM": 28.701820287737952, "STP": 32.04171109951609, "SYC": 13.55, "SGP": 9.35, "SXM": 25.373545025830264, "SLB": 33.191056655228216, "KNA": 17.790207895744686, "VCT": 15.18780463959558, "LCA": 22.522512703422485, "SUR": 13.41, "TLS": 28.44479344263881, "TTO": 5.86, "TON": 2.492739136098091, "TUV": 19.06832920091411, "TCA": 28.17389087213064, "VUT": 34.97957441135688, "AIA": 14.46334202745077, "COK": 14.46334202745077, "MSR": 14.46334202745077, "NIU": 14.46334202745077, "TKL": 14.46334202745077}, "2020": {"ASM": 23.210453749218466, "ATG": 28.89888940432281, "ABW": 10.595451768553003, "BHS": 24.604212109569723, "BRB": 44.710605470203824, "BLZ": 29.519710598507785, "VGB": 6.411430670163928, "CPV": 27.421564620220824, "COM": 23.354107611832248, "CUB": 12.504272641061375, "CUW": 24.502235685003622, "DMA": 32.460842944188826, "DOM": 21.4160788287925, "FJI": 19.772215831893003, "PYF": 23.354107611832248, "GRD": 26.04595959028829, "GUM": 32.671244787293105, "GNB": 37.110276880263676, "GUY": 17.220858980364213, "HTI": 32.96421538578729, "JAM": 28.662816780010985, "KIR": 27.52095871304524, "MDV": 23.98414888717799, "MHL": 17.92761766858182, "MUS": 25.4644300380487, "FSM": 20.53764793049072, "NRU": 16.131560757769332, "NCL": 35.22535758665074, "MNP": 22.1301712693977, "PLW": 31.82859707249454, "PNG": 20.079919541572966, "PRI": 12.958728262982332, "KNA": 24.396760987603354, "LCA": 33.130615634993006, "VCT": 43.117111205612396, "WSM": 24.474820483306118, "STP": 22.150984973405656, "SYC": 28.248130341253113, "SGP": 12.281930419033133, "SXM": 20.29960479970757, "SLB": 26.7917652943305, "SUR": 27.666737147523353, "TLS": 25.837119475697616, "TON": 23.354107611832248, "TTO": 23.727140534362164, "TUV": 33.18966934071002, "VIR": 21.509955138736775, "VUT": 23.54396734213989, "AIA": 16.000915239237816, "COK": 16.000915239237816, "MSR": 16.000915239237816, "NIU": 16.000915239237816}}, "upperIntervals": {"2015": {"ATG": 24.030603757500263, "ABW": 45.772898013614096, "BHS": 40.57281434838768, "BMU": 35.27456654568556, "BHR": 48.77700839382939, "VGB": 42.64786930745576, "COM": 53.646132591287824, "CUB": 39.94602557262483, "DMA": 46.86234845538155, "FJI": 50.291849431188766, "GRD": 40.292821107764624, "GNB": 44.00689510870885, "GUY": 36.90440181459073, "HTI": 38.533666115512446, "MDV": 36.6981350733028, "MHL": 49.44318178222876, "FSM": 53.88347145370956, "NRU": 51.83817433931766, "PLW": 50.12948707894688, "PNG": 25.03137943755016, "WSM": 47.87510535701601, "STP": 51.21499616879416, "SXM": 44.54683009510833, "SLB": 52.36434172450628, "KNA": 36.96349296502275, "VCT": 34.36108970887364, "LCA": 41.695797772700544, "TLS": 47.61807851191688, "TON": 21.66602420537616, "TUV": 38.24161427019217, "TCA": 47.34717594140871, "VUT": 54.15285948063495, "AIA": 33.63662709672883, "COK": 33.63662709672883, "MSR": 33.63662709672883, "NIU": 33.63662709672883, "TKL": 33.63662709672883}, "2020": {"ASM": 38.54614611240259, "ATG": 44.23458176750693, "ABW": 25.931144131737124, "BHS": 39.939904472753845, "BRB": 60.046297833387946, "BLZ": 44.85540296169191, "VGB": 21.74712303334805, "CPV": 42.75725698340494, "COM": 38.68979997501637, "CUB": 27.839965004245496, "CUW": 39.83792804818774, "DMA": 47.79653530737295, "DOM": 36.75177119197662, "FJI": 35.10790819507712, "PYF": 38.68979997501637, "GRD": 41.381651953472414, "GUM": 48.00693715047723, "GNB": 52.4459692434478, "GUY": 32.556551343548335, "HTI": 48.299907748971414, "JAM": 43.99850914319511, "KIR": 42.85665107622936, "MDV": 39.31984125036211, "MHL": 33.26331003176594, "MUS": 40.80012240123282, "FSM": 35.87334029367484, "NRU": 31.46725312095345, "NCL": 50.56104994983486, "MNP": 37.46586363258182, "PLW": 47.16428943567866, "PNG": 35.415611904757085, "PRI": 28.294420626166453, "KNA": 39.73245335078747, "LCA": 48.46630799817713, "VCT": 58.45280356879652, "WSM": 39.81051284649024, "STP": 37.48667733658978, "SYC": 43.58382270443723, "SGP": 27.617622782217254, "SXM": 35.63529716289169, "SLB": 42.12745765751462, "SUR": 43.00242951070747, "TLS": 41.172811838881735, "TON": 38.68979997501637, "TTO": 39.062832897546286, "TUV": 48.52536170389414, "VIR": 36.845647501920894, "VUT": 38.87965970532401, "AIA": 31.336607602421935, "COK": 31.336607602421935, "MSR": 31.336607602421935, "NIU": 31.336607602421935}}, "lowerIntervals": {"2015": {"ATG": -13.23461827838959, "ABW": 8.50767597772424, "BHS": 3.3075923124978246, "BMU": -1.990655490204297, "BHR": 11.511786357939542, "VGB": 5.382647271565912, "COM": 16.380910555397968, "CUB": 2.6808035367349845, "DMA": 9.597126419491694, "FJI": 13.026627395298911, "GRD": 3.027599071874775, "GNB": 6.741673072819001, "GUY": -0.3608202212991216, "HTI": 1.26844407962259, "MDV": -0.5670869625870552, "MHL": 12.177959746338914, "FSM": 16.618249417819705, "NRU": 14.572952303427805, "PLW": 12.864265043057024, "PNG": -12.233842598339695, "WSM": 10.609883321126162, "STP": 13.949774132904302, "SXM": 7.281608059218474, "SLB": 15.099119688616426, "KNA": -0.3017290708671041, "VCT": -2.9041323270162103, "LCA": 4.430575736810695, "TLS": 10.352856476027023, "TON": -15.5991978305137, "TUV": 0.9763922343023204, "TCA": 10.081953905518851, "VUT": 16.88763744474509, "AIA": -3.6285949391610206, "COK": -3.6285949391610206, "MSR": -3.6285949391610206, "NIU": -3.6285949391610206, "TKL": -3.6285949391610206}, "2020": {"ASM": 11.756642091868308, "ATG": 17.44507774697265, "ABW": -0.8583598887971551, "BHS": 13.150400452219564, "BRB": 33.256793812853665, "BLZ": 18.065898941157627, "VGB": -5.04238098718623, "CPV": 15.967752962870666, "COM": 11.90029595448209, "CUB": 1.0504609837112167, "CUW": 13.048424027653464, "DMA": 21.007031286838668, "DOM": 9.962267171442342, "FJI": 8.318404174542845, "PYF": 11.90029595448209, "GRD": 14.592147932938133, "GUM": 21.217433129942947, "GNB": 25.656465222913518, "GUY": 5.767047323014054, "HTI": 21.510403728437133, "JAM": 17.209005122660827, "KIR": 16.06714705569508, "MDV": 12.530337229827833, "MHL": 6.473806011231662, "MUS": 14.010618380698542, "FSM": 9.083836273140562, "NRU": 4.677749100419174, "NCL": 23.77154592930058, "MNP": 10.676359612047541, "PLW": 20.37478541514438, "PNG": 8.626107884222808, "PRI": 1.5049166056321734, "KNA": 12.942949330253196, "LCA": 21.676803977642848, "VCT": 31.663299548262238, "WSM": 13.02100882595596, "STP": 10.697173316055498, "SYC": 16.794318683902954, "SGP": 0.8281187616829744, "SXM": 8.845793142357412, "SLB": 15.337953636980341, "SUR": 16.212925490173195, "TLS": 14.383307818347458, "TON": 11.90029595448209, "TTO": 12.273328877012005, "TUV": 21.73585768335986, "VIR": 10.056143481386616, "VUT": 12.090155684789732, "AIA": 4.547103581887658, "COK": 4.547103581887658, "MSR": 4.547103581887658, "NIU": 4.547103581887658}}, "categoryImportances": {"2015": {"Environment": 1503.961976930732, "Financial Sector": 194.00727696278045, "Economic Policy & Debt": 135.16989178257063}, "2020": {"Economic Policy & Debt": 65.96380876936018, "Infrastructure": 46.23337201401591, "Social Protection & Labor": 411.80666193179786}}, "featureImportances": {"2015": {"wdi2-NY.GDP.MKTP.CN": 135.16989178257063, "wdi-AG.LND.TOTL.K2": 336.5030459407717, "wdi-AG.SRF.TOTL.K2": 115.92994251102208, "wdi-EG.ELC.ACCS.UR.ZS": 58.01376264821738, "wdi-EG.ELC.ACCS.ZS": 137.60226708184928, "wdi-EG.ELC.RNEW.ZS": 230.54488675831817, "wdi-EN.POP.DNST": 242.30105822673067,