{"unicef-cm15": {"data": {"2019": {"AFG": 28.37778068, "ALB": 4.083217911, "DZA": 9.466775604, "AND": 2.077425366, "AGO": 19.83010923, "ATG": 5.474380512, "ARG": 5.334433672, "ARM": 12.87653581, "AUS": 2.215414078, "AUT": 2.189519686, "AZE": 8.970498972, "BHS": 11.56833697, "BHR": 5.908740488, "BGD": 24.2831894, "BRB": 7.402152306, "BLR": 2.019873817, "BEL": 2.839868578, "BLZ": 6.530099618, "BEN": 20.3442686, "BTN": 9.655807591, "BOL": 8.899205042, "BIH": 2.761954014, "BWA": 15.228842, "BRA": 7.476931622, "BRN": 4.608695698, "BGR": 5.019907774, "BFA": 19.47057402, "BDI": 26.1089129, "CPV": 10.93543405, "KHM": 12.44862149, "CMR": 19.38834681, "CAN": 2.766615649, "CAF": 29.83303388, "TCD": 27.4655092, "CHL": 3.093766168, "CHN": 5.54195559, "COL": 7.098355281, "COM": 24.57104072, "COG": 15.0309592, "COK": 5.181056321, "CRI": 4.483680046, "CIV": 23.24194052, "HRV": 3.007664954, "CUB": 6.903131833, "CYP": 2.524148916, "CZE": 2.648387978, "PRK": 8.488358097, "COD": 27.22690838, "DNK": 2.012073398, "DJI": 27.8588891, "DMA": 13.73296722, "DOM": 10.67872566, "ECU": 8.720307924, "EGY": 9.047537281, "SLV": 10.09855601, "GNQ": 15.07910517, "ERI": 18.26882023, "EST": 2.176438535, "SWZ": 13.22087233, "ETH": 24.61425267, "FJI": 8.576392691, "FIN": 2.024482205, "FRA": 4.345981126, "GAB": 13.80084639, "GMB": 21.86419632, "GEO": 5.728457896, "DEU": 2.710545503, "GHA": 21.65028089, "GRC": 3.099874075, "GRD": 9.83834437, "GTM": 12.74327555, "GIN": 25.20229727, "GNB": 32.18563587, "GUY": 13.82661825, "HTI": 19.86169504, "HND": 8.510917274, "HUN": 3.298735894, "ISL": 1.902886587, "IND": 13.9275706, "IDN": 9.461725737, "IRN": 6.754373565, "IRQ": 11.6649048, "IRL": 2.831109127, "ISR": 2.766211624, "ITA": 2.389155083, "JAM": 12.68044453, "JPN": 1.51709177, "JOR": 8.837105737, "KAZ": 5.38946731, "KEN": 19.74773801, "KIR": 14.32210783, "KWT": 5.827278183, "KGZ": 6.835021467, "LAO": 16.56351486, "LVA": 3.238251136, "LBN": 6.335582178, "LSO": 27.90085841, "LBR": 24.18432309, "LBY": 8.750721661, "LTU": 2.752945819, "LUX": 3.351028054, "MDG": 16.47521959, "MWI": 16.28914277, "MYS": 5.473525272, "MDV": 5.788720076, "MLI": 19.70362102, "MLT": 3.039942296, "MHL": 10.85931004, "MRT": 21.97294034, "MUS": 10.28632617, "MEX": 6.813899243, "FSM": 11.70120159, "MCO": 1.424464355, "MNG": 5.230393168, "MNE": 3.574690354, "MAR": 13.97764922, "MOZ": 21.70608526, "MMR": 14.12696236, "NAM": 14.73131177, "NRU": 13.11992089, "NPL": 17.4554297, "NLD": 2.310548107, "NZL": 2.677276445, "NIC": 10.82984911, "NER": 19.55040379, "NGA": 22.24612086, "NIU": 9.367577505, "MKD": 4.096220927, "NOR": 2.440818076, "OMN": 5.563092475, "PAK": 30.6252008, "PLW": 7.710087234, "PAN": 7.714404292, "PNG": 16.09413313, "PRY": 10.53607093, "PER": 7.050490536, "PHL": 10.41556578, "POL": 2.335552173, "PRT": 2.479169508, "QAT": 5.397836862, "KOR": 1.700316146, "MDA": 6.880518174, "ROU": 3.224990358, "RUS": 3.753162972, "RWA": 16.93609688, "KNA": 7.447884659, "LCA": 11.18452663, "VCT": 12.09530529, "WSM": 8.75406491, "SMR": 1.772877549, "STP": 12.6479276, "SAU": 5.016792285, "SEN": 19.74842613, "SRB": 4.436204139, "SYC": 9.474619095, "SLE": 23.72397826, "SGP": 1.98167752, "SVK": 2.785672329, "SVN": 2.545769662, "SLB": 10.06249378, "SOM": 26.79305093, "ZAF": 16.37889962, "SSD": 28.81322853, "ESP": 2.243107727, "LKA": 5.83275979, "PSE": 10.35081722, "SDN": 22.61705644, "SUR": 11.20392613, "SWE": 2.449188813, "CHE": 2.223997598, "SYR": 10.90609136, "TJK": 9.019080784, "THA": 5.759119213, "TLS": 12.97614294, "TGO": 22.39125914, "TON": 7.70097729, "TTO": 9.085100909, "TUN": 10.79415388, "TUR": 4.431823581, "TKM": 8.583083672, "TUV": 11.87119049, "UGA": 17.83072039, "UKR": 4.52216669, "ARE": 4.933372733, "GBR": 3.042980259, "TZA": 18.8107582, "USA": 3.002832799, "URY": 4.710088524, "UZB": 6.547130053, "VUT": 11.09698142, "VEN": 9.354233462, "VNM": 7.812429647, "YEM": 23.72972478, "ZMB": 14.75985238, "ZWE": 16.04652221}, "recentYear": {"AFG": "2019", "ALB": "2019", "DZA": "2019", "AND": "2019", "AGO": "2019", "ATG": "2019", "ARG": "2019", "ARM": "2019", "AUS": "2019", "AUT": "2019", "AZE": "2019", "BHS": "2019", "BHR": "2019", "BGD": "2019", "BRB": "2019", "BLR": "2019", "BEL": "2019", "BLZ": "2019", "BEN": "2019", "BTN": "2019", "BOL": "2019", "BIH": "2019", "BWA": "2019", "BRA": "2019", "BRN": "2019", "BGR": "2019", "BFA": "2019", "BDI": "2019", "CPV": "2019", "KHM": "2019", "CMR": "2019", "CAN": "2019", "CAF": "2019", "TCD": "2019", "CHL": "2019", "CHN": "2019", "COL": "2019", "COM": "2019", "COG": "2019", "COK": "2019", "CRI": "2019", "CIV": "2019", "HRV": "2019", "CUB": "2019", "CYP": "2019", "CZE": "2019", "PRK": "2019", "COD": "2019", "DNK": "2019", "DJI": "2019", "DMA": "2019", "DOM": "2019", "ECU": "2019", "EGY": "2019", "SLV": "2019", "GNQ": "2019", "ERI": "2019", "EST": "2019", "SWZ": "2019", "ETH": "2019", "FJI": "2019", "FIN": "2019", "FRA": "2019", "GAB": "2019", "GMB": "2019", "GEO": "2019", "DEU": "2019", "GHA": "2019", "GRC": "2019", "GRD": "2019", "GTM": "2019", "GIN": "2019", "GNB": "2019", "GUY": "2019", "HTI": "2019", "HND": "2019", "HUN": "2019", "ISL": "2019", "IND": "2019", "IDN": "2019", "IRN": "2019", "IRQ": "2019", "IRL": "2019", "ISR": "2019", "ITA": "2019", "JAM": "2019", "JPN": "2019", "JOR": "2019", "KAZ": "2019", "KEN": "2019", "KIR": "2019", "KWT": "2019", "KGZ": "2019", "LAO": "2019", "LVA": "2019", "LBN": "2019", "LSO": "2019", "LBR": "2019", "LBY": "2019", "LTU": "2019", "LUX": "2019", "MDG": "2019", "MWI": "2019", "MYS": "2019", "MDV": "2019", "MLI": "2019", "MLT": "2019", "MHL": "2019", "MRT": "2019", "MUS": "2019", "MEX": "2019", "FSM": "2019", "MCO": "2019", "MNG": "2019", "MNE": "2019", "MAR": "2019", "MOZ": "2019", "MMR": "2019", "NAM": "2019", "NRU": "2019", "NPL": "2019", "NLD": "2019", "NZL": "2019", "NIC": "2019", "NER": "2019", "NGA": "2019", "NIU": "2019", "MKD": "2019", "NOR": "2019", "OMN": "2019", "PAK": "2019", "PLW": "2019", "PAN": "2019", "PNG": "2019", "PRY": "2019", "PER": "2019", "PHL": "2019", "POL": "2019", "PRT": "2019", "QAT": "2019", "KOR": "2019", "MDA": "2019", "ROU": "2019", "RUS": "2019", "RWA": "2019", "KNA": "2019", "LCA": "2019", "VCT": "2019", "WSM": "2019", "SMR": "2019", "STP": "2019", "SAU": "2019", "SEN": "2019", "SRB": "2019", "SYC": "2019", "SLE": "2019", "SGP": "2019", "SVK": "2019", "SVN": "2019", "SLB": "2019", "SOM": "2019", "ZAF": "2019", "SSD": "2019", "ESP": "2019", "LKA": "2019", "PSE": "2019", "SDN": "2019", "SUR": "2019", "SWE": "2019", "CHE": "2019", "SYR": "2019", "TJK": "2019", "THA": "2019", "TLS": "2019", "TGO": "2019", "TON": "2019", "TTO": "2019", "TUN": "2019", "TUR": "2019", "TKM": "2019", "TUV": "2019", "UGA": "2019", "UKR": "2019", "ARE": "2019", "GBR": "2019", "TZA": "2019", "USA": "2019", "URY": "2019", "UZB": "2019", "VUT": "2019", "VEN": "2019", "VNM": "2019", "YEM": "2019", "ZMB": "2019", "ZWE": "2019"}, "recentValue": {"AFG": 28.37778068, "ALB": 4.083217911, "DZA": 9.466775604, "AND": 2.077425366, "AGO": 19.83010923, "ATG": 5.474380512, "ARG": 5.334433672, "ARM": 12.87653581, "AUS": 2.215414078, "AUT": 2.189519686, "AZE": 8.970498972, "BHS": 11.56833697, "BHR": 5.908740488, "BGD": 24.2831894, "BRB": 7.402152306, "BLR": 2.019873817, "BEL": 2.839868578, "BLZ": 6.530099618, "BEN": 20.3442686, "BTN": 9.655807591, "BOL": 8.899205042, "BIH": 2.761954014, "BWA": 15.228842, "BRA": 7.476931622, "BRN": 4.608695698, "BGR": 5.019907774, "BFA": 19.47057402, "BDI": 26.1089129, "CPV": 10.93543405, "KHM": 12.44862149, "CMR": 19.38834681, "CAN": 2.766615649, "CAF": 29.83303388, "TCD": 27.4655092, "CHL": 3.093766168, "CHN": 5.54195559, "COL": 7.098355281, "COM": 24.57104072, "COG": 15.0309592, "COK": 5.181056321, "CRI": 4.483680046, "CIV": 23.24194052, "HRV": 3.007664954, "CUB": 6.903131833, "CYP": 2.524148916, "CZE": 2.648387978, "PRK": 8.488358097, "COD": 27.22690838, "DNK": 2.012073398, "DJI": 27.8588891, "DMA": 13.73296722, "DOM": 10.67872566, "ECU": 8.720307924, "EGY": 9.047537281, "SLV": 10.09855601, "GNQ": 15.07910517, "ERI": 18.26882023,