{"unicef-m3": {"data": {"2020": {"AFG": 0.370162191, "ALB": 1.696087289, "DZA": 0.570973876, "AND": 58.98401605, "AGO": 1.997287918, "AIA": 38.09492068, "ATG": 30.0077608, "ARG": 5.048542478, "ARM": 6.423691143, "AUS": 30.14076811, "AUT": 19.29942041, "AZE": 2.48765802, "BHS": 16.16867727, "BHR": 55.01312601, "BGD": 1.28448353, "BRB": 12.13379221, "BLR": 11.29276908, "BEL": 17.30410222, "BLZ": 15.60355213, "BEN": 3.252244169, "BTN": 6.948051611, "BOL": 1.405984685, "BIH": 1.098568496, "BWA": 4.689012917, "BRA": 0.507955872, "VGB": 73.30092271, "BRN": 25.59162299, "BGR": 2.653298688, "BFA": 3.463518975, "BDI": 2.8994479, "CPV": 2.839629632, "KHM": 0.474556718, "CMR": 2.181918057, "CAN": 21.32714089, "CAF": 1.833340097, "TCD": 3.333122487, "CHL": 8.605341153, "CHN": 0.072233574, "COL": 3.744663923, "COM": 1.436990783, "COG": 7.024275782, "COK": 26.07037121, "CRI": 10.22217014, "CIV": 9.723368947, "HRV": 12.86288739, "CUB": 0.026698177, "CYP": 15.76711522, "CZE": 5.05109636, "PRK": 0.192208214, "COD": 1.063930396, "DNK": 12.38861967, "DJI": 12.11920624, "DMA": 11.50699393, "DOM": 5.565996897, "ECU": 4.448134281, "EGY": 0.531528972, "SLV": 0.659353603, "GNQ": 16.43766683, "ERI": 0.39290249, "EST": 15.02232501, "SWZ": 2.832185794, "ETH": 0.944226834, "FJI": 1.571431121, "FIN": 6.96754464, "FRA": 13.06023797, "GAB": 18.7197627, "GMB": 8.923830537, "GEO": 1.989584313, "DEU": 18.81321893, "GHA": 1.533205173, "GRC": 12.86048928, "GRD": 6.410472898, "GTM": 0.470601907, "GIN": 0.924685322, "GNB": 0.911840358, "GUY": 3.96270337, "HTI": 0.165612325, "VAT": 100.0, "HND": 0.395724899, "HUN": 6.051198973, "ISL": 19.17186813, "IND": 0.353528152, "IDN": 0.129972321, "IRN": 3.330321057, "IRQ": 0.909356636, "IRL": 17.64463335, "ISR": 22.57022409, "ITA": 10.56368656, "JAM": 0.797964042, "JPN": 2.190918408, "JOR": 33.88849903, "KAZ": 19.87607838, "KEN": 1.952987932, "KIR": 2.617082196, "KWT": 72.82784495, "KGZ": 3.050355209, "LAO": 0.669790735, "LVA": 12.69333825, "LBN": 25.0937888, "LSO": 0.56295898, "LBR": 1.738881309, "LBY": 12.02885282, "LIE": 67.85274143, "LTU": 5.333155052, "LUX": 47.61556354, "MDG": 0.128427921, "MWI": 1.000326451, "MYS": 10.74139596, "MDV": 12.96458, "MLI": 2.39905675, "MLT": 25.99090907, "MHL": 5.571510626, "MRT": 3.920415686, "MUS": 2.271878418, "MEX": 0.928874915, "FSM": 2.462159084, "MCO": 67.78361023, "MNG": 0.651101244, "MNE": 11.3044572, "MSR": 27.5855171, "MAR": 0.277313608, "MOZ": 1.084131448, "MMR": 0.14050044, "NAM": 4.305179707, "NRU": 20.31567288, "NPL": 1.673361063, "NLD": 13.76335267, "NZL": 28.65319863, "NIC": 0.63652587, "NER": 1.437853653, "NGA": 0.634797042, "NIU": 36.34116193, "MKD": 6.302786818, "NOR": 15.720346, "OMN": 46.46586334, "PAK": 1.483338052, "PLW": 28.12292726, "PAN": 7.257980035, "PNG": 0.347243839, "PRY": 2.377375209, "PER": 3.713832098, "PHL": 0.205806504, "POL": 2.159385234, "PRT": 9.826339033, "QAT": 77.26989372, "KOR": 3.37080074, "MDA": 2.588967722, "ROU": 3.666294099, "RUS": 7.974066578, "RWA": 3.967717013, "KNA": 14.52286058, "LCA": 4.540677126, "VCT": 4.27050754, "WSM": 2.026611562, "SMR": 16.33272438, "STP": 0.975994817, "SAU": 38.64793877, "SEN": 1.641962192, "SRB": 9.419436283, "SYC": 13.27028676, "SLE": 0.673763333, "SGP": 43.13675284, "SVK": 3.611243446, "SVN": 13.37051909, "SLB": 0.366877379, "SOM": 0.368647786, "ZAF": 4.823062185, "SSD": 7.881663028, "ESP": 14.63422897, "LKA": 0.18798641, "PSE": 5.347221242, "SDN": 3.145199524, "SUR": 8.148351442, "SWE": 19.8421074, "CHE": 28.78519884, "SYR": 4.963876499, "TJK": 2.894122048, "THA": 5.204150637, "TLS": 0.637039779, "TGO": 3.381385349, "TKL": 91.7037037, "TON": 3.540308618, "TTO": 5.634119834, "TUN": 0.508900448, "TUR": 7.176569786, "TKM": 3.231867956, "TCA": 66.50136887, "TUV": 2.026797829, "UGA": 3.760986861, "UKR": 11.42684076, "ARE": 88.12921621, "GBR": 13.78721157, "TZA": 0.7131876, "USA": 15.29680698, "URY": 3.11673888, "UZB": 3.471869763, "VUT": 1.060393944, "VEN": 4.656757822, "VNM": 0.078865952, "YEM": 1.297905905, "ZMB": 1.022386041, "ZWE": 2.799859005}, "recentYear": {"AFG": "2020", "ALB": "2020", "DZA": "2020", "AND": "2020", "AGO": "2020", "AIA": "2020", "ATG": "2020", "ARG": "2020", "ARM": "2020", "AUS": "2020", "AUT": "2020", "AZE": "2020", "BHS": "2020", "BHR": "2020", "BGD": "2020", "BRB": "2020", "BLR": "2020", "BEL": "2020", "BLZ": "2020", "BEN": "2020", "BTN": "2020", "BOL": "2020", "BIH": "2020", "BWA": "2020", "BRA": "2020", "VGB": "2020", "BRN": "2020", "BGR": "2020", "BFA": "2020", "BDI": "2020", "CPV": "2020", "KHM": "2020", "CMR": "2020", "CAN": "2020", "CAF": "2020", "TCD": "2020", "CHL": "2020", "CHN": "2020", "COL": "2020", "COM": "2020", "COG": "2020", "COK": "2020", "CRI": "2020", "CIV": "2020", "HRV": "2020", "CUB": "2020", "CYP": "2020", "CZE": "2020", "PRK": "2020", "COD": "2020", "DNK": "2020", "DJI": "2020", "DMA": "2020", "DOM": "2020", "ECU": "2020", "EGY": "2020", "SLV": "2020", "GNQ": "2020", "ERI": "2020", "EST": "2020", "SWZ": "2020", "ETH": "2020", "FJI": "2020", "FIN": "2020", "FRA": "2020", "GAB": "2020", "GMB": "2020", "GEO": "2020", "DEU": "2020", "GHA": "2020", "GRC": "2020", "GRD": "2020", "GTM": "2020", "GIN": "2020", "GNB": "2020", "GUY": "2020", "HTI": "2020", "VAT": "2020", "HND": "2020", "HUN": "2020", "ISL": "2020", "IND": "2020", "IDN": "2020", "IRN": "2020", "IRQ": "2020", "IRL": "2020", "ISR": "2020", "ITA": "2020", "JAM": "2020", "JPN": "2020", "JOR": "2020", "KAZ": "2020", "KEN": "2020", "KIR": "2020", "KWT": "2020", "KGZ": "2020", "LAO": "2020", "LVA": "2020", "LBN": "2020", "LSO": "2020", "LBR": "2020", "LBY": "2020", "LIE": "2020", "LTU": "2020", "LUX": "2020", "MDG": "2020", "MWI": "2020", "MYS": "2020", "MDV": "2020", "MLI": "2020", "MLT": "2020", "MHL": "2020", "MRT": "2020", "MUS": "2020", "MEX": "2020", "FSM": "2020", "MCO": "2020", "MNG": "2020", "MNE": "2020", "MSR": "2020", "MAR": "2020", "MOZ": "2020", "MMR": "2020", "NAM": "2020", "NRU": "2020", "NPL": "2020", "NLD": "2020", "NZL": "2020", "NIC": "2020", "NER": "2020", "NGA": "2020", "NIU": "2020", "MKD": "2020", "NOR": "2020", "OMN": "2020", "PAK": "2020", "PLW": "2020", "PAN": "2020", "PNG": "2020", "PRY": "2020", "PER": "2020", "PHL": "2020", "POL": "2020", "PRT": "2020", "QAT": "2020", "KOR": "2020", "MDA": "2020", "ROU": "2020", "RUS": "2020", "RWA": "2020", "KNA": "2020", "LCA": "2020", "VCT": "2020", "WSM": "2020", "SMR": "2020", "STP": "2020", "SAU": "2020", "SEN": "2020", "SRB": "2020", "SYC": "2020", "SLE": "2020", "SGP": "2020", "SVK": "2020", "SVN": "2020", "SLB": "2020", "SOM": "2020", "ZAF": "2020", "SSD": "2020", "ESP": "2020", "LKA": "2020", "PSE": "2020", "SDN": "2020", "SUR": "2020", "SWE": "2020", "CHE": "2020", "SYR": "2020", "TJK": "2020", "THA": "2020", "TLS": "2020", "TGO": "2020", "TKL": "2020", "TON": "2020", "TTO": "2020", "TUN": "2020", "TUR": "2020", "TKM": "2020", "TCA": "2020", "TUV": "2020", "UGA": "2020", "UKR": "2020", "ARE": "2020", "GBR": "2020", "TZA": "2020", "USA": "2020", "URY": "2020", "UZB": "2020", "VUT": "2020", "VEN": "2020", "VNM": "2020", "YEM": "2020", "ZMB": "2020", "ZWE": "2020"}, "recentValue": {"AFG": 0.370162191, "ALB": 1.696087289, "DZA": 0.570973876, "AND": 58.98401605, "AGO": 1.997287918, "AIA": 38.09492068, "ATG": 30.0077608, "ARG": 5.048542478, "ARM": 6.423691143, "AUS": 30.14076811, "AUT": 19.29942041, "AZE": 2.48765802, "BHS": 16.16867727, "BHR": 55.01312601, "BGD": 1.28448353, "BRB": 12.13379221, "BLR": 11.29276908, "BEL": 17.30410222, "BLZ": 15.60355213, "BEN": 3.252244169, "BTN": 6.948051611, "BOL": 1.405984685, "BIH": 1.098568496, "BWA": 4.689012917, "BRA": 0.507955872, "VGB": 73.30092271, "BRN": 25.59162299, "BGR": 2.653298688, "BFA": 3.463518975, "BDI": 2.8994479, "CPV": 2.839629632, "KHM": 0.474556718, "CMR": 2.181918057, "CAN": 21.32714089, "CAF": 1.833340097, "TCD": 3.333122487, "CHL": 8.605341153, "CHN": 0.072233574, "COL": 3.744663923, "COM": 1.436990783, "COG": 7.024275782, "COK": 26.07037121, "CRI": 10.22217014, "CIV": 9.723368947, "HRV": 12.86288739,