{"unicef-m6": {"data": {"2020": {"AFG": 1.856693559, "ALB": 0.039961081, "DZA": 2.227335847, "AGO": 0.785181938, "AIA": 0.0, "ATG": 0.0, "ARG": 0.089499512, "ARM": 36.4230432, "AUS": 2.252990906, "AUT": 15.75168769, "AZE": 0.156028474, "BHS": 0.063573114, "BHR": 0.150448142, "BGD": 5.261626367, "BRB": 0.0, "BLR": 0.308487774, "BEL": 5.611316199, "BLZ": 0.072933774, "BEN": 0.115563567, "BOL": 0.099031708, "BIH": 1.602345759, "BWA": 0.270876522, "BRA": 0.27826103, "BRN": 0.0, "BGR": 3.046437009, "BFA": 0.96884326, "BDI": 6.347438406, "CPV": 0.0, "KHM": 0.0, "CMR": 16.43969848, "CAN": 2.895012068, "CAF": 1.880630192, "TCD": 29.14088085, "CHL": 0.108703561, "CHN": 0.210800381, "COL": 0.019594015, "COM": 0.005749803, "COG": 4.912386383, "CRI": 1.893950548, "CIV": 0.080027978, "HRV": 0.235307415, "CUB": 0.020482728, "CYP": 11.62618306, "CZE": 0.182930553, "COD": 5.47381995, "DNK": 6.339211523, "DJI": 21.46554359, "DMA": 0.0, "DOM": 0.015855598, "ECU": 5.931624106, "EGY": 2.666317406, "SLV": 0.009712927, "ERI": 0.056676762, "EST": 0.223890892, "SWZ": 0.836088691, "ETH": 6.962761416, "FJI": 0.015617261, "FIN": 4.238259374, "FRA": 6.681117449, "GAB": 0.216558358, "GMB": 1.813657174, "GEO": 0.451221117, "DEU": 14.44949865, "GHA": 0.399414989, "GRC": 9.894986653, "GRD": 0.04443694, "GTM": 0.025787629, "GIN": 0.459460563, "GNB": 0.945631042, "GUY": 0.041954895, "HTI": 0.000438499, "HND": 0.008581864, "HUN": 0.610536885, "ISL": 4.424908425, "IND": 0.141595927, "IDN": 0.037049817, "IRN": 9.524906214, "IRQ": 6.722406112, "IRL": 1.836851907, "ISR": 0.219281498, "ITA": 2.117584007, "JAM": 0.010806572, "JPN": 0.008989815, "JOR": 68.85194166, "KAZ": 0.023699576, "KEN": 8.423471257, "KWT": 0.172576777, "KGZ": 0.051194087, "LVA": 0.353620662, "LBN": 127.5255141, "LSO": 0.131170376, "LBR": 1.627822417, "LBY": 0.608910674, "LIE": 4.038073262, "LTU": 0.703451615, "LUX": 8.327795315, "MDG": 0.004586325, "MWI": 0.778726348, "MYS": 4.014768832, "MLI": 2.339903631, "MLT": 20.85432997, "MRT": 20.13846174, "MUS": 0.015726151, "MEX": 0.352656706, "MCO": 0.56059525, "MNG": 0.003050369, "MNE": 0.280227111, "MAR": 0.221102049, "MOZ": 0.15219753, "MMR": 0.0, "NAM": 1.412089184, "NRU": 100.0553812, "NPL": 0.671487419, "NLD": 4.60528654, "NZL": 0.374930038, "NIC": 0.04921086, "NER": 9.638183513, "NGA": 0.320564337, "MKD": 0.150716624, "NOR": 9.170038895, "OMN": 0.060313843, "PAK": 6.514282291, "PAN": 0.608839224, "PNG": 1.207216654, "PRY": 0.238484801, "PER": 0.131384818, "PHL": 0.006789493, "POL": 0.074273505, "PRT": 0.239783295, "QAT": 0.069765989, "KOR": 0.068228121, "MDA": 0.107834405, "ROU": 0.188744153, "RUS": 0.13927485, "RWA": 10.77044078, "KNA": 0.0, "LCA": 0.0, "VCT": 0.0, "WSM": 0.0, "SAU": 0.009766223, "SEN": 0.857982564, "SRB": 2.989457926, "SLE": 0.042873341, "SGP": 0.000854651, "SVK": 0.189755997, "SVN": 0.412711912, "SOM": 0.706905253, "ZAF": 1.294144248, "SSD": 28.09188966, "ESP": 2.217505747, "LKA": 0.047307158, "SDN": 23.72463723, "SUR": 0.040911369, "SWE": 24.59831255, "CHE": 13.38799702, "SYR": 0.875909973, "TJK": 0.585889049, "THA": 1.378424503, "TLS": 0.0, "TGO": 1.305513148, "TON": 0.0, "TTO": 2.3036947, "TUN": 0.221684126, "TUR": 43.30569604, "TKM": 0.003316097, "TCA": 0.206622243, "UGA": 31.06912835, "UKR": 0.051996445, "ARE": 0.134473833, "GBR": 1.949577118, "TZA": 3.928318265, "USA": 1.029843728, "URY": 0.206982299, "UZB": 0.000537808, "VUT": 0.0, "VEN": 2.395524566, "VNM": 5.14e-05, "YEM": 5.597001915, "ZMB": 3.594166566, "ZWE": 0.623430365}, "recentYear": {"AFG": "2020", "ALB": "2020", "DZA": "2020", "AGO": "2020", "AIA": "2020", "ATG": "2020", "ARG": "2020", "ARM": "2020", "AUS": "2020", "AUT": "2020", "AZE": "2020", "BHS": "2020", "BHR": "2020", "BGD": "2020", "BRB": "2020", "BLR": "2020", "BEL": "2020", "BLZ": "2020", "BEN": "2020", "BOL": "2020", "BIH": "2020", "BWA": "2020", "BRA": "2020", "BRN": "2020", "BGR": "2020", "BFA": "2020", "BDI": "2020", "CPV": "2020", "KHM": "2020", "CMR": "2020", "CAN": "2020", "CAF": "2020", "TCD": "2020", "CHL": "2020", "CHN": "2020", "COL": "2020", "COM": "2020", "COG": "2020", "CRI": "2020", "CIV": "2020", "HRV": "2020", "CUB": "2020", "CYP": "2020", "CZE": "2020", "COD": "2020", "DNK": "2020", "DJI": "2020", "DMA": "2020", "DOM": "2020", "ECU": "2020", "EGY": "2020", "SLV": "2020", "ERI": "2020", "EST": "2020", "SWZ": "2020", "ETH": "2020", "FJI": "2020", "FIN": "2020", "FRA": "2020", "GAB": "2020", "GMB": "2020", "GEO": "2020", "DEU": "2020", "GHA": "2020", "GRC": "2020", "GRD": "2020", "GTM": "2020", "GIN": "2020", "GNB": "2020", "GUY": "2020", "HTI": "2020", "HND": "2020", "HUN": "2020", "ISL": "2020", "IND": "2020", "IDN": "2020", "IRN": "2020", "IRQ": "2020", "IRL": "2020", "ISR": "2020", "ITA": "2020", "JAM": "2020", "JPN": "2020", "JOR": "2020", "KAZ": "2020", "KEN": "2020", "KWT": "2020", "KGZ": "2020", "LVA": "2020", "LBN": "2020", "LSO": "2020", "LBR": "2020", "LBY": "2020", "LIE": "2020", "LTU": "2020", "LUX": "2020", "MDG": "2020", "MWI": "2020", "MYS": "2020", "MLI": "2020", "MLT": "2020", "MRT": "2020", "MUS": "2020", "MEX": "2020", "MCO": "2020", "MNG": "2020", "MNE": "2020", "MAR": "2020", "MOZ": "2020", "MMR": "2020", "NAM": "2020", "NRU": "2020", "NPL": "2020", "NLD": "2020", "NZL": "2020", "NIC": "2020", "NER": "2020", "NGA": "2020", "MKD": "2020", "NOR": "2020", "OMN": "2020", "PAK": "2020", "PAN": "2020", "PNG": "2020", "PRY": "2020", "PER": "2020", "PHL": "2020", "POL": "2020", "PRT": "2020", "QAT": "2020", "KOR": "2020", "MDA": "2020", "ROU": "2020", "RUS": "2020", "RWA": "2020", "KNA": "2020", "LCA": "2020", "VCT": "2020", "WSM": "2020", "SAU": "2020", "SEN": "2020", "SRB": "2020", "SLE": "2020", "SGP": "2020", "SVK": "2020", "SVN": "2020", "SOM": "2020", "ZAF": "2020", "SSD": "2020", "ESP": "2020", "LKA": "2020", "SDN": "2020", "SUR": "2020", "SWE": "2020", "CHE": "2020", "SYR": "2020", "TJK": "2020", "THA": "2020", "TLS": "2020", "TGO": "2020", "TON": "2020", "TTO": "2020", "TUN": "2020", "TUR": "2020", "TKM": "2020", "TCA": "2020", "UGA": "2020", "UKR": "2020", "ARE": "2020", "GBR": "2020", "TZA": "2020", "USA": "2020", "URY": "2020", "UZB": "2020", "VUT": "2020", "VEN": "2020", "VNM": "2020", "YEM": "2020", "ZMB": "2020", "ZWE": "2020"}, "recentValue": {"AFG": 1.856693559, "ALB": 0.039961081, "DZA": 2.227335847, "AGO": 0.785181938, "AIA": 0.0, "ATG": 0.0, "ARG": 0.089499512, "ARM": 36.4230432, "AUS": 2.252990906, "AUT": 15.75168769, "AZE": 0.156028474, "BHS": 0.063573114, "BHR": 0.150448142, "BGD": 5.261626367, "BRB": 0.0, "BLR": 0.308487774, "BEL": 5.611316199, "BLZ": 0.072933774, "BEN": 0.115563567, "BOL": 0.099031708, "BIH": 1.602345759, "BWA": 0.270876522, "BRA": 0.27826103, "BRN": 0.0, "BGR": 3.046437009, "BFA": 0.96884326, "BDI": 6.347438406, "CPV": 0.0, "KHM": 0.0, "CMR": 16.43969848, "CAN": 2.895012068, "CAF": 1.880630192, "TCD": 29.14088085, "CHL": 0.108703561, "CHN": 0.210800381, "COL": 0.019594015, "COM": 0.005749803, "COG": 4.912386383, "CRI": 1.893950548, "CIV": 0.080027978, "HRV": 0.235307415, "CUB": 0.020482728, "CYP": 11.62618306, "CZE": 0.182930553, "COD": 5.47381995, "DNK": 6.339211523, "DJI": 21.46554359, "DMA": 0.0, "DOM": 0.015855598, "ECU": 5.931624106, "EGY": 2.666317406, "SLV": 0.009712927, "ERI": 0.056676762, "EST": 0.223890892, "SWZ": 0.836088691, "ETH": 6.962761416, "FJI": 0.015617261, "FIN": 4.238259374, "FRA": 6.681117449, "GAB": 0.216558358, "GMB": 1.813657174, "GEO": 0.451221117, "DEU": 14.44949865, "GHA": 0.399414989, "GRC": 9.894986653, "GRD": 0.04443694, "GTM": 0.025787629, "GIN": 0.459460563, "GNB": 0.945631042, "GUY": 0.041954895, "HTI": 0.000438499, "HND": 0.008581864, "HUN": 0.610536885, "ISL": 4.424908425, "IND": 0.141595927, "IDN": 0.037049817, "IRN": 9.524906214, "IRQ": 6.722406112, "IRL": 1.836851907, "ISR": 0.219281498, "ITA": 2.117584007, "JAM": 0.010806572, "JPN": 0.008989815, "JOR": 68.85194166, "KAZ": 0.023699576, "KEN": 8.423471257, "KWT": 0.172576777, "KGZ": 0.051194087, "LVA": 0.353620662, "LBN": 127.5255141, "LSO": 0.131170376,