{"unicef-d11": {"data": {"2020": {"AFG": 80.0882595, "ALB": 46.93013135, "DZA": 60.06768968, "AND": 41.99992649, "AGO": 94.50270687, "AIA": 44.91885626, "ATG": 45.31317238, "ARG": 55.76767865, "ARM": 48.44552785, "AUS": 55.05194112, "AUT": 50.63915096, "AZE": 43.38327786, "BHS": 41.54317944, "BHR": 26.47639024, "BGD": 47.01892547, "BRB": 50.29077977, "BLR": 48.85501787, "BEL": 56.95683788, "BLZ": 51.99289004, "BEN": 82.55835018, "BTN": 45.13642537, "BOL": 60.48835469, "BIH": 48.01254546, "BWA": 61.07175, "BRA": 43.47505611, "VGB": 34.55411178, "BRN": 38.68580975, "BGR": 56.61068667, "BFA": 87.90395712, "BDI": 90.95652981, "CPV": 48.9598041, "KHM": 55.70943985, "CMR": 81.0941414, "CAN": 51.23927977, "CAF": 86.35807657, "TCD": 96.03567961, "CHL": 45.94578108, "CHN": 42.20722894, "COL": 45.44213389, "COM": 72.78690023, "COG": 78.67686772, "COK": 53.65234888, "CRI": 45.09813416, "CIV": 79.82717737, "HRV": 55.7482332, "CUB": 46.65794484, "CYP": 44.89815757, "CZE": 56.00270547, "PRK": 41.22694383, "COD": 95.36539726, "DNK": 57.34589702, "DJI": 50.64496652, "DMA": 40.49491618, "DOM": 53.76809587, "ECU": 53.80603924, "EGY": 64.61638777, "SLV": 54.42001084, "GNQ": 64.367874, "ERI": 83.92947626, "EST": 58.40671295, "SWZ": 70.81079489, "ETH": 76.84881902, "FJI": 53.44104261, "FIN": 62.38944148, "FRA": 62.35641173, "GAB": 68.898791, "GMB": 86.85146684, "GEO": 54.97550958, "DEU": 55.38335216, "GHA": 67.42429712, "GRC": 56.10434658, "GRD": 50.53313176, "GTM": 62.29678327, "GIN": 85.18948556, "GNB": 81.20210408, "GUY": 53.21364152, "HTI": 60.38134431, "VAT": 91.70616114, "HND": 55.18640811, "HUN": 52.83917756, "ISL": 53.95755509, "IND": 48.66462047, "IDN": 47.48940519, "IRN": 45.57958596, "IRQ": 69.94224394, "IRL": 54.82333169, "ISR": 67.34401149, "ITA": 56.95922018, "JAM": 48.00735748, "JPN": 69.04979193, "JOR": 58.24678063, "KAZ": 58.84862937, "KEN": 69.77583848, "KIR": 67.03164548, "KWT": 32.44663678, "KGZ": 59.68515728, "LAO": 56.75560727, "LVA": 59.03131131, "LBN": 48.40714543, "LSO": 59.20244646, "LBR": 77.59058998, "LBY": 47.73348968, "LIE": 48.58378463, "LTU": 56.4846228, "LUX": 42.75198059, "MDG": 75.94244879, "MWI": 83.93722351, "MYS": 44.15823717, "MDV": 30.19586874, "MLI": 97.95883036, "MLT": 55.517477, "MHL": 71.51715345, "MRT": 75.01802065, "MUS": 41.45219719, "MEX": 50.27057508, "FSM": 55.23659136, "MCO": 71.87404196, "MNG": 54.81130806, "MNE": 51.08975963, "MSR": 45.53129549, "MAR": 52.38015148, "MOZ": 88.41127351, "MMR": 46.45938283, "NAM": 67.86193246, "NRU": 65.30363137, "NPL": 52.99376863, "NLD": 55.60934291, "NZL": 55.76065312, "NIC": 54.26891406, "NER": 109.5033578, "NGA": 85.96235363, "NIU": 54.53677173, "MKD": 44.48271031, "NOR": 53.33591852, "OMN": 33.32976508, "PAK": 64.38773938, "PLW": 41.7424005, "PAN": 53.92574565, "PNG": 63.17898403, "PRY": 55.53177251, "PER": 50.18939795, "PHL": 55.16945504, "POL": 51.41687296, "PRT": 55.82691269, "QAT": 18.10318995, "KOR": 39.53562989, "MDA": 39.62828215, "ROU": 53.26027631, "RUS": 51.22002166, "RWA": 74.19643909, "KNA": 39.26065557, "LCA": 39.37156085, "VCT": 46.66023345, "WSM": 73.25963184, "SMR": 51.03693814, "STP": 81.0484837, "SAU": 39.2654784, "SEN": 84.1610699, "SRB": 52.49864124, "SYC": 46.69729697, "SLE": 76.27656004, "SGP": 34.50400132, "SVK": 47.60734743, "SVN": 55.94321351, "SLB": 77.62371219, "SOM": 96.27878193, "ZAF": 52.23146717, "SSD": 80.76811027, "ESP": 52.38579144, "LKA": 53.65164702, "PSE": 71.16599802, "SDN": 76.90814042, "SUR": 51.05884413, "SWE": 61.16650214, "CHE": 51.64427851, "SYR": 55.39797214, "TJK": 67.92566343, "THA": 41.86455406, "TLS": 69.82222302, "TGO": 77.12066967, "TKL": 54.99425947, "TON": 68.5865127, "TTO": 46.14964483, "TUN": 49.61921761, "TUR": 49.08268501, "TKM": 55.18259312, "TCA": 36.70644728, "TUV": 67.90545351, "UGA": 92.31354613, "UKR": 49.11943218, "ARE": 19.15890468, "GBR": 57.06137595, "TZA": 85.86676163, "USA": 53.85248277, "URY": 54.85297618, "UZB": 50.57725964, "VUT": 72.46703951, "VEN": 54.40529462, "VNM": 45.05376955, "YEM": 71.71279407, "ZMB": 85.69911379, "ZWE": 81.57151819}, "recentYear": {"AFG": "2020", "ALB": "2020", "DZA": "2020", "AND": "2020", "AGO": "2020", "AIA": "2020", "ATG": "2020", "ARG": "2020", "ARM": "2020", "AUS": "2020", "AUT": "2020", "AZE": "2020", "BHS": "2020", "BHR": "2020", "BGD": "2020", "BRB": "2020", "BLR": "2020", "BEL": "2020", "BLZ": "2020", "BEN": "2020", "BTN": "2020", "BOL": "2020", "BIH": "2020", "BWA": "2020", "BRA": "2020", "VGB": "2020", "BRN": "2020", "BGR": "2020", "BFA": "2020", "BDI": "2020", "CPV": "2020", "KHM": "2020", "CMR": "2020", "CAN": "2020", "CAF": "2020", "TCD": "2020", "CHL": "2020", "CHN": "2020", "COL": "2020", "COM": "2020", "COG": "2020", "COK": "2020", "CRI": "2020", "CIV": "2020", "HRV": "2020", "CUB": "2020", "CYP": "2020", "CZE": "2020", "PRK": "2020", "COD": "2020", "DNK": "2020", "DJI": "2020", "DMA": "2020", "DOM": "2020", "ECU": "2020", "EGY": "2020", "SLV": "2020", "GNQ": "2020", "ERI": "2020", "EST": "2020", "SWZ": "2020", "ETH": "2020", "FJI": "2020", "FIN": "2020", "FRA": "2020", "GAB": "2020", "GMB": "2020", "GEO": "2020", "DEU": "2020", "GHA": "2020", "GRC": "2020", "GRD": "2020", "GTM": "2020", "GIN": "2020", "GNB": "2020", "GUY": "2020", "HTI": "2020", "VAT": "2020", "HND": "2020", "HUN": "2020", "ISL": "2020", "IND": "2020", "IDN": "2020", "IRN": "2020", "IRQ": "2020", "IRL": "2020", "ISR": "2020", "ITA": "2020", "JAM": "2020", "JPN": "2020", "JOR": "2020", "KAZ": "2020", "KEN": "2020", "KIR": "2020", "KWT": "2020", "KGZ": "2020", "LAO": "2020", "LVA": "2020", "LBN": "2020", "LSO": "2020", "LBR": "2020", "LBY": "2020", "LIE": "2020", "LTU": "2020", "LUX": "2020", "MDG": "2020", "MWI": "2020", "MYS": "2020", "MDV": "2020", "MLI": "2020", "MLT": "2020", "MHL": "2020", "MRT": "2020", "MUS": "2020", "MEX": "2020", "FSM": "2020", "MCO": "2020", "MNG": "2020", "MNE": "2020", "MSR": "2020", "MAR": "2020", "MOZ": "2020", "MMR": "2020", "NAM": "2020", "NRU": "2020", "NPL": "2020", "NLD": "2020", "NZL": "2020", "NIC": "2020", "NER": "2020", "NGA": "2020", "NIU": "2020", "MKD": "2020", "NOR": "2020", "OMN": "2020", "PAK": "2020", "PLW": "2020", "PAN": "2020", "PNG": "2020", "PRY": "2020", "PER": "2020", "PHL": "2020", "POL": "2020", "PRT": "2020", "QAT": "2020", "KOR": "2020", "MDA": "2020", "ROU": "2020", "RUS": "2020", "RWA": "2020", "KNA": "2020", "LCA": "2020", "VCT": "2020", "WSM": "2020", "SMR": "2020", "STP": "2020", "SAU": "2020", "SEN": "2020", "SRB": "2020", "SYC": "2020", "SLE": "2020", "SGP": "2020", "SVK": "2020", "SVN": "2020", "SLB": "2020", "SOM": "2020", "ZAF": "2020", "SSD": "2020", "ESP": "2020", "LKA": "2020", "PSE": "2020", "SDN": "2020", "SUR": "2020", "SWE": "2020", "CHE": "2020", "SYR": "2020", "TJK": "2020", "THA": "2020", "TLS": "2020", "TGO": "2020", "TKL": "2020", "TON": "2020", "TTO": "2020", "TUN": "2020", "TUR": "2020", "TKM": "2020", "TCA": "2020", "TUV": "2020", "UGA": "2020", "UKR": "2020", "ARE": "2020", "GBR": "2020", "TZA": "2020", "USA": "2020", "URY": "2020", "UZB": "2020", "VUT": "2020", "VEN": "2020", "VNM": "2020", "YEM": "2020", "ZMB": "2020", "ZWE": "2020"}, "recentValue": {"AFG": 80.0882595, "ALB": 46.93013135, "DZA": 60.06768968, "AND": 41.99992649, "AGO": 94.50270687, "AIA": 44.91885626, "ATG": 45.31317238, "ARG": 55.76767865, "ARM": 48.44552785, "AUS": 55.05194112, "AUT": 50.63915096, "AZE": 43.38327786, "BHS": 41.54317944, "BHR": 26.47639024, "BGD": 47.01892547, "BRB": 50.29077977, "BLR": 48.85501787, "BEL": 56.95683788, "BLZ": 51.99289004, "BEN": 82.55835018, "BTN": 45.13642537, "BOL": 60.48835469, "BIH": 48.01254546, "BWA": 61.07175, "BRA": 43.47505611, "VGB": 34.55411178, "BRN": 38.68580975, "BGR": 56.61068667, "BFA": 87.90395712, "BDI": 90.95652981, "CPV": 48.9598041, "KHM": 55.70943985, "CMR": 81.0941414, "CAN": 51.23927977, "CAF": 86.35807657, "TCD": 96.03567961, "CHL": 45.94578108, "CHN": 42.20722894, "COL": 45.44213389, "COM": 72.78690023, "COG": 78.67686772, "COK": 53.65234888, "CRI": 45.09813416, "CIV": 79.82717737,