{"unicef-wash11": {"data": {"2019": {"AFG": 58.150002, "ALB": 55.843735, "DZA": 85.300003, "AND": 100.0, "ATG": 99.19355, "AUS": 100.0, "AZE": 100.0, "BHR": 100.0, "BGD": 78.234589, "BRB": 100.0, "BLR": 100.0, "BEL": 100.0, "BEN": 44.614151, "BTN": 58.29073, "VGB": 100.0, "BDI": 44.529991, "KHM": 80.104355, "CMR": 34.096985, "CAF": 15.95, "TCD": 19.336256, "COK": 100.0, "CRI": 86.034973, "CUB": 100.0, "DNK": 100.0, "DMA": 100.0, "ECU": 87.0, "SLV": 80.032661, "EST": 100.0, "ETH": 14.868, "FIN": 100.0, "FRA": 100.0, "DEU": 100.0, "GHA": 76.386017, "GRD": 100.0, "GIN": 9.4987144, "HND": 64.629997, "HUN": 100.0, "IND": 66.85601, "IDN": 72.02755, "ISR": 100.0, "ITA": 100.0, "JAM": 93.924492, "KWT": 100.0, "LVA": 100.0, "LBN": 59.700001, "LBR": 44.180111, "MWI": 87.269997, "MYS": 97.135208, "MDV": 100.0, "MLI": 70.077057, "MHL": 3.1900001, "MUS": 100.0, "MCO": 100.0, "MNG": 72.699997, "MSR": 100.0, "MAR": 73.990814, "MMR": 71.87072, "NPL": 39.011459, "NLD": 100.0, "NER": 16.131926, "NGA": 32.05479, "NIU": 100.0, "NOR": 100.0, "PAK": 52.00761, "PNG": 45.84034, "PRY": 66.734177, "PER": 79.40345, "PHL": 45.350899, "POL": 100.0, "PRT": 100.0, "QAT": 100.0, "KOR": 100.0, "ROU": 63.52, "RWA": 53.022518, "KNA": 78.790001, "LCA": 99.166664, "VCT": 100.0, "WSM": 100.0, "SMR": 100.0, "SAU": 100.0, "SEN": 42.476398, "SRB": 63.403999, "SYC": 100.0, "SLE": 55.020935, "SGP": 100.0, "SVK": 100.0, "SVN": 100.0, "SLB": 19.559999, "SSD": 50.75758, "ESP": 100.0, "LKA": 84.443832, "PSE": 80.608368, "CHE": 100.0, "SYR": 49.16201, "TLS": 69.109901, "TGO": 20.205059, "TUN": 69.5, "TCA": 100.0, "UGA": 70.044052, "ARE": 100.0, "USA": 100.0, "URY": 100.0, "UZB": 90.445663, "VEN": 97.489998, "ZMB": 78.068825, "ZWE": 64.443649}, "recentYear": {"AFG": "2019", "ALB": "2019", "DZA": "2019", "AND": "2019", "ATG": "2019", "AUS": "2019", "AZE": "2019", "BHR": "2019", "BGD": "2019", "BRB": "2019", "BLR": "2019", "BEL": "2019", "BEN": "2019", "BTN": "2019", "VGB": "2019", "BDI": "2019", "KHM": "2019", "CMR": "2019", "CAF": "2019", "TCD": "2019", "COK": "2019", "CRI": "2019", "CUB": "2019", "DNK": "2019", "DMA": "2019", "ECU": "2019", "SLV": "2019", "EST": "2019", "ETH": "2019", "FIN": "2019", "FRA": "2019", "DEU": "2019", "GHA": "2019", "GRD": "2019", "GIN": "2019", "HND": "2019", "HUN": "2019", "IND": "2019", "IDN": "2019", "ISR": "2019", "ITA": "2019", "JAM": "2019", "KWT": "2019", "LVA": "2019", "LBN": "2019", "LBR": "2019", "MWI": "2019", "MYS": "2019", "MDV": "2019", "MLI": "2019", "MHL": "2019", "MUS": "2019", "MCO": "2019", "MNG": "2019", "MSR": "2019", "MAR": "2019", "MMR": "2019", "NPL": "2019", "NLD": "2019", "NER": "2019", "NGA": "2019", "NIU": "2019", "NOR": "2019", "PAK": "2019", "PNG": "2019", "PRY": "2019", "PER": "2019", "PHL": "2019", "POL": "2019", "PRT": "2019", "QAT": "2019", "KOR": "2019", "ROU": "2019", "RWA": "2019", "KNA": "2019", "LCA": "2019", "VCT": "2019", "WSM": "2019", "SMR": "2019", "SAU": "2019", "SEN": "2019", "SRB": "2019", "SYC": "2019", "SLE": "2019", "SGP": "2019", "SVK": "2019", "SVN": "2019", "SLB": "2019", "SSD": "2019", "ESP": "2019", "LKA": "2019", "PSE": "2019", "CHE": "2019", "SYR": "2019", "TLS": "2019", "TGO": "2019", "TUN": "2019", "TCA": "2019", "UGA": "2019", "ARE": "2019", "USA": "2019", "URY": "2019", "UZB": "2019", "VEN": "2019", "ZMB": "2019", "ZWE": "2019"}, "recentValue": {"AFG": 58.150002, "ALB": 55.843735, "DZA": 85.300003, "AND": 100.0, "ATG": 99.19355, "AUS": 100.0, "AZE": 100.0, "BHR": 100.0, "BGD": 78.234589, "BRB": 100.0, "BLR": 100.0, "BEL": 100.0, "BEN": 44.614151, "BTN": 58.29073, "VGB": 100.0, "BDI": 44.529991, "KHM": 80.104355, "CMR": 34.096985, "CAF": 15.95, "TCD": 19.336256, "COK": 100.0, "CRI": 86.034973, "CUB": 100.0, "DNK": 100.0, "DMA": 100.0, "ECU": 87.0, "SLV": 80.032661, "EST": 100.0, "ETH": 14.868, "FIN": 100.0, "FRA": 100.0, "DEU": 100.0, "GHA": 76.386017, "GRD": 100.0, "GIN": 9.4987144, "HND": 64.629997, "HUN": 100.0, "IND": 66.85601, "IDN": 72.02755, "ISR": 100.0, "ITA": 100.0, "JAM": 93.924492, "KWT": 100.0, "LVA": 100.0, "LBN": 59.700001, "LBR": 44.180111, "MWI": 87.269997, "MYS": 97.135208, "MDV": 100.0, "MLI": 70.077057, "MHL": 3.1900001, "MUS": 100.0, "MCO": 100.0, "MNG": 72.699997, "MSR": 100.0, "MAR": 73.990814, "MMR": 71.87072, "NPL": 39.011459, "NLD": 100.0, "NER": 16.131926, "NGA": 32.05479, "NIU": 100.0, "NOR": 100.0, "PAK": 52.00761, "PNG": 45.84034, "PRY": 66.734177, "PER": 79.40345, "PHL": 45.350899, "POL": 100.0, "PRT": 100.0, "QAT": 100.0, "KOR": 100.0, "ROU": 63.52, "RWA": 53.022518, "KNA": 78.790001, "LCA": 99.166664, "VCT": 100.0, "WSM": 100.0, "SMR": 100.0, "SAU": 100.0, "SEN": 42.476398, "SRB": 63.403999, "SYC": 100.0, "SLE": 55.020935, "SGP": 100.0, "SVK": 100.0, "SVN": 100.0, "SLB": 19.559999, "SSD": 50.75758, "ESP": 100.0, "LKA": 84.443832, "PSE": 80.608368, "CHE": 100.0, "SYR": 49.16201, "TLS": 69.109901, "TGO": 20.205059, "TUN": 69.5, "TCA": 100.0, "UGA": 70.044052, "ARE": 100.0, "USA": 100.0, "URY": 100.0, "UZB": 90.445663, "VEN": 97.489998, "ZMB": 78.068825, "ZWE": 64.443649}}, "def": "Percentage of schools with drinking water from an improved source available at the time of the survey.", "name": "Schools with basic water services", "source": "WHO/UNICEF Joint Monitoring Programme for Water Supply, Sanitation and Hygiene (JMP). Last update: July 2021.", "dataset": "unicef", "category": "WASH", "subcategory": "None", "link": "https://www.unicef.org/reports/state-worlds-children-2021", "dim": "Primary", "priority": "5.0", "units": "%"}}