{"unicef-cm12": {"data": {"1990": {"AFG": 18.28022211, "ALB": 6.329662558, "DZA": 9.095063876, "AND": 2.721152488, "AGO": 46.88893863, "ATG": 2.741414627, "ARG": 3.422018146, "ARM": 3.312948422, "AUS": 1.893517562, "AUT": 1.806215559, "AZE": 6.203874073, "BHS": 4.580477852, "BHR": 3.714661631, "BGD": 24.39354871, "BRB": 2.857610154, "BLR": 4.042988198, "BEL": 2.041152947, "BLZ": 5.102800284, "BEN": 41.78007141, "BTN": 19.48689128, "BOL": 11.94461607, "BIH": 2.638082593, "BWA": 19.40133396, "BRA": 4.129243054, "BRN": 4.844980243, "BGR": 3.987899231, "BFA": 36.88595167, "BDI": 58.1801446, "CPV": 5.76121749, "KHM": 32.13627881, "CMR": 32.31024598, "CAN": 2.10581492, "CAF": 29.507179, "TCD": 49.20358609, "CHL": 3.13845476, "CHN": 7.080629859, "COL": 4.708648591, "COM": 16.52837363, "COG": 30.00898372, "COK": 5.109035225, "CRI": 2.911666951, "CIV": 28.31768281, "HRV": 2.674684457, "CUB": 3.898519548, "CYP": 1.777256815, "CZE": 2.403218397, "PRK": 8.167602044, "COD": 37.21717293, "DNK": 1.962183773, "DJI": 25.52675368, "DMA": 3.746757591, "DOM": 7.086850889, "ECU": 7.253991349, "EGY": 10.81339899, "SLV": 7.783926615, "GNQ": 34.74255125, "ERI": 41.3873044, "EST": 5.074946737, "SWZ": 10.57371194, "ETH": 79.3145616, "FJI": 11.31055531, "FIN": 1.915378069, "FRA": 1.990886096, "GAB": 18.23164947, "GMB": 32.7344216, "GEO": 3.834608938, "DEU": 1.945781757, "GHA": 25.19077419, "GRC": 1.900011757, "GRD": 4.574493129, "GTM": 12.59853337, "GIN": 43.66734056, "GNB": 42.00952842, "GUY": 5.353581124, "HTI": 27.85171073, "HND": 8.575348127, "HUN": 2.652011518, "ISL": 2.788194466, "IND": 20.66927229, "IDN": 13.76594718, "IRN": 13.66784191, "IRQ": 10.22928259, "IRL": 1.931710538, "ISR": 1.921722909, "ITA": 1.83324973, "JAM": 4.581852246, "JPN": 1.673949526, "JOR": 5.396432529, "KAZ": 5.704628776, "KEN": 16.51499204, "KIR": 15.36481746, "KWT": 5.808154514, "KGZ": 5.967595422, "LAO": 41.89765676, "LVA": 5.78030239, "LBN": 9.877496546, "LSO": 15.79484526, "LBR": 38.98598322, "LBY": 7.655326328, "LTU": 4.458356643, "LUX": 1.990903435, "MDG": 37.75667505, "MWI": 38.16085325, "MYS": 4.929004303, "MDV": 8.987739872, "MLI": 40.28797556, "MLT": 1.310011454, "MHL": 9.058935934, "MRT": 19.08274921, "MUS": 3.482596721, "MEX": 5.174060398, "FSM": 9.872461864, "MCO": 1.785561078, "MNG": 11.95403362, "MNE": 2.556205581, "MAR": 9.547401846, "MOZ": 57.53914089, "MMR": 29.16292418, "NAM": 14.64514909, "NRU": 10.62131234, "NPL": 26.5634169, "NLD": 1.892526048, "NZL": 2.521744472, "NIC": 7.394388084, "NER": 64.2660976, "NGA": 38.13451478, "NIU": 3.205555473, "MKD": 3.306794569, "NOR": 1.848064635, "OMN": 5.869880438, "PAK": 13.59110219, "PLW": 6.978598959, "PAN": 4.893766079, "PNG": 13.96952135, "PRY": 7.114076489, "PER": 9.788435279, "PHL": 8.295954225, "POL": 2.793511436, "PRT": 3.932220965, "QAT": 3.82567235, "KOR": 4.475011364, "MDA": 5.398184791, "ROU": 5.275679846, "RUS": 5.133300522, "RWA": 61.59027004, "KNA": 4.595048588, "LCA": 3.955155718, "VCT": 3.624470812, "WSM": 6.064841135, "SMR": 2.869058265, "STP": 21.19664259, "SAU": 6.421197417, "SEN": 34.07402314, "SRB": 3.11727825, "SYC": 3.622847318, "SLE": 50.51406501, "SGP": 2.355942265, "SVK": 2.670053159, "SVN": 2.360341591, "SLB": 7.424646282, "SOM": 38.00355481, "ZAF": 7.558876476, "SSD": 52.67959283, "ESP": 2.308098026, "LKA": 8.35716863, "PSE": 5.716394168, "SDN": 26.38194955, "SUR": 5.349616005, "SWE": 1.444262076, "CHE": 1.956416186, "SYR": 9.613601609, "TJK": 7.494292403, "THA": 6.271764084, "TLS": 24.85574115, "TGO": 33.6274254, "TON": 3.367145927, "TTO": 3.9902958, "TUN": 6.726998052, "TUR": 9.076475025, "TKM": 7.173064089, "TUV": 9.635531454, "UGA": 29.15038192, "UKR": 4.492581626, "ARE": 3.281835616, "GBR": 1.852715533, "TZA": 27.70343803, "USA": 2.428925482, "URY": 3.209607541, "UZB": 6.849512376, "VUT": 6.939462665, "VEN": 4.459364573, "VNM": 10.72589596, "YEM": 18.55916368, "ZMB": 26.9635002, "ZWE": 13.24517238}, "recentYear": {"AFG": "1990", "ALB": "1990", "DZA": "1990", "AND": "1990", "AGO": "1990", "ATG": "1990", "ARG": "1990", "ARM": "1990", "AUS": "1990", "AUT": "1990", "AZE": "1990", "BHS": "1990", "BHR": "1990", "BGD": "1990", "BRB": "1990", "BLR": "1990", "BEL": "1990", "BLZ": "1990", "BEN": "1990", "BTN": "1990", "BOL": "1990", "BIH": "1990", "BWA": "1990", "BRA": "1990", "BRN": "1990", "BGR": "1990", "BFA": "1990", "BDI": "1990", "CPV": "1990", "KHM": "1990", "CMR": "1990", "CAN": "1990", "CAF": "1990", "TCD": "1990", "CHL": "1990", "CHN": "1990", "COL": "1990", "COM": "1990", "COG": "1990", "COK": "1990", "CRI": "1990", "CIV": "1990", "HRV": "1990", "CUB": "1990", "CYP": "1990", "CZE": "1990", "PRK": "1990", "COD": "1990", "DNK": "1990", "DJI": "1990", "DMA": "1990", "DOM": "1990", "ECU": "1990", "EGY": "1990", "SLV": "1990", "GNQ": "1990", "ERI": "1990", "EST": "1990", "SWZ": "1990", "ETH": "1990", "FJI": "1990", "FIN": "1990", "FRA": "1990", "GAB": "1990", "GMB": "1990", "GEO": "1990", "DEU": "1990", "GHA": "1990", "GRC": "1990", "GRD": "1990", "GTM": "1990", "GIN": "1990", "GNB": "1990", "GUY": "1990", "HTI": "1990", "HND": "1990", "HUN": "1990", "ISL": "1990", "IND": "1990", "IDN": "1990", "IRN": "1990", "IRQ": "1990", "IRL": "1990", "ISR": "1990", "ITA": "1990", "JAM": "1990", "JPN": "1990", "JOR": "1990", "KAZ": "1990", "KEN": "1990", "KIR": "1990", "KWT": "1990", "KGZ": "1990", "LAO": "1990", "LVA": "1990", "LBN": "1990", "LSO": "1990", "LBR": "1990", "LBY": "1990", "LTU": "1990", "LUX": "1990", "MDG": "1990", "MWI": "1990", "MYS": "1990", "MDV": "1990", "MLI": "1990", "MLT": "1990", "MHL": "1990", "MRT": "1990", "MUS": "1990", "MEX": "1990", "FSM": "1990", "MCO": "1990", "MNG": "1990", "MNE": "1990", "MAR": "1990", "MOZ": "1990", "MMR": "1990", "NAM": "1990", "NRU": "1990", "NPL": "1990", "NLD": "1990", "NZL": "1990", "NIC": "1990", "NER": "1990", "NGA": "1990", "NIU": "1990", "MKD": "1990", "NOR": "1990", "OMN": "1990", "PAK": "1990", "PLW": "1990", "PAN": "1990", "PNG": "1990", "PRY": "1990", "PER": "1990", "PHL": "1990", "POL": "1990", "PRT": "1990", "QAT": "1990", "KOR": "1990", "MDA": "1990", "ROU": "1990", "RUS": "1990", "RWA": "1990", "KNA": "1990", "LCA": "1990", "VCT": "1990", "WSM": "1990", "SMR": "1990", "STP": "1990", "SAU": "1990", "SEN": "1990", "SRB": "1990", "SYC": "1990", "SLE": "1990", "SGP": "1990", "SVK": "1990", "SVN": "1990", "SLB": "1990", "SOM": "1990", "ZAF": "1990", "SSD": "1990", "ESP": "1990", "LKA": "1990", "PSE": "1990", "SDN": "1990", "SUR": "1990", "SWE": "1990", "CHE": "1990", "SYR": "1990", "TJK": "1990", "THA": "1990", "TLS": "1990", "TGO": "1990", "TON": "1990", "TTO": "1990", "TUN": "1990", "TUR": "1990", "TKM": "1990", "TUV": "1990", "UGA": "1990", "UKR": "1990", "ARE": "1990", "GBR": "1990", "TZA": "1990", "USA": "1990", "URY": "1990", "UZB": "1990", "VUT": "1990", "VEN": "1990", "VNM": "1990", "YEM": "1990", "ZMB": "1990", "ZWE": "1990"}, "recentValue": {"AFG": 18.28022211, "ALB": 6.329662558, "DZA": 9.095063876, "AND": 2.721152488, "AGO": 46.88893863, "ATG": 2.741414627, "ARG": 3.422018146, "ARM": 3.312948422, "AUS": 1.893517562, "AUT": 1.806215559, "AZE": 6.203874073, "BHS": 4.580477852, "BHR": 3.714661631, "BGD": 24.39354871, "BRB": 2.857610154, "BLR": 4.042988198, "BEL": 2.041152947, "BLZ": 5.102800284, "BEN": 41.78007141, "BTN": 19.48689128, "BOL": 11.94461607, "BIH": 2.638082593, "BWA": 19.40133396, "BRA": 4.129243054, "BRN": 4.844980243, "BGR": 3.987899231, "BFA": 36.88595167, "BDI": 58.1801446, "CPV": 5.76121749, "KHM": 32.13627881, "CMR": 32.31024598, "CAN": 2.10581492, "CAF": 29.507179, "TCD": 49.20358609, "CHL": 3.13845476, "CHN": 7.080629859, "COL": 4.708648591, "COM": 16.52837363, "COG": 30.00898372, "COK": 5.109035225, "CRI": 2.911666951, "CIV": 28.31768281, "HRV": 2.674684457, "CUB": 3.898519548, "CYP": 1.777256815, "CZE": 2.403218397, "PRK": 8.167602044, "COD": 37.21717293, "DNK": 1.962183773, "DJI": 25.52675368, "DMA": 3.746757591, "DOM": 7.086850889, "ECU": 7.253991349, "EGY": 10.81339899, "SLV": 7.783926615, "GNQ": 34.74255125,