{"unicef-cm7": {"data": {"1990": {"AFG": 120.3900719, "ALB": 35.48959851, "DZA": 41.77311861, "AND": 9.077455592, "AGO": 131.2954741, "ATG": 11.47559296, "ARG": 25.29909283, "ARM": 41.74471334, "AUS": 7.583846098, "AUT": 8.02873127, "AZE": 75.82416031, "BHS": 19.98333695, "BHR": 19.52639599, "BGD": 99.68620259, "BRB": 16.15952503, "BLR": 12.1534691, "BEL": 8.339918693, "BLZ": 31.17096471, "BEN": 105.6613041, "BTN": 89.11030644, "BOL": 83.91779879, "BIH": 16.07676322, "BWA": 36.19892235, "BRA": 52.43339825, "BRN": 10.23766922, "BGR": 14.66719181, "BFA": 98.5380818, "BDI": 105.2288835, "CPV": 46.68085245, "KHM": 84.67586595, "CMR": 84.39813855, "CAN": 6.812330152, "CAF": 115.4836885, "TCD": 111.7189241, "CHL": 16.13187048, "CHN": 42.09119782, "COL": 28.83959689, "COM": 87.46126371, "COG": 59.04452978, "COK": 20.35785755, "CRI": 13.96975177, "CIV": 103.811558, "HRV": 11.14131437, "CUB": 10.88754085, "CYP": 9.940565584, "CZE": 10.3448827, "PRK": 33.4, "COD": 119.2596774, "DNK": 7.38205842, "DJI": 91.66513655, "DMA": 12.93969796, "DOM": 46.34446003, "ECU": 41.99655607, "EGY": 62.74654406, "SLV": 46.05774655, "GNQ": 120.4155145, "ERI": 93.71433377, "EST": 13.9761665, "SWZ": 51.31101544, "ETH": 119.0540011, "FJI": 24.17296736, "FIN": 5.54742327, "FRA": 7.393148589, "GAB": 59.71145442, "GMB": 81.55424862, "GEO": 40.87074653, "DEU": 6.982560802, "GHA": 79.71014878, "GRC": 9.087527451, "GRD": 17.88931271, "GTM": 59.29169877, "GIN": 136.6093286, "GNB": 130.7346834, "GUY": 46.38523241, "HTI": 100.1988602, "HND": 44.98599385, "HUN": 15.16034687, "ISL": 5.168491474, "IND": 88.61353404, "IDN": 61.7644804, "IRN": 43.68536829, "IRQ": 41.88559578, "IRL": 7.629412241, "ISR": 9.694272916, "ITA": 8.373049767, "JAM": 25.25539019, "JPN": 4.58139002, "JOR": 29.52002325, "KAZ": 44.05837724, "KEN": 64.83703188, "KIR": 69.06538765, "KWT": 15.02177445, "KGZ": 54.01352939, "LAO": 105.3804879, "LVA": 13.21314497, "LBN": 26.61141807, "LSO": 68.32183445, "LBR": 175.2026706, "LBY": 35.56783796, "LTU": 11.87051722, "LUX": 7.233755571, "MDG": 96.19514678, "MWI": 140.9596447, "MYS": 14.24184778, "MDV": 62.96627771, "MLI": 119.8263016, "MLT": 10.03418083, "MHL": 39.01696198, "MRT": 71.41918593, "MUS": 20.01545164, "MEX": 36.22248055, "FSM": 42.78607422, "MCO": 6.32917701, "MNG": 77.10664965, "MNE": 14.76403234, "MAR": 62.46681172, "MOZ": 161.6760486, "MMR": 81.21438916, "NAM": 48.70085757, "NRU": 46.50925927, "NPL": 97.1441922, "NLD": 6.796623551, "NZL": 9.160854023, "NIC": 50.61019286, "NER": 132.7970814, "NGA": 124.3143827, "NIU": 11.56959987, "MKD": 32.2517718, "NOR": 7.013821845, "OMN": 31.49236834, "PAK": 106.6675538, "PLW": 29.89422937, "PAN": 25.57664468, "PNG": 62.23753893, "PRY": 36.22872573, "PER": 56.72920378, "PHL": 39.93438586, "POL": 15.17597482, "PRT": 11.55433114, "QAT": 17.74902226, "KOR": 13.24214409, "MDA": 27.45216829, "ROU": 24.16324736, "RUS": 18.41089885, "RWA": 91.85876403, "KNA": 25.41392606, "LCA": 17.72183735, "VCT": 19.61326327, "WSM": 24.83627964, "SMR": 12.34962933, "STP": 68.7893884, "SAU": 35.55329273, "SEN": 71.0356568, "SRB": 24.02646604, "SYC": 14.03436259, "SLE": 154.4499389, "SGP": 6.139993147, "SVK": 12.62357687, "SVN": 8.768915979, "SLB": 31.26458928, "SOM": 107.311345, "ZAF": 44.45199153, "SSD": 147.9560097, "ESP": 7.43328812, "LKA": 18.67996478, "PSE": 35.60708771, "SDN": 81.59609867, "SUR": 38.69382128, "SWE": 5.868363052, "CHE": 6.636576755, "SYR": 29.9454484, "TJK": 80.5188174, "THA": 30.20712941, "TLS": 131.3112447, "TGO": 89.22542311, "TON": 18.92681402, "TTO": 26.77064056, "TUN": 43.16583306, "TUR": 55.35539089, "TKM": 64.8245822, "TUV": 41.64106705, "UGA": 106.8180827, "UKR": 16.57433514, "ARE": 14.22905605, "GBR": 7.906214213, "TZA": 99.95176781, "USA": 9.395074686, "URY": 20.15160856, "UZB": 59.3978375, "VUT": 28.9902217, "VEN": 24.66786705, "VNM": 36.85322501, "YEM": 88.32138139, "ZMB": 107.4115207, "ZWE": 49.54093745}, "recentYear": {"AFG": "1990", "ALB": "1990", "DZA": "1990", "AND": "1990", "AGO": "1990", "ATG": "1990", "ARG": "1990", "ARM": "1990", "AUS": "1990", "AUT": "1990", "AZE": "1990", "BHS": "1990", "BHR": "1990", "BGD": "1990", "BRB": "1990", "BLR": "1990", "BEL": "1990", "BLZ": "1990", "BEN": "1990", "BTN": "1990", "BOL": "1990", "BIH": "1990", "BWA": "1990", "BRA": "1990", "BRN": "1990", "BGR": "1990", "BFA": "1990", "BDI": "1990", "CPV": "1990", "KHM": "1990", "CMR": "1990", "CAN": "1990", "CAF": "1990", "TCD": "1990", "CHL": "1990", "CHN": "1990", "COL": "1990", "COM": "1990", "COG": "1990", "COK": "1990", "CRI": "1990", "CIV": "1990", "HRV": "1990", "CUB": "1990", "CYP": "1990", "CZE": "1990", "PRK": "1990", "COD": "1990", "DNK": "1990", "DJI": "1990", "DMA": "1990", "DOM": "1990", "ECU": "1990", "EGY": "1990", "SLV": "1990", "GNQ": "1990", "ERI": "1990", "EST": "1990", "SWZ": "1990", "ETH": "1990", "FJI": "1990", "FIN": "1990", "FRA": "1990", "GAB": "1990", "GMB": "1990", "GEO": "1990", "DEU": "1990", "GHA": "1990", "GRC": "1990", "GRD": "1990", "GTM": "1990", "GIN": "1990", "GNB": "1990", "GUY": "1990", "HTI": "1990", "HND": "1990", "HUN": "1990", "ISL": "1990", "IND": "1990", "IDN": "1990", "IRN": "1990", "IRQ": "1990", "IRL": "1990", "ISR": "1990", "ITA": "1990", "JAM": "1990", "JPN": "1990", "JOR": "1990", "KAZ": "1990", "KEN": "1990", "KIR": "1990", "KWT": "1990", "KGZ": "1990", "LAO": "1990", "LVA": "1990", "LBN": "1990", "LSO": "1990", "LBR": "1990", "LBY": "1990", "LTU": "1990", "LUX": "1990", "MDG": "1990", "MWI": "1990", "MYS": "1990", "MDV": "1990", "MLI": "1990", "MLT": "1990", "MHL": "1990", "MRT": "1990", "MUS": "1990", "MEX": "1990", "FSM": "1990", "MCO": "1990", "MNG": "1990", "MNE": "1990", "MAR": "1990", "MOZ": "1990", "MMR": "1990", "NAM": "1990", "NRU": "1990", "NPL": "1990", "NLD": "1990", "NZL": "1990", "NIC": "1990", "NER": "1990", "NGA": "1990", "NIU": "1990", "MKD": "1990", "NOR": "1990", "OMN": "1990", "PAK": "1990", "PLW": "1990", "PAN": "1990", "PNG": "1990", "PRY": "1990", "PER": "1990", "PHL": "1990", "POL": "1990", "PRT": "1990", "QAT": "1990", "KOR": "1990", "MDA": "1990", "ROU": "1990", "RUS": "1990", "RWA": "1990", "KNA": "1990", "LCA": "1990", "VCT": "1990", "WSM": "1990", "SMR": "1990", "STP": "1990", "SAU": "1990", "SEN": "1990", "SRB": "1990", "SYC": "1990", "SLE": "1990", "SGP": "1990", "SVK": "1990", "SVN": "1990", "SLB": "1990", "SOM": "1990", "ZAF": "1990", "SSD": "1990", "ESP": "1990", "LKA": "1990", "PSE": "1990", "SDN": "1990", "SUR": "1990", "SWE": "1990", "CHE": "1990", "SYR": "1990", "TJK": "1990", "THA": "1990", "TLS": "1990", "TGO": "1990", "TON": "1990", "TTO": "1990", "TUN": "1990", "TUR": "1990", "TKM": "1990", "TUV": "1990", "UGA": "1990", "UKR": "1990", "ARE": "1990", "GBR": "1990", "TZA": "1990", "USA": "1990", "URY": "1990", "UZB": "1990", "VUT": "1990", "VEN": "1990", "VNM": "1990", "YEM": "1990", "ZMB": "1990", "ZWE": "1990"}, "recentValue": {"AFG": 120.3900719, "ALB": 35.48959851, "DZA": 41.77311861, "AND": 9.077455592, "AGO": 131.2954741, "ATG": 11.47559296, "ARG": 25.29909283, "ARM": 41.74471334, "AUS": 7.583846098, "AUT": 8.02873127, "AZE": 75.82416031, "BHS": 19.98333695, "BHR": 19.52639599, "BGD": 99.68620259, "BRB": 16.15952503, "BLR": 12.1534691, "BEL": 8.339918693, "BLZ": 31.17096471, "BEN": 105.6613041, "BTN": 89.11030644, "BOL": 83.91779879, "BIH": 16.07676322, "BWA": 36.19892235, "BRA": 52.43339825, "BRN": 10.23766922, "BGR": 14.66719181, "BFA": 98.5380818, "BDI": 105.2288835, "CPV": 46.68085245, "KHM": 84.67586595, "CMR": 84.39813855, "CAN": 6.812330152, "CAF": 115.4836885, "TCD": 111.7189241, "CHL": 16.13187048, "CHN": 42.09119782, "COL": 28.83959689, "COM": 87.46126371, "COG": 59.04452978, "COK": 20.35785755, "CRI": 13.96975177, "CIV": 103.811558, "HRV": 11.14131437, "CUB": 10.88754085, "CYP": 9.940565584, "CZE": 10.3448827, "PRK": 33.4, "COD": 119.2596774, "DNK": 7.38205842, "DJI": 91.66513655, "DMA": 12.93969796, "DOM": 46.34446003, "ECU": 41.99655607, "EGY": 62.74654406, "SLV": 46.05774655, "GNQ": 120.4155145, "ERI": 93.71433377,