{"unicef-m12": {"data": {"2020": {"AFG": 76.05060034, "DZA": 0.0, "AGO": 0.0, "ARG": 0.0, "ARM": 22.85714286, "AUS": 0.0, "AZE": 100.0, "BHS": 0.0, "BGD": 55.31088083, "BEN": 58.33333333, "BOL": 0.0, "BIH": 100.0, "BWA": 0.0, "BRA": 0.0, "BFA": 98.17351598, "BDI": 22.44897959, "KHM": 0.0, "CMR": 97.09583737, "CAN": 0.0, "CAF": 99.38793355, "TCD": 99.80156414, "CHL": 0.0, "CHN": 0.0, "COL": 99.57515679, "COG": 55.60165975, "CRI": 0.0, "CIV": 99.97727789, "HRV": 0.0, "CUB": 0.0, "CYP": 100.0, "PRK": 0.0, "COD": 98.79969992, "DJI": 0.0, "DOM": 0.0, "ECU": 0.0, "EGY": 27.5862069, "SLV": 0.0, "ETH": 76.49461567, "FJI": 0.0, "FRA": 0.0, "GAB": 0.0, "GMB": 0.0, "GEO": 99.99671063, "GHA": 0.0, "GRC": 0.0, "GTM": 100.0, "GIN": 0.0, "HTI": 18.85441527, "HND": 100.0, "IND": 33.73751783, "IDN": 19.90049751, "IRN": 0.0, "IRQ": 100.0, "ISR": 0.0, "ITA": 0.0, "JPN": 0.0, "KAZ": 0.0, "KEN": 48.22335025, "KGZ": 100.0, "LAO": 0.0, "LBN": 100.0, "LBR": 0.0, "LBY": 100.0, "MDG": 93.75, "MYS": 0.0, "MLI": 97.98617373, "MRT": 0.0, "MEX": 78.28947368, "MNG": 0.0, "MAR": 0.0, "MOZ": 87.90637191, "MMR": 99.09733124, "NPL": 0.0, "NZL": 0.0, "NIC": 0.0, "NER": 49.04580153, "NGA": 95.02262443, "MKD": 100.0, "NOR": 0.0, "PAK": 11.42857143, "PNG": 83.83233533, "PRY": 0.0, "PER": 89.82035928, "PHL": 51.34228188, "POL": 0.0, "KOR": 0.0, "RUS": 89.43089431, "RWA": 0.0, "SEN": 80.76923077, "SLE": 100.0, "SLB": 0.0, "SOM": 100.0, "ZAF": 99.72078181, "SSD": 93.12581064, "LKA": 95.07042254, "PSE": 99.99236699, "SDN": 83.36996337, "SYR": 100.0, "THA": 99.22555663, "TLS": 0.0, "TON": 0.0, "TTO": 0.0, "TUR": 96.15048119, "UGA": 2.941176471, "UKR": 99.96731314, "GBR": 0.0, "TZA": 0.0, "USA": 0.0, "VUT": 0.0, "VEN": 0.0, "VNM": 0.0, "YEM": 94.21980301, "ZMB": 0.0, "ZWE": 0.0}, "recentYear": {"AFG": "2020", "DZA": "2020", "AGO": "2020", "ARG": "2020", "ARM": "2020", "AUS": "2020", "AZE": "2020", "BHS": "2020", "BGD": "2020", "BEN": "2020", "BOL": "2020", "BIH": "2020", "BWA": "2020", "BRA": "2020", "BFA": "2020", "BDI": "2020", "KHM": "2020", "CMR": "2020", "CAN": "2020", "CAF": "2020", "TCD": "2020", "CHL": "2020", "CHN": "2020", "COL": "2020", "COG": "2020", "CRI": "2020", "CIV": "2020", "HRV": "2020", "CUB": "2020", "CYP": "2020", "PRK": "2020", "COD": "2020", "DJI": "2020", "DOM": "2020", "ECU": "2020", "EGY": "2020", "SLV": "2020", "ETH": "2020", "FJI": "2020", "FRA": "2020", "GAB": "2020", "GMB": "2020", "GEO": "2020", "GHA": "2020", "GRC": "2020", "GTM": "2020", "GIN": "2020", "HTI": "2020", "HND": "2020", "IND": "2020", "IDN": "2020", "IRN": "2020", "IRQ": "2020", "ISR": "2020", "ITA": "2020", "JPN": "2020", "KAZ": "2020", "KEN": "2020", "KGZ": "2020", "LAO": "2020", "LBN": "2020", "LBR": "2020", "LBY": "2020", "MDG": "2020", "MYS": "2020", "MLI": "2020", "MRT": "2020", "MEX": "2020", "MNG": "2020", "MAR": "2020", "MOZ": "2020", "MMR": "2020", "NPL": "2020", "NZL": "2020", "NIC": "2020", "NER": "2020", "NGA": "2020", "MKD": "2020", "NOR": "2020", "PAK": "2020", "PNG": "2020", "PRY": "2020", "PER": "2020", "PHL": "2020", "POL": "2020", "KOR": "2020", "RUS": "2020", "RWA": "2020", "SEN": "2020", "SLE": "2020", "SLB": "2020", "SOM": "2020", "ZAF": "2020", "SSD": "2020", "LKA": "2020", "PSE": "2020", "SDN": "2020", "SYR": "2020", "THA": "2020", "TLS": "2020", "TON": "2020", "TTO": "2020", "TUR": "2020", "UGA": "2020", "UKR": "2020", "GBR": "2020", "TZA": "2020", "USA": "2020", "VUT": "2020", "VEN": "2020", "VNM": "2020", "YEM": "2020", "ZMB": "2020", "ZWE": "2020"}, "recentValue": {"AFG": 76.05060034, "DZA": 0.0, "AGO": 0.0, "ARG": 0.0, "ARM": 22.85714286, "AUS": 0.0, "AZE": 100.0, "BHS": 0.0, "BGD": 55.31088083, "BEN": 58.33333333, "BOL": 0.0, "BIH": 100.0, "BWA": 0.0, "BRA": 0.0, "BFA": 98.17351598, "BDI": 22.44897959, "KHM": 0.0, "CMR": 97.09583737, "CAN": 0.0, "CAF": 99.38793355, "TCD": 99.80156414, "CHL": 0.0, "CHN": 0.0, "COL": 99.57515679, "COG": 55.60165975, "CRI": 0.0, "CIV": 99.97727789, "HRV": 0.0, "CUB": 0.0, "CYP": 100.0, "PRK": 0.0, "COD": 98.79969992, "DJI": 0.0, "DOM": 0.0, "ECU": 0.0, "EGY": 27.5862069, "SLV": 0.0, "ETH": 76.49461567, "FJI": 0.0, "FRA": 0.0, "GAB": 0.0, "GMB": 0.0, "GEO": 99.99671063, "GHA": 0.0, "GRC": 0.0, "GTM": 100.0, "GIN": 0.0, "HTI": 18.85441527, "HND": 100.0, "IND": 33.73751783, "IDN": 19.90049751, "IRN": 0.0, "IRQ": 100.0, "ISR": 0.0, "ITA": 0.0, "JPN": 0.0, "KAZ": 0.0, "KEN": 48.22335025, "KGZ": 100.0, "LAO": 0.0, "LBN": 100.0, "LBR": 0.0, "LBY": 100.0, "MDG": 93.75, "MYS": 0.0, "MLI": 97.98617373, "MRT": 0.0, "MEX": 78.28947368, "MNG": 0.0, "MAR": 0.0, "MOZ": 87.90637191, "MMR": 99.09733124, "NPL": 0.0, "NZL": 0.0, "NIC": 0.0, "NER": 49.04580153, "NGA": 95.02262443, "MKD": 100.0, "NOR": 0.0, "PAK": 11.42857143, "PNG": 83.83233533, "PRY": 0.0, "PER": 89.82035928, "PHL": 51.34228188, "POL": 0.0, "KOR": 0.0, "RUS": 89.43089431, "RWA": 0.0, "SEN": 80.76923077, "SLE": 100.0, "SLB": 0.0, "SOM": 100.0, "ZAF": 99.72078181, "SSD": 93.12581064, "LKA": 95.07042254, "PSE": 99.99236699, "SDN": 83.36996337, "SYR": 100.0, "THA": 99.22555663, "TLS": 0.0, "TON": 0.0, "TTO": 0.0, "TUR": 96.15048119, "UGA": 2.941176471, "UKR": 99.96731314, "GBR": 0.0, "TZA": 0.0, "USA": 0.0, "VUT": 0.0, "VEN": 0.0, "VNM": 0.0, "YEM": 94.21980301, "ZMB": 0.0, "ZWE": 0.0}}, "def": "Persons who have been forced or obliged to flee or to leave their homes or places of habitual residence and who have not crossed an internationally recognized state border at a given point in time.", "name": "Internally Displaced Persons (Idps)", "source": "Internal Displacement Monitoring Centre, Global Internal Displacement Database (GIDD), IDMC, 2021.", "dataset": "unicef", "category": "Migration", "subcategory": "None", "link": "https://www.unicef.org/reports/state-worlds-children-2021", "dim": "Share due to conflict and violence", "priority": "5.0", "units": "%"}}