{"unicef-cm2": {"data": {"2000": {"AFG": 128.6912674, "ALB": 27.20516068, "DZA": 39.66956933, "AND": 7.650659359, "AGO": 203.8663533, "ATG": 15.4635703, "ARG": 19.62654089, "ARM": 30.66968742, "AUS": 6.1900537, "AUT": 5.504180304, "AZE": 74.60370287, "BHS": 16.26562042, "BHR": 12.4963218, "BGD": 86.50243818, "BRB": 15.11611826, "BLR": 12.74894043, "BEL": 5.803839164, "BLZ": 23.59362089, "BEN": 138.7908361, "BTN": 77.09425237, "BOL": 75.50093294, "BIH": 9.892680059, "BWA": 69.29166984, "BRA": 34.62555811, "BRN": 10.33282372, "BGR": 17.41575233, "BFA": 179.1661777, "BDI": 155.2141909, "CPV": 38.11161459, "KHM": 106.2733349, "CMR": 143.3572296, "CAN": 6.20502691, "CAF": 169.7742848, "TCD": 185.0662014, "CHL": 10.89311391, "CHN": 36.75037112, "COL": 24.89016614, "COM": 100.3615829, "COG": 114.032942, "COK": 17.97861869, "CRI": 13.05561893, "CIV": 142.2767155, "HRV": 8.322869423, "CUB": 8.768916249, "CYP": 6.585070088, "CZE": 5.478932821, "PRK": 60.0, "COD": 159.5057938, "DNK": 5.695020838, "DJI": 101.1173692, "DMA": 16.9624929, "DOM": 40.69398405, "ECU": 28.89180661, "EGY": 46.64866744, "SLV": 32.75641437, "GNQ": 156.3136364, "ERI": 85.36594877, "EST": 10.9448798, "SWZ": 109.6723084, "ETH": 140.340417, "FJI": 22.68944755, "FIN": 4.276787333, "FRA": 5.374765754, "GAB": 83.95183093, "GMB": 112.5216988, "GEO": 36.58442484, "DEU": 5.354768067, "GHA": 99.35242062, "GRC": 6.418603331, "GRD": 15.49114041, "GTM": 51.90492394, "GIN": 164.2834342, "GNB": 173.0188819, "GUY": 46.33610376, "HTI": 103.717586, "HND": 37.02040891, "HUN": 10.14686251, "ISL": 4.026853418, "IND": 91.7792964, "IDN": 52.19745157, "IRN": 34.32289352, "IRQ": 43.98296052, "IRL": 7.148381261, "ISR": 6.89128264, "ITA": 5.571689169, "JAM": 22.00368823, "JPN": 4.5016649, "JOR": 26.87826202, "KAZ": 42.16273337, "KEN": 98.52193142, "KIR": 70.97302905, "KWT": 12.35715169, "KGZ": 49.69725319, "LAO": 106.3994961, "LVA": 14.22016298, "LBN": 19.7685956, "LSO": 106.7683531, "LBR": 188.0296285, "LBY": 28.08664445, "LTU": 10.72020431, "LUX": 4.680054319, "MDG": 106.5422004, "MWI": 172.627618, "MYS": 10.19283682, "MDV": 38.86515679, "MLI": 187.197914, "MLT": 7.584637649, "MHL": 40.93501879, "MRT": 112.699518, "MUS": 18.77203229, "MEX": 28.21251474, "FSM": 52.61723484, "MCO": 5.161785617, "MNG": 65.47230423, "MNE": 14.20714027, "MAR": 49.39576634, "MOZ": 169.7243897, "MMR": 88.99169981, "NAM": 75.37425258, "NRU": 41.50288808, "NPL": 81.0177784, "NLD": 6.191184695, "NZL": 7.388487929, "NIC": 38.45998516, "NER": 224.8322182, "NGA": 183.1422355, "NIU": 23.68116859, "MKD": 15.82574583, "NOR": 4.856116321, "OMN": 16.42459511, "PAK": 107.4853875, "PLW": 28.75820478, "PAN": 25.93831055, "PNG": 70.63400084, "PRY": 33.68901873, "PER": 38.49248463, "PHL": 37.66399196, "POL": 9.301496009, "PRT": 7.186240933, "QAT": 12.4803409, "KOR": 7.52593248, "MDA": 31.39969724, "ROU": 21.38418692, "RUS": 19.27836027, "RWA": 178.7420856, "KNA": 23.77125715, "LCA": 18.49697708, "VCT": 22.1895147, "WSM": 20.71524689, "SMR": 6.034769604, "STP": 84.01236582, "SAU": 21.95150497, "SEN": 129.1360359, "SRB": 12.71292236, "SYC": 13.75109215, "SLE": 227.7090908, "SGP": 3.862466075, "SVK": 9.758698483, "SVN": 5.501026427, "SLB": 30.43610213, "SOM": 171.1495253, "ZAF": 71.09549597, "SSD": 181.1555312, "ESP": 5.432409803, "LKA": 16.53388347, "PSE": 30.00614372, "SDN": 103.5017517, "SUR": 31.16843604, "SWE": 4.099245447, "CHE": 5.639856544, "SYR": 23.06593745, "TJK": 83.61217936, "THA": 21.96512368, "TLS": 108.1009646, "TGO": 117.8777329, "TON": 18.02611417, "TTO": 28.15592169, "TUN": 29.87368671, "TUR": 38.62223018, "TKM": 69.82697494, "TUV": 41.06579396, "UGA": 146.2819775, "UKR": 18.33259894, "ARE": 11.20812469, "GBR": 6.547333888, "TZA": 128.8333445, "USA": 8.446143747, "URY": 16.96179316, "UZB": 62.03917434, "VUT": 28.31449291, "VEN": 21.58595849, "VNM": 29.72140047, "YEM": 94.80639219, "ZMB": 152.1210684, "ZWE": 92.71318482}, "recentYear": {"AFG": "2000", "ALB": "2000", "DZA": "2000", "AND": "2000", "AGO": "2000", "ATG": "2000", "ARG": "2000", "ARM": "2000", "AUS": "2000", "AUT": "2000", "AZE": "2000", "BHS": "2000", "BHR": "2000", "BGD": "2000", "BRB": "2000", "BLR": "2000", "BEL": "2000", "BLZ": "2000", "BEN": "2000", "BTN": "2000", "BOL": "2000", "BIH": "2000", "BWA": "2000", "BRA": "2000", "BRN": "2000", "BGR": "2000", "BFA": "2000", "BDI": "2000", "CPV": "2000", "KHM": "2000", "CMR": "2000", "CAN": "2000", "CAF": "2000", "TCD": "2000", "CHL": "2000", "CHN": "2000", "COL": "2000", "COM": "2000", "COG": "2000", "COK": "2000", "CRI": "2000", "CIV": "2000", "HRV": "2000", "CUB": "2000", "CYP": "2000", "CZE": "2000", "PRK": "2000", "COD": "2000", "DNK": "2000", "DJI": "2000", "DMA": "2000", "DOM": "2000", "ECU": "2000", "EGY": "2000", "SLV": "2000", "GNQ": "2000", "ERI": "2000", "EST": "2000", "SWZ": "2000", "ETH": "2000", "FJI": "2000", "FIN": "2000", "FRA": "2000", "GAB": "2000", "GMB": "2000", "GEO": "2000", "DEU": "2000", "GHA": "2000", "GRC": "2000", "GRD": "2000", "GTM": "2000", "GIN": "2000", "GNB": "2000", "GUY": "2000", "HTI": "2000", "HND": "2000", "HUN": "2000", "ISL": "2000", "IND": "2000", "IDN": "2000", "IRN": "2000", "IRQ": "2000", "IRL": "2000", "ISR": "2000", "ITA": "2000", "JAM": "2000", "JPN": "2000", "JOR": "2000", "KAZ": "2000", "KEN": "2000", "KIR": "2000", "KWT": "2000", "KGZ": "2000", "LAO": "2000", "LVA": "2000", "LBN": "2000", "LSO": "2000", "LBR": "2000", "LBY": "2000", "LTU": "2000", "LUX": "2000", "MDG": "2000", "MWI": "2000", "MYS": "2000", "MDV": "2000", "MLI": "2000", "MLT": "2000", "MHL": "2000", "MRT": "2000", "MUS": "2000", "MEX": "2000", "FSM": "2000", "MCO": "2000", "MNG": "2000", "MNE": "2000", "MAR": "2000", "MOZ": "2000", "MMR": "2000", "NAM": "2000", "NRU": "2000", "NPL": "2000", "NLD": "2000", "NZL": "2000", "NIC": "2000", "NER": "2000", "NGA": "2000", "NIU": "2000", "MKD": "2000", "NOR": "2000", "OMN": "2000", "PAK": "2000", "PLW": "2000", "PAN": "2000", "PNG": "2000", "PRY": "2000", "PER": "2000", "PHL": "2000", "POL": "2000", "PRT": "2000", "QAT": "2000", "KOR": "2000", "MDA": "2000", "ROU": "2000", "RUS": "2000", "RWA": "2000", "KNA": "2000", "LCA": "2000", "VCT": "2000", "WSM": "2000", "SMR": "2000", "STP": "2000", "SAU": "2000", "SEN": "2000", "SRB": "2000", "SYC": "2000", "SLE": "2000", "SGP": "2000", "SVK": "2000", "SVN": "2000", "SLB": "2000", "SOM": "2000", "ZAF": "2000", "SSD": "2000", "ESP": "2000", "LKA": "2000", "PSE": "2000", "SDN": "2000", "SUR": "2000", "SWE": "2000", "CHE": "2000", "SYR": "2000", "TJK": "2000", "THA": "2000", "TLS": "2000", "TGO": "2000", "TON": "2000", "TTO": "2000", "TUN": "2000", "TUR": "2000", "TKM": "2000", "TUV": "2000", "UGA": "2000", "UKR": "2000", "ARE": "2000", "GBR": "2000", "TZA": "2000", "USA": "2000", "URY": "2000", "UZB": "2000", "VUT": "2000", "VEN": "2000", "VNM": "2000", "YEM": "2000", "ZMB": "2000", "ZWE": "2000"}, "recentValue": {"AFG": 128.6912674, "ALB": 27.20516068, "DZA": 39.66956933, "AND": 7.650659359, "AGO": 203.8663533, "ATG": 15.4635703, "ARG": 19.62654089, "ARM": 30.66968742, "AUS": 6.1900537, "AUT": 5.504180304, "AZE": 74.60370287, "BHS": 16.26562042, "BHR": 12.4963218, "BGD": 86.50243818, "BRB": 15.11611826, "BLR": 12.74894043, "BEL": 5.803839164, "BLZ": 23.59362089, "BEN": 138.7908361, "BTN": 77.09425237, "BOL": 75.50093294, "BIH": 9.892680059, "BWA": 69.29166984, "BRA": 34.62555811, "BRN": 10.33282372, "BGR": 17.41575233, "BFA": 179.1661777, "BDI": 155.2141909, "CPV": 38.11161459, "KHM": 106.2733349, "CMR": 143.3572296, "CAN": 6.20502691, "CAF": 169.7742848, "TCD": 185.0662014, "CHL": 10.89311391, "CHN": 36.75037112, "COL": 24.89016614, "COM": 100.3615829, "COG": 114.032942, "COK": 17.97861869, "CRI": 13.05561893, "CIV": 142.2767155, "HRV": 8.322869423, "CUB": 8.768916249, "CYP": 6.585070088, "CZE": 5.478932821, "PRK": 60.0, "COD": 159.5057938, "DNK": 5.695020838, "DJI": 101.1173692, "DMA": 16.9624929, "DOM": 40.69398405, "ECU": 28.89180661, "EGY": 46.64866744, "SLV": 32.75641437, "GNQ": 156.3136364, "ERI": 85.36594877,