{"unicef-a8": {"data": {"2019": {"ALB": 55.90191749, "DZA": 17.51152482, "ARG": 34.962621, "ARM": 48.27394015, "AUS": 77.78415741, "AUT": 79.48838122, "BHR": 36.05217068, "BGD": 62.0, "BLR": 70.9574082, "BEL": 81.69979294, "BIH": 42.3116256, "BRA": 33.98235611, "BRN": 50.30802134, "BGR": 54.84319858, "KHM": 10.85278817, "CAN": 83.60392986, "CHL": 32.02436709, "COL": 39.68988286, "CRI": 44.62523361, "HRV": 69.56254375, "CYP": 60.18799033, "CZE": 79.19949599, "DNK": 85.1201675, "DOM": 9.7381455, "ECU": 34.00320514, "EGY": 19.80305986, "EST": 89.87685644, "FIN": 83.17412366, "FRA": 78.79135143, "GEO": 38.23927875, "DEU": 78.82264208, "GRC": 62.97993176, "GTM": 11.53257858, "HND": 18.85566036, "HUN": 68.63867054, "ISL": 76.59232627, "IDN": 26.12332747, "IRN": 34.03043172, "IRL": 84.32776776, "ISR": 62.81645139, "ITA": 63.60064125, "JPN": 88.69130014, "JOR": 40.41124483, "KAZ": 50.94750683, "KWT": 19.65522003, "LVA": 82.73767654, "LBN": 35.70410343, "LTU": 72.59560632, "LUX": 73.70429142, "MYS": 56.44509297, "MLT": 60.69960288, "MEX": 46.73529847, "MNE": 55.40638064, "MAR": 13.62537025, "NLD": 83.59708627, "NZL": 78.59705535, "MKD": 37.27554048, "NOR": 78.92493319, "OMN": 19.79972346, "PAN": 20.67643991, "PRY": 10.69176317, "PER": 42.76744988, "PHL": 18.04878246, "POL": 84.62368101, "PRT": 76.65969953, "QAT": 35.57851718, "KOR": 84.43434678, "MDA": 49.29515915, "ROU": 53.96048732, "RUS": 78.22960278, "SAU": 11.63706514, "SEN": 8.335336211, "SRB": 59.81915076, "SGP": 92.2662411, "SVK": 74.6296989, "SVN": 82.97129796, "ESP": 75.43300504, "SWE": 80.50167687, "CHE": 83.74712062, "THA": 43.04446589, "TTO": 43.45966995, "TUN": 27.01860537, "TUR": 41.47502385, "UKR": 65.07588583, "ARE": 44.79534174, "GBR": 81.86034881, "USA": 73.65350294, "URY": 51.14096421, "VNM": 79.21140735, "ZMB": 1.942508137}, "recentYear": {"ALB": "2019", "DZA": "2019", "ARG": "2019", "ARM": "2019", "AUS": "2019", "AUT": "2019", "BHR": "2019", "BGD": "2019", "BLR": "2019", "BEL": "2019", "BIH": "2019", "BRA": "2019", "BRN": "2019", "BGR": "2019", "KHM": "2019", "CAN": "2019", "CHL": "2019", "COL": "2019", "CRI": "2019", "HRV": "2019", "CYP": "2019", "CZE": "2019", "DNK": "2019", "DOM": "2019", "ECU": "2019", "EGY": "2019", "EST": "2019", "FIN": "2019", "FRA": "2019", "GEO": "2019", "DEU": "2019", "GRC": "2019", "GTM": "2019", "HND": "2019", "HUN": "2019", "ISL": "2019", "IDN": "2019", "IRN": "2019", "IRL": "2019", "ISR": "2019", "ITA": "2019", "JPN": "2019", "JOR": "2019", "KAZ": "2019", "KWT": "2019", "LVA": "2019", "LBN": "2019", "LTU": "2019", "LUX": "2019", "MYS": "2019", "MLT": "2019", "MEX": "2019", "MNE": "2019", "MAR": "2019", "NLD": "2019", "NZL": "2019", "MKD": "2019", "NOR": "2019", "OMN": "2019", "PAN": "2019", "PRY": "2019", "PER": "2019", "PHL": "2019", "POL": "2019", "PRT": "2019", "QAT": "2019", "KOR": "2019", "MDA": "2019", "ROU": "2019", "RUS": "2019", "SAU": "2019", "SEN": "2019", "SRB": "2019", "SGP": "2019", "SVK": "2019", "SVN": "2019", "ESP": "2019", "SWE": "2019", "CHE": "2019", "THA": "2019", "TTO": "2019", "TUN": "2019", "TUR": "2019", "UKR": "2019", "ARE": "2019", "GBR": "2019", "USA": "2019", "URY": "2019", "VNM": "2019", "ZMB": "2019"}, "recentValue": {"ALB": 55.90191749, "DZA": 17.51152482, "ARG": 34.962621, "ARM": 48.27394015, "AUS": 77.78415741, "AUT": 79.48838122, "BHR": 36.05217068, "BGD": 62.0, "BLR": 70.9574082, "BEL": 81.69979294, "BIH": 42.3116256, "BRA": 33.98235611, "BRN": 50.30802134, "BGR": 54.84319858, "KHM": 10.85278817, "CAN": 83.60392986, "CHL": 32.02436709, "COL": 39.68988286, "CRI": 44.62523361, "HRV": 69.56254375, "CYP": 60.18799033, "CZE": 79.19949599, "DNK": 85.1201675, "DOM": 9.7381455, "ECU": 34.00320514, "EGY": 19.80305986, "EST": 89.87685644, "FIN": 83.17412366, "FRA": 78.79135143, "GEO": 38.23927875, "DEU": 78.82264208, "GRC": 62.97993176, "GTM": 11.53257858, "HND": 18.85566036, "HUN": 68.63867054, "ISL": 76.59232627, "IDN": 26.12332747, "IRN": 34.03043172, "IRL": 84.32776776, "ISR": 62.81645139, "ITA": 63.60064125, "JPN": 88.69130014, "JOR": 40.41124483, "KAZ": 50.94750683, "KWT": 19.65522003, "LVA": 82.73767654, "LBN": 35.70410343, "LTU": 72.59560632, "LUX": 73.70429142, "MYS": 56.44509297, "MLT": 60.69960288, "MEX": 46.73529847, "MNE": 55.40638064, "MAR": 13.62537025, "NLD": 83.59708627, "NZL": 78.59705535, "MKD": 37.27554048, "NOR": 78.92493319, "OMN": 19.79972346, "PAN": 20.67643991, "PRY": 10.69176317, "PER": 42.76744988, "PHL": 18.04878246, "POL": 84.62368101, "PRT": 76.65969953, "QAT": 35.57851718, "KOR": 84.43434678, "MDA": 49.29515915, "ROU": 53.96048732, "RUS": 78.22960278, "SAU": 11.63706514, "SEN": 8.335336211, "SRB": 59.81915076, "SGP": 92.2662411, "SVK": 74.6296989, "SVN": 82.97129796, "ESP": 75.43300504, "SWE": 80.50167687, "CHE": 83.74712062, "THA": 43.04446589, "TTO": 43.45966995, "TUN": 27.01860537, "TUR": 41.47502385, "UKR": 65.07588583, "ARE": 44.79534174, "GBR": 81.86034881, "USA": 73.65350294, "URY": 51.14096421, "VNM": 79.21140735, "ZMB": 1.942508137}}, "def": "Percentage of children and young people at the end of lower secondary achieving at least a minimum proficiency level in math.", "name": "Education and learning, Proficiency in math", "source": "United Nations Statistics Division. Last update: April 2019.", "dataset": "unicef", "category": "Adolescents", "subcategory": "None", "link": "https://www.unicef.org/reports/state-worlds-children-2021", "dim": "Male", "priority": "5.0", "units": "%"}}