{"unicef-cm5": {"data": {"2019": {"AFG": 63.83159023, "ALB": 10.47131422, "DZA": 24.62373301, "AND": 3.273832536, "AGO": 80.43621236, "ATG": 7.104522222, "ARG": 10.26362608, "ARM": 12.98425162, "AUS": 3.928732096, "AUT": 3.797964729, "AZE": 22.43958005, "BHS": 13.46291248, "BHR": 7.154038901, "BGD": 32.85361313, "BRB": 13.7907077, "BLR": 3.615037317, "BEL": 3.802434489, "BLZ": 13.45486708, "BEN": 95.99536138, "BTN": 31.06630471, "BOL": 28.45782241, "BIH": 6.412274585, "BWA": 45.06501657, "BRA": 15.50888374, "BRN": 12.55105146, "BGR": 7.364284206, "BFA": 92.19687058, "BDI": 61.1854408, "CPV": 16.25177142, "KHM": 29.60405735, "CMR": 80.54300379, "CAN": 5.196530951, "CAF": 116.1530045, "TCD": 120.256546, "CHL": 7.544233983, "CHN": 8.373789811, "COL": 15.20551315, "COM": 67.99477328, "COG": 51.92667677, "COK": 7.885799915, "CRI": 9.222164296, "CIV": 87.07140045, "HRV": 5.22212364, "CUB": 5.642733133, "CYP": 2.48509256, "CZE": 3.528223675, "PRK": 19.12994856, "COD": 91.2789003, "DNK": 4.286686932, "DJI": 62.32848241, "DMA": 39.23468526, "DOM": 30.56867175, "ECU": 15.54672154, "EGY": 21.47628001, "SLV": 14.61131075, "GNQ": 87.8332767, "ERI": 45.55113419, "EST": 2.629781572, "SWZ": 53.79702633, "ETH": 56.23922103, "FJI": 27.86629774, "FIN": 2.605333509, "FRA": 4.88100595, "GAB": 46.55233532, "GMB": 56.35021678, "GEO": 10.64181587, "DEU": 4.121402505, "GHA": 50.69645085, "GRC": 4.042472386, "GRD": 17.8525774, "GTM": 27.0699615, "GIN": 104.6420037, "GNB": 84.5127456, "GUY": 32.92619597, "HTI": 67.99292431, "HND": 18.57886755, "HUN": 3.954998014, "ISL": 2.123520684, "IND": 33.72611765, "IDN": 26.39523134, "IRN": 14.54254194, "IRQ": 28.36730957, "IRL": 3.553600261, "ISR": 3.943718276, "ITA": 3.383099135, "JAM": 15.47046958, "JPN": 2.588114263, "JOR": 16.90320763, "KAZ": 11.74016168, "KEN": 46.75950511, "KIR": 55.47143504, "KWT": 8.612960274, "KGZ": 20.33940749, "LAO": 50.09852323, "LVA": 3.893413305, "LBN": 7.522173336, "LSO": 93.47646874, "LBR": 90.69532119, "LBY": 12.68857516, "LTU": 3.973376651, "LUX": 3.005012062, "MDG": 54.9812, "MWI": 46.00404469, "MYS": 9.216097198, "MDV": 8.287685814, "MLI": 99.3971989, "MLT": 7.582591287, "MHL": 35.31103278, "MRT": 78.716285, "MUS": 17.53139682, "MEX": 15.47793494, "FSM": 32.41741881, "MCO": 3.421930584, "MNG": 17.57811556, "MNE": 2.460459073, "MAR": 23.48242108, "MOZ": 78.81015715, "MMR": 48.83061841, "NAM": 46.14809897, "NRU": 34.04397355, "NPL": 32.9441688, "NLD": 4.421691633, "NZL": 5.168807369, "NIC": 18.53096885, "NER": 84.00200426, "NGA": 123.6321601, "NIU": 25.67069815, "MKD": 6.514709046, "NOR": 2.682658087, "OMN": 12.50590303, "PAK": 71.62879216, "PLW": 19.25994164, "PAN": 16.36380705, "PNG": 48.46060063, "PRY": 21.37221515, "PER": 14.44833995, "PHL": 30.13521298, "POL": 4.758804964, "PRT": 4.03198511, "QAT": 6.987603433, "KOR": 3.450409897, "MDA": 15.89837649, "ROU": 7.641686188, "RUS": 6.319110778, "RWA": 37.49777612, "KNA": 16.83953041, "LCA": 24.32651453, "VCT": 15.83789619, "WSM": 16.41620306, "SMR": 1.826596209, "STP": 32.88376694, "SAU": 6.980123355, "SEN": 49.29480761, "SRB": 5.826749546, "SYC": 15.42869122, "SLE": 115.2124176, "SGP": 2.739370199, "SVK": 6.291468073, "SVN": 2.242034539, "SLB": 21.42023416, "SOM": 122.5953759, "ZAF": 37.34473797, "SSD": 100.8204288, "ESP": 3.369913934, "LKA": 7.714471609, "PSE": 21.09748057, "SDN": 63.25431888, "SUR": 20.06025438, "SWE": 2.796211354, "CHE": 4.3588685, "SYR": 23.42951448, "TJK": 37.78185702, "THA": 9.907323063, "TLS": 48.06158153, "TGO": 72.1290647, "TON": 14.91530557, "TTO": 19.13654174, "TUN": 18.26600532, "TUR": 10.67671031, "TKM": 47.50860453, "TUV": 26.09650696, "UGA": 50.5460982, "UKR": 9.182768936, "ARE": 8.244004166, "GBR": 4.660954446, "TZA": 53.88077211, "USA": 7.047961442, "URY": 7.754472747, "UZB": 19.74839645, "VUT": 27.94192126, "VEN": 26.15890593, "VNM": 23.1846181, "YEM": 62.39584394, "ZMB": 66.43454885, "ZWE": 59.34388313}, "recentYear": {"AFG": "2019", "ALB": "2019", "DZA": "2019", "AND": "2019", "AGO": "2019", "ATG": "2019", "ARG": "2019", "ARM": "2019", "AUS": "2019", "AUT": "2019", "AZE": "2019", "BHS": "2019", "BHR": "2019", "BGD": "2019", "BRB": "2019", "BLR": "2019", "BEL": "2019", "BLZ": "2019", "BEN": "2019", "BTN": "2019", "BOL": "2019", "BIH": "2019", "BWA": "2019", "BRA": "2019", "BRN": "2019", "BGR": "2019", "BFA": "2019", "BDI": "2019", "CPV": "2019", "KHM": "2019", "CMR": "2019", "CAN": "2019", "CAF": "2019", "TCD": "2019", "CHL": "2019", "CHN": "2019", "COL": "2019", "COM": "2019", "COG": "2019", "COK": "2019", "CRI": "2019", "CIV": "2019", "HRV": "2019", "CUB": "2019", "CYP": "2019", "CZE": "2019", "PRK": "2019", "COD": "2019", "DNK": "2019", "DJI": "2019", "DMA": "2019", "DOM": "2019", "ECU": "2019", "EGY": "2019", "SLV": "2019", "GNQ": "2019", "ERI": "2019", "EST": "2019", "SWZ": "2019", "ETH": "2019", "FJI": "2019", "FIN": "2019", "FRA": "2019", "GAB": "2019", "GMB": "2019", "GEO": "2019", "DEU": "2019", "GHA": "2019", "GRC": "2019", "GRD": "2019", "GTM": "2019", "GIN": "2019", "GNB": "2019", "GUY": "2019", "HTI": "2019", "HND": "2019", "HUN": "2019", "ISL": "2019", "IND": "2019", "IDN": "2019", "IRN": "2019", "IRQ": "2019", "IRL": "2019", "ISR": "2019", "ITA": "2019", "JAM": "2019", "JPN": "2019", "JOR": "2019", "KAZ": "2019", "KEN": "2019", "KIR": "2019", "KWT": "2019", "KGZ": "2019", "LAO": "2019", "LVA": "2019", "LBN": "2019", "LSO": "2019", "LBR": "2019", "LBY": "2019", "LTU": "2019", "LUX": "2019", "MDG": "2019", "MWI": "2019", "MYS": "2019", "MDV": "2019", "MLI": "2019", "MLT": "2019", "MHL": "2019", "MRT": "2019", "MUS": "2019", "MEX": "2019", "FSM": "2019", "MCO": "2019", "MNG": "2019", "MNE": "2019", "MAR": "2019", "MOZ": "2019", "MMR": "2019", "NAM": "2019", "NRU": "2019", "NPL": "2019", "NLD": "2019", "NZL": "2019", "NIC": "2019", "NER": "2019", "NGA": "2019", "NIU": "2019", "MKD": "2019", "NOR": "2019", "OMN": "2019", "PAK": "2019", "PLW": "2019", "PAN": "2019", "PNG": "2019", "PRY": "2019", "PER": "2019", "PHL": "2019", "POL": "2019", "PRT": "2019", "QAT": "2019", "KOR": "2019", "MDA": "2019", "ROU": "2019", "RUS": "2019", "RWA": "2019", "KNA": "2019", "LCA": "2019", "VCT": "2019", "WSM": "2019", "SMR": "2019", "STP": "2019", "SAU": "2019", "SEN": "2019", "SRB": "2019", "SYC": "2019", "SLE": "2019", "SGP": "2019", "SVK": "2019", "SVN": "2019", "SLB": "2019", "SOM": "2019", "ZAF": "2019", "SSD": "2019", "ESP": "2019", "LKA": "2019", "PSE": "2019", "SDN": "2019", "SUR": "2019", "SWE": "2019", "CHE": "2019", "SYR": "2019", "TJK": "2019", "THA": "2019", "TLS": "2019", "TGO": "2019", "TON": "2019", "TTO": "2019", "TUN": "2019", "TUR": "2019", "TKM": "2019", "TUV": "2019", "UGA": "2019", "UKR": "2019", "ARE": "2019", "GBR": "2019", "TZA": "2019", "USA": "2019", "URY": "2019", "UZB": "2019", "VUT": "2019", "VEN": "2019", "VNM": "2019", "YEM": "2019", "ZMB": "2019", "ZWE": "2019"}, "recentValue": {"AFG": 63.83159023, "ALB": 10.47131422, "DZA": 24.62373301, "AND": 3.273832536, "AGO": 80.43621236, "ATG": 7.104522222, "ARG": 10.26362608, "ARM": 12.98425162, "AUS": 3.928732096, "AUT": 3.797964729, "AZE": 22.43958005, "BHS": 13.46291248, "BHR": 7.154038901, "BGD": 32.85361313, "BRB": 13.7907077, "BLR": 3.615037317, "BEL": 3.802434489, "BLZ": 13.45486708, "BEN": 95.99536138, "BTN": 31.06630471, "BOL": 28.45782241, "BIH": 6.412274585, "BWA": 45.06501657, "BRA": 15.50888374, "BRN": 12.55105146, "BGR": 7.364284206, "BFA": 92.19687058, "BDI": 61.1854408, "CPV": 16.25177142, "KHM": 29.60405735, "CMR": 80.54300379, "CAN": 5.196530951, "CAF": 116.1530045, "TCD": 120.256546, "CHL": 7.544233983, "CHN": 8.373789811, "COL": 15.20551315, "COM": 67.99477328, "COG": 51.92667677, "COK": 7.885799915, "CRI": 9.222164296, "CIV": 87.07140045, "HRV": 5.22212364, "CUB": 5.642733133, "CYP": 2.48509256, "CZE": 3.528223675, "PRK": 19.12994856, "COD": 91.2789003, "DNK": 4.286686932, "DJI": 62.32848241, "DMA": 39.23468526, "DOM": 30.56867175, "ECU": 15.54672154, "EGY": 21.47628001, "SLV": 14.61131075, "GNQ": 87.8332767, "ERI": 45.55113419,