{"unicef-m15": {"data": {"2020": {"AFG": 219777.2226, "DZA": 3362.924964, "AGO": 7954.38964, "ARG": 1075.022305, "ARM": 194.9846387, "AUS": 11687.41144, "AZE": 22867.08514, "BHS": 0.0, "BGD": 1428401.975, "BLZ": 2198.052454, "BEN": 3388.59924, "BTN": 36.02811568, "BOL": 4661.901643, "BIH": 158.0514418, "BWA": 304.8662271, "BRA": 89602.58843, "BFA": 273375.5945, "BDI": 26460.73451, "CPV": 248.7682971, "KHM": 23830.24079, "CMR": 116155.961, "CAN": 4907.332528, "CAF": 169642.6763, "TCD": 80060.25811, "CHL": 781.1123338, "CHN": 1069386.116, "COL": 45733.52493, "COG": 0.0, "CRI": 1045.56972, "CIV": 8137.610333, "HRV": 7294.069538, "CUB": 122297.4961, "CYP": 0.0, "CZE": 8.02458272, "PRK": 1273.954972, "COD": 1301967.92, "DJI": 3.760315187, "DOM": 10104.51072, "ECU": 390.362854, "EGY": 3668.004088, "SLV": 41606.8624, "ETH": 1096966.724, "FJI": 12610.32525, "FRA": 2118.514809, "GAB": 0.85358176, "GMB": 8575.171859, "GEO": 37.74478411, "DEU": 0.337335311, "GHA": 863.462049, "GRC": 2158.627989, "GTM": 134216.106, "GIN": 1198.3815, "HTI": 8017.391177, "HND": 342828.2282, "HUN": 2.442409544, "ISL": 136.45136, "IND": 1213893.616, "IDN": 218915.9362, "IRN": 14985.08924, "IRQ": 29861.75254, "IRL": 12.54180201, "ISR": 4223.437994, "ITA": 314.9651697, "JAM": 0.559168234, "JPN": 28005.87977, "JOR": 54.22749689, "KAZ": 10574.89147, "KEN": 153116.3354, "KGZ": 93.25963688, "LAO": 4520.41176, "LBN": 0.0, "LBR": 1736.897029, "LBY": 12714.49626, "LUX": 0.375517483, "MDG": 10713.15346, "MWI": 14454.70618, "MYS": 6754.092767, "MLI": 153216.5461, "MRT": 733.0263031, "MUS": 23.02905696, "MEX": 34156.06764, "MNG": 1483.025445, "MAR": 107.0503288, "MOZ": 314324.1877, "MMR": 37026.47486, "NAM": 85.27969144, "NPL": 16701.39747, "NLD": 765.0918026, "NZL": 1134.333495, "NIC": 80736.57523, "NER": 232553.6125, "NGA": 224062.3517, "MKD": 0.0, "NOR": 207.2643038, "OMN": 30.4832401, "PAK": 337830.0386, "PAN": 1159.685278, "PNG": 1609.951463, "PRY": 1.713642929, "PER": 2333.241811, "PHL": 1616987.854, "POL": 75.77064423, "PRT": 4.483334872, "KOR": 2878.096896, "ROU": 54.17584881, "RUS": 53.66442234, "RWA": 2748.881613, "WSM": 23.76787071, "SAU": 174.2190699, "SEN": 1616.846445, "SRB": 165.378158, "SLE": 0.0, "SVK": 11.09077093, "SLB": 147.8402172, "SOM": 706740.0937, "ZAF": 1813.226516, "SSD": 341401.1439, "ESP": 1347.059533, "LKA": 5375.416564, "PSE": 492.269856, "SDN": 247016.9435, "CHE": 2.323958855, "SYR": 666947.9763, "TJK": 637.5641079, "THA": 2612.511274, "TLS": 481.0794331, "TON": 1111.200033, "TTO": 7.875744434, "TUN": 2826.139244, "TUR": 11713.75257, "TUV": 158.5713841, "UGA": 21216.10974, "UKR": 389.6470697, "ARE": 105.0422683, "GBR": 1025.26736, "TZA": 28590.51167, "USA": 379542.6274, "URY": 90.43750527, "UZB": 23360.85492, "VUT": 35545.78706, "VEN": 775.6569055, "VNM": 345037.5768, "YEM": 165358.7084, "ZMB": 3056.447341, "ZWE": 184.2299101}, "recentYear": {"AFG": "2020", "DZA": "2020", "AGO": "2020", "ARG": "2020", "ARM": "2020", "AUS": "2020", "AZE": "2020", "BHS": "2020", "BGD": "2020", "BLZ": "2020", "BEN": "2020", "BTN": "2020", "BOL": "2020", "BIH": "2020", "BWA": "2020", "BRA": "2020", "BFA": "2020", "BDI": "2020", "CPV": "2020", "KHM": "2020", "CMR": "2020", "CAN": "2020", "CAF": "2020", "TCD": "2020", "CHL": "2020", "CHN": "2020", "COL": "2020", "COG": "2020", "CRI": "2020", "CIV": "2020", "HRV": "2020", "CUB": "2020", "CYP": "2020", "CZE": "2020", "PRK": "2020", "COD": "2020", "DJI": "2020", "DOM": "2020", "ECU": "2020", "EGY": "2020", "SLV": "2020", "ETH": "2020", "FJI": "2020", "FRA": "2020", "GAB": "2020", "GMB": "2020", "GEO": "2020", "DEU": "2020", "GHA": "2020", "GRC": "2020", "GTM": "2020", "GIN": "2020", "HTI": "2020", "HND": "2020", "HUN": "2020", "ISL": "2020", "IND": "2020", "IDN": "2020", "IRN": "2020", "IRQ": "2020", "IRL": "2020", "ISR": "2020", "ITA": "2020", "JAM": "2020", "JPN": "2020", "JOR": "2020", "KAZ": "2020", "KEN": "2020", "KGZ": "2020", "LAO": "2020", "LBN": "2020", "LBR": "2020", "LBY": "2020", "LUX": "2020", "MDG": "2020", "MWI": "2020", "MYS": "2020", "MLI": "2020", "MRT": "2020", "MUS": "2020", "MEX": "2020", "MNG": "2020", "MAR": "2020", "MOZ": "2020", "MMR": "2020", "NAM": "2020", "NPL": "2020", "NLD": "2020", "NZL": "2020", "NIC": "2020", "NER": "2020", "NGA": "2020", "MKD": "2020", "NOR": "2020", "OMN": "2020", "PAK": "2020", "PAN": "2020", "PNG": "2020", "PRY": "2020", "PER": "2020", "PHL": "2020", "POL": "2020", "PRT": "2020", "KOR": "2020", "ROU": "2020", "RUS": "2020", "RWA": "2020", "WSM": "2020", "SAU": "2020", "SEN": "2020", "SRB": "2020", "SLE": "2020", "SVK": "2020", "SLB": "2020", "SOM": "2020", "ZAF": "2020", "SSD": "2020", "ESP": "2020", "LKA": "2020", "PSE": "2020", "SDN": "2020", "CHE": "2020", "SYR": "2020", "TJK": "2020", "THA": "2020", "TLS": "2020", "TON": "2020", "TTO": "2020", "TUN": "2020", "TUR": "2020", "TUV": "2020", "UGA": "2020", "UKR": "2020", "ARE": "2020", "GBR": "2020", "TZA": "2020", "USA": "2020", "URY": "2020", "UZB": "2020", "VUT": "2020", "VEN": "2020", "VNM": "2020", "YEM": "2020", "ZMB": "2020", "ZWE": "2020"}, "recentValue": {"AFG": 219777.2226, "DZA": 3362.924964, "AGO": 7954.38964, "ARG": 1075.022305, "ARM": 194.9846387, "AUS": 11687.41144, "AZE": 22867.08514, "BHS": 0.0, "BGD": 1428401.975, "BLZ": 2198.052454, "BEN": 3388.59924, "BTN": 36.02811568, "BOL": 4661.901643, "BIH": 158.0514418, "BWA": 304.8662271, "BRA": 89602.58843, "BFA": 273375.5945, "BDI": 26460.73451, "CPV": 248.7682971, "KHM": 23830.24079, "CMR": 116155.961, "CAN": 4907.332528, "CAF": 169642.6763, "TCD": 80060.25811, "CHL": 781.1123338, "CHN": 1069386.116, "COL": 45733.52493, "COG": 0.0, "CRI": 1045.56972, "CIV": 8137.610333, "HRV": 7294.069538, "CUB": 122297.4961, "CYP": 0.0, "CZE": 8.02458272, "PRK": 1273.954972, "COD": 1301967.92, "DJI": 3.760315187, "DOM": 10104.51072, "ECU": 390.362854, "EGY": 3668.004088, "SLV": 41606.8624, "ETH": 1096966.724, "FJI": 12610.32525, "FRA": 2118.514809, "GAB": 0.85358176, "GMB": 8575.171859, "GEO": 37.74478411, "DEU": 0.337335311, "GHA": 863.462049, "GRC": 2158.627989, "GTM": 134216.106, "GIN": 1198.3815, "HTI": 8017.391177, "HND": 342828.2282, "HUN": 2.442409544, "ISL": 136.45136, "IND": 1213893.616, "IDN": 218915.9362, "IRN": 14985.08924, "IRQ": 29861.75254, "IRL": 12.54180201, "ISR": 4223.437994, "ITA": 314.9651697, "JAM": 0.559168234, "JPN": 28005.87977, "JOR": 54.22749689, "KAZ": 10574.89147, "KEN": 153116.3354, "KGZ": 93.25963688, "LAO": 4520.41176, "LBN": 0.0, "LBR": 1736.897029, "LBY": 12714.49626, "LUX": 0.375517483, "MDG": 10713.15346, "MWI": 14454.70618, "MYS": 6754.092767, "MLI": 153216.5461, "MRT": 733.0263031, "MUS": 23.02905696, "MEX": 34156.06764, "MNG": 1483.025445, "MAR": 107.0503288, "MOZ": 314324.1877, "MMR": 37026.47486, "NAM": 85.27969144, "NPL": 16701.39747, "NLD": 765.0918026, "NZL": 1134.333495, "NIC": 80736.57523, "NER": 232553.6125, "NGA": 224062.3517, "MKD": 0.0, "NOR": 207.2643038, "OMN": 30.4832401, "PAK": 337830.0386, "PAN": 1159.685278, "PNG": 1609.951463, "PRY": 1.713642929, "PER": 2333.241811, "PHL": 1616987.854, "POL": 75.77064423, "PRT": 4.483334872, "KOR": 2878.096896, "ROU": 54.17584881, "RUS": 53.66442234, "RWA": 2748.881613, "WSM": 23.76787071, "SAU": 174.2190699, "SEN": 1616.846445, "SRB": 165.378158, "SLE": 0.0, "SVK": 11.09077093, "SLB": 147.8402172, "SOM": 706740.0937, "ZAF": 1813.226516, "SSD": 341401.1439, "ESP": 1347.059533, "LKA": 5375.416564, "PSE": 492.269856, "SDN": 247016.9435, "CHE": 2.323958855, "SYR": 666947.9763, "TJK": 637.5641079, "THA": 2612.511274, "TLS": 481.0794331, "TON": 1111.200033, "TTO": 7.875744434, "TUN": 2826.139244, "TUR": 11713.75257, "TUV": 158.5713841, "UGA": 21216.10974, "UKR": 389.6470697, "ARE": 105.0422683, "GBR": 1025.26736, "TZA": 28590.51167, "USA": 379542.6274, "URY": 90.43750527, "UZB": 23360.85492, "VUT": 35545.78706, "VEN": 775.6569055, "VNM": 345037.5768, "YEM": 165358.7084, "ZMB": 3056.447341, "ZWE": 184.2299101}},