{"unicef-m17": {"data": {"2020": {"AFG": 10.22222222, "DZA": 100.0, "AGO": 100.0, "ARG": 100.0, "ARM": 0.0, "AUS": 100.0, "AZE": 0.0, "BGD": 99.99482359, "BLZ": 100.0, "BEN": 100.0, "BTN": 100.0, "BOL": 100.0, "BIH": 100.0, "BWA": 100.0, "BRA": 100.0, "BFA": 3.738317757, "BDI": 99.39582927, "CPV": 100.0, "KHM": 100.0, "CMR": 48.53556485, "CAN": 100.0, "CAF": 4.504504505, "TCD": 47.33333333, "CHL": 100.0, "CHN": 100.0, "COL": 37.64705882, "CRI": 100.0, "CIV": 11.24260355, "HRV": 100.0, "CUB": 100.0, "CZE": 100.0, "PRK": 100.0, "COD": 11.21382637, "DJI": 100.0, "DOM": 100.0, "ECU": 100.0, "EGY": 89.36170213, "SLV": 12.97709924, "ETH": 28.18336163, "FJI": 100.0, "FRA": 100.0, "GAB": 100.0, "GMB": 100.0, "GEO": 100.0, "DEU": 100.0, "GHA": 100.0, "GRC": 100.0, "GTM": 100.0, "GIN": 100.0, "HTI": 62.20095694, "HND": 100.0, "HUN": 100.0, "ISL": 100.0, "IND": 99.89896111, "IDN": 99.35174746, "IRN": 100.0, "IRQ": 1.759530792, "IRL": 100.0, "ISR": 76.92307692, "ITA": 100.0, "JAM": 100.0, "JPN": 100.0, "JOR": 100.0, "KAZ": 100.0, "KEN": 98.84921806, "KGZ": 0.0, "LAO": 100.0, "LBR": 100.0, "LBY": 0.0, "LUX": 100.0, "MDG": 100.0, "MWI": 100.0, "MYS": 100.0, "MLI": 2.601969058, "MRT": 100.0, "MUS": 100.0, "MEX": 91.23757904, "MNG": 100.0, "MAR": 100.0, "MOZ": 4.051863857, "MMR": 41.66666667, "NAM": 100.0, "NPL": 100.0, "NLD": 100.0, "NZL": 100.0, "NIC": 100.0, "NER": 66.99029126, "NGA": 62.27678571, "NOR": 100.0, "OMN": 100.0, "PAK": 99.95297749, "PAN": 100.0, "PNG": 100.0, "PRY": 100.0, "PER": 100.0, "PHL": 97.56043956, "POL": 100.0, "PRT": 100.0, "KOR": 100.0, "ROU": 100.0, "RUS": 100.0, "RWA": 100.0, "WSM": 100.0, "SAU": 100.0, "SEN": 100.0, "SRB": 100.0, "SVK": 100.0, "SLB": 100.0, "SOM": 77.96992481, "ZAF": 6.890130354, "SSD": 62.04481793, "ESP": 100.0, "LKA": 100.0, "PSE": 9.90990991, "SDN": 85.1782364, "CHE": 100.0, "SYR": 1.353546291, "TJK": 100.0, "THA": 100.0, "TLS": 100.0, "TON": 100.0, "TTO": 100.0, "TUN": 100.0, "TUR": 100.0, "TUV": 100.0, "UGA": 99.80288929, "UKR": 96.43201543, "ARE": 100.0, "GBR": 100.0, "TZA": 100.0, "USA": 100.0, "URY": 100.0, "UZB": 100.0, "VUT": 100.0, "VEN": 100.0, "VNM": 100.0, "YEM": 60.92896175, "ZMB": 100.0, "ZWE": 100.0}, "recentYear": {"AFG": "2020", "DZA": "2020", "AGO": "2020", "ARG": "2020", "ARM": "2020", "AUS": "2020", "AZE": "2020", "BGD": "2020", "BLZ": "2020", "BEN": "2020", "BTN": "2020", "BOL": "2020", "BIH": "2020", "BWA": "2020", "BRA": "2020", "BFA": "2020", "BDI": "2020", "CPV": "2020", "KHM": "2020", "CMR": "2020", "CAN": "2020", "CAF": "2020", "TCD": "2020", "CHL": "2020", "CHN": "2020", "COL": "2020", "CRI": "2020", "CIV": "2020", "HRV": "2020", "CUB": "2020", "CZE": "2020", "PRK": "2020", "COD": "2020", "DJI": "2020", "DOM": "2020", "ECU": "2020", "EGY": "2020", "SLV": "2020", "ETH": "2020", "FJI": "2020", "FRA": "2020", "GAB": "2020", "GMB": "2020", "GEO": "2020", "DEU": "2020", "GHA": "2020", "GRC": "2020", "GTM": "2020", "GIN": "2020", "HTI": "2020", "HND": "2020", "HUN": "2020", "ISL": "2020", "IND": "2020", "IDN": "2020", "IRN": "2020", "IRQ": "2020", "IRL": "2020", "ISR": "2020", "ITA": "2020", "JAM": "2020", "JPN": "2020", "JOR": "2020", "KAZ": "2020", "KEN": "2020", "KGZ": "2020", "LAO": "2020", "LBR": "2020", "LBY": "2020", "LUX": "2020", "MDG": "2020", "MWI": "2020", "MYS": "2020", "MLI": "2020", "MRT": "2020", "MUS": "2020", "MEX": "2020", "MNG": "2020", "MAR": "2020", "MOZ": "2020", "MMR": "2020", "NAM": "2020", "NPL": "2020", "NLD": "2020", "NZL": "2020", "NIC": "2020", "NER": "2020", "NGA": "2020", "NOR": "2020", "OMN": "2020", "PAK": "2020", "PAN": "2020", "PNG": "2020", "PRY": "2020", "PER": "2020", "PHL": "2020", "POL": "2020", "PRT": "2020", "KOR": "2020", "ROU": "2020", "RUS": "2020", "RWA": "2020", "WSM": "2020", "SAU": "2020", "SEN": "2020", "SRB": "2020", "SVK": "2020", "SLB": "2020", "SOM": "2020", "ZAF": "2020", "SSD": "2020", "ESP": "2020", "LKA": "2020", "PSE": "2020", "SDN": "2020", "CHE": "2020", "SYR": "2020", "TJK": "2020", "THA": "2020", "TLS": "2020", "TON": "2020", "TTO": "2020", "TUN": "2020", "TUR": "2020", "TUV": "2020", "UGA": "2020", "UKR": "2020", "ARE": "2020", "GBR": "2020", "TZA": "2020", "USA": "2020", "URY": "2020", "UZB": "2020", "VUT": "2020", "VEN": "2020", "VNM": "2020", "YEM": "2020", "ZMB": "2020", "ZWE": "2020"}, "recentValue": {"AFG": 10.22222222, "DZA": 100.0, "AGO": 100.0, "ARG": 100.0, "ARM": 0.0, "AUS": 100.0, "AZE": 0.0, "BGD": 99.99482359, "BLZ": 100.0, "BEN": 100.0, "BTN": 100.0, "BOL": 100.0, "BIH": 100.0, "BWA": 100.0, "BRA": 100.0, "BFA": 3.738317757, "BDI": 99.39582927, "CPV": 100.0, "KHM": 100.0, "CMR": 48.53556485, "CAN": 100.0, "CAF": 4.504504505, "TCD": 47.33333333, "CHL": 100.0, "CHN": 100.0, "COL": 37.64705882, "CRI": 100.0, "CIV": 11.24260355, "HRV": 100.0, "CUB": 100.0, "CZE": 100.0, "PRK": 100.0, "COD": 11.21382637, "DJI": 100.0, "DOM": 100.0, "ECU": 100.0, "EGY": 89.36170213, "SLV": 12.97709924, "ETH": 28.18336163, "FJI": 100.0, "FRA": 100.0, "GAB": 100.0, "GMB": 100.0, "GEO": 100.0, "DEU": 100.0, "GHA": 100.0, "GRC": 100.0, "GTM": 100.0, "GIN": 100.0, "HTI": 62.20095694, "HND": 100.0, "HUN": 100.0, "ISL": 100.0, "IND": 99.89896111, "IDN": 99.35174746, "IRN": 100.0, "IRQ": 1.759530792, "IRL": 100.0, "ISR": 76.92307692, "ITA": 100.0, "JAM": 100.0, "JPN": 100.0, "JOR": 100.0, "KAZ": 100.0, "KEN": 98.84921806, "KGZ": 0.0, "LAO": 100.0, "LBR": 100.0, "LBY": 0.0, "LUX": 100.0, "MDG": 100.0, "MWI": 100.0, "MYS": 100.0, "MLI": 2.601969058, "MRT": 100.0, "MUS": 100.0, "MEX": 91.23757904, "MNG": 100.0, "MAR": 100.0, "MOZ": 4.051863857, "MMR": 41.66666667, "NAM": 100.0, "NPL": 100.0, "NLD": 100.0, "NZL": 100.0, "NIC": 100.0, "NER": 66.99029126, "NGA": 62.27678571, "NOR": 100.0, "OMN": 100.0, "PAK": 99.95297749, "PAN": 100.0, "PNG": 100.0, "PRY": 100.0, "PER": 100.0, "PHL": 97.56043956, "POL": 100.0, "PRT": 100.0, "KOR": 100.0, "ROU": 100.0, "RUS": 100.0, "RWA": 100.0, "WSM": 100.0, "SAU": 100.0, "SEN": 100.0, "SRB": 100.0, "SVK": 100.0, "SLB": 100.0, "SOM": 77.96992481, "ZAF": 6.890130354, "SSD": 62.04481793, "ESP": 100.0, "LKA": 100.0, "PSE": 9.90990991, "SDN": 85.1782364, "CHE": 100.0, "SYR": 1.353546291, "TJK": 100.0, "THA": 100.0, "TLS": 100.0, "TON": 100.0, "TTO": 100.0, "TUN": 100.0, "TUR": 100.0, "TUV": 100.0, "UGA": 99.80288929, "UKR": 96.43201543, "ARE": 100.0, "GBR": 100.0, "TZA": 100.0, "USA": 100.0, "URY": 100.0, "UZB": 100.0, "VUT": 100.0, "VEN": 100.0, "VNM": 100.0, "YEM": 60.92896175, "ZMB": 100.0, "ZWE": 100.0}}, "def": "Number of movements of persons who have been forced or obliged to flee or to leave their homes or places of habitual residence and who have not crossed an internationally recognized state border in a given period.", "name": "New Internal Displacements", "source": "Internal Displacement Monitoring Centre, Global Internal Displacement Database (GIDD), IDMC, 2021.", "dataset": "unicef", "category": "Migration", "subcategory": "None", "link": "https://www.unicef.org/reports/state-worlds-children-2021", "dim": "Share due to disaster", "priority": "5.0", "units": "%"}}