{"unicef-d13": {"data": {"2020": {"AIA": 15.94860896, "ATG": 13.5626419, "BHS": 10.96789752, "BHR": 3.35356064, "BRB": 25.10119764, "BLZ": 7.611857572, "VGB": 13.63474546, "CPV": 7.129863067, "COM": 5.365842997, "COK": 19.09719185, "CUB": 23.30894174, "DMA": 14.2542105, "DOM": 11.57514894, "FJI": 8.92632487, "GRD": 14.74039092, "GNB": 5.229085545, "GUY": 10.72473479, "HTI": 8.29925518, "JAM": 13.43564829, "KIR": 7.039476444, "MDV": 4.677534347, "MHL": 8.993973111, "MUS": 17.70990091, "MSR": 20.34934498, "NRU": 6.805004577, "NIU": 16.80993314, "PLW": 13.22469445, "PNG": 5.828100296, "KNA": 11.79181066, "LCA": 14.35239649, "VCT": 14.53555235, "WSM": 8.808376122, "STP": 5.446464713, "SYC": 11.83393997, "SGP": 17.95840414, "SLB": 6.519973934, "SUR": 10.77924954, "TLS": 7.273373641, "TKL": 16.18828932, "TON": 9.98309302, "TTO": 16.82856886, "TCA": 9.82275263, "TUV": 11.37690446, "VUT": 6.222065}, "recentValue": {"ATG": 13.5626419, "ABW": "No Data", "BHS": 10.96789752, "BMU": "No Data", "BHR": 3.35356064, "BRB": 25.10119764, "BLZ": 7.611857572, "VGB": 13.63474546, "CPV": 7.129863067, "CYM": "No Data", "COM": 5.365842997, "CUB": 23.30894174, "CUW": "No Data", "DMA": 14.2542105, "DOM": 11.57514894, "FJI": 8.92632487, "GRD": 14.74039092, "GNB": 5.229085545, "GUY": 10.72473479, "HTI": 8.29925518, "JAM": 13.43564829, "KIR": 7.039476444, "MDV": 4.677534347, "MHL": 8.993973111, "MUS": 17.70990091, "FSM": "No Data", "NRU": 6.805004577, "PLW": 13.22469445, "PNG": 5.828100296, "WSM": 8.808376122, "STP": 5.446464713, "SYC": 11.83393997, "SGP": 17.95840414, "SXM": "No Data", "SLB": 6.519973934, "KNA": 11.79181066, "VCT": 14.53555235, "LCA": 14.35239649, "SUR": 10.77924954, "TLS": 7.273373641, "TTO": 16.82856886, "TON": 9.98309302, "TUV": 11.37690446, "TCA": 9.82275263, "VUT": 6.222065, "AIA": 15.94860896, "COK": 19.09719185, "MSR": 20.34934498, "TKL": 16.18828932, "NIU": 16.80993314}, "recentYear": {"ATG": "2020", "ABW": "Any years", "BHS": "2020", "BMU": "Any years", "BHR": "2020", "BRB": "2020", "BLZ": "2020", "VGB": "2020", "CPV": "2020", "CYM": "Any years", "COM": "2020", "CUB": "2020", "CUW": "Any years", "DMA": "2020", "DOM": "2020", "FJI": "2020", "GRD": "2020", "GNB": "2020", "GUY": "2020", "HTI": "2020", "JAM": "2020", "KIR": "2020", "MDV": "2020", "MHL": "2020", "MUS": "2020", "FSM": "Any years", "NRU": "2020", "PLW": "2020", "PNG": "2020", "WSM": "2020", "STP": "2020", "SYC": "2020", "SGP": "2020", "SXM": "Any years", "SLB": "2020", "KNA": "2020", "VCT": "2020", "LCA": "2020", "SUR": "2020", "TLS": "2020", "TTO": "2020", "TON": "2020", "TUV": "2020", "TCA": "2020", "VUT": "2020", "AIA": "2020", "COK": "2020", "MSR": "2020", "TKL": "2020", "NIU": "2020"}}, "def": "The total dependency ratio is the ratio of the sum of the population aged 0-14 and that aged 65+ to the population aged 15-64. The child dependency ratio is the ratio of the population aged 0-14 to the population aged 15-64. The old-age dependency ratio is the ratio of the population aged 65 years or over to the population aged 15-64. All ratios are presented as number of dependants per 100 persons of working age (15-64).", "name": "Dependency ratio, Old age", "source": "United Nations, Department of Economic and Social Affairs, Population Division (2019). World Population Prospects 2019, Online Edition. Rev. 1. Proportion of urban population for regions and growth rates for total and urban population calculated by UNICEF.", "dataset": "United Nations, Department of Economic and Social Affairs, Population Division (2019). World Population Prospects 2019, Online Edition. Rev. 1. Proportion of urban population for regions and growth rates for total and urban population calculated by UNICEF.", "category": "Demographics", "subcategory": "None", "link": "https://www.unicef.org/reports/state-worlds-children-2021", "dim": "Old age", "priority": "1.0", "units": "%"}}