{"unicef-cm10": {"data": {"2000": {"AFG": 60.62727131, "ALB": 12.19271008, "DZA": 21.04794887, "AND": 3.904790862, "AGO": 50.28426193, "ATG": 9.637050446, "ARG": 10.93577088, "ARM": 16.44481586, "AUS": 3.525092564, "AUT": 3.086653932, "AZE": 33.4714203, "BHS": 8.074778501, "BHR": 4.751432921, "BGD": 42.76310611, "BRB": 9.271399984, "BLR": 6.041377905, "BEL": 2.946321509, "BLZ": 12.03554766, "BEN": 39.55365065, "BTN": 31.67044526, "BOL": 29.09390187, "BIH": 6.874281701, "BWA": 5.785369843, "BRA": 17.97917185, "BRN": 4.957002762, "BGR": 7.822241525, "BFA": 40.87939461, "BDI": 36.90889597, "CPV": 17.59215464, "KHM": 35.25131874, "CMR": 35.18101096, "CAN": 3.731832373, "CAF": 49.39796044, "TCD": 44.35792812, "CHL": 5.708568796, "CHN": 20.97090222, "COL": 13.48315871, "COM": 40.63336616, "COG": 30.65630735, "COK": 9.990940699, "CRI": 7.681102734, "CIV": 45.11629212, "HRV": 5.572727262, "CUB": 4.292926842, "CYP": 3.652459166, "CZE": 2.70523093, "PRK": 26.31893034, "COD": 38.50870166, "DNK": 3.498128133, "DJI": 43.94417473, "DMA": 12.86003807, "DOM": 23.38654323, "ECU": 14.47363588, "EGY": 22.31125717, "SLV": 14.77352894, "GNQ": 44.42284755, "ERI": 26.53003286, "EST": 5.30617223, "SWZ": 21.55534829, "ETH": 48.2399096, "FJI": 9.101797954, "FIN": 2.465608508, "FRA": 2.747545189, "GAB": 28.46447801, "GMB": 37.60585387, "GEO": 22.42657936, "DEU": 2.770763191, "GHA": 36.11862255, "GRC": 3.927101919, "GRD": 8.02871342, "GTM": 21.17585294, "GIN": 45.52697318, "GNB": 54.74077122, "GUY": 26.73603927, "HTI": 29.74013266, "HND": 17.35364893, "HUN": 5.749241476, "ISL": 2.064437555, "IND": 44.99194718, "IDN": 22.76034505, "IRN": 18.76741382, "IRQ": 23.56996969, "IRL": 4.010705384, "ISR": 3.587655016, "ITA": 3.458846148, "JAM": 16.70327812, "JPN": 1.767712633, "JOR": 16.11865744, "KAZ": 22.72937579, "KEN": 28.53469891, "KIR": 28.71680477, "KWT": 6.54652563, "KGZ": 20.52396018, "LAO": 38.01705742, "LVA": 7.158528414, "LBN": 11.6914271, "LSO": 36.92996342, "LBR": 45.71469352, "LBY": 15.86899518, "LTU": 4.540190098, "LUX": 2.368906393, "MDG": 30.90293179, "MWI": 38.69988318, "MYS": 4.922785238, "MDV": 21.79090074, "MLI": 50.72399845, "MLT": 5.052344957, "MHL": 18.30243561, "MRT": 42.94151415, "MUS": 12.39353637, "MEX": 14.20233991, "FSM": 23.97607356, "MCO": 2.867088498, "MNG": 23.4961278, "MNE": 8.726201164, "MAR": 26.86689874, "MOZ": 46.1354504, "MMR": 37.28447495, "NAM": 22.60630296, "NRU": 24.46575156, "NPL": 40.37088266, "NLD": 3.827508537, "NZL": 3.5007262, "NIC": 16.46158521, "NER": 43.06474383, "NGA": 46.31376606, "NIU": 12.97943097, "MKD": 9.101628332, "NOR": 2.678022549, "OMN": 7.567428103, "PAK": 56.90430217, "PLW": 15.85348994, "PAN": 15.19801812, "PNG": 30.73191406, "PRY": 18.14961544, "PER": 15.92535932, "PHL": 16.31699743, "POL": 5.757761608, "PRT": 3.355439818, "QAT": 6.613271374, "KOR": 3.400112599, "MDA": 20.72065742, "ROU": 10.4686574, "RUS": 8.994783514, "RWA": 40.85828477, "KNA": 16.58890972, "LCA": 11.64481739, "VCT": 13.16279689, "WSM": 11.45802428, "SMR": 3.04229899, "STP": 22.57735787, "SAU": 12.15946558, "SEN": 37.87652442, "SRB": 7.799659998, "SYC": 8.694073711, "SLE": 49.20689286, "SGP": 1.617393951, "SVK": 5.075543273, "SVN": 3.257386694, "SLB": 12.92306006, "SOM": 43.99881606, "ZAF": 14.894213, "SSD": 55.96365811, "ESP": 2.82656668, "LKA": 9.571540567, "PSE": 16.48992478, "SDN": 36.89318191, "SUR": 17.23355456, "SWE": 2.325944539, "CHE": 3.476802969, "SYR": 12.20988218, "TJK": 28.40130805, "THA": 12.8414446, "TLS": 36.81944063, "TGO": 36.18779428, "TON": 7.893122587, "TTO": 18.82864453, "TUN": 18.81321178, "TUR": 18.65258736, "TKM": 29.72484875, "TUV": 24.17241851, "UGA": 32.05496333, "UKR": 11.16298485, "ARE": 5.91674596, "GBR": 3.785452579, "TZA": 33.55177225, "USA": 4.64226411, "URY": 8.429437711, "UZB": 28.12703037, "VUT": 12.54624301, "VEN": 11.05888233, "VNM": 15.42268076, "YEM": 36.82447222, "ZMB": 33.901132, "ZWE": 26.44791678}, "recentYear": {"AFG": "2000", "ALB": "2000", "DZA": "2000", "AND": "2000", "AGO": "2000", "ATG": "2000", "ARG": "2000", "ARM": "2000", "AUS": "2000", "AUT": "2000", "AZE": "2000", "BHS": "2000", "BHR": "2000", "BGD": "2000", "BRB": "2000", "BLR": "2000", "BEL": "2000", "BLZ": "2000", "BEN": "2000", "BTN": "2000", "BOL": "2000", "BIH": "2000", "BWA": "2000", "BRA": "2000", "BRN": "2000", "BGR": "2000", "BFA": "2000", "BDI": "2000", "CPV": "2000", "KHM": "2000", "CMR": "2000", "CAN": "2000", "CAF": "2000", "TCD": "2000", "CHL": "2000", "CHN": "2000", "COL": "2000", "COM": "2000", "COG": "2000", "COK": "2000", "CRI": "2000", "CIV": "2000", "HRV": "2000", "CUB": "2000", "CYP": "2000", "CZE": "2000", "PRK": "2000", "COD": "2000", "DNK": "2000", "DJI": "2000", "DMA": "2000", "DOM": "2000", "ECU": "2000", "EGY": "2000", "SLV": "2000", "GNQ": "2000", "ERI": "2000", "EST": "2000", "SWZ": "2000", "ETH": "2000", "FJI": "2000", "FIN": "2000", "FRA": "2000", "GAB": "2000", "GMB": "2000", "GEO": "2000", "DEU": "2000", "GHA": "2000", "GRC": "2000", "GRD": "2000", "GTM": "2000", "GIN": "2000", "GNB": "2000", "GUY": "2000", "HTI": "2000", "HND": "2000", "HUN": "2000", "ISL": "2000", "IND": "2000", "IDN": "2000", "IRN": "2000", "IRQ": "2000", "IRL": "2000", "ISR": "2000", "ITA": "2000", "JAM": "2000", "JPN": "2000", "JOR": "2000", "KAZ": "2000", "KEN": "2000", "KIR": "2000", "KWT": "2000", "KGZ": "2000", "LAO": "2000", "LVA": "2000", "LBN": "2000", "LSO": "2000", "LBR": "2000", "LBY": "2000", "LTU": "2000", "LUX": "2000", "MDG": "2000", "MWI": "2000", "MYS": "2000", "MDV": "2000", "MLI": "2000", "MLT": "2000", "MHL": "2000", "MRT": "2000", "MUS": "2000", "MEX": "2000", "FSM": "2000", "MCO": "2000", "MNG": "2000", "MNE": "2000", "MAR": "2000", "MOZ": "2000", "MMR": "2000", "NAM": "2000", "NRU": "2000", "NPL": "2000", "NLD": "2000", "NZL": "2000", "NIC": "2000", "NER": "2000", "NGA": "2000", "NIU": "2000", "MKD": "2000", "NOR": "2000", "OMN": "2000", "PAK": "2000", "PLW": "2000", "PAN": "2000", "PNG": "2000", "PRY": "2000", "PER": "2000", "PHL": "2000", "POL": "2000", "PRT": "2000", "QAT": "2000", "KOR": "2000", "MDA": "2000", "ROU": "2000", "RUS": "2000", "RWA": "2000", "KNA": "2000", "LCA": "2000", "VCT": "2000", "WSM": "2000", "SMR": "2000", "STP": "2000", "SAU": "2000", "SEN": "2000", "SRB": "2000", "SYC": "2000", "SLE": "2000", "SGP": "2000", "SVK": "2000", "SVN": "2000", "SLB": "2000", "SOM": "2000", "ZAF": "2000", "SSD": "2000", "ESP": "2000", "LKA": "2000", "PSE": "2000", "SDN": "2000", "SUR": "2000", "SWE": "2000", "CHE": "2000", "SYR": "2000", "TJK": "2000", "THA": "2000", "TLS": "2000", "TGO": "2000", "TON": "2000", "TTO": "2000", "TUN": "2000", "TUR": "2000", "TKM": "2000", "TUV": "2000", "UGA": "2000", "UKR": "2000", "ARE": "2000", "GBR": "2000", "TZA": "2000", "USA": "2000", "URY": "2000", "UZB": "2000", "VUT": "2000", "VEN": "2000", "VNM": "2000", "YEM": "2000", "ZMB": "2000", "ZWE": "2000"}, "recentValue": {"AFG": 60.62727131, "ALB": 12.19271008, "DZA": 21.04794887, "AND": 3.904790862, "AGO": 50.28426193, "ATG": 9.637050446, "ARG": 10.93577088, "ARM": 16.44481586, "AUS": 3.525092564, "AUT": 3.086653932, "AZE": 33.4714203, "BHS": 8.074778501, "BHR": 4.751432921, "BGD": 42.76310611, "BRB": 9.271399984, "BLR": 6.041377905, "BEL": 2.946321509, "BLZ": 12.03554766, "BEN": 39.55365065, "BTN": 31.67044526, "BOL": 29.09390187, "BIH": 6.874281701, "BWA": 5.785369843, "BRA": 17.97917185, "BRN": 4.957002762, "BGR": 7.822241525, "BFA": 40.87939461, "BDI": 36.90889597, "CPV": 17.59215464, "KHM": 35.25131874, "CMR": 35.18101096, "CAN": 3.731832373, "CAF": 49.39796044, "TCD": 44.35792812, "CHL": 5.708568796, "CHN": 20.97090222, "COL": 13.48315871, "COM": 40.63336616, "COG": 30.65630735, "COK": 9.990940699, "CRI": 7.681102734, "CIV": 45.11629212, "HRV": 5.572727262, "CUB": 4.292926842, "CYP": 3.652459166, "CZE": 2.70523093, "PRK": 26.31893034, "COD": 38.50870166, "DNK": 3.498128133, "DJI": 43.94417473, "DMA": 12.86003807, "DOM": 23.38654323, "ECU": 14.47363588, "EGY": 22.31125717, "SLV": 14.77352894, "GNQ": 44.42284755,