{"unicef-wash4": {"data": {"2020": {"AFG": 50.499645, "ALB": 99.29879, "DZA": 85.965469, "AND": 100.0, "AGO": 51.660328, "ARM": 93.936745, "AUS": 99.99115, "AUT": 99.972603, "BHR": 100.0, "BGD": 54.164696, "BRB": 98.092461, "BLR": 97.90432, "BEL": 99.48616, "BLZ": 88.214279, "BEN": 16.962885, "BTN": 76.506554, "BOL": 65.756424, "BWA": 80.026245, "BRA": 90.078468, "BGR": 86.034966, "BFA": 21.664373, "BDI": 45.727512, "CPV": 79.115692, "KHM": 68.769302, "CMR": 44.631123, "CAN": 99.03286, "CAF": 14.118635, "TCD": 12.063701, "CHL": 100.0, "CHN": 92.376175, "COL": 93.680634, "COG": 20.459745, "COK": 99.085388, "CRI": 97.914993, "CIV": 34.565964, "HRV": 96.565239, "CUB": 91.356354, "CYP": 99.395958, "CZE": 99.133499, "PRK": 84.665466, "COD": 15.388672, "DNK": 99.597229, "DJI": 66.722633, "DOM": 87.178185, "ECU": 91.524925, "EGY": 97.32547, "SLV": 82.449753, "EST": 99.141769, "SWZ": 64.292175, "ETH": 8.9102783, "FJI": 99.160774, "FIN": 99.447922, "FRA": 98.647606, "GAB": 49.824165, "GMB": 46.871223, "GEO": 85.766731, "DEU": 99.225616, "GHA": 23.702475, "GRC": 98.993752, "GTM": 67.928581, "GIN": 29.77614, "GNB": 18.225044, "GUY": 85.782509, "HTI": 37.121735, "HND": 83.776581, "HUN": 97.983704, "ISL": 98.78054, "IND": 71.268478, "IDN": 86.462639, "IRN": 90.266769, "IRQ": 99.969734, "IRL": 91.337364, "ISR": 99.949036, "ITA": 99.885162, "JAM": 86.606422, "JPN": 99.921761, "JOR": 97.084358, "KAZ": 97.867119, "KEN": 32.698944, "KIR": 45.575962, "KWT": 100.0, "KGZ": 97.891045, "LAO": 79.480118, "LVA": 92.42437, "LBN": 99.199997, "LSO": 50.318077, "LBR": 18.163572, "LBY": 92.106003, "LIE": 99.949997, "LTU": 93.937073, "LUX": 97.591347, "MDG": 12.3114, "MWI": 26.554264, "MDV": 99.155334, "MLI": 45.394211, "MLT": 99.96447, "MHL": 84.150368, "MRT": 49.834221, "MEX": 92.424065, "MCO": 100.0, "MNG": 67.740791, "MNE": 97.771774, "MSR": 89.097748, "MAR": 87.250427, "MOZ": 37.204868, "MMR": 73.636879, "NAM": 35.259968, "NPL": 76.611214, "NLD": 97.685768, "NZL": 100.0, "NIC": 73.021095, "NER": 14.751306, "NGA": 42.722561, "NIU": 95.541878, "MKD": 98.327881, "NOR": 98.051071, "OMN": 99.320244, "PAK": 68.397308, "PLW": 99.623276, "PAN": 84.573853, "PNG": 19.223833, "PRY": 92.720787, "PER": 78.576698, "PHL": 82.25605, "POL": 100.0, "PRT": 99.604149, "QAT": 100.0, "KOR": 99.937492, "MDA": 78.729141, "ROU": 87.066444, "RUS": 89.390678, "RWA": 68.833443, "LCA": 83.368111, "WSM": 96.765862, "SMR": 100.0, "STP": 47.621078, "SAU": 100.0, "SEN": 56.776459, "SRB": 97.898666, "SYC": 100.0, "SLE": 16.509676, "SGP": 100.0, "SVK": 97.532623, "SVN": 98.099792, "SLB": 34.755924, "SOM": 39.306618, "ZAF": 78.474609, "SSD": 15.844817, "ESP": 99.903366, "LKA": 93.652931, "PSE": 98.577927, "SDN": 36.892082, "SUR": 89.954208, "SWE": 99.286224, "CHE": 99.899879, "SYR": 89.693481, "TJK": 96.765312, "THA": 98.71312, "TLS": 56.766693, "TGO": 18.603199, "TKL": 96.80265, "TON": 92.893333, "TTO": 93.915215, "TUN": 97.434456, "TUR": 99.224945, "TKM": 99.411133, "UGA": 19.789637, "UKR": 97.742714, "ARE": 99.229568, "GBR": 99.106964, "TZA": 31.760777, "USA": 99.679619, "URY": 98.054527, "UZB": 100.0, "VUT": 52.707047, "VEN": 95.759567, "VNM": 89.246475, "YEM": 54.116634, "ZMB": 31.899633, "ZWE": 35.192364}, "recentYear": {"AFG": "2020", "ALB": "2020", "DZA": "2020", "AND": "2020", "AGO": "2020", "ARM": "2020", "AUS": "2020", "AUT": "2020", "BHR": "2020", "BGD": "2020", "BRB": "2020", "BLR": "2020", "BEL": "2020", "BLZ": "2020", "BEN": "2020", "BTN": "2020", "BOL": "2020", "BWA": "2020", "BRA": "2020", "BGR": "2020", "BFA": "2020", "BDI": "2020", "CPV": "2020", "KHM": "2020", "CMR": "2020", "CAN": "2020", "CAF": "2020", "TCD": "2020", "CHL": "2020", "CHN": "2020", "COL": "2020", "COG": "2020", "COK": "2020", "CRI": "2020", "CIV": "2020", "HRV": "2020", "CUB": "2020", "CYP": "2020", "CZE": "2020", "PRK": "2020", "COD": "2020", "DNK": "2020", "DJI": "2020", "DOM": "2020", "ECU": "2020", "EGY": "2020", "SLV": "2020", "EST": "2020", "SWZ": "2020", "ETH": "2020", "FJI": "2020", "FIN": "2020", "FRA": "2020", "GAB": "2020", "GMB": "2020", "GEO": "2020", "DEU": "2020", "GHA": "2020", "GRC": "2020", "GTM": "2020", "GIN": "2020", "GNB": "2020", "GUY": "2020", "HTI": "2020", "HND": "2020", "HUN": "2020", "ISL": "2020", "IND": "2020", "IDN": "2020", "IRN": "2020", "IRQ": "2020", "IRL": "2020", "ISR": "2020", "ITA": "2020", "JAM": "2020", "JPN": "2020", "JOR": "2020", "KAZ": "2020", "KEN": "2020", "KIR": "2020", "KWT": "2020", "KGZ": "2020", "LAO": "2020", "LVA": "2020", "LBN": "2020", "LSO": "2020", "LBR": "2020", "LBY": "2020", "LIE": "2020", "LTU": "2020", "LUX": "2020", "MDG": "2020", "MWI": "2020", "MDV": "2020", "MLI": "2020", "MLT": "2020", "MHL": "2020", "MRT": "2020", "MEX": "2020", "MCO": "2020", "MNG": "2020", "MNE": "2020", "MSR": "2020", "MAR": "2020", "MOZ": "2020", "MMR": "2020", "NAM": "2020", "NPL": "2020", "NLD": "2020", "NZL": "2020", "NIC": "2020", "NER": "2020", "NGA": "2020", "NIU": "2020", "MKD": "2020", "NOR": "2020", "OMN": "2020", "PAK": "2020", "PLW": "2020", "PAN": "2020", "PNG": "2020", "PRY": "2020", "PER": "2020", "PHL": "2020", "POL": "2020", "PRT": "2020", "QAT": "2020", "KOR": "2020", "MDA": "2020", "ROU": "2020", "RUS": "2020", "RWA": "2020", "LCA": "2020", "WSM": "2020", "SMR": "2020", "STP": "2020", "SAU": "2020", "SEN": "2020", "SRB": "2020", "SYC": "2020", "SLE": "2020", "SGP": "2020", "SVK": "2020", "SVN": "2020", "SLB": "2020", "SOM": "2020", "ZAF": "2020", "SSD": "2020", "ESP": "2020", "LKA": "2020", "PSE": "2020", "SDN": "2020", "SUR": "2020", "SWE": "2020", "CHE": "2020", "SYR": "2020", "TJK": "2020", "THA": "2020", "TLS": "2020", "TGO": "2020", "TKL": "2020", "TON": "2020", "TTO": "2020", "TUN": "2020", "TUR": "2020", "TKM": "2020", "UGA": "2020", "UKR": "2020", "ARE": "2020", "GBR": "2020", "TZA": "2020", "USA": "2020", "URY": "2020", "UZB": "2020", "VUT": "2020", "VEN": "2020", "VNM": "2020", "YEM": "2020", "ZMB": "2020", "ZWE": "2020"}, "recentValue": {"AFG": 50.499645, "ALB": 99.29879, "DZA": 85.965469, "AND": 100.0, "AGO": 51.660328, "ARM": 93.936745, "AUS": 99.99115, "AUT": 99.972603, "BHR": 100.0, "BGD": 54.164696, "BRB": 98.092461, "BLR": 97.90432, "BEL": 99.48616, "BLZ": 88.214279, "BEN": 16.962885, "BTN": 76.506554, "BOL": 65.756424, "BWA": 80.026245, "BRA": 90.078468, "BGR": 86.034966, "BFA": 21.664373, "BDI": 45.727512, "CPV": 79.115692, "KHM": 68.769302, "CMR": 44.631123, "CAN": 99.03286, "CAF": 14.118635, "TCD": 12.063701, "CHL": 100.0, "CHN": 92.376175, "COL": 93.680634, "COG": 20.459745, "COK": 99.085388, "CRI": 97.914993, "CIV": 34.565964, "HRV": 96.565239, "CUB": 91.356354, "CYP": 99.395958, "CZE": 99.133499, "PRK": 84.665466, "COD": 15.388672, "DNK": 99.597229, "DJI": 66.722633, "DOM": 87.178185, "ECU": 91.524925, "EGY": 97.32547, "SLV": 82.449753, "EST": 99.141769, "SWZ": 64.292175, "ETH": 8.9102783, "FJI": 99.160774, "FIN": 99.447922, "FRA": 98.647606, "GAB": 49.824165, "GMB": 46.871223, "GEO": 85.766731, "DEU": 99.225616, "GHA": 23.702475, "GRC": 98.993752, "GTM": 67.928581, "GIN": 29.77614, "GNB": 18.225044, "GUY": 85.782509, "HTI": 37.121735, "HND": 83.776581, "HUN": 97.983704, "ISL": 98.78054, "IND": 71.268478, "IDN": 86.462639, "IRN": 90.266769, "IRQ": 99.969734, "IRL": 91.337364, "ISR": 99.949036, "ITA": 99.885162, "JAM": 86.606422, "JPN": 99.921761, "JOR": 97.084358, "KAZ": 97.867119, "KEN": 32.698944, "KIR": 45.575962, "KWT": 100.0, "KGZ": 97.891045, "LAO": 79.480118, "LVA": 92.42437, "LBN": 99.199997, "LSO": 50.318077, "LBR": 18.163572, "LBY": 92.106003, "LIE": 99.949997, "LTU": 93.937073, "LUX": 97.591347, "MDG": 12.3114, "MWI": 26.554264, "MDV": 99.155334, "MLI": 45.394211, "MLT": 99.96447, "MHL": 84.150368, "MRT": 49.834221, "MEX": 92.424065, "MCO": 100.0, "MNG": 67.740791, "MNE": 97.771774, "MSR": 89.097748, "MAR": 87.250427, "MOZ": 37.204868, "MMR": 73.636879, "NAM": 35.259968, "NPL": 76.611214, "NLD": 97.685768, "NZL": 100.0, "NIC": 73.021095, "NER": 14.751306, "NGA": 42.722561, "NIU": 95.541878, "MKD": 98.327881, "NOR": 98.051071,