{"paris-127": {"data": {"2019": {"BHS": 70.52141927, "BRB": 22.217415, "COM": 21.91523593, "GNB": 27.27607379, "HTI": 33.88029066, "PNG": 26.42875524, "WSM": 18.08472625, "STP": 29.30593586, "SYC": 10.91175519, "SLB": 31.1852181, "TLS": 23.82498973, "TTO": 19.75043522, "TON": 25.9024844}, "recentValue": {"BHS": 70.52141927, "BRB": 22.217415, "COM": 21.91523593, "GNB": 27.27607379, "HTI": 33.88029066, "PNG": 26.42875524, "WSM": 18.08472625, "STP": 29.30593586, "SYC": 10.91175519, "SLB": 31.1852181, "TLS": 23.82498973, "TTO": 19.75043522, "TON": 25.9024844}, "recentYear": {"BHS": "2019", "BRB": "2019", "COM": "2019", "GNB": "2019", "HTI": "2019", "PNG": "2019", "WSM": "2019", "STP": "2019", "SYC": "2019", "SLB": "2019", "TLS": "2019", "TTO": "2019", "TON": "2019"}}, "def": "This indicator assesses the systematic use of statistical knowledge with statistical terms and indicators in national policy documents. It is a composite indicator consisting of 4 sub-indices that aim to reflect the relevance of statistical evidence. It comprises four main dimensions: i) Basic consideration; ii) Diagnosis and quantification; iii) Statistical Analysis; iv) Disaggregation. ", "name": "", "source": "PARIS21", "dataset": "PARIS21", "category": "Politics and Power", "subcategory": "None", "link": "", "dim": "None", "priority": "1.0", "units": "quantity score"}, "confidenceIntervals": {"2019": {"BRB": 5.55435375, "COM": 21.91523593, "SYC": 10.91175519, "TTO": 19.75043522}, "recentValue": {"STP": 4.186562265714286, "SYC": 1.5588221699999998, "TTO": 1.975043522}}, "featureImportances": {"indicators": {"ihme-sexual-violence": 0.378, "wdi2-SE.ENR.PRIM.FM.ZS": 0.976, "wdi-EN.POP.SLUM.UR.ZS": 0.667, "key-wdi-DT.DOD.DECT.GN.ZS": 0.275, "unicef-mnh12": 0.295, "wdi2-SH.H2O.SMDW.RU.ZS": 0.281, "unicef-wee17": 0.889, "igrac-twap_sids_legal_qnt_wellretbon": 0.083, "wdi-GC.TAX.OTHR.RV.ZS": 0.569, "key-wdi-ER.FSH.CAPT.MT": 0.269}, "categories": {"Substance use disorders": 0.393, "Bacterial skin diseases": 0.808, "Oral disorders": 0.497, "Human Wellbeing": 0.921}}}