{"data": {"2015": {"ATG": 29.086666666666662, "ABW": 25.17467671988923, "BHS": 29.446666666666665, "BMU": 29.437257552756023, "BHR": 41.47666666666667, "BRB": 20.30666666666667, "BLZ": 53.473333333333336, "CPV": 54.85333333333334, "CYM": 31.19342101670044, "COM": 25.28333333333333, "CUB": 21.16, "CUW": 17.889113754437297, "DMA": 29.950000000000003, "DOM": 20.426666666666662, "FJI": 47.94, "GRD": 24.273333333333333, "GNB": 19.776666666666667, "GUY": 53.14666666666667, "HTI": 24.863333333333333, "JAM": 27.950000000000003, "KIR": 62.85333333333334, "MDV": 51.24333333333334, "MHL": 60.236666666666665, "MUS": 26.28666666666667, "FSM": 47.94333333333333, "NRU": 43.56333333333333, "PLW": 32.556666666666665, "PNG": 34.04, "WSM": 38.32333333333333, "STP": 19.35, "SYC": 48.24333333333333, "SGP": 18.396666666666665, "SXM": 35.99495055518752, "SLB": 45.33666666666666, "KNA": 24.48, "VCT": 23.196666666666665, "LCA": 21.113333333333333, "SUR": 53.13333333333334, "TLS": 25.883333333333333, "TTO": 22.91333333333333, "TON": 47.89666666666667, "TUV": 62.833333333333336, "TCA": 24.670305071343645, "VUT": 39.760000000000005, "AIA": 37.47997986613097, "COK": 37.47997986613097, "MSR": 37.47997986613097, "NIU": 37.47997986613097, "TKL": 37.47997986613097, "VGB": 41.18824922845008}, "2020": {"ATG": 28.76333333333333, "BHS": 29.203333333333333, "BRB": 20.21, "BLZ": 53.41333333333333, "CPV": 54.693333333333335, "COM": 25.59, "CUB": 20.83, "DMA": 29.886666666666667, "DOM": 20.17333333333333, "FJI": 47.79, "GRD": 24.19, "GNB": 19.94333333333333, "GUY": 53.116666666666674, "HTI": 24.596666666666668, "JAM": 27.616666666666667, "KIR": 62.45333333333333, "MDV": 51.21333333333334, "MHL": 59.92333333333333, "MUS": 26.51, "FSM": 47.31333333333333, "NRU": 43.18, "PLW": 32.17, "PNG": 33.5, "KNA": 24.293333333333333, "LCA": 21.00333333333333, "VCT": 23.1, "WSM": 37.93, "STP": 19.706666666666667, "SYC": 48.42333333333333, "SGP": 18.01, "SLB": 45.07666666666667, "SUR": 53.126666666666665, "TLS": 25.53666666666667, "TON": 47.68333333333334, "TTO": 22.826666666666668, "TUV": 62.57666666666667, "VUT": 39.5, "ABW": 41.69190036901986, "AIA": 36.78415132089064, "ASM": 33.86418407795006, "COK": 37.119321541584874, "CUW": 28.421044855567605, "GUM": 37.850613521494495, "MNP": 37.983244924628266, "MSR": 37.48651275765963, "NCL": 37.595714038159514, "NIU": 41.92700398589986, "PRI": 47.06071127827654, "PYF": 26.355243198587353, "SXM": 24.654757911760605, "VGB": 35.561564690120946, "VIR": 26.257083843195655}, "2021": {"ATG": 28.883333333333333, "BHS": 29.346666666666668, "BRB": 20.32, "BLZ": 53.54, "CPV": 54.696666666666665, "COM": 25.576666666666668, "CUB": 20.97, "DMA": 30.00333333333333, "DOM": 20.3, "FJI": 47.78666666666667, "GRD": 24.30333333333333, "GNB": 19.933333333333334, "GUY": 53.22, "HTI": 24.723333333333333, "JAM": 27.753333333333337, "KIR": 62.42333333333334, "MDV": 51.16, "MHL": 59.906666666666666, "MUS": 26.48333333333333, "FSM": 47.27, "NRU": 43.16, "PLW": 32.09, "PNG": 33.45666666666666, "KNA": 24.416666666666668, "LCA": 21.116666666666667, "VCT": 23.21666666666667, "WSM": 37.91666666666666, "STP": 19.666666666666668, "SYC": 48.39666666666666, "SGP": 17.916666666666668, "SLB": 45.04666666666667, "SUR": 53.22, "TLS": 25.473333333333336, "TON": 47.68666666666667, "TTO": 22.94, "TUV": 62.57333333333334, "VUT": 39.48333333333333, "ABW": 22.862409975320105, "AIA": 21.331480050626215, "ASM": 29.07216385691051, "COK": 31.217068851961507, "CUW": 30.865347747463012, "GUM": 29.07216385691051, "MNP": 46.99987460782935, "MSR": 39.0843940466361, "NCL": 37.69454900789136, "NIU": 36.89098028191448, "PRI": 25.02588870493754, "PYF": 37.69454900789136, "SXM": 29.37026301307095, "VGB": 38.926248175789866, "VIR": 33.3771099623406}}, "upperIntervals": {"2015": {"ABW": 39.290526446085735, "BMU": 43.55310727895253, "CYM": 45.30927074289694, "CUW": 32.004963480633805, "SXM": 50.11080028138403, "TCA": 38.78615479754015, "AIA": 51.59582959232748, "COK": 51.59582959232748, "MSR": 51.59582959232748, "NIU": 51.59582959232748, "TKL": 51.59582959232748, "VGB": 55.30409895464659}, "2020": {"ABW": 63.13081857841371, "AIA": 58.22306953028449, "ASM": 55.303102287343904, "COK": 58.558239750978714, "CUW": 49.85996306496145, "GUM": 59.28953173088834, "MNP": 59.422163134022114, "MSR": 58.92543096705347, "NCL": 59.03463224755336, "NIU": 63.365922195293706, "PRI": 68.49962948767039, "PYF": 47.79416140798119, "SXM": 46.093676121154445, "VGB": 57.00048289951479, "VIR": 47.6960020525895}, "2021": {"ABW": 40.334948910710736, "AIA": 38.80401898601684, "ASM": 46.54470279230114, "COK": 48.68960778735213, "CUW": 48.337886682853636, "GUM": 46.54470279230114, "MNP": 64.47241354321997, "MSR": 56.55693298202672, "NCL": 55.167087943281985, "NIU": 54.36351921730511, "PRI": 42.49842764032817, "PYF": 55.167087943281985, "SXM": 46.84280194846158, "VGB": 56.398787111180496, "VIR": 50.84964889773123}}, "lowerIntervals": {"2015": {"ABW": 12.947155866100523, "BMU": 17.209736698967316, "CYM": 18.965900162911726, "CUW": 5.661592900648589, "SXM": 23.76742970139881, "TCA": 12.442784217554935, "AIA": 25.25245901234226, "COK": 25.25245901234226, "MSR": 25.25245901234226, "NIU": 25.25245901234226, "TKL": 25.25245901234226, "VGB": 28.96072837466137}, "2020": {"ABW": 25.23744860279221, "AIA": 20.32969955466299, "ASM": 17.409732311722404, "COK": 20.66486977535722, "CUW": 11.966593089339952, "GUM": 21.396161755266842, "MNP": 21.528793158400614, "MSR": 21.03206099143198, "NCL": 21.14126227193186, "NIU": 25.472552219672206, "PRI": 30.60625951204889, "PYF": 9.9007914323597, "SXM": 8.200306145532952, "VGB": 19.107112923893293, "VIR": 9.802632076968003}, "2021": {"ABW": 8.290794482315683, "AIA": 6.759864557621793, "ASM": 14.500548363906088, "COK": 16.645453358957084, "CUW": 16.29373225445859, "GUM": 14.500548363906088, "MNP": 32.428259114824925, "MSR": 24.512778553631676, "NCL": 23.122933514886938, "NIU": 22.319364788910057, "PRI": 10.454273211933117, "PYF": 23.122933514886938, "SXM": 14.798647520066528, "VGB": 24.354632682785443, "VIR": 18.805494469336175}}, "categoryImportances": {"2015": {"LDC Criteria": 1686.660584691912, "Economic Policy & Debt": 87.99931634962559}, "2020": {"LDC Criteria": 1252.7077583223581, "Economic Policy & Debt": 349.8824481219053}, "2021": {"LDC Criteria": 895.1895407997072, "Blue": 839.9890535622835}}, "featureImportances": {"2015": {"wdi2-NY.GDP.MKTP.CN": 87.99931634962559, "ldc-AFF-Index": 38.44758991897106, "ldc-AFF-Value": 12.751746952533722, "ldc-AIN-Index": 68.58121299743652, "ldc-AIN-Value": 26.591641202569008, "ldc-ALR-Index": 81.98441353812814, "ldc-ALR-Value": 24.088623821735386, "ldc-DRY-Index": 232.78838581591845, "ldc-DRY-Value": 0.0, "ldc-EVI": 1201.4269704446197}, "2020": {"wdi2-NE.DAB.TOTL.CN": 186.91111290454865, "wdi2-NY.GDY.TOTL.KN": 162.97133521735668, "ldc-AFF-Index": 223.18027564883232, "ldc-AFF-Value": 9.357590079307556, "ldc-AIN-Index": 98.4259118437767, "ldc-AIN-Value": 11.842418879270554, "ldc-ALR-Index": 276.70247380435467, "ldc-ALR-Value": 96.64264257252216, "ldc-DRY-Index": 536.5564454942942, "ldc-DRY-Value": 0.0}, "2021": {"key-50": 417.46343352645636, "key-39": 134.05862987786531, "key-49": 288.46699015796185, "ldc-AFF-Index": 108.02272906526923, "ldc-AFF-Value": 26.600252211093903, "ldc-AIN-Index": 47.59268110990524, "ldc-AIN-Value": 15.327360853552818, "ldc-ALR-Index": 153.33838137984276, "ldc-ALR-Value": 56.03139078617096, "ldc-DRY-Index": 488.27674539387226}}, "performance": {"2015": 0.2024831172808182, "2020": 0.3408583242090944, "2021": 0.2720478960510943}}