{"key-51": {"data": {"2021": {"ATG": 0.0060314220132373, "BHS": 0.0014435738062273, "BHR": 0.001881160105765, "BRB": 0.0056995584565175, "BLZ": 0.0004814819386282, "BMU": 0.0022577157774074, "CPV": 0.003731874711229, "COM": 0.0021392302168637, "CUW": 0.0042726973091747, "DMA": 0.0031558865239206, "DOM": 0.0020823172199356, "FJI": 0.009253216934336, "GRD": 0.0027498676815669, "GNB": 0.0007458289763735, "GUY": 0.0007023905886289, "HTI": 0.0037630746313397, "JAM": 0.008016066977495, "KIR": 0.0110302125, "MDV": 0.0054409828317278, "MUS": 0.0232788993452353, "PLW": 0.0076279577967883, "PNG": 0.0022930748163683, "KNA": 0.0029053084648493, "LCA": 0.0036966702030516, "VCT": 0.0028543071934756, "WSM": 0.0102962722599723, "STP": 0.0007333315372095, "SYC": 0.0961760085927634, "SGP": 0.0031245420167595, "SLB": 0.0017133006233166, "SUR": 0.001411272674524, "TLS": 0.0038326500654211, "TON": 0.0054240259152835, "TTO": 0.0018145248242481, "TCA": 0.0055035221706759, "TUV": 0.0052886029411764, "VUT": 0.0071491267631628}, "recentValue": {"ATG": 0.0060314220132373, "BHS": 0.0014435738062273, "BMU": 0.0022577157774074, "BHR": 0.001881160105765, "BRB": 0.0056995584565175, "BLZ": 0.0004814819386282, "CPV": 0.003731874711229, "COM": 0.0021392302168637, "CUW": 0.0042726973091747, "DMA": 0.0031558865239206, "DOM": 0.0020823172199356, "FJI": 0.009253216934336, "GRD": 0.0027498676815669, "GNB": 0.0007458289763735, "GUY": 0.0007023905886289, "HTI": 0.0037630746313397, "JAM": 0.008016066977495, "KIR": 0.0110302125, "MDV": 0.0054409828317278, "MUS": 0.0232788993452353, "PLW": 0.0076279577967883, "PNG": 0.0022930748163683, "WSM": 0.0102962722599723, "STP": 0.0007333315372095, "SYC": 0.0961760085927634, "SGP": 0.0031245420167595, "SLB": 0.0017133006233166, "KNA": 0.0029053084648493, "VCT": 0.0028543071934756, "LCA": 0.0036966702030516, "SUR": 0.001411272674524, "TLS": 0.0038326500654211, "TTO": 0.0018145248242481, "TON": 0.0054240259152835, "TUV": 0.0052886029411764, "TCA": 0.0055035221706759, "VUT": 0.0071491267631628}, "recentYear": {"ATG": "2021", "BHS": "2021", "BMU": "2021", "BHR": "2021", "BRB": "2021", "BLZ": "2021", "CPV": "2021", "COM": "2021", "CUW": "2021", "DMA": "2021", "DOM": "2021", "FJI": "2021", "GRD": "2021", "GNB": "2021", "GUY": "2021", "HTI": "2021", "JAM": "2021", "KIR": "2021", "MDV": "2021", "MUS": "2021", "PLW": "2021", "PNG": "2021", "WSM": "2021", "STP": "2021", "SYC": "2021", "SGP": "2021", "SLB": "2021", "KNA": "2021", "VCT": "2021", "LCA": "2021", "SUR": "2021", "TLS": "2021", "TTO": "2021", "TON": "2021", "TUV": "2021", "TCA": "2021", "VUT": "2021"}}, "def": "Fisheries export (% of GDP)", "name": "Fisheries export (% of GDP)", "source": "FAO /WorldBank", "dataset": "FAO /WorldBank", "category": "Blue", "subcategory": "None", "link": "http://www.fao.org/fishery/statistics/en", "dim": "None", "priority": "1.0", "units": "% of GDP"}, "confidenceIntervals": {"2021": {"ATG": 0.00060314220132373, "BHS": 0.00014435738062273002, "BLZ": 0.00012037048465705, "BMU": 0.0003225308253439143, "JAM": 0.0011451524253564287, "KIR": 0.002757553125, "STP": 0.000183332884302375, "SGP": 0.000781135504189875, "TLS": 0.0005475214379173, "TTO": 0.00025921783203544283, "VUT": 0.0017872816907907}, "recentValue": {"ATG": 0.0008616317161767572, "BHR": 0.00018811601057650002, "MUS": 0.0023278899345235303, "SYC": 0.00961760085927634, "TLS": 0.000958162516355275, "TCA": 0.001375880542668975}}, "featureImportances": {"indicators": {"hdr-23906": 0.885, "wdi-DT.DOD.DPPG.CD": 0.306, "irena-me-gen-all": 0.691, "oecd-RD_332WAVE": 0.963, "wdi2-SE.TER.ENRR.FE": 0.774, "ihme-intracerebral-hemorrhage": 0.938, "wdi-BX.GSR.CCIS.CD": 0.461, "wdi2-SE.PRM.ENRR": 0.209, "wdi-IC.FRM.TRNG.ZS": 0.027, "wdi2-NE.RSB.GNFS.ZS": 0.758}, "categories": {"Ocean renewable energy R&D budgets": 0.135, "Trade and financial flows": 0.032, "Dermatitis": 0.2, "Other infectious diseases": 0.846}}}