{"data": {"2015": {"ATG": -0.0015452998501163, "BHS": -0.0227303654973486, "BHR": 0.0, "BRB": -0.0015361086865869, "BLZ": -0.3233983115595485, "CPV": -0.1837346330838329, "COM": 0.0052119340276274, "CUB": 0.000278795, "DMA": -0.0825744345866841, "DOM": 0.005899807, "FJI": -0.1826990209568164, "GRD": 0.0214038473243691, "GNB": 0.0030157118710254, "GUY": -0.0019534526174943, "HTI": 0.008356546, "JAM": 0.000982299, "KIR": -0.1775717122681922, "MDV": -0.0757691386716091, "MHL": -0.0943541442710794, "MUS": -0.2062432455515689, "FSM": 0.0566282784807493, "NRU": 0.034486061608244, "PLW": -0.0078358646400251, "PNG": 0.0773493900491912, "WSM": -0.0490763577036385, "STP": -0.264968687019301, "SYC": -0.1645892213881093, "SGP": 0.0, "SLB": -0.082764074319477, "KNA": 0.0214038473243691, "VCT": 0.0214038473243691, "LCA": -0.1007347294199968, "SUR": -0.1738399793949851, "TLS": 0.1273505107719933, "TTO": 0.0, "TON": -0.3626947613527194, "TUV": -0.0915639633000873, "VUT": -0.3659310326711039, "ABW": -0.1623765209088204, "AIA": -0.0342299677470658, "BMU": -0.0097164101587066, "COK": -0.0342299677470658, "CUW": 0.0533426238192781, "CYM": -0.1329762774950994, "MSR": -0.0342299677470658, "NIU": -0.0342299677470658, "SXM": -0.0596057959060949, "TCA": -0.0823946927793668, "TKL": -0.0342299677470658, "VGB": 0.0627626757307242}}, "upperIntervals": {"2015": {"ATG": 0.46485657118498, "BHS": 0.4436715055377477, "BRB": 0.4648657623485094, "BLZ": 0.1430035594755478, "CPV": 0.2826672379512634, "COM": 0.4716138050627238, "DMA": 0.3838274364484122, "FJI": 0.28370285007828, "GRD": 0.4878057183594655, "GNB": 0.4694175829061218, "GUY": 0.464448418417602, "KIR": 0.2888301587669041, "MDV": 0.3906327323634873, "MHL": 0.372047726764017, "MUS": 0.2601586254835274, "FSM": 0.5230301495158457, "NRU": 0.5008879326433404, "PLW": 0.4585660063950713, "PNG": 0.5437512610842876, "WSM": 0.4173255133314578, "STP": 0.2014331840157953, "SYC": 0.301812649646987, "SLB": 0.3836377967156194, "KNA": 0.4878057183594655, "VCT": 0.4878057183594655, "LCA": 0.3656671416150996, "SUR": 0.2925618916401112, "TLS": 0.5937523818070897, "TON": 0.1037071096823769, "TUV": 0.3748379077350091, "VUT": 0.1004708383639925, "ABW": 0.3040253501262759, "AIA": 0.4321719032880305, "BMU": 0.4566854608763897, "COK": 0.4321719032880305, "CUW": 0.5197444948543746, "CYM": 0.3334255935399969, "MSR": 0.4321719032880305, "NIU": 0.4321719032880305, "SXM": 0.4067960751290015, "TCA": 0.3840071782557295, "TKL": 0.4321719032880305, "VGB": 0.5291645467658206}}, "lowerIntervals": {"2015": {"ATG": -0.5667912101244479, "BHS": -0.5879762757716801, "BRB": -0.5667820189609184, "BLZ": -0.8886442218338799, "CPV": -0.7489805433581644, "COM": -0.560033976246704, "DMA": -0.6478203448610156, "FJI": -0.7479449312311479, "GRD": -0.5438420629499623, "GNB": -0.562230198403306, "GUY": -0.5671993628918258, "KIR": -0.7428176225425237, "MDV": -0.6410150489459405, "MHL": -0.6596000545454109, "MUS": -0.7714891558259005, "FSM": -0.5086176317935822, "NRU": -0.5307598486660874, "PLW": -0.5730817749143566, "PNG": -0.4878965202251402, "WSM": -0.61432226797797, "STP": -0.8302145972936326, "SYC": -0.7298351316624409, "SLB": -0.6480099845938085, "KNA": -0.5438420629499623, "VCT": -0.5438420629499623, "LCA": -0.6659806396943283, "SUR": -0.7390858896693167, "TLS": -0.4378953995023381, "TON": -0.9279406716270509, "TUV": -0.6568098735744188, "VUT": -0.9311769429454352, "ABW": -0.7276224311831518, "AIA": -0.5994758780213973, "BMU": -0.5749623204330381, "COK": -0.5994758780213973, "CUW": -0.5119032864550532, "CYM": -0.6982221877694309, "MSR": -0.5994758780213973, "NIU": -0.5994758780213973, "SXM": -0.6248517061804264, "TCA": -0.6476406030536983, "TKL": -0.5994758780213973, "VGB": -0.5024832345436072}}, "categoryImportances": {"2015": {"Indicators": 0.4040676410622833, "Economic Policy & Debt": 0.0581557216937653}}, "featureImportances": {"2015": {"wdi2-NY.GDP.MKTP.CN": 0.0581557216937653, "ndgain-id_ecos_02-raw": 0.0344739471383945, "ndgain-id_ecos_02-score": 0.0, "ndgain-id_ecos_06-score": 0.0486748135008383, "ndgain-id_food_04-raw": 0.1228970782394753, "ndgain-id_food_04-score": 0.0, "ndgain-id_habi_01-raw": 0.1285733552795136, "ndgain-id_habi_01-score": 0.0101797884453844, "ndgain-id_habi_02-raw": 0.0592686584586772, "ndgain-id_habi_02-score": 0.0}}}