{"data": {"2015": {"ATG": 0.5010931090454027, "BHS": 0.2140344869631006, "BHR": 0.0413063640953525, "BRB": 0.5444042799275597, "BLZ": 0.5356391973298217, "CPV": 0.3962066593258557, "COM": 0.5565008900168124, "CUB": 0.591808637993792, "DMA": 0.3844476760886015, "DOM": 0.4364708107050581, "FJI": 0.7553865052025491, "GRD": 0.5670275788176585, "GNB": 0.7485527899150233, "GUY": 0.5405671881600235, "HTI": 0.5736051207330226, "JAM": 0.6195898884328519, "KIR": 0.7718001238179679, "MDV": 0.6257902991047478, "MHL": 0.4582770927992191, "MUS": 0.5528110761482246, "FSM": 0.8692413843045655, "NRU": 0.3376684649627577, "PLW": 0.6192107591882761, "PNG": 0.6761015648525156, "WSM": 0.529604666460731, "STP": 0.3805887986727498, "SYC": 0.5631074492668474, "SGP": 0.0, "SLB": 0.592517361709522, "KNA": 0.5670275788176585, "VCT": 0.5670275788176585, "LCA": 0.5356391973298217, "SUR": 0.3595939260002206, "TLS": 0.8021748712822154, "TTO": 0.5404122225261694, "TON": 0.5424729126173474, "TUV": 0.9664126835778, "VUT": 0.555359675318249, "ABW": 0.4056416659399217, "AIA": 0.4797938323204777, "BMU": 0.2994177042259053, "COK": 0.4797938323204777, "CUW": 0.2013400959680988, "CYM": 0.1427955410001199, "MSR": 0.4797938323204777, "NIU": 0.4797938323204777, "SXM": 0.2484574454412156, "TCA": 0.30477367891603, "TKL": 0.4797938323204777, "VGB": 0.3469503285411528}}, "upperIntervals": {"2015": {"ATG": 0.9943865952904822, "BHS": 0.7073279732081801, "BRB": 1.0376977661726392, "BLZ": 1.028932683574901, "CPV": 0.8895001455709353, "COM": 1.0497943762618918, "DMA": 0.877741162333681, "DOM": 0.9297642969501376, "FJI": 1.2486799914476283, "GRD": 1.060321065062738, "GNB": 1.2418462761601028, "GUY": 1.0338606744051029, "HTI": 1.066898606978102, "JAM": 1.1128833746779314, "KIR": 1.2650936100630474, "MDV": 1.1190837853498272, "MHL": 0.9515705790442984, "MUS": 1.046104562393304, "FSM": 1.362534870549645, "NRU": 0.8309619512078372, "PLW": 1.1125042454333556, "PNG": 1.169395051097595, "STP": 0.8738822849178293, "SYC": 1.0564009355119268, "SLB": 1.0858108479546014, "KNA": 1.060321065062738, "VCT": 1.060321065062738, "LCA": 1.028932683574901, "SUR": 0.8528874122453001, "TLS": 1.295468357527295, "TTO": 1.033705708771249, "TON": 1.0357663988624268, "VUT": 1.0486531615633286, "ABW": 0.8989351521850011, "AIA": 0.9730873185655572, "BMU": 0.7927111904709848, "COK": 0.9730873185655572, "CUW": 0.6946335822131784, "CYM": 0.6360890272451993, "MSR": 0.9730873185655572, "NIU": 0.9730873185655572, "SXM": 0.7417509316862951, "TCA": 0.7980671651611095, "TKL": 0.9730873185655572, "VGB": 0.8402438147862323}}, "lowerIntervals": {"2015": {"ATG": 0.1299873511639775, "BHS": -0.1570712709183245, "BRB": 0.1732985220461345, "BLZ": 0.1645334394483965, "CPV": 0.0251009014444305, "COM": 0.1853951321353871, "DMA": 0.0133419182071763, "DOM": 0.0653650528236329, "FJI": 0.3842807473211239, "GRD": 0.1959218209362333, "GNB": 0.3774470320335981, "GUY": 0.1694614302785982, "HTI": 0.2024993628515974, "JAM": 0.2484841305514267, "KIR": 0.4006943659365427, "MDV": 0.2546845412233226, "MHL": 0.0871713349177938, "MUS": 0.1817053182667993, "FSM": 0.4981356264231403, "NRU": -0.0334372929186674, "PLW": 0.2481050013068508, "PNG": 0.3049958069710904, "STP": 0.0094830407913246, "SYC": 0.1920016913854222, "SLB": 0.2214116038280967, "KNA": 0.1959218209362333, "VCT": 0.1959218209362333, "LCA": 0.1645334394483965, "SUR": -0.0115118318812045, "TLS": 0.4310691134007902, "TTO": 0.1693064646447442, "TON": 0.1713671547359222, "VUT": 0.1842539174368238, "ABW": 0.0345359080584964, "AIA": 0.1086880744390524, "BMU": -0.0716880536555198, "COK": 0.1086880744390524, "CUW": -0.1697656619133263, "CYM": -0.2283102168813052, "MSR": 0.1086880744390524, "NIU": 0.1086880744390524, "SXM": -0.1226483124402095, "TCA": -0.0663320789653951, "TKL": 0.1086880744390524, "VGB": -0.0241554293402723}}, "categoryImportances": {"2015": {"Indicators": 1.0190169495544976, "Financial Sector": 0.0364298576168948}}, "featureImportances": {"2015": {"wdi-FM.AST.DOMS.CN": 0.0364298576168948, "ndgain-id_ecos_02-raw": 0.0255068045007647, "ndgain-id_ecos_02-score": 0.0, "ndgain-id_ecos_06-score": 0.3784153370870626, "ndgain-id_food_04-raw": 0.5402688253598171, "ndgain-id_food_04-score": 0.0, "ndgain-id_habi_01-raw": 0.0333361909069935, "ndgain-id_habi_01-score": 0.0, "ndgain-id_habi_02-raw": 0.0414897916998597, "ndgain-id_habi_02-score": 0.0}}}