{"ndgain-id_infr_04-raw": {"data": {"2000": {"ATG": 11.783117875, "BHS": 20.401368008, "BHR": 34.297486256, "BRB": 0.715679613, "BLZ": 20.63278388, "CPV": 5.56524502, "COM": 0.723716408, "CUB": 2.9048968, "DMA": 0.981510407, "DOM": 1.243797671, "FJI": 4.842609295, "GRD": 1.898765868, "GNB": 15.299053821, "GUY": 27.89382893, "HTI": 1.828625403, "JAM": 3.629173432, "KIR": 20.570518704, "MDV": 48.23643801, "MHL": 35.86786808, "MUS": 1.408901749, "FSM": 8.415367187, "NRU": 7.626450683, "PLW": 3.537331467, "PNG": 0.488582024, "KNA": 3.883866749, "LCA": 1.59973112, "VCT": 3.724920276, "WSM": 1.452109845, "STP": 1.308402791, "SYC": 16.746553599, "SGP": 10.48213837, "SLB": 2.820193, "SUR": 55.960698118, "TLS": 0.935187033, "TON": 7.531481197, "TTO": 2.9237912, "TUV": 47.46696097, "VUT": 1.173296785}, "2010": {"ATG": 11.829548498, "BHS": 20.284972574, "BHR": 34.281653244, "BRB": 0.705708771, "BLZ": 20.532004548, "CPV": 5.636994383, "COM": 0.723851157, "CUB": 2.907142218, "DMA": 0.98172487, "DOM": 1.230040795, "FJI": 4.892924565, "GRD": 1.885817633, "GNB": 15.2648231, "GUY": 27.86865105, "HTI": 1.867985623, "JAM": 3.629412269, "KIR": 20.570596352, "MDV": 48.23643801, "MHL": 35.86786808, "MUS": 1.413202542, "FSM": 8.41057523, "NRU": 7.613074013, "PLW": 3.453916326, "PNG": 0.487487608, "KNA": 3.89468574, "LCA": 1.614210115, "VCT": 3.710258969, "WSM": 1.44459699, "STP": 1.320859447, "SYC": 16.637164547, "SGP": 10.332070593, "SLB": 2.856797328, "SUR": 56.188497572, "TLS": 0.9350375, "TON": 7.528864139, "TTO": 2.907216261, "TUV": 47.46696097, "VUT": 1.176430145}, "recentValue": {"ATG": 11.829548498, "BHS": 20.284972574, "BHR": 34.281653244, "BRB": 0.705708771, "BLZ": 20.532004548, "CPV": 5.636994383, "COM": 0.723851157, "CUB": 2.907142218, "DMA": 0.98172487, "DOM": 1.230040795, "FJI": 4.892924565, "GRD": 1.885817633, "GNB": 15.2648231, "GUY": 27.86865105, "HTI": 1.867985623, "JAM": 3.629412269, "KIR": 20.570596352, "MDV": 48.23643801, "MHL": 35.86786808, "MUS": 1.413202542, "FSM": 8.41057523, "NRU": 7.613074013, "PLW": 3.453916326, "PNG": 0.487487608, "WSM": 1.44459699, "STP": 1.320859447, "SYC": 16.637164547, "SGP": 10.332070593, "SLB": 2.856797328, "KNA": 3.89468574, "VCT": 3.710258969, "LCA": 1.614210115, "SUR": 56.188497572, "TLS": 0.9350375, "TTO": 2.907216261, "TON": 7.528864139, "TUV": 47.46696097, "VUT": 1.176430145}, "recentYear": {"ATG": "2010", "BHS": "2010", "BHR": "2010", "BRB": "2010", "BLZ": "2010", "CPV": "2010", "COM": "2010", "CUB": "2010", "DMA": "2010", "DOM": "2010", "FJI": "2010", "GRD": "2010", "GNB": "2010", "GUY": "2010", "HTI": "2010", "JAM": "2010", "KIR": "2010", "MDV": "2010", "MHL": "2010", "MUS": "2010", "FSM": "2010", "NRU": "2010", "PLW": "2010", "PNG": "2010", "WSM": "2010", "STP": "2010", "SYC": "2010", "SGP": "2010", "SLB": "2010", "KNA": "2010", "VCT": "2010", "LCA": "2010", "SUR": "2010", "TLS": "2010", "TTO": "2010", "TON": "2010", "TUV": "2010", "VUT": "2010"}}, "def": "Description: The proportion of the population living in the area where elevation is 5 m or less. It is a simple measure of the population sensitive to coastal risks. \nRationale: An estimate of the population sensitive to the risks arising from seal-level rise, storm surge and similar effects, which are exacerbated by climate change. ", "name": "Population living under 5m above sea level", "source": "Population living in areas where elevation is below 5 meters (% of total; population), WDI", "dataset": "Population living in areas where elevation is below 5 meters (% of total; population), WDI", "category": "Indicators", "subcategory": "Infrastructure", "link": "https://gain.nd.edu/", "dim": "raw", "priority": "4.0", "units": "%"}, "confidenceIntervals": {"2000": {"BHR": 4.8996408937142855, "BRB": 0.715679613, "CPV": 5.56524502, "DMA": 0.24537760175, "DOM": 0.17768538157142857, "JAM": 0.3629173432, "MHL": 8.96696702, "MUS": 0.35222543725, "KNA": 0.554838107, "WSM": 0.1452109845, "SGP": 1.048213837, "TON": 0.7531481197, "TTO": 0.4176844571428572}, "2010": {"DOM": 0.17572011357142858, "MUS": 0.1413202542, "FSM": 8.41057523, "NRU": 7.613074013, "PNG": 0.0487487608, "LCA": 0.40355252875, "SYC": 16.637164547, "SLB": 2.856797328, "TUV": 6.780994424285715}, "recentValue": {"DOM": 0.17572011357142858, "MDV": 4.823643801, "MUS": 0.20188607742857143, "STP": 0.13208594469999999, "SUR": 14.047124393, "TLS": 0.09350375}}, "featureImportances": {"indicators": {"wdi2-SH.PRV.SMOK": 0.474, "igrac-twap_sids_socioeconomic_percagridepgw": 0.612, "wdi2-SH.STA.OWGH.ME.ZS": 0.947, "wdi-HD.HCI.OVRL.LB": 0.919, "ndgain-id_wate_06-score": 0.234, "wdi2-NY.ADJ.DFOR.GN.ZS": 0.256, "ihme-cirrhosis-and-other-chronic-liver-diseases": 0.635, "unicef-cm19": 0.768, "unicef-e12": 0.703, "wdi-BX.GSR.NFSV.CD": 0.01}, "categories": {"Environmental": 0.342, "Musculoskeletal disorders": 0.04, "Leukemia": 0.422, "Diabetes and kidney diseases": 0.746}}}