{"data": {"2015": {"ATG": 60.95113318511995, "BHS": 97.2072117166354, "BHR": 98.9832621252058, "BRB": 61.25927450346969, "BLZ": 82.39400564568473, "CPV": 79.49399634960622, "COM": 44.08880494290367, "CUB": 89.67766674321561, "DMA": 93.46511557871987, "DOM": 66.86232139415701, "FJI": 84.71063836345915, "GRD": 87.1152683516591, "GNB": 55.84649232429788, "GUY": 30.821236783457017, "HTI": 59.43460304455833, "JAM": 61.41207081421715, "KIR": 86.18698315996434, "MDV": 63.7691319725255, "MHL": 94.06446698499138, "MUS": 51.36652922130154, "FSM": 61.908709339797504, "NRU": 102.04883916185535, "PLW": 95.85076736471234, "PNG": 40.82767240560043, "WSM": 58.6886413324073, "STP": 89.32129167596156, "SYC": 81.17555201938092, "SGP": 100.0, "SLB": 58.01030814274938, "KNA": 65.9022544323055, "VCT": 87.02553172469683, "LCA": 64.84953438216804, "SUR": 92.45222402642445, "TLS": 65.9022544323055, "TTO": 68.3788691864681, "TON": 61.71829346152554, "TUV": 89.14494409848689, "VUT": 43.5166967336493, "ABW": 86.23766054342207, "AIA": 55.1928307480115, "BMU": 94.89275148619944, "COK": 55.1928307480115, "CUW": 94.00641461256365, "CYM": 96.95243467687716, "MSR": 55.1928307480115, "NIU": 55.1928307480115, "SXM": 97.18446025941864, "TCA": 90.4876087618611, "TKL": 55.1928307480115, "VGB": 98.05245941992492}}, "upperIntervals": {"2015": {"ATG": 91.6110601941706, "BHS": 127.86713872568606, "BRB": 91.91920151252036, "BLZ": 113.05393265473538, "CPV": 110.15392335865688, "COM": 74.74873195195433, "CUB": 120.33759375226626, "DMA": 124.12504258777054, "DOM": 97.52224840320768, "FJI": 115.37056537250982, "GNB": 86.50641933334853, "GUY": 61.48116379250767, "HTI": 90.094530053609, "JAM": 92.0719978232678, "KIR": 116.846910169015, "MDV": 94.42905898157616, "MHL": 124.72439399404205, "MUS": 82.0264562303522, "FSM": 92.56863634884816, "NRU": 132.70876617090602, "PLW": 126.510694373763, "PNG": 71.48759941465109, "STP": 119.9812186850122, "SYC": 111.83547902843156, "SLB": 88.67023515180003, "KNA": 96.56218144135616, "VCT": 117.68545873374748, "LCA": 95.50946139121872, "SUR": 123.11215103547508, "TLS": 96.56218144135616, "TTO": 99.03879619551876, "TON": 92.3782204705762, "TUV": 119.80487110753754, "ABW": 116.89758755247271, "AIA": 85.85275775706216, "BMU": 125.55267849525008, "COK": 85.85275775706216, "CUW": 124.6663416216143, "CYM": 127.6123616859278, "MSR": 85.85275775706216, "NIU": 85.85275775706216, "SXM": 127.84438726846928, "TCA": 121.14753577091176, "TKL": 85.85275775706216, "VGB": 128.71238642897558}}, "lowerIntervals": {"2015": {"ATG": 21.54057304736604, "BHS": 57.79665157888149, "BRB": 21.84871436571578, "BLZ": 42.98344550793082, "CPV": 40.08343621185231, "COM": 4.67824480514976, "CUB": 50.2671066054617, "DMA": 54.05455544096598, "DOM": 27.451761256403096, "FJI": 45.30007822570524, "GNB": 16.435932186543965, "GUY": -8.589323354296894, "HTI": 20.02404290680441, "JAM": 22.00151067646324, "KIR": 46.77642302221043, "MDV": 24.35857183477159, "MHL": 54.65390684723747, "MUS": 11.955969083547629, "FSM": 22.498149202043592, "NRU": 62.63827902410146, "PLW": 56.44020722695843, "PNG": 1.4171122678465196, "STP": 49.91073153820765, "SYC": 41.764991881627004, "SLB": 18.59974800499547, "KNA": 26.491694294551586, "VCT": 47.61497158694292, "LCA": 25.438974244414133, "SUR": 53.04166388867052, "TLS": 26.491694294551586, "TTO": 28.968309048714183, "TON": 22.30773332377163, "TUV": 49.73438396073298, "ABW": 46.82710040566816, "AIA": 15.78227061025759, "BMU": 55.48219134844553, "COK": 15.78227061025759, "CUW": 54.59585447480973, "CYM": 57.54187453912324, "MSR": 15.78227061025759, "NIU": 15.78227061025759, "SXM": 57.77390012166473, "TCA": 51.07704862410719, "TKL": 15.78227061025759, "VGB": 58.64189928217102}}, "categoryImportances": {"2015": {"Indicators": 4940.577201746404, "Economic Policy & Debt": 859.3475515246391}}, "featureImportances": {"2015": {"wdi2-NY.GNP.MKTP.CN": 859.3475515246391, "ndgain-id_ecos_02-raw": 53.97351104021072, "ndgain-id_ecos_02-score": 27.152080535888672, "ndgain-id_ecos_06-score": 405.8459720909596, "ndgain-id_food_04-raw": 4210.948227278888, "ndgain-id_food_04-score": 0.0, "ndgain-id_habi_01-raw": 114.4469654262066, "ndgain-id_habi_01-score": 0.0, "ndgain-id_habi_02-raw": 73.22496896982193, "ndgain-id_habi_02-score": 54.98547640442848}}, "performance": {"2015": 0.2597755037927935}}