{"data": {"2015": {"ASM": 2595608523.6241994, "ATG": 3416327000.0, "ABW": 3804900000.0, "BHS": 6314200000.0, "BRB": 10753812777.0, "BLZ": 2874104494.0, "VGB": 2125372000000.0, "CPV": 157000000000.0, "COM": 114000000000.0, "CUB": 67255746284.994, "CUW": 6773686478.395, "DMA": 1412675000.0, "DOM": 1090000000000.0, "FJI": 7198333003.0, "PYF": 79757972088.112, "GRD": 2334479000.0, "GUM": 16155638251.041, "GNB": 306000000000.0, "GUY": 443000000000.0, "HTI": 216000000000.0, "JAM": 784000000000.0, "KIR": 740394334.2408017, "MDV": 30491924284.0, "MHL": 1111373946.5202012, "MUS": 438000000000.0, "FSM": 178273000.0, "NRU": 1352885334.159001, "NCL": 15434800000000.0, "MNP": 3271396466.288197, "PLW": 1074110177.7318003, "PNG": 20218603495.0, "PRI": 112580304426.676, "KNA": 3756463000.0, "LCA": 3577491000.0, "VCT": 1595581000.0, "WSM": 868413000.0, "STP": 2839920423.0, "SYC": 12172546746.0, "SGP": 520000000000.0, "SXM": 2404756331.9738, "SLB": 4180163552.0, "SUR": 10638421193.0, "TLS": 642257332.1, "TON": 450195805.4, "TTO": 104000000000.0, "TUV": 1603148819.276001, "VIR": 10360265553.707, "VUT": 65060516127.0, "AIA": 84621200000000.0, "COK": 84621200000000.0, "MSR": 84621200000000.0, "NIU": 84621200000000.0}, "2020": {"ASM": 300263876204269.06, "ATG": 3524982480.0, "ABW": 4792000000.0, "BHS": 50042372441494.98, "BRB": 1425431143495.3057, "BLZ": 3533801971.0, "VGB": 1471082188380.74, "CPV": 207000000000.0, "COM": 166000000000.0, "CUB": 1516765573109.4768, "CUW": 1329424239006.1516, "DMA": 1389110940.0, "DOM": 1910000000000.0, "FJI": 1312443948118.167, "PYF": 86653579182536.19, "GRD": 2658779150.0, "GUM": 4812916158216.686, "GNB": 3253943334230.8687, "GUY": 644000000000.0, "HTI": 1597761015054.0022, "JAM": 1674550498704.5996, "KIR": 1312443948118.167, "MDV": 41394841351.0, "MHL": 1487863595526.46, "MUS": 704000000000.0, "FSM": 3095961704917.821, "NRU": 1312443948118.167, "NCL": 1929307508019.0684, "MNP": 2852930375032.013, "PLW": 1312443948118.167, "PNG": 3478112302969.9824, "PRI": 1312443948118.167, "KNA": 2771547080.0, "LCA": 3122367850.0, "VCT": 1643466360.0, "WSM": 1309902000.0, "STP": 1312443948118.167, "SYC": 25160161222.0, "SGP": 716000000000.0, "SXM": 4680316954411.008, "SLB": 5418382431.0, "SUR": 32879114249.0, "TLS": 1312443948118.167, "TON": 707496412.9, "TTO": 118000000000.0, "TUV": 1312443948118.167, "VIR": 1312443948118.167, "VUT": 94570772577.0, "AIA": 1312443948118.167, "COK": 1312443948118.167, "MSR": 1312443948118.167, "NIU": 1312443948118.167}}, "upperIntervals": {"2015": {"ASM": 10753812777.0, "VGB": 8770000000000.0, "CUB": 73967330000.0, "CUW": 15146505257.0, "PYF": 157000000000.0, "GUM": 34239348800.0, "KIR": 1595581000.0, "MHL": 3577491000.0, "NRU": 3756463000.0, "NCL": 19800000000000.0, "MNP": 10755606124.95, "PLW": 2334479000.0, "PRI": 157000000000.0, "SXM": 4414529163.799787, "TUV": 3756463000.0, "VIR": 34239348800.0, "AIA": 139000000000000.0, "COK": 139000000000000.0, "MSR": 139000000000000.0, "NIU": 139000000000000.0}, "2020": {"ASM": 1520000000000000.0, "BHS": 188000000000000.0, "BRB": 3432596523132.245, "VGB": 3443154754687.0845, "CUB": 3683897323572.7134, "CUW": 3162658110931.025, "FJI": 3162658110931.025, "PYF": 188000000000000.0, "GUM": 17112086538461.533, "GNB": 13246160861759.422, "HTI": 4044943032481.7017, "JAM": 4386655376768.3076, "KIR": 3162658110931.025, "MHL": 3443154754687.0845, "FSM": 12101797806050.535, "NRU": 3162658110931.025, "NCL": 4668536397808.471, "MNP": 10744012923515.87, "PLW": 3162658110931.025, "PNG": 12534741071023.635, "PRI": 3162658110931.025, "STP": 3162658110931.025, "SXM": 17112086538461.533, "TLS": 3162658110931.025, "TUV": 3162658110931.025, "VIR": 3162658110931.025, "AIA": 3162658110931.025, "COK": 3162658110931.025, "MSR": 3162658110931.025, "NIU": 3162658110931.025}}, "lowerIntervals": {"2015": {"ASM": 178273000.0, "VGB": 473000000000.0, "CUB": 30595776713.0, "CUW": 2427884624.0, "PYF": 18647208317.0, "GUM": 2427884624.0, "KIR": 178273000.0, "MHL": 178273000.0, "NRU": 178273000.0, "NCL": 7070000000000.0, "MNP": 178273000.0, "PLW": 178273000.0, "PRI": 30595776713.0, "SXM": 178273000.0, "TUV": 178273000.0, "VIR": 2334479000.0, "AIA": 21300000000000.0, "COK": 21300000000000.0, "MSR": 21300000000000.0, "NIU": 21300000000000.0}, "2020": {"ASM": 223894869124.43314, "BHS": 183137316156.0452, "BRB": 285939516391.0694, "VGB": 285939516391.0694, "CUB": 391573252235.09784, "CUW": 346143346252.6958, "FJI": 285939516391.0694, "PYF": 3122367850.0, "GUM": 382981415354.5519, "GNB": 346062245575.6106, "HTI": 391573252235.09784, "JAM": 285939516391.0694, "KIR": 285939516391.0694, "MHL": 346143346252.6958, "FSM": 359602094247.0207, "NRU": 285939516391.0694, "NCL": 346143346252.6958, "MNP": 359602094247.0207, "PLW": 285939516391.0694, "PNG": 384597909783.78827, "PRI": 285939516391.0694, "STP": 285939516391.0694, "SXM": 382981415354.5519, "TLS": 285939516391.0694, "TUV": 285939516391.0694, "VIR": 285939516391.0694, "AIA": 285939516391.0694, "COK": 285939516391.0694, "MSR": 285939516391.0694, "NIU": 285939516391.0694}}, "categoryImportances": {"2015": {"Environment": 0.06012483412742199, "Economic Policy & Debt": 0.9398751658725774}, "2020": {"Financial Sector": 0.1841990040758677, "Infrastructure": 0.09780228031713166, "Economic Policy & Debt": 0.6744345167757739, "Education": 0.002394227547424951, "Health": 0.04116997128380192}}, "featureImportances": {"2015": {"wdi2-NY.GDP.MKTP.CN": 0.9398751658725774, "wdi-AG.LND.TOTL.K2": 0.0040948237623333, "wdi-AG.SRF.TOTL.K2": 0.004047130523534, "wdi-EG.ELC.ACCS.ZS": 0.007786061396289, "wdi-EG.ELC.RNEW.ZS": 0.0074776919118268, "wdi-EG.FEC.RNEW.ZS": 0.006489453883246, "wdi-EN.ATM.CO2E.GF.KT": 0.0101246340048548, "wdi-EN.ATM.CO2E.LF.KT": 0.0064532704030144, "wdi-EN.ATM.CO2E.SF.KT": 0.005916119842056, "wdi-EN.POP.DNST": 0.0077356484002677}, "2020": {"wdi2-NE.DAB.TOTL.CN": 0.6744345167757739, "wdi-FM.LBL.BMNY.ZG": 0.006284139729443776, "wdi2-SP.POP.GROW": 0.00976012681753041, "wdi2-SP.POP.TOTL": 0.03140984446627151, "wdi-FM.AST.CGOV.ZG.M3": 0.0070995658165027, "wdi-FM.AST.PRVT.ZG.M3": 0.011189596755392885, "wdi-IT.NET.SECR": 0.08574225528469166, "wdi-IT.NET.SECR.P6": 0.012060025032439997, "wdi2-PA.NUS.ATLS": 0.15962570177452834, "wdi2-SE.PRM.AGES": 0.002394227547424951}}}