{"data": {"2015": {"ASM": 128.8955573394466, "ATG": 46.72805384507424, "ABW": 90.89336958913393, "BHS": 73.8973169748749, "BRB": 62.54697773, "BLZ": 30.84041249205727, "VGB": 97.02189087087282, "CPV": 33.47172068172179, "COM": 34.6609988910197, "CUB": 68.21002921524136, "CUW": 31.334520674396064, "DMA": 33.630208162804536, "DOM": 31.353504504066816, "FJI": 30.890609463547552, "PYF": 73.07901124651337, "GRD": 65.89283080756238, "GUM": 107.89055206535537, "GNB": 28.49460082903079, "GUY": 32.447079137464456, "HTI": 47.86443669668155, "JAM": 41.57810016, "KIR": 39.95709709802752, "MDV": 45.72792820274013, "MHL": 79.12326944239346, "MUS": 61.90876053, "FSM": 80.09913898790757, "NRU": 122.27728417128384, "NCL": 87.90245464993565, "MNP": 132.40848003578688, "PLW": 99.7779873393732, "PNG": 7.912433694, "PRI": 34.12209815055668, "KNA": 89.66712551147724, "LCA": 50.07800091790991, "VCT": 68.8549929541304, "WSM": 32.71919547954616, "STP": 48.49520325065399, "SYC": 160.33525535444707, "SGP": 207.7750927, "SXM": 29.39546635355103, "SLB": 43.46724299671239, "SUR": 52.54525474096386, "TLS": 31.925115463043667, "TON": 32.414489712357046, "TTO": 34.89130830291365, "TUV": 86.08713832397306, "VIR": 127.90160609392495, "VUT": 37.688411739022406, "AIA": 91.49466458571544, "COK": 91.49466458571544, "MSR": 91.49466458571544, "NIU": 91.49466458571544}, "2020": {"ASM": 88.07364095059998, "ATG": 48.60058525729997, "ABW": 50.56372907350001, "BHS": 71.32743555619997, "BRB": 63.69098614, "BLZ": 501.12581585740054, "VGB": 479.79505459190057, "CPV": 340.5032233911999, "COM": 260.8861845844999, "CUB": 315.7641134114999, "CUW": 155.33874618200002, "DMA": 60.306334826399954, "DOM": 42.760286779000005, "FJI": 325.3811373203999, "PYF": 51.363763116899975, "GRD": 314.40541739839995, "GUM": 79.59886959580002, "GNB": 246.87560426309994, "GUY": 395.8199489876998, "HTI": 237.13117466699995, "JAM": 84.71418095, "KIR": 335.31901394449966, "MDV": 325.8084562094998, "MHL": 150.42411892319998, "MUS": 56.437357, "FSM": 160.5693942995, "NRU": 108.19168172709999, "NCL": 49.844735375499965, "MNP": 79.61943981629996, "PLW": 69.53110012260002, "PNG": 328.5948718831998, "PRI": 176.39847515920007, "KNA": 241.3745296773, "LCA": 52.44501282049997, "VCT": 304.7654126787998, "WSM": 234.85824144149993, "STP": 316.7594410450999, "SYC": 355.98691602109994, "SGP": 191.9463475, "SXM": 72.07018826229991, "SLB": 315.3657388579997, "SUR": 374.6168413811, "TLS": 254.20793901369984, "TON": 117.73046895089998, "TTO": 238.20830935400002, "TUV": 342.9064630653998, "VIR": 160.4018896787999, "VUT": 310.90703548209973, "AIA": 91.13379492859994, "COK": 91.13379492859994, "MSR": 91.13379492859994, "NIU": 91.13379492859994}}, "upperIntervals": {"2015": {"ASM": 1029.425587, "ATG": 65.31018480982931, "ABW": 1029.425587, "BHS": 207.7750927, "BLZ": 65.96107031, "VGB": 216.3817371, "CPV": 62.23336916098556, "COM": 64.47099670307513, "CUB": 104.98948193766152, "CUW": 61.90876053, "DMA": 57.17624891137479, "DOM": 50.58292081532535, "FJI": 43.82300825435549, "PYF": 207.7750927, "GRD": 104.56859235350194, "GUM": 216.3817371, "GNB": 42.33985096600437, "GUY": 65.96107031, "HTI": 83.91450081758332, "KIR": 65.96107031, "MDV": 65.96107031, "MHL": 216.3817371, "FSM": 216.3817371, "NRU": 1029.425587, "NCL": 216.3817371, "MNP": 1029.425587, "PLW": 1029.425587, "PRI": 63.037510751, "KNA": 1029.425587, "LCA": 69.01965479431797, "VCT": 99.03034702842996, "WSM": 61.90876053, "STP": 67.45415808515968, "SYC": 1029.425587, "SXM": 42.7811232282477, "SLB": 65.96107031, "SUR": 207.7750927, "TLS": 61.38186654159337, "TON": 61.90876053, "TTO": 63.03243167, "TUV": 1029.425587, "VIR": 1029.425587, "VUT": 65.96107031, "AIA": 216.3817371, "COK": 216.3817371, "MSR": 216.3817371, "NIU": 216.3817371}, "2020": {"ASM": 346.9562002, "ATG": 84.71418095, "ABW": 70.5148819455, "BHS": 129.6655698, "BLZ": 1768.8027, "VGB": 1768.8027, "CPV": 1768.8027, "COM": 1768.8027, "CUB": 1768.8027, "CUW": 346.9562002, "DMA": 129.6655698, "DOM": 75.46288341, "FJI": 1768.8027, "PYF": 75.46288341, "GRD": 1768.8027, "GUM": 188.292093, "GNB": 1768.8027, "GUY": 1768.8027, "HTI": 1768.8027, "KIR": 1768.8027, "MDV": 1768.8027, "MHL": 204.781603, "FSM": 209.1409261, "NRU": 209.1409261, "NCL": 75.46288341, "MNP": 163.1508370049999, "PLW": 209.1409261, "PNG": 1768.8027, "PRI": 348.2763498, "KNA": 1768.8027, "LCA": 84.71418095, "VCT": 1768.8027, "WSM": 692.1763410099967, "STP": 1768.8027, "SYC": 1768.8027, "SXM": 163.1508370049999, "SLB": 1768.8027, "SUR": 1768.8027, "TLS": 1768.8027, "TON": 204.781603, "TTO": 1768.8027, "TUV": 1768.8027, "VIR": 346.9562002, "VUT": 1768.8027, "AIA": 160.730306, "COK": 160.730306, "MSR": 160.730306, "NIU": 160.730306}}, "lowerIntervals": {"2015": {"ASM": 6.703641177, "ATG": 14.795512416370006, "ABW": 15.208193327641672, "BHS": 19.560908323440003, "BLZ": 6.322602298158333, "VGB": 24.167280987962503, "CPV": 15.943788324838046, "COM": 10.826980166685717, "CUB": 25.56394723306364, "CUW": 8.700599910651347, "DMA": 17.356252476725004, "DOM": 19.31558415783409, "FJI": 14.498653108743753, "PYF": 18.853370762397915, "GRD": 17.638885361495003, "GUM": 6.703641177, "GNB": 12.600325823528124, "GUY": 7.569073604000001, "HTI": 12.711414046831251, "KIR": 7.912433694000001, "MDV": 21.47002724002409, "MHL": 6.703641177, "FSM": 6.703641177, "NRU": 21.63381462618542, "NCL": 22.505421511283338, "MNP": 6.703641177, "PLW": 7.912433694000001, "PRI": 20.94488629180263, "KNA": 19.23462421795156, "LCA": 15.914470830058336, "VCT": 14.005490170000002, "WSM": 14.005490170000002, "STP": 17.06439816503125, "SYC": 7.912433694000001, "SXM": 9.146810402858334, "SLB": 7.912433694000001, "SUR": 7.912433694, "TLS": 10.574705891787506, "TON": 16.677751789471742, "TTO": 7.912433694000001, "TUV": 18.778342960698648, "VIR": 6.703641177, "VUT": 7.850988387645835, "AIA": 43.85122087048276, "COK": 43.85122087048276, "MSR": 43.85122087048276, "NIU": 43.85122087048276}, "2020": {"ASM": 21.55840688, "ATG": 15.97669122, "ABW": 26.2946454155, "BHS": 26.095668706500003, "BLZ": 34.68639717, "VGB": 60.01242114000001, "CPV": 56.191828947, "COM": 11.8721718215, "CUB": 30.791119900000005, "CUW": 51.52679594, "DMA": 19.6023012765, "DOM": 17.223977257, "FJI": 39.590781275999994, "PYF": 21.470610637, "GRD": 53.13301806, "GUM": 36.52307523, "GNB": 11.95038266, "GUY": 107.7796587395, "HTI": 12.8750548715, "KIR": 54.999863193, "MDV": 43.11185025, "MHL": 60.01242114, "FSM": 51.52679594, "NRU": 32.868476863000005, "NCL": 26.615418790000003, "MNP": 32.97781144, "PLW": 21.55840688, "PNG": 51.293969356, "PRI": 21.55840688, "KNA": 25.4248567295, "LCA": 10.021381270500003, "VCT": 36.52307523, "WSM": 41.6627808, "STP": 13.0776809295, "SYC": 26.2946454155, "SXM": 21.55840688, "SLB": 26.367088846000005, "SUR": 59.255010819999995, "TLS": 11.95038266, "TON": 51.52679594, "TTO": 32.868476863000005, "TUV": 59.19712721649999, "VIR": 39.590781275999994, "VUT": 43.0393967775, "AIA": 37.8542130355, "COK": 37.8542130355, "MSR": 37.8542130355, "NIU": 37.8542130355}}, "categoryImportances": {"2015": {"Environment": 0.6344457851469959, "Economic Policy & Debt": 0.3127230016893925, "Financial": 0.0528312131636113}, "2020": {"Financial Sector": 0.28313312740888075, "Infrastructure": 0.15638133202653015, "Economic Policy & Debt": 0.4940682532431702, "Social Protection & Labor": 0.06641728732141904}}, "featureImportances": {"2015": {"wdi2-NY.GDP.MKTP.PP.KD": 0.129023025514402, "mvi-wdi-BX.KLT.DINV.WD.GD.ZS": 0.0528312131636113, "wdi-AG.LND.AGRI.K2": 0.063686149740456, "wdi-AG.LND.AGRI.ZS": 0.1114212628889323, "wdi-AG.LND.ARBL.HA.PC": 0.4249752682800773, "wdi-AG.LND.ARBL.ZS": 0.0118506546068914, "wdi-AG.LND.TOTL.K2": 0.0090504687464611, "wdi-AG.SRF.TOTL.K2": 0.0134619808841778, "wdi-BM.KLT.DINV.CD.WD": 0.038235931314385, "wdi-BM.KLT.DINV.WD.GD.ZS": 0.1454640448606055}, "2020": {"wdi2-NE.DAB.TOTL.CN": 0.12611749406703363, "wdi2-NY.GDY.TOTL.KN": 0.06896494243275736, "wdi-CM.MKT.LCAP.CD": 0.20873630737427412,