{"data": {"2010": {"ASM": 11.311748615944005, "ATG": 11.212762931829998, "ABW": 10.421600204045996, "BHS": 8.300787418407982, "BRB": 7.981230658493984, "BLZ": 11.728075394766016, "VGB": 14.10978989852797, "CPV": 16.047172594558006, "COM": 17.392657918878033, "CUB": 34.27172583, "CUW": 13.24200913, "DMA": 11.942186161340008, "DOM": 11.26760563, "FJI": 11.731728429728014, "PYF": 15.406214224199976, "GRD": 9.364522606332, "GUM": 10.570259646224006, "GNB": 24.14786403665801, "GUY": 15.444732654897978, "HTI": 25.35885167, "JAM": 25.82972583, "KIR": 13.199906885294022, "MDV": 11.128061311628008, "MHL": 10.105621542806, "MUS": 9.56284153, "FSM": 14.91594254887, "NRU": 8.653166184058005, "NCL": 13.663738730041985, "MNP": 8.203618724055987, "PLW": 8.410657666182008, "PNG": 15.55630281045004, "PRI": 9.550445120201998, "KNA": 10.912862276801995, "LCA": 13.022867420366, "VCT": 13.754529025232008, "WSM": 11.881948945952006, "STP": 13.846000164434049, "SYC": 9.712354662592, "SGP": 22.53839205, "SXM": 6.814540333406, "SLB": 11.523761773060022, "SUR": 4.117647059, "TLS": 11.290680455570005, "TON": 10.407851240596004, "TTO": 18.93464637, "TUV": 12.015979175974003, "VIR": 7.952381513397992, "VUT": 15.478505171528022, "AIA": 19.116208962758, "COK": 19.116208962758, "MSR": 19.116208962758, "NIU": 19.116208962758}, "2011": {"ASM": 12.371567507234516, "ATG": 12.198726646962273, "ABW": 8.675046040772694, "BHS": 9.440929163302336, "BRB": 9.223475543791992, "BLZ": 12.684729735705668, "VGB": 13.695205448008563, "CPV": 18.397039178872337, "COM": 18.216198563667025, "CUB": 32.28081962, "CUW": 10.54545455, "DMA": 12.99452512521353, "DOM": 10.67010309, "FJI": 13.353054415925568, "PYF": 15.37068653057783, "GRD": 12.321386101617756, "GUM": 10.399678996228666, "GNB": 28.626826278520905, "GUY": 16.361005937646617, "HTI": 25.70093458, "JAM": 29.00136799, "KIR": 13.13455470652196, "MDV": 10.588814768976206, "MHL": 13.206219824805142, "MUS": 9.340659341, "FSM": 13.175828643972684, "NRU": 8.672665828898534, "NCL": 14.666466513524275, "MNP": 9.16963125158638, "PLW": 9.336272407045517, "PNG": 14.266142567416695, "PRI": 13.107307654661293, "KNA": 9.273370444434578, "LCA": 13.047609906005553, "VCT": 13.073399209750349, "WSM": 11.913301342877595, "STP": 13.576248377145095, "SYC": 9.159666287257174, "SGP": 22.52888318, "SXM": 9.270607935849242, "SLB": 12.698895682601156, "SUR": 3.351955307, "TLS": 11.801714643109442, "TON": 13.204693894607129, "TTO": 15.87230216, "TUV": 12.49035026290728, "VIR": 8.958065162197775, "VUT": 18.03256374054323, "AIA": 18.437482799759543, "COK": 18.437482799759543, "MSR": 18.437482799759543, "NIU": 18.437482799759543}, "2012": {"ASM": 13.449673456508386, "ATG": 7.366951893862363, "ABW": 7.727339976299939, "BHS": 7.735101226261112, "BRB": 6.966065403499207, "BLZ": 10.602216857832357, "VGB": 10.61160686050568, "CPV": 13.679695747078291, "COM": 12.97361146272191, "CUB": 31.55307995, "CUW": 8.59030837, "DMA": 9.538750385199084, "DOM": 9.277833501, "FJI": 10.883305298951422, "PYF": 12.858498758614848, "GRD": 9.234115462992133, "GUM": 11.414676818870811, "GNB": 22.144573410240707, "GUY": 14.105261970972704, "HTI": 16.82692308, "JAM": 29.69432314, "KIR": 9.311947885954536, "MDV": 9.427469107778345, "MHL": 7.942689572828597, "MUS": 8.847184987, "FSM": 9.639227278741828, "NRU": 6.000906981129902, "NCL": 14.537178214534764, "MNP": 11.861840322679251, "PLW": 8.117259424136847, "PNG": 14.706100196413656, "PRI": 11.76122820145937, "KNA": 7.403103237564565, "LCA": 8.795018608948526, "VCT": 9.3242152151731, "WSM": 9.648102403029482, "STP": 9.546397535418368, "SYC": 6.857522069355072, "SGP": 22.7589208, "SXM": 7.0944362533474905, "SLB": 8.899075442781873, "SUR": 3.980099502, "TLS": 9.528511383314507, "TON": 10.347088594430076, "TTO": 19.646098, "TUV": 8.304845188130317, "VIR": 10.733060536958671, "VUT": 12.466724671974962, "AIA": 16.625942094013357, "COK": 16.625942094013357, "MSR": 16.625942094013357, "NIU": 16.625942094013357}, "2013": {"ASM": 13.372090357739454, "ATG": 6.592981633366495, "ABW": 6.592722425886442, "BHS": 9.41502431131035, "BRB": 6.2364325476141165, "BLZ": 8.851138258130721, "VGB": 7.944247165729855, "CPV": 13.863207148222372, "COM": 12.333631560521512, "CUB": 30.04758668, "CUW": 8.843537415, "DMA": 8.77843120880387, "DOM": 9.852717115, "FJI": 9.12239967253728, "PYF": 11.971553393794622, "GRD": 7.936946124118628, "GUM": 12.764197292161162, "GNB": 21.1521216211648, "GUY": 13.953053458231333, "HTI": 22.11981567, "JAM": 36.47540984, "KIR": 9.271531459506926, "MDV": 8.004025154044129, "MHL": 10.781334022886876, "MUS": 8.355091384, "FSM": 12.580884232995636, "NRU": 6.990521432680417, "NCL": 14.83249563073277, "MNP": 13.016701048886846, "PLW": 7.196779670069033, "PNG": 11.860558695642853, "PRI": 11.988226109498198, "KNA": 6.70677938581667, "LCA": 9.569703536187363, "VCT": 10.058922351226268, "WSM": 9.754831131690215, "STP": 9.220333653210126, "SYC": 7.782979849361436, "SGP": 24.89186851, "SXM": 6.486968511577701, "SLB": 6.988677481969716, "SUR": 3.045685279, "TLS": 9.008861069565338, "TON": 9.86047969799893, "TTO": 18.82352941, "TUV": 9.19498215683601, "VIR": 12.747296571608508, "VUT": 10.911282403732502, "AIA": 17.487961357614864, "COK": 17.487961357614864, "MSR": 17.487961357614864, "NIU": 17.487961357614864}, "2014": {"ASM": 13.707657801607406, "ATG": 7.309402187849121, "ABW": 5.6755092318133045, "BHS": 7.455448597054888, "BRB": 6.255835290527438, "BLZ": 8.304912858591692, "VGB": 9.2842482625679, "CPV": 12.562322170154706, "COM": 11.734993933523944, "CUB": 29.8811545, "CUW": 8.421052632, "DMA": 7.060578127283156, "DOM": 11.63032191, "FJI": 8.294744450475118, "PYF": 11.523190758621467, "GRD": 8.527874256854485, "GUM": 18.781179053167502, "GNB": 18.437133408244744, "GUY": 12.039991946921557, "HTI": 24.63768116, "JAM": 35.70432357, "KIR": 9.589420125324338, "MDV": 7.232225450777808, "MHL": 8.747315634319703, "MUS": 8.333333333, "FSM": 9.134736135120022, "NRU": 7.030393096764223, "NCL": 14.416410289928516, "MNP": 13.919469892276656, "PLW": 7.281881357738884, "PNG": 13.972763040341418, "PRI": 12.719952324550825, "KNA": 5.878346894883938, "LCA": 8.837211139118365, "VCT": 8.882132297317899, "WSM": 8.212565540367287, "STP": 8.932510512030891, "SYC": 6.242445191936696, "SGP": 24.88967343, "SXM": 5.942164370095485, "SLB": 8.758634937171983, "SUR": 3.51758794, "TLS": 10.010793398051383, "TON": 9.288117953667042, "TTO": 22.40413615, "TUV": 7.662080089901496, "VIR": 12.43666655114917, "VUT": 11.308602434263715, "AIA": 16.87139781087416, "COK": 16.87139781087416, "MSR": 16.87139781087416, "NIU": 16.87139781087416}}, "upperIntervals": {"2010": {"ASM": 31.63361662, "ATG": 28.20187883, "ABW": 25.82972583, "BHS": 22.53839205, "BRB": 19.79117228, "BLZ": 25.82972583, "VGB": 25.382395377999977, "CPV": 25.97380603, "COM": 25.82972583, "DMA": 28.20187883, "FJI": 25.82972583, "PYF": 26.66189454, "GRD": 25.82972583, "GUM": 25.837710342, "GNB": 62.82227307000001, "GUY": 26.00706445699997, "KIR": 25.8318851505, "MDV": 22.562559689999976, "MHL": 25.82972583, "FSM": 34.27172583, "NRU": 22.53839205, "NCL": 26.46310433, "MNP": 22.53839205, "PLW": 22.53839205, "PNG": 32.99702572, "PRI": 19.97191745999988, "KNA": 23.02174485, "LCA": 25.8318851505, "VCT": 28.23473790849997, "WSM": 29.0271011, "STP": 25.35885167, "SYC": 26.02189399499997, "SXM": 18.971123608999967, "SLB": 25.35885167, "TLS": 25.82972583, "TON": 25.82972583, "TUV": 31.63361662, "VIR": 19.83683985, "VUT": 29.97109185499989, "AIA": 25.87291224, "COK": 25.87291224, "MSR": 25.87291224, "NIU": 25.87291224}, "2011": {"ASM": 32.28081962, "ATG": 32.28081962, "ABW": 15.740370953933477, "BHS": 16.21778985176425, "BRB": 15.833611148570478, "BLZ": 29.00136799, "VGB": 23.71469235310612, "CPV": 31.02892255070485, "COM": 29.00136799, "DMA": 29.83513311278254, "FJI": 29.00136799, "PYF": 28.70201509581695, "GRD": 30.723162723529093, "GUM": 17.362399760333286, "GNB": 61.87893251999999, "GUY": 29.19709717414893, "KIR": 29.00136799,