{"data": {"2015": {"ASM": 7.074679148364887, "ATG": 4.840083333, "ABW": 5.235832366419482, "BHS": 4.071483333, "BRB": 5.236666667, "BLZ": 10.21095993, "VGB": 5.15970881904844, "CPV": 9.259989231, "COM": 7.682143923024201, "CUB": 3.272783767867474, "CUW": 7.327655773840147, "DMA": 5.427416667, "DOM": 2.610807585204385, "FJI": 4.575772764, "PYF": 7.721302597779713, "GRD": 3.09425, "GUM": 5.423747938611883, "GNB": 9.427061434379738, "GUY": 10.99774722, "HTI": 7.20031595385819, "JAM": 10.38682332, "KIR": 6.559955356800214, "MDV": 4.267913003, "MHL": 7.513119482938023, "MUS": 6.358333333, "FSM": 6.037654358221021, "NRU": 7.790473719874029, "NCL": 14.69390710197501, "MNP": 5.23953813500906, "PLW": 7.241011438910639, "PNG": 3.4675, "PRI": 5.197838060947711, "KNA": 5.074190068530877, "LCA": 5.295416667, "VCT": 6.376083333, "WSM": 7.4339014944922255, "STP": 6.02603152661204, "SYC": 3.273429138, "SGP": 5.67282046060226, "SXM": 5.863878369738303, "SLB": 10.01333333, "SUR": 11.587768395401868, "TLS": 7.724681206934191, "TON": 6.69835283859823, "TTO": 7.715833333, "TUV": 10.18682428040202, "VIR": 6.278617774790382, "VUT": 6.979631843661664, "AIA": 3.668976901467661, "COK": 3.668976901467661, "MSR": 3.668976901467661, "NIU": 3.668976901467661}, "2020": {"ASM": 6.028451809757812, "ATG": 5.422496827469998, "ABW": 3.801584333091055, "BHS": 2.454366667, "BRB": 5.780118529749953, "BLZ": 7.464166667, "VGB": 4.3254879293570925, "CPV": 7.194514843, "COM": 0.2551791626800007, "CUB": 4.010473217383381, "CUW": 4.159549866975649, "DMA": 4.342107687513334, "DOM": 5.440453335924632, "FJI": 4.375335161, "PYF": 4.653018774156421, "GRD": 5.422899979032202, "GUM": 4.65905975986648, "GNB": 10.045049511789994, "GUY": 7.928027778, "HTI": 6.385024096170006, "JAM": 10.7700796, "KIR": 7.067873857279999, "MDV": 8.100230609, "MHL": 4.897713702696999, "MUS": 6.165416667, "FSM": 9.064351346670003, "NRU": 4.520650988157571, "NCL": 5.259977450996093, "MNP": 4.302203665456054, "PLW": 4.666414778565, "PNG": 8.02178900935, "PRI": 4.372831969929242, "KNA": 4.439492439115556, "LCA": 4.9893706820947035, "VCT": 5.160304033990002, "WSM": 5.939911230873564, "STP": 7.272325830994479, "SYC": 6.908068287, "SGP": 3.926818144475845, "SXM": 4.925709077979701, "SLB": 10.19257074, "SUR": 7.4796251238461515, "TLS": 7.508916894356669, "TON": 5.241378864535001, "TTO": 5.304166667, "TUV": 4.652283398712572, "VIR": 5.082992652684703, "VUT": 5.687750133827417, "AIA": 4.4315546172536475, "COK": 4.33698489929609, "MSR": 4.769870732932088, "NIU": 4.741938084161278}}, "upperIntervals": {"2015": {"ASM": 14.01691667, "ABW": 10.99774722, "VGB": 10.38682332, "COM": 13.343403860000002, "CUB": 9.678042955, "CUW": 16.67383333, "DOM": 7.07775, "PYF": 13.34340386, "GUM": 10.38682332, "GNB": 14.01691667, "HTI": 16.67383333, "KIR": 10.99774722, "MHL": 10.99774722, "FSM": 9.297656435949968, "NRU": 16.67383333, "NCL": 47.75688904, "MNP": 7.715833333, "PLW": 16.67383333, "PRI": 10.38682332, "KNA": 9.259989231000002, "WSM": 10.21095993, "STP": 9.259989231000002, "SGP": 10.38682332, "SXM": 10.21095993, "SUR": 25.07626016, "TLS": 10.99774722, "TON": 10.21095993, "TUV": 47.75688904, "VIR": 10.38682332, "VUT": 10.99774722, "AIA": 9.678042955, "COK": 9.678042955, "MSR": 9.678042955, "NIU": 9.678042955}, "2020": {"ASM": 10.19257074, "ATG": 10.19257074, "ABW": 6.216871575799996, "BRB": 10.221446183, "VGB": 7.464166667, "COM": 12.021992083499999, "CUB": 6.165416667, "CUW": 7.194514843, "DMA": 7.464166667, "DOM": 7.93663791955, "PYF": 8.233723058549993, "GRD": 10.19257074, "GUM": 7.194514843, "GNB": 19.85704167, "HTI": 15.461616160000002, "KIR": 15.461616160000002, "MHL": 10.19257074, "FSM": 15.461616160000002, "NRU": 8.041254926099993, "NCL": 7.487359722549999, "MNP": 7.928027778000001, "PLW": 10.19257074, "PNG": 15.461616160000002, "PRI": 6.165416667, "KNA": 8.100230609, "LCA": 7.928027778000001, "VCT": 10.19257074, "WSM": 7.827529209999994, "STP": 15.681387435499989, "SGP": 5.01011293255, "SXM": 8.041254926099993, "SUR": 11.206649841999997, "TLS": 15.461616160000002, "TON": 10.19257074, "TUV": 10.19257074, "VIR": 10.19257074, "VUT": 10.19257074, "AIA": 7.194514843, "COK": 6.922390614799999, "MSR": 7.194514843, "NIU": 7.19767555665}}, "lowerIntervals": {"2015": {"ASM": 3.09425, "ABW": 3.09425, "VGB": 0.39475, "COM": 2.6025, "CUB": -0.833333333, "CUW": 3.09425, "DOM": -0.833333333, "PYF": 3.273429138, "GUM": 1.403715971800003, "GNB": 3.273429138, "HTI": -6.433255829, "KIR": 2.6025, "MHL": 3.09425, "FSM": 3.273429138, "NRU": 3.09425, "NCL": 1.685, "MNP": 1.456819444, "PLW": 3.09425, "PRI": 0.306666667, "KNA": 3.09425, "WSM": 5.236666666999999, "STP": 3.09425, "SGP": 2.650833333, "SXM": 3.09425, "SUR": 4.272910583913125, "TLS": 4.575772764, "TON": 3.09425, "TUV": 3.09425, "VIR": 1.7373675055, "VUT": 2.6025, "AIA": -0.833333333, "COK": -0.833333333, "MSR": -0.833333333, "NIU": -0.833333333}, "2020": {"ASM": 2.0252499997, "ATG": 2.078333333, "ABW": 2.078333333, "BRB": 2.454366667, "VGB": 2.916666667, "COM": -11.32237292, "CUB": 1.016666667, "CUW": 2.2701008877999995, "DMA": 2.078333333, "DOM": 2.078333333, "PYF": 2.078333333, "GRD": 2.4355650003, "GUM": 2.078333333, "GNB": -4.295952749, "HTI": -4.295952749, "KIR": -4.647273757549998, "MHL": 2.078333333, "FSM": -1.8773768037999996, "NRU": 1.016666667, "NCL": 2.756842783, "MNP": 2.078333333, "PLW": 2.078333333, "PNG": -1.750083333, "PRI": 2.454366667, "KNA": 2.078333333, "LCA": 2.078333333, "VCT": 2.078333333, "WSM": 2.454366667, "STP": -4.295952749, "SGP": 2.9154139744437497, "SXM": 2.0252499997, "SUR": 2.756842783, "TLS": -1.8773768037999996, "TON": 2.078333333, "TUV": 2.0252499997, "VIR": 2.078333333, "VUT": 2.078333333, "AIA": 2.4820545010000004, "COK": 2.4820545010000004, "MSR": 2.7534589772, "NIU": 2.078333333}}, "categoryImportances": {"2015": {"Environment": 0.2085204404748601, "Economic Policy & Debt": 0.575652951903976, "Financial Sector": 0.134514564828606, "Financial": 0.0813120427925575}, "2020": {"Financial Sector": 0.6964239644832079, "Infrastructure": 0.16346767725683437, "Economic Policy & Debt": 0.04663842054648926, "Education": 0.04614112281721532, "Gender": 0.0473288148962533}}, "featureImportances": {"2015": {"wdi-FM.LBL.BMNY.CN": 0.134514564828606, "mvi-wdi-BX.KLT.DINV.WD.GD.ZS": 0.0813120427925575, "wdi-AG.LND.TOTL.K2": 0.1064828429275787, "wdi-AG.SRF.TOTL.K2": 0.1020375975472814, "wdi-BG.GSR.NFSV.GD.ZS": 0.1453282487170449, "wdi-BM.GSR.FCTY.CD": 0.1154090131852891, "wdi-BM.GSR.GNFS.CD": 0.1077215345245383, "wdi-BM.GSR.MRCH.CD": 0.0582178397773673, "wdi-BM.GSR.NFSV.CD": 0.0739149719063678, "wdi-BM.GSR.TOTL.CD": 0.0750613437933687}, "2020": {"wdi2-NE.DAB.TOTL.CN": 0.04663842054648926, "wdi-FR.INR.LEND": 0.6649706675117193, "wdi-IT.NET.SECR": 0.048650509505139744, "wdi-IT.NET.SECR.P6": 0.11481716775169462, "wdi2-PA.NUS.ATLS": 0.03145329697148855, "wdi2-SE.PRM.AGES": 0.006790847041023749, "wdi2-SE.PRM.DURS": 0.0023167426520210397, "wdi2-SE.SEC.AGES": 0.028356230019512617, "wdi2-SE.SEC.DURS": 0.008677303104657917, "wdi2-SG.LAW.INDX": 0.0473288148962533}}}