{"data": {"2015": {"ASM": 62.090316024557566, "ATG": 5.813206894035225, "ABW": 5.806087545176075, "BHS": 7.998640079948019, "BRB": 6.387241153858579, "BLZ": 8.827784051767518, "VGB": 71.4042442974026, "CPV": 5.599080407976241, "COM": 14.544709380279595, "CUB": 45.60928170817429, "CUW": 7.8183798472475665, "DMA": 4.5491896078136325, "DOM": 9.54901377652404, "FJI": 6.884308172061673, "PYF": 25.09082690610497, "GRD": 5.6977373671772185, "GUM": 27.0327553141222, "GNB": 6.862004759225706, "GUY": 8.966626108526734, "HTI": 15.554402812656653, "JAM": 10.3895, "KIR": 6.222147826303532, "MDV": 4.722104171205504, "MHL": 51.69024459080551, "MUS": 6.365777676, "FSM": 9.494426070577774, "NRU": 6.3892696267097016, "NCL": 46.66201160234573, "MNP": 61.77808909204611, "PLW": 4.008536130110106, "PNG": 1.0331, "PRI": 37.284546870543394, "KNA": 5.335912432910402, "LCA": 5.677817475105222, "VCT": 5.50912892827122, "WSM": 5.426235033252912, "STP": 7.148073382640019, "SYC": 5.696431356598017, "SGP": 30.94439164, "SXM": 7.929019407040117, "SLB": 7.583056077428572, "SUR": 6.018321491816025, "TLS": 7.536835301985986, "TON": 7.428445841481823, "TTO": 6.476785079357049, "TUV": 5.562978486485158, "VIR": 95.24994567127104, "VUT": 6.941906486993011, "AIA": 61.19389270195609, "COK": 61.19389270195609, "MSR": 61.19389270195609, "NIU": 61.19389270195609}, "2020": {"ASM": 15.954746267029996, "ATG": 5.095440408570002, "ABW": 7.424167750250002, "BHS": 4.202449382640001, "BRB": 0.225145032, "BLZ": 14.02828756973999, "VGB": 15.210403474799987, "CPV": 5.4080598464700005, "COM": 2.2810646621699995, "CUB": 12.732474703150011, "CUW": 30.16498632832, "DMA": 6.905081719999997, "DOM": 10.525342151180002, "FJI": 2.888185088869999, "PYF": 6.219390339480003, "GRD": 6.092741177410005, "GUM": 4.999446982229999, "GNB": 2.8211136023099965, "GUY": 3.3766208154900013, "HTI": 7.005630645209999, "JAM": 0.386032742, "KIR": 4.2955336179499986, "MDV": 3.9739388937100006, "MHL": 5.3236208854100004, "MUS": 5.045286958, "FSM": 3.8827919268800004, "NRU": 8.49796534482, "NCL": 15.905385977549997, "MNP": 18.72385745605, "PLW": 4.818762930049999, "PNG": 5.125221943809999, "PRI": 7.088837730170001, "KNA": 11.606902876289999, "LCA": 4.6447384976700015, "VCT": 6.536910838380001, "WSM": 6.837681326880003, "STP": 5.224903438049999, "SYC": 7.4649552348800015, "SGP": 24.010384451479982, "SXM": 16.296765315669994, "SLB": 5.361419306350001, "SUR": 29.242332474139985, "TLS": 4.35542169896, "TON": 5.410417085400002, "TTO": 4.1341532807800006, "TUV": 4.4997192964599995, "VIR": 6.879903311950001, "VUT": 4.0772879989099975, "AIA": 69.47435850575998, "COK": 69.47435850575998, "MSR": 69.47435850575998, "NIU": 69.47435850575998}}, "upperIntervals": {"2015": {"ASM": 149.7507667, "ATG": 13.9671646, "ABW": 16.94217154, "BHS": 26.95330747149981, "BRB": 40.42963193, "BLZ": 26.74325041, "VGB": 185.1536644, "CPV": 13.9671646, "COM": 44.5721022, "CUB": 149.7507667, "CUW": 40.42963193, "DMA": 12.18442378, "DOM": 23.293594259999832, "FJI": 13.999943811416635, "PYF": 62.87135789, "GRD": 16.94217154, "GUM": 64.95297576, "GNB": 13.9671646, "GUY": 34.4212413, "HTI": 44.5721022, "KIR": 13.9671646, "MDV": 13.9671646, "MHL": 149.7507667, "FSM": 62.87135789, "NRU": 16.94217154, "NCL": 149.7507667, "MNP": 149.7507667, "PLW": 13.9671646, "PRI": 185.1536644, "KNA": 13.9671646, "LCA": 16.94217154, "VCT": 13.9671646, "WSM": 12.18442378, "STP": 17.432225483499554, "SYC": 26.74325041, "SXM": 34.610171629499824, "SLB": 26.74325041, "SUR": 26.74325041, "TLS": 14.115914946999863, "TON": 40.42963193, "TTO": 16.94217154, "TUV": 12.18442378, "VIR": 348.1668628, "VUT": 13.9671646, "AIA": 113.8226621, "COK": 113.8226621, "MSR": 113.8226621, "NIU": 113.8226621}, "2020": {"ASM": 48.40258461799992, "ATG": 14.150674908499992, "ABW": 14.150674908499992, "BHS": 14.011633329999999, "BLZ": 65.33277803, "VGB": 65.33277803, "CPV": 14.01163333, "COM": 8.090890415, "CUB": 35.94939834249999, "CUW": 238.5221099, "DMA": 40.73765209099998, "DOM": 28.162541883499987, "FJI": 12.502902125499995, "PYF": 30.1396130065, "GRD": 17.458695349499962, "GUM": 14.150674908499992, "GNB": 6.404573646149995, "GUY": 10.71649133, "HTI": 16.09467023149999, "KIR": 14.011633329999999, "MDV": 12.786717076499995, "MHL": 14.01163333, "FSM": 12.502902125499995, "NRU": 17.458695349499962, "NCL": 42.81789387499986, "MNP": 79.58892786049974, "PLW": 14.011633329999999, "PNG": 28.052021250999996, "PRI": 21.956326794999974, "KNA": 65.66863579749993, "LCA": 14.011633329999999, "VCT": 31.059852149499967, "WSM": 30.770076728999985, "STP": 14.01163333, "SYC": 65.33277803, "SGP": 65.33277803, "SXM": 48.40258461799992, "SLB": 16.7924649, "SUR": 365.7664797, "TLS": 14.011633329999999, "TON": 14.01163333, "TTO": 12.502902125499995, "TUV": 14.011633329999999, "VIR": 17.029182344499986, "VUT": 10.88124842999999, "AIA": 114.16478559499991, "COK": 114.16478559499991, "MSR": 114.16478559499991, "NIU": 114.16478559499991}}, "lowerIntervals": {"2015": {"ASM": 0.1584, "ATG": 0.827567568, "ABW": 0.1584, "BHS": 0.827567568, "BRB": 0.203579865, "BLZ": 0.8275675680000001, "VGB": 13.8123021785, "CPV": 0.827567568, "COM": 0.203579865, "CUB": 7.5022748544875, "CUW": 0.8275675680000001, "DMA": 0.8275675680000001, "DOM": 4.177129167, "FJI": 0.8275675680000001, "PYF": 1.0331, "GRD": 0.203579865, "GUM": 0.1584, "GNB": 1.0228233784000005, "GUY": 0.8275675680000001, "HTI": 1.52739562, "KIR": 0.8275675680000001, "MDV": 0.8275675680000001, "MHL": 0.1584, "FSM": 0.1584, "NRU": 0.827567568, "NCL": 2.2036, "MNP": 0.1584, "PLW": 0.1584, "PRI": 1.015166287796079, "KNA": 0.827567568, "LCA": 0.827567568, "VCT": 0.1584, "WSM": 0.8275675680000001, "STP": 0.827567568, "SYC": 0.1584, "SXM": 0.8275675680000001, "SLB": 0.1584, "SUR": 0.827567568, "TLS": 1.0331, "TON": 0.8275675680000001, "TTO": 0.8275675680000001, "TUV": 0.827567568, "VIR": 4.628920636800013, "VUT": 0.8275675680000001, "AIA": 25.76835669, "COK": 25.76835669, "MSR": 25.76835669, "NIU": 25.76835669}, "2020": {"ASM": 0.22514503199999997, "ATG": 0.201763099, "ABW": 0.201763099, "BHS": 0.201763099, "BLZ": 0.092907066, "VGB": 0.092907066, "CPV": 0.092907066, "COM": 0.092907066, "CUB": 0.353179208, "CUW": 0.201763099, "DMA": 0.092907066, "DOM": 0.353179208, "FJI": 0.201763099, "PYF": 0.22397593534999996, "GRD": 0.201763099, "GUM": 0.201763099, "GNB": 0.28268666025, "GUY": 0.22514503199999997, "HTI": 0.353179208, "KIR": 0.19632029735000003, "MDV": 0.092907066, "MHL": 0.19632029735000003, "FSM": 0.201763099, "NRU": 0.201763099, "NCL": 0.201763099, "MNP": 0.201763099, "PLW": 0.201763099, "PNG": 0.22514503199999997, "PRI": 0.22514503199999997, "KNA": 0.092907066, "LCA": 0.201763099, "VCT": 0.201763099, "WSM": 0.201763099, "STP": 0.092907066, "SYC": 0.092907066, "SGP": 1.1818611681500002, "SXM": 0.201763099, "SLB": 0.22514503199999997, "SUR": 0.092907066, "TLS": 0.22514503199999997, "TON": 0.201763099, "TTO": 0.22514503199999997, "TUV": 0.201763099, "VIR": 0.22514503199999997, "VUT": 0.092907066, "AIA": 20.579773272, "COK": 20.579773272, "MSR": 20.579773272, "NIU": 20.579773272}}, "categoryImportances": {"2015": {"Environment": 0.1512799927181708, "Economic Policy & Debt": 0.8194344006138363, "Financial": 0.0292856066679923}, "2020": {"Infrastructure": 0.16220955826632286, "Economic Policy & Debt": 0.06790133264464075, "Social Protection & Labor": 0.032709471662513714, "Health": 0.22055380991104015, "Environment": 0.5166258275154826}}, "featureImportances": {"2015": {"wdi2-NY.GDP.MKTP.PP.KD": 0.283222093337055, "mvi-wdi-BX.KLT.DINV.WD.GD.ZS": 0.0292856066679923, "wdi-AG.LND.AGRI.K2": 0.0156812000653706, "wdi-AG.LND.AGRI.ZS": 0.0252113363681007, "wdi-AG.LND.ARBL.HA.PC": 0.0626248599433266, "wdi-AG.LND.ARBL.ZS": 0.0160003929840675, "wdi-AG.LND.TOTL.K2": 0.0154318161931765, "wdi-AG.SRF.TOTL.K2": 0.0163303871641289, "wdi-BM.KLT.DINV.CD.WD": 0.5071405440162428, "wdi-BM.KLT.DINV.WD.GD.ZS": 0.0290717632605386}, "2020": {"wdi2-NE.DAB.TOTL.CN": 0.03474307220332437,