{"data": {"2015": {"ASM": -5.97212686218734, "ATG": 6.251914056580345, "ABW": -8.541874844346971, "BHS": -13.936211411587944, "BRB": -16.836651663607192, "BLZ": -16.742297697507198, "VGB": -14.426937063310842, "CPV": -14.698558452813996, "COM": -6.149083273891787, "CUB": -12.871332947303186, "CUW": -14.352448414034132, "DMA": -7.131701423979106, "DOM": -10.857505366732514, "FJI": -17.919699453798216, "PYF": -14.660036222530469, "GRD": -4.055747381973286, "GUM": -7.005942014459751, "GNB": 11.494020644086936, "GUY": -11.91629601561901, "HTI": 6.134757550255393, "JAM": 74.8622196, "KIR": -7.296915231769297, "MDV": -6.472151159530487, "MHL": -6.567852526531262, "MUS": -19.32911676, "FSM": -7.151578980985797, "NRU": -8.102558482752604, "NCL": -13.258912251133337, "MNP": -18.169367432004275, "PLW": -17.488956812259804, "PNG": -12.18997236354928, "PRI": -12.859664923021436, "KNA": 4.893780617717964, "LCA": -6.0031869686464026, "VCT": -14.922149455346828, "WSM": 12.11410371036787, "STP": -3.5973519611018903, "SYC": -17.71776030517151, "SGP": -18.86197105, "SXM": -10.844628453230635, "SLB": -16.557579242084532, "SUR": -15.056892460036131, "TLS": -14.110474140631464, "TON": 10.794568871867916, "TTO": -3.262327377, "TUV": -9.99632513052964, "VIR": -15.655563353143286, "VUT": -10.664948010244666, "AIA": -24.14532586101596, "COK": -24.14532586101596, "MSR": -24.14532586101596, "NIU": -24.14532586101596}}, "upperIntervals": {"2015": {"ASM": 74.8622196, "ATG": 74.8622196, "ABW": 8.991835837319284, "BHS": 0.8540363499999999, "BRB": 13.992614229883127, "BLZ": 9.063372393909852, "VGB": 1.2166939501799994, "CPV": 4.753975548879995, "COM": 74.8622196, "CUB": 18.480920186499816, "CUW": 5.610374631635691, "DMA": 74.8622196, "DOM": 6.026319168037496, "FJI": 9.158865749803564, "PYF": 0.7700834196166626, "GRD": 74.8622196, "GUM": 74.8622196, "GNB": 74.8622196, "GUY": 9.57175924521249, "HTI": 74.8622196, "KIR": 74.8622196, "MDV": 74.8622196, "MHL": 74.8622196, "FSM": 74.8622196, "NRU": 28.78870685, "NCL": 0.5342686445999973, "MNP": -0.3624303740166776, "PLW": 0.8540363499999999, "PNG": 4.3241631405749965, "PRI": 1.300019844662495, "KNA": 74.8622196, "LCA": 74.8622196, "VCT": 1.9925752076583176, "WSM": 74.8622196, "STP": 74.8622196, "SYC": 0.8540363499999999, "SXM": 18.27624107, "SLB": 0.8860991335166375, "SUR": 0.8907094402590575, "TLS": 12.496454939049723, "TON": 74.8622196, "TUV": 28.78870685, "VIR": -0.0955370274500329, "VUT": 74.8622196, "AIA": -2.8291294677044325, "COK": -2.8291294677044325, "MSR": -2.8291294677044325, "NIU": -2.8291294677044325}}, "lowerIntervals": {"2015": {"ASM": -36.24424500800001, "ATG": -45.60837372, "ABW": -37.78562610091666, "BHS": -23.372006902125, "BRB": -40.90045328, "BLZ": -40.90045328, "VGB": -34.16059800445, "CPV": -37.370721751225, "COM": -47.93718409, "CUB": -45.60837372, "CUW": -40.90045328, "DMA": -33.16944402699999, "DOM": -26.39066590913333, "FJI": -45.60837372, "PYF": -35.533055115777785, "GRD": -33.87978637850455, "GUM": -33.140106159999995, "GNB": -45.60837372, "GUY": -45.60837372, "HTI": -47.93718409, "KIR": -47.93718409, "MDV": -40.910650697, "MHL": -47.93718409, "FSM": -34.40758471, "NRU": -47.93718409, "NCL": -23.073741943, "MNP": -37.62330438666667, "PLW": -40.90045328, "PNG": -27.238931331218, "PRI": -37.44119636281666, "KNA": -47.63552503, "LCA": -36.61165614854166, "VCT": -40.90045328, "WSM": -47.63552503, "STP": -33.87978637850455, "SYC": -40.90045328, "SXM": -40.90045328, "SLB": -40.90045328, "SUR": -33.20348008749999, "TLS": -40.90045328, "TON": -47.93718409, "TUV": -47.93718409, "VIR": -32.993432672469446, "VUT": -45.60837372, "AIA": -44.95977808605001, "COK": -44.95977808605001, "MSR": -44.95977808605001, "NIU": -44.95977808605001}}, "categoryImportances": {"2015": {"Environment": 0.8080359580463959, "Economic Policy & Debt": 0.037931749953174, "Financial": 0.1540322920004297}}, "featureImportances": {"2015": {"wdi2-NE.DAB.TOTL.CN": 0.037931749953174, "mvi-wdi-BX.KLT.DINV.WD.GD.ZS": 0.1540322920004297, "wdi-AG.CON.FERT.ZS": 0.3214475581723602, "wdi-AG.LND.AGRI.K2": 0.0491574528153583, "wdi-AG.LND.AGRI.ZS": 0.0451239672983594, "wdi-AG.LND.ARBL.HA": 0.0509408958312125, "wdi-AG.LND.ARBL.HA.PC": 0.055427724791165, "wdi-AG.LND.ARBL.ZS": 0.0516464305546542, "wdi-AG.LND.CROP.ZS": 0.1501767626240995, "wdi-AG.LND.TOTL.K2": 0.0841151659591869}}}