{"data": {"2020": {"ASM": 3436420533.398823, "ATG": 93886978.31310114, "ABW": 197555312.7609532, "BHS": 1686259217.3127558, "BRB": 156788393.6122998, "BLZ": 87951568.58001631, "VGB": 776546119.9226067, "CPV": 89761126.06710726, "COM": 273236287.15065277, "CUB": 3441500258.0813627, "CUW": 2799348999.801893, "DMA": 89156067.26590669, "DOM": 376072594.5597366, "FJI": 92093324.21480525, "PYF": 2619636401.721889, "GRD": 85311333.60826488, "GUM": 3148939129.033744, "GNB": 157442021.19320548, "GUY": 272229494.08414304, "HTI": 101350782.24457607, "JAM": 90763591.85004792, "KIR": 272324291.35738325, "MDV": 284128159.3916631, "MHL": 2550093327.2196703, "MUS": 96514080.58209589, "FSM": 2379609856.119382, "NRU": 3646893135.105172, "NCL": 2201623988.626651, "MNP": 3370308633.3194585, "PLW": 2369557076.8124022, "PNG": 170163406.0294119, "PRI": 239814529.33686313, "KNA": 47850000.0, "LCA": 153111851.83692828, "VCT": 166372490.84621084, "WSM": 578136716.2438855, "STP": 320575572.31747246, "SYC": 107361018.46861364, "SGP": 482242562.07269144, "SXM": 2757157518.864746, "SLB": 102290731.78142706, "SUR": 152949639.04035056, "TLS": 92443314.56938854, "TON": 755671898.9303174, "TTO": 100295135.1165628, "TUV": 342873544.1181389, "VIR": 3418725119.991252, "VUT": 86565492.40946546, "AIA": 3907031210.2242193, "COK": 3907031210.2242193, "MSR": 3907031210.2242193, "NIU": 3907031210.2242193}}, "upperIntervals": {"2020": {"ASM": 5674730000.0, "ATG": 194850796.2962962, "ABW": 419692089.28571415, "BHS": 4124218749.9999995, "BRB": 671832000.0, "BLZ": 172726038.72053865, "VGB": 3973704499.9999995, "CPV": 172726038.72053865, "COM": 2087000000.0000002, "CUB": 5674730000.0, "CUW": 5674730000.0, "DMA": 172726038.72053865, "DOM": 1038770000.0000001, "FJI": 172726038.72053865, "PYF": 5674730000.0, "GRD": 171392363.63636363, "GUM": 4618283321.42857, "GNB": 600000000.0, "GUY": 2087000000.0000002, "HTI": 194614272.48677242, "JAM": 172491129.62962955, "KIR": 2087000000.0000002, "MDV": 810240000.0, "MHL": 5674730000.0, "MUS": 194850796.2962962, "FSM": 5674730000.0, "NRU": 4934910000.0, "NCL": 5674730000.0, "MNP": 5147608249.999998, "PLW": 5674730000.0, "PNG": 810240000.0, "PRI": 705120000.0, "LCA": 671832000.0, "VCT": 671832000.0, "WSM": 4056053499.9999948, "STP": 2087000000.0000002, "SYC": 228940571.42857143, "SGP": 2239260428.571429, "SXM": 5674730000.0, "SLB": 219081672.6190476, "SUR": 474095166.6666657, "TLS": 193639629.6296296, "TON": 4058027714.2857127, "TTO": 196069505.95238084, "TUV": 2087000000.0000002, "VIR": 5674730000.0, "VUT": 171392363.63636363, "AIA": 10482710000.0, "COK": 10482710000.0, "MSR": 10482710000.0, "NIU": 10482710000.0}}, "lowerIntervals": {"2020": {"ASM": 418009249.99999994, "ATG": 46468844.53781513, "ABW": 47373450.0, "BHS": 47994245.484949835, "BRB": 46923460.714285724, "BLZ": 41076666.66666667, "VGB": 50576021.07324716, "CPV": 19893285.714285716, "COM": 47277044.51667608, "CUB": 820922000.0, "CUW": 74256514.47368419, "DMA": 19893285.714285716, "DOM": 47385106.81818182, "FJI": 38207634.92063492, "PYF": 155782941.66666672, "GRD": 41076666.66666667, "GUM": 955503333.3333333, "GNB": 48365518.11594203, "GUY": 49385450.520833336, "HTI": 35592232.14285714, "JAM": 46725850.54945053, "KIR": 48327367.81609196, "MDV": 46919609.61538462, "MHL": 73170738.46153845, "MUS": 46725850.54945053, "FSM": 110385624.06015037, "NRU": 1041891266.6666666, "NCL": 155782941.66666672, "MNP": 955503333.3333333, "PLW": 73170738.46153845, "PNG": 46919609.61538462, "PRI": 47239152.777777776, "LCA": 46769216.166883945, "VCT": 47569487.872589126, "WSM": 47255863.15560707, "STP": 47273240.886699505, "SYC": 40128746.031746045, "SGP": 55510464.8051666, "SXM": 125147613.0952381, "SLB": 46747119.000142425, "SUR": 35592232.14285714, "TLS": 46468844.53781513, "TON": 49106020.16129031, "TTO": 46923460.714285724, "TUV": 47569487.872589126, "VIR": 489311125.0, "VUT": 45657103.17460318, "AIA": 1082682095.238095, "COK": 1082682095.238095, "MSR": 1082682095.238095, "NIU": 1082682095.238095}}, "categoryImportances": {"2020": {"Economic Policy & Debt": 0.9893741697112031, "Infrastructure": 0.004629796567328928, "Financial Sector": 0.0033528786228557055, "Financial": 0.002643155098612497}}, "featureImportances": {"2020": {"wdi2-NE.EXP.GNFS.CN": 0.007835436512944495, "mvi-wdi-BX.TRF.PWKR.DT.GD.ZS": 0.002643155098612497, "wdi-BX.TRF.PWKR.CD.DT": 0.7475220299451979, "wdi-BX.TRF.PWKR.DT.GD.ZS": 0.0020560869445273296, "wdi-IT.NET.SECR.P6": 0.004629796567328928, "wdi2-NY.GDP.DEFL.KD.ZG": 0.0033528786228557055, "wdi2-NY.GDP.MKTP.CD": 0.09106742991330087, "wdi2-NY.GDP.MKTP.KD.ZG": 0.010143743825071853, "wdi2-NY.GDP.MKTP.PP.CD": 0.05974401619647615, "wdi2-NY.GDP.MKTP.PP.KD": 0.07100542637368441}}}