{"data": {"2020": {"ASM": 105.48393548022518, "ATG": 32.72671294407007, "ABW": 35.09771454541187, "BHS": 51.667248370790084, "BRB": 38.668386266164234, "BLZ": 32.83538045958724, "VGB": 50.64800136286489, "CPV": 31.05702709805205, "COM": 30.332149585754287, "CUB": 49.85643718860806, "CUW": 36.960862480472485, "DMA": 34.17991468263692, "DOM": 49.33617144761294, "FJI": 36.49414831928468, "PYF": 84.67241337761354, "GRD": 35.436085062218154, "GUM": 89.99675600673002, "GNB": 29.638201145775657, "GUY": 33.509206324411906, "HTI": 32.20736039520262, "JAM": 97.55557681045764, "KIR": 31.188818304547617, "MDV": 30.836170989077047, "MHL": 33.73020291178919, "MUS": 32.47823244110684, "FSM": 31.61008441613956, "NRU": 54.66867277468269, "NCL": 84.67241337761354, "MNP": 103.93293548022521, "PLW": 34.94449730952832, "PNG": 27.13522134169174, "PRI": 52.3585992095571, "KNA": 30.639354283043254, "LCA": 88.55474744495123, "VCT": 94.79241411147619, "WSM": 31.54234865590987, "STP": 28.837528614358668, "SYC": 89.8796178408236, "SGP": 49.47058074697666, "SXM": 87.10958759948855, "SLB": 27.683565834735045, "SUR": 28.699039825621057, "TLS": 30.69342736788191, "TON": 29.23884235933859, "TTO": 34.235620855565905, "TUV": 26.813088770844242, "VIR": 49.85906266333502, "VUT": 30.187417812442323, "AIA": 44.50528564588739, "COK": 44.50528564588739, "MSR": 44.50528564588739, "NIU": 44.50528564588739}}, "upperIntervals": {"2020": {"ASM": 262.3, "ATG": 59.66722222199998, "ABW": 63.2959591641587, "BHS": 77.15916666412501, "BRB": 77.472380949, "BLZ": 86.58166666349948, "VGB": 59.39999999999999, "CPV": 86.58166666349948, "COM": 89.22357142449948, "CUB": 59.39999999999999, "CUW": 59.39999999999999, "DMA": 86.58166666349948, "DOM": 82.52357142449986, "FJI": 86.58166666349948, "PYF": 128.3, "GRD": 77.15916666412501, "GUM": 128.3, "GNB": 74.62222221799944, "GUY": 86.58166666349948, "HTI": 89.22357142449948, "JAM": 262.3, "KIR": 89.22357142449948, "MDV": 79.23365078966667, "MHL": 77.33333333, "MUS": 76.627499999875, "FSM": 73.58027777983332, "NRU": 77.33333333, "NCL": 128.3, "MNP": 262.3, "PLW": 77.04244444243332, "PNG": 53.69957424889993, "PRI": 80.19380952199985, "KNA": 73.66138889087499, "LCA": 128.3, "VCT": 128.3, "WSM": 72.32654762199998, "STP": 46.54807435112499, "SYC": 128.3, "SGP": 75.72769576365, "SXM": 128.3, "SLB": 44.40333333, "SUR": 53.459240117624994, "TLS": 89.22357142449948, "TON": 52.495681353775, "TTO": 58.33089743499994, "TUV": 72.18750000299998, "VIR": 56.95770833174999, "VUT": 74.62222221799944, "AIA": 59.37674850667776, "COK": 59.37674850667776, "MSR": 59.37674850667776, "NIU": 59.37674850667776}}, "lowerIntervals": {"2020": {"ASM": 49.362808719365724, "ATG": 6.5, "ABW": 6.5, "BHS": 11.965833333333332, "BRB": 6.5, "BLZ": 6.5, "VGB": 39.129995966100005, "CPV": 6.5, "COM": 6.5, "CUB": 39.6398287033125, "CUW": 11.63, "DMA": 6.5, "DOM": 6.5, "FJI": 6.5, "PYF": 11.9, "GRD": 11.629999999999999, "GUM": 42.8797360256654, "GNB": 6.5, "GUY": 6.5, "HTI": 6.5, "JAM": 6.5, "KIR": 6.5, "MDV": 6.5, "MHL": 6.5, "MUS": 6.5, "FSM": 6.5, "NRU": 39.89615980831818, "NCL": 11.9, "MNP": 49.362808719365724, "PLW": 6.5, "PNG": 6.5, "PRI": 11.725, "KNA": 6.5, "LCA": 11.9, "VCT": 11.629999999999999, "WSM": 6.5, "STP": 6.5, "SYC": 11.9, "SGP": 25.9, "SXM": 11.9, "SLB": 6.5, "SUR": 6.5, "TLS": 6.5, "TON": 6.5, "TTO": 6.5, "TUV": 6.5, "VIR": 40.09475639463798, "VUT": 6.5, "AIA": 35.73218771485318, "COK": 35.73218771485318, "MSR": 35.73218771485318, "NIU": 35.73218771485318}}, "categoryImportances": {"2020": {"Economic Policy & Debt": 0.170855636947404, "Private Sector & Trade": 0.8018779151431127, "Financial": 0.027266447909483488}}, "featureImportances": {"2020": {"wdi2-NY.GDP.MKTP.PP.CD": 0.04945526937313498, "wdi2-NY.GNP.MKTP.PP.KD": 0.01874167408224014, "mvi-wdi-BX.TRF.PWKR.DT.GD.ZS": 0.027266447909483488, "wdi-BX.TRF.PWKR.CD.DT": 0.0668641980117679, "wdi-BX.TRF.PWKR.DT.GD.ZS": 0.035794495480260966, "wdi-IC.CUS.DURS.EX": 0.2598556017505685, "wdi-IC.ELC.OUTG": 0.029636969383729273, "wdi-IC.ELC.OUTG.ZS": 0.04109541300484119, "wdi-IC.FRM.BKWC.ZS": 0.23950019157192792, "wdi-IC.FRM.BNKS.ZS": 0.23178973943204573}}, "performance": {"2020": 0.6268417205960175}}