{"data": {"2015": {"ASM": 27.593155320635866, "ATG": 5.03160508672093, "ABW": 7.514291506729619, "BHS": 6.290716565659223, "BRB": 5.943045267202093, "BLZ": 3.022155130161059, "VGB": 63.46491187662995, "CPV": 3.209493830365305, "COM": 5.497739209774953, "CUB": 47.1501751784593, "CUW": 5.319328018691445, "DMA": 4.47022302793021, "DOM": 3.6994102651408247, "FJI": 3.0251847732656896, "PYF": 6.431072480018437, "GRD": 5.212155017935518, "GUM": 35.30221230313903, "GNB": 3.239949618324125, "GUY": 3.4774389822307707, "HTI": 3.532385265175385, "JAM": 4.31977424, "KIR": 4.69544253999031, "MDV": 5.035024429571471, "MHL": 52.23042706385496, "MUS": 3.940974057, "FSM": 16.377517914187344, "NRU": 8.382732341946799, "NCL": 14.830284892533072, "MNP": 35.68539549508783, "PLW": 8.249647536130873, "PNG": 0.081754664, "PRI": 3.26274442276619, "KNA": 7.778688190571557, "LCA": 5.052139834582016, "VCT": 7.697897047079861, "WSM": 3.1265305025698726, "STP": 5.042459286334647, "SYC": 11.51700530288389, "SGP": 64.29473841, "SXM": 4.600345821316111, "SLB": 3.8681042142478494, "SUR": 6.3590824690948216, "TLS": 3.271183513397273, "TON": 4.872353662573954, "TTO": 2.9643488385079264, "TUV": 7.675176877858299, "VIR": 368.4727158750519, "VUT": 3.3012070842086207, "AIA": 134.01549234494843, "COK": 134.01549234494843, "MSR": 134.01549234494843, "NIU": 134.01549234494843}}, "upperIntervals": {"2015": {"ASM": 125.7855596, "ATG": 4.924306275082985, "ABW": 4.568496679893251, "BHS": 24.882987120000003, "BRB": 12.28825082, "BLZ": 5.053274521804124, "VGB": 136.0421363, "CPV": 5.053274521804124, "COM": 11.242273107638091, "CUB": 125.7855596, "CUW": 11.314386960599954, "DMA": 4.548371576575801, "DOM": 6.478856698266665, "FJI": 4.594344345804099, "PYF": 15.96612116233333, "GRD": 9.524808541049916, "GUM": 125.7855596, "GNB": 4.47302880520669, "GUY": 8.251725134969437, "HTI": 5.321948435081227, "KIR": 4.608769412238964, "MDV": 6.941915212635791, "MHL": 126.37168647749998, "FSM": 37.07385940762493, "NRU": 14.93271091, "NCL": 67.75047960649988, "MNP": 82.50008188682669, "PLW": 14.93271091, "PRI": 5.942925839147913, "KNA": 7.959638689793333, "LCA": 7.250692621224962, "VCT": 9.212891264, "WSM": 4.441626583288887, "STP": 6.90880914124832, "SYC": 14.946589629712488, "SXM": 4.692146476012495, "SLB": 14.93271091, "SUR": 23.98984498099996, "TLS": 4.470119702605086, "TON": 6.333192428249995, "TTO": 4.433082237482241, "TUV": 5.130062754379129, "VIR": 668.6425522, "VUT": 4.85531395979524, "AIA": 668.6425522, "COK": 668.6425522, "MSR": 668.6425522, "NIU": 668.6425522}}, "lowerIntervals": {"2015": {"ASM": 0.1130190444083334, "ATG": 0.2614013003787462, "ABW": 0.1790985071178989, "BHS": 0.081754664, "BRB": 0.3115088326352632, "BLZ": 0.0880658893617021, "VGB": 0.010619461, "CPV": 0.1808773691214743, "COM": 0.7099431616722224, "CUB": 8.07566143879, "CUW": 0.2569770082922388, "DMA": 0.2285769012643628, "DOM": 0.7996614577760871, "FJI": 0.1790985071178989, "PYF": 0.6050157594666667, "GRD": 0.2606642052316926, "GUM": 0.2438205188166667, "GNB": 0.2953665829098361, "GUY": 0.0849788769565217, "HTI": 0.6748685316100002, "KIR": 0.1471722868003641, "MDV": 0.2093654249916143, "MHL": 0.2008282151400001, "FSM": 0.166163132, "NRU": 0.16590373855, "NCL": 0.8336396615788237, "MNP": 0.1340174399933333, "PLW": 0.0859704964089771, "PRI": 0.22554923385314, "KNA": 0.2285769012643628, "LCA": 0.1915764947675227, "VCT": 0.1889731646962963, "WSM": 0.2943163025782462, "STP": 0.3509196927971428, "SYC": 0.081754664, "SXM": 0.2290676754722021, "SLB": 0.0849751736413487, "SUR": 0.081754664, "TLS": 0.2953665829098361, "TON": 0.322881087343512, "TTO": 0.120627896132783, "TUV": 0.303068299981921, "VIR": 7.179378472, "VUT": 0.1564641502736958, "AIA": 9.991666726, "COK": 9.991666726, "MSR": 9.991666726, "NIU": 9.991666726}}, "categoryImportances": {"2015": {"Environment": 0.21282291597793598, "Economic Policy & Debt": 0.7537580532087687, "Financial": 0.033419030813295}}, "featureImportances": {"2015": {"wdi2-NY.GDP.MKTP.PP.KD": 0.128755567948889, "mvi-wdi-BX.KLT.DINV.WD.GD.ZS": 0.033419030813295, "wdi-AG.LND.AGRI.K2": 0.0228935686400667, "wdi-AG.LND.AGRI.ZS": 0.0484117314174588, "wdi-AG.LND.ARBL.HA.PC": 0.0604710714487505, "wdi-AG.LND.ARBL.ZS": 0.0399794430020525, "wdi-AG.LND.TOTL.K2": 0.0181957571993495, "wdi-AG.SRF.TOTL.K2": 0.022871344270258, "wdi-BM.KLT.DINV.CD.WD": 0.5937482521670384, "wdi-BM.KLT.DINV.WD.GD.ZS": 0.0312542330928413}}}