{"data": {"2015": {"ASM": 27.593155320635866, "ATG": 5.03160508672093, "ABW": 7.514291506729619, "BHS": 6.290716565659223, "BRB": 5.943045267202093, "BLZ": 3.022155130161059, "VGB": 63.46491187662995, "CPV": 3.209493830365305, "COM": 5.497739209774953, "CUB": 47.1501751784593, "CUW": 5.319328018691445, "DMA": 4.47022302793021, "DOM": 3.6994102651408247, "FJI": 3.0251847732656896, "PYF": 6.431072480018437, "GRD": 5.212155017935518, "GUM": 35.30221230313903, "GNB": 3.239949618324125, "GUY": 3.4774389822307707, "HTI": 3.532385265175385, "JAM": 4.31977424, "KIR": 4.69544253999031, "MDV": 5.035024429571471, "MHL": 52.23042706385496, "MUS": 3.940974057, "FSM": 16.377517914187344, "NRU": 8.382732341946799, "NCL": 14.830284892533072, "MNP": 35.68539549508783, "PLW": 8.249647536130873, "PNG": 0.081754664, "PRI": 3.26274442276619, "KNA": 7.778688190571557, "LCA": 5.052139834582016, "VCT": 7.697897047079861, "WSM": 3.1265305025698726, "STP": 5.042459286334647, "SYC": 11.51700530288389, "SGP": 64.29473841, "SXM": 4.600345821316111, "SLB": 3.8681042142478494, "SUR": 6.3590824690948216, "TLS": 3.271183513397273, "TON": 4.872353662573954, "TTO": 2.9643488385079264, "TUV": 7.675176877858299, "VIR": 368.4727158750519, "VUT": 3.3012070842086207, "AIA": 134.01549234494843, "COK": 134.01549234494843, "MSR": 134.01549234494843, "NIU": 134.01549234494843}, "2020": {"ASM": 101.56196035598998, "ATG": 67.79361249967003, "ABW": 13.32762673369999, "BHS": 124.01165623319997, "BRB": 0.143397091, "BLZ": 151.85038545790005, "VGB": 136.7558315903001, "CPV": 97.57907910867003, "COM": 19.851040577549977, "CUB": 130.20138424370015, "CUW": 77.26370903140008, "DMA": 94.88301293403003, "DOM": 95.45814156960996, "FJI": 136.96834293530003, "PYF": 85.94068469190005, "GRD": 135.62157313740005, "GUM": 60.371455679900045, "GNB": 18.595487697629977, "GUY": 334.19155774549984, "HTI": 19.011918637849984, "JAM": 0.327024476, "KIR": 137.97702776859998, "MDV": 160.2878994135, "MHL": 55.18625908620001, "MUS": 2.847426612, "FSM": 56.471186172200014, "NRU": 45.447192246199975, "NCL": 85.94068469190005, "MNP": 62.22861508630997, "PLW": 62.120694845479996, "PNG": 0.0, "PRI": 137.0148192022001, "KNA": 67.33118267027005, "LCA": 135.0320868852, "VCT": 134.98294922479997, "WSM": 19.66110362375998, "STP": 98.71763802670995, "SYC": 149.28240344710005, "SGP": 143.44523325970013, "SXM": 155.31456749109998, "SLB": 99.75172198448003, "SUR": 174.94632228730006, "TLS": 19.764542371169973, "TON": 62.080600911359994, "TTO": 147.72812970970008, "TUV": 141.98499776239993, "VIR": 73.36618709420006, "VUT": 98.68225005107003, "AIA": 148.39469893019015, "COK": 148.39469893019015, "MSR": 148.39469893019015, "NIU": 148.39469893019015}}, "upperIntervals": {"2015": {"ASM": 125.7855596, "ATG": 4.924306275082985, "ABW": 4.568496679893251, "BHS": 24.882987120000003, "BRB": 12.28825082, "BLZ": 5.053274521804124, "VGB": 136.0421363, "CPV": 5.053274521804124, "COM": 11.242273107638091, "CUB": 125.7855596, "CUW": 11.314386960599954, "DMA": 4.548371576575801, "DOM": 6.478856698266665, "FJI": 4.594344345804099, "PYF": 15.96612116233333, "GRD": 9.524808541049916, "GUM": 125.7855596, "GNB": 4.47302880520669, "GUY": 8.251725134969437, "HTI": 5.321948435081227, "KIR": 4.608769412238964, "MDV": 6.941915212635791, "MHL": 126.37168647749998, "FSM": 37.07385940762493, "NRU": 14.93271091, "NCL": 67.75047960649988, "MNP": 82.50008188682669, "PLW": 14.93271091, "PRI": 5.942925839147913, "KNA": 7.959638689793333, "LCA": 7.250692621224962, "VCT": 9.212891264, "WSM": 4.441626583288887, "STP": 6.90880914124832, "SYC": 14.946589629712488, "SXM": 4.692146476012495, "SLB": 14.93271091, "SUR": 23.98984498099996, "TLS": 4.470119702605086, "TON": 6.333192428249995, "TTO": 4.433082237482241, "TUV": 5.130062754379129, "VIR": 668.6425522, "VUT": 4.85531395979524, "AIA": 668.6425522, "COK": 668.6425522, "MSR": 668.6425522, "NIU": 668.6425522}, "2020": {"ASM": 241.2186989, "ATG": 174.83390299999996, "ABW": 26.03354135, "BHS": 210.37212263999797, "BLZ": 885.5982958, "VGB": 273.43767874499815, "CPV": 174.83390299999996, "COM": 73.84437063, "CUB": 190.95073367999984, "CUW": 120.62178, "DMA": 174.83390299999996, "DOM": 174.83390299999996, "FJI": 885.5982958, "PYF": 120.62178, "GRD": 346.70756465999835, "GUM": 97.3200246, "GNB": 26.03354135, "GUY": 885.5982958, "HTI": 26.03354135, "KIR": 273.43767874499815, "MDV": 885.5982958, "MHL": 120.62178, "FSM": 120.62178, "NRU": 95.07609182999998, "NCL": 120.62178, "MNP": 120.62178, "PLW": 120.62178, "PRI": 273.43767874499815, "KNA": 174.83390299999996, "LCA": 273.43767874499815, "VCT": 273.43767874499815, "WSM": 26.03354135, "STP": 174.83390299999996, "SYC": 273.43767874499815, "SGP": 174.833903, "SXM": 273.43767874499815, "SLB": 174.83390299999996, "SUR": 885.5982958, "TLS": 73.84437063, "TON": 120.62178, "TTO": 273.43767874499815, "TUV": 273.43767874499815, "VIR": 120.62178, "VUT": 174.83390299999996, "AIA": 318.3448946, "COK": 318.3448946, "MSR": 318.3448946, "NIU": 318.3448946}}, "lowerIntervals": {"2015": {"ASM": 0.1130190444083334, "ATG": 0.2614013003787462, "ABW": 0.1790985071178989, "BHS": 0.081754664, "BRB": 0.3115088326352632, "BLZ": 0.0880658893617021, "VGB": 0.010619461, "CPV": 0.1808773691214743, "COM": 0.7099431616722224, "CUB": 8.07566143879, "CUW": 0.2569770082922388, "DMA": 0.2285769012643628, "DOM": 0.7996614577760871, "FJI": 0.1790985071178989, "PYF": 0.6050157594666667, "GRD": 0.2606642052316926, "GUM": 0.2438205188166667, "GNB": 0.2953665829098361, "GUY": 0.0849788769565217, "HTI": 0.6748685316100002, "KIR": 0.1471722868003641, "MDV": 0.2093654249916143, "MHL": 0.2008282151400001, "FSM": 0.166163132, "NRU": 0.16590373855, "NCL": 0.8336396615788237, "MNP": 0.1340174399933333, "PLW": 0.0859704964089771, "PRI": 0.22554923385314, "KNA": 0.2285769012643628, "LCA": 0.1915764947675227, "VCT": 0.1889731646962963, "WSM": 0.2943163025782462, "STP": 0.3509196927971428, "SYC": 0.081754664, "SXM": 0.2290676754722021, "SLB": 0.0849751736413487, "SUR": 0.081754664, "TLS": 0.2953665829098361, "TON": 0.322881087343512, "TTO": 0.120627896132783, "TUV": 0.303068299981921, "VIR": 7.179378472, "VUT": 0.1564641502736958, "AIA": 9.991666726, "COK": 9.991666726, "MSR": 9.991666726, "NIU": 9.991666726}, "2020": {"ASM": 37.4665357, "ATG": 8.702164997, "ABW": 7.523613283, "BHS": 36.525444685000004, "BLZ": 38.19648355, "VGB": 38.19648355, "CPV": 13.863188194000001, "COM": 7.523613283, "CUB": 38.19648355, "CUW": 38.19648355, "DMA": 10.44765137, "DOM": 14.04295329, "FJI": 37.4665357, "PYF": 38.1599861575, "GRD": 37.4665357, "GUM": 36.8288412, "GNB": 7.523613283, "GUY": 38.1599861575, "HTI": 7.377512156900001, "KIR": 38.19648355, "MDV": 38.19648355, "MHL": 37.4665357, "FSM": 36.8288412, "NRU": 18.6447154, "NCL": 38.1599861575, "MNP": 8.6512959177, "PLW": 9.273384331, "PRI": 38.19648355, "KNA": 8.702164997, "LCA": 37.434650975000004, "VCT": 37.4665357, "WSM": 7.6767249046, "STP": 14.04295329, "SYC": 38.19648355, "SGP": 38.19648355, "SXM": 37.4665357, "SLB": 14.04295329, "SUR": 38.19648355, "TLS": 7.523613283, "TON": 9.056438207, "TTO": 38.19648355, "TUV": 60.324039996, "VIR": 38.19648355, "VUT": 18.4146272945, "AIA": 40.19133191, "COK": 40.19133191, "MSR": 40.19133191, "NIU": 40.19133191}}, "categoryImportances": {"2015": {"Environment": 0.21282291597793598, "Economic Policy & Debt": 0.7537580532087687, "Financial": 0.033419030813295}, "2020": {"Economic Policy & Debt": 0.34949719228180753, "Financial Sector": 0.6279569388155947, "Financial": 0.022545868902597764}}, "featureImportances": {"2015": {"wdi2-NY.GDP.MKTP.PP.KD": 0.128755567948889, "mvi-wdi-BX.KLT.DINV.WD.GD.ZS": 0.033419030813295, "wdi-AG.LND.AGRI.K2": 0.0228935686400667, "wdi-AG.LND.AGRI.ZS": 0.0484117314174588, "wdi-AG.LND.ARBL.HA.PC": 0.0604710714487505, "wdi-AG.LND.ARBL.ZS": 0.0399794430020525, "wdi-AG.LND.TOTL.K2": 0.0181957571993495, "wdi-AG.SRF.TOTL.K2": 0.022871344270258, "wdi-BM.KLT.DINV.CD.WD": 0.5937482521670384, "wdi-BM.KLT.DINV.WD.GD.ZS": 0.0312542330928413},