{"data": {"2015": {"ASM": 708159595.3380896, "ATG": 545072299.557511, "ABW": 1109476747.957713, "BHS": 465769452.7750766, "BRB": 877262340.4797266, "BLZ": 0.0, "VGB": 935365101.425044, "CPV": 837462983.5462376, "COM": 1442871975.3352084, "CUB": 1125289399.705865, "CUW": 898848724.8918011, "DMA": 2952000.0, "DOM": 3500000000.0, "FJI": -43150000.0, "PYF": 509428684.5040559, "GRD": 446844445.3851396, "GUM": 524831605.528449, "GNB": 7755000.0, "GUY": 235648696.45198545, "HTI": 1228985985.1827846, "JAM": 1554560000.0, "KIR": 1096160971.6820142, "MDV": 1114684722.5021524, "MHL": 1325291239.1226816, "MUS": 1103605801.1829395, "FSM": 492057897.4963458, "NRU": 823137543.862926, "NCL": 427968910.7221503, "MNP": 453003584.2964484, "PLW": 504218060.4676068, "PNG": 552952138.5608312, "PRI": 446652042.909438, "KNA": 513181405.392388, "LCA": -26147000.0, "VCT": 436206463.302235, "WSM": 436357352.81193095, "STP": 927578750.400402, "SYC": 507039895.569969, "SGP": 239215954.16722, "SXM": 693786604.1617098, "SLB": 509147772.7510206, "SUR": 2813818410.240887, "TLS": 269532496.4554828, "TON": 946103298.1108838, "TTO": 2937091009.573572, "TUV": 1343930160.6744409, "VIR": 476954022.2846086, "VUT": 462607611.9462026, "AIA": 8206848341.487883, "COK": 8206848341.487883, "MSR": 8206848341.487883, "NIU": 8206848341.487883}}, "upperIntervals": {"2015": {"ASM": 2478867206.0855727, "ATG": 1846983128.571428, "ABW": 3500000000.0, "BHS": 1634241348.8129814, "BRB": 2814070838.1352367, "VGB": 3131447841.323529, "CPV": 3057865967.499996, "COM": 3493366069.23982, "CUB": 3250417273.6301365, "CUW": 3454904863.599995, "PYF": 1743517991.6666658, "GRD": 1628133191.74867, "GUM": 1846983128.571428, "GUY": 1325725853.333331, "HTI": 2939613165.3605733, "KIR": 3467237500.816843, "MDV": 3500000000.0, "MHL": 3393695894.69697, "MUS": 3310887251.388889, "FSM": 1745252446.428569, "NRU": 3446337624.4339566, "NCL": 1634241348.8129814, "MNP": 1715915460.4927487, "PLW": 1762551788.0952368, "PNG": 1796214383.0922236, "PRI": 1630098495.4122336, "KNA": 2293654057.061572, "VCT": 1634241348.8129814, "WSM": 1731082585.551774, "STP": 3320827165.7534246, "SYC": 1762551788.0952368, "SGP": 1868202752.857142, "SXM": 2243784733.288039, "SLB": 1743517991.6666658, "SUR": 24125301000.0, "TLS": 1127020520.3584554, "TON": 2613691908.369565, "TTO": 14308110000.0, "TUV": 3263489330.801772, "VIR": 1715915460.4927487, "VUT": 1796214383.0922236, "AIA": 24125301000.0, "COK": 24125301000.0, "MSR": 24125301000.0, "NIU": 24125301000.0}}, "lowerIntervals": {"2015": {"ASM": -27072322.705314003, "ATG": -22823506.46665554, "ABW": -15866909.046961326, "BHS": -40259667.95165452, "BRB": -20921884.802471444, "VGB": -6975457.010581981, "CPV": -24733939.09035409, "COM": 118937936.60732704, "CUB": 748637.435897447, "CUW": -27965531.999022484, "PYF": -29836418.817204297, "GRD": -30581822.173346367, "GUM": -30581822.173346367, "GUY": -122807297.55140293, "HTI": 95027954.0577247, "KIR": -6975457.010581981, "MDV": -16412562.923016911, "MHL": 3992896.780303043, "MUS": -10649570.926657882, "FSM": -35392252.94795879, "NRU": -31753798.442901533, "NCL": -41482871.022727296, "MNP": -35419155.39015382, "PLW": -31326374.95813052, "PNG": -35419155.39015382, "PRI": -30581822.173346367, "KNA": -47469956.20040762, "VCT": -35392252.94795879, "WSM": -42405689.6604085, "STP": -13901793.377390323, "SYC": -31326374.95813052, "SGP": -294956134.9497549, "SXM": -22500150.21802066, "SLB": -31395003.341968898, "SUR": -648645633.3333325, "TLS": -56068686.49210176, "TON": 9599533.402792336, "TTO": -40299095.7925636, "TUV": 29573845.782816347, "VIR": -29836418.817204297, "VUT": -36710891.453184046, "AIA": -297780699.04482055, "COK": -297780699.04482055, "MSR": -297780699.04482055, "NIU": -297780699.04482055}}, "categoryImportances": {"2015": {"Environment": 0.8789018455197096, "Economic Policy & Debt": 0.1210981544802898}}, "featureImportances": {"2015": {"wdi2-NE.DAB.TOTL.CN": 0.1210981544802898, "wdi-AG.LND.AGRI.K2": 0.3150370120416453, "wdi-AG.LND.AGRI.ZS": 0.0242695367140113, "wdi-AG.LND.ARBL.HA.PC": 0.0137948778283199, "wdi-AG.LND.ARBL.ZS": 0.0118332105510976, "wdi-AG.LND.CROP.ZS": 0.0108161365564237, "wdi-AG.LND.FRST.K2": 0.2851745555704069, "wdi-AG.LND.FRST.ZS": 0.006165883548574, "wdi-AG.LND.TOTL.K2": 0.102122394936631, "wdi-AG.SRF.TOTL.K2": 0.1096882377726001}}}