{"data": {"2020": {"ASM": 7.547306976774143, "ATG": 7.364266902753981, "ABW": 8.215798439007862, "BHS": 7.915097735673287, "BRB": 5.452316536971228, "BLZ": 10.376600828881186, "VGB": 6.660535152644806, "CPV": 8.818975983231809, "COM": 11.017264273879547, "CUB": 4.829943787229517, "CUW": 5.0451911648199985, "DMA": 9.441604569257185, "DOM": 9.446538597077087, "FJI": 8.74045165650116, "PYF": 7.783215183049092, "GRD": 7.632551823128484, "GUM": 7.847557299879741, "GNB": 11.413184244777572, "GUY": 8.028557896012847, "HTI": 10.858173987320106, "JAM": 12.649472196054115, "KIR": 9.023621967530344, "MDV": 7.3312272561640475, "MHL": 7.187469695012073, "MUS": 8.27181165239662, "FSM": 8.048826705233687, "NRU": 6.821495866183385, "NCL": 7.783215183049092, "MNP": 7.547306976774143, "PLW": 6.830019310717826, "PNG": 9.634254831457113, "PRI": 4.636707848237613, "KNA": 8.64367411855027, "LCA": 9.903773845871312, "VCT": 9.932976484247337, "WSM": 10.48511506164745, "STP": 10.96076498890254, "SYC": 9.850824847121519, "SGP": 4.694022701567589, "SXM": 7.533286556242602, "SLB": 10.98200383747349, "SUR": 8.898023288499644, "TLS": 11.403925634913485, "TON": 9.89695520672734, "TTO": 7.228642673818438, "TUV": 7.696959979623477, "VIR": 5.049798378665761, "VUT": 11.494993418458405, "AIA": 7.669690812853661, "COK": 7.669690812853661, "MSR": 7.669690812853661, "NIU": 7.669690812853661}}, "upperIntervals": {"2020": {"ASM": 17.7, "ATG": 8.358150330800001, "ABW": 17.7, "BHS": 10.339611112166667, "BRB": 6.7, "BLZ": 17.7, "VGB": 8.8125, "CPV": 12.000444444333333, "COM": 17.7, "CUB": 6.372340426, "CUW": 6.468437499999999, "DMA": 17.7, "DOM": 12.486565219249984, "FJI": 12.008044442433333, "PYF": 8.395984126970001, "GRD": 8.395984126970001, "GUM": 8.356769378430002, "GNB": 17.7, "GUY": 12.000444444333333, "HTI": 17.7, "JAM": 17.7, "KIR": 12.015281398933332, "MDV": 8.772633928775, "MHL": 8.021904430102778, "MUS": 12.0, "FSM": 10.172902617450001, "NRU": 7.930604489076666, "NCL": 8.395984126970001, "MNP": 17.7, "PLW": 7.9359420289488085, "PNG": 12.049432066225, "PRI": 6.7, "KNA": 12.006666665000001, "LCA": 17.7, "VCT": 17.7, "WSM": 17.7, "STP": 12.271115942499998, "SYC": 17.7, "SGP": 6.113617021299999, "SXM": 17.7, "SLB": 12.142844204400001, "SUR": 12.010686290208334, "TLS": 17.7, "TON": 12.049432066225, "TTO": 8.360759699772222, "TUV": 10.185125, "VIR": 6.113617021299999, "VUT": 17.7, "AIA": 8.356769378430002, "COK": 8.356769378430002, "MSR": 8.356769378430002, "NIU": 8.356769378430002}}, "lowerIntervals": {"2020": {"ASM": 5.52086011997, "ATG": 6.373172291240476, "ABW": 6.4520545213, "BHS": 6.452137158071428, "BRB": 3.090909091, "BLZ": 6.3, "VGB": 3.8281761363312494, "CPV": 6.357575757666666, "COM": 6.3, "CUB": 3.090909091, "CUW": 3.090909091, "DMA": 6.3, "DOM": 6.507689998549999, "FJI": 6.3, "PYF": 6.456089015158333, "GRD": 6.357575757666666, "GUM": 7.319408589763635, "GNB": 6.3, "GUY": 6.3, "HTI": 6.3, "JAM": 6.357575757666666, "KIR": 6.471742424508333, "MDV": 6.3716021925833335, "MHL": 6.38828324506, "MUS": 6.357575757666666, "FSM": 6.624242424333333, "NRU": 4.4790625, "NCL": 6.456089015158333, "MNP": 5.52086011997, "PLW": 5.75111607132, "PNG": 6.688636363650001, "PRI": 3.090909091, "KNA": 6.3, "LCA": 6.354696969783332, "VCT": 6.354696969783332, "WSM": 6.445378788008333, "STP": 8.2, "SYC": 6.354696969783332, "SGP": 3.090909091, "SXM": 5.52086011997, "SLB": 8.2, "SUR": 6.3, "TLS": 6.3, "TON": 6.382045454675, "TTO": 6.3716021925833335, "TUV": 6.472727273, "VIR": 3.090909091, "VUT": 6.3, "AIA": 7.173052652917499, "COK": 7.173052652917499, "MSR": 7.173052652917499, "NIU": 7.173052652917499}}, "categoryImportances": {"2020": {"Economic Policy & Debt": 0.09891679780299201, "Private Sector & Trade": 0.8842888306904266, "Financial": 0.01679437150658124}}, "featureImportances": {"2020": {"wdi2-NY.GDP.MKTP.PP.CD": 0.010497032742651605, "wdi2-NY.GNP.MKTP.PP.KD": 0.03968276085734666, "mvi-wdi-BX.TRF.PWKR.DT.GD.ZS": 0.01679437150658124, "wdi-BX.TRF.PWKR.CD.DT": 0.026947037460501887, "wdi-BX.TRF.PWKR.DT.GD.ZS": 0.02178996674249186, "wdi-IC.ELC.OUTG": 0.045132555508149555, "wdi-IC.ELC.OUTG.ZS": 0.626908838091302, "wdi-IC.FRM.BKWC.ZS": 0.07325050753117897, "wdi-IC.FRM.BNKS.ZS": 0.13089357605300792, "wdi-IC.FRM.BRIB.ZS": 0.008103353506788178}}, "performance": {"2020": 0.2647080985948875}}