{"data": {"2015": {"ASM": 1645335.925992225, "ATG": 268003.61510555714, "ABW": 4816880.239929472, "BHS": 15404401.21065417, "BRB": 15282158.09512245, "BLZ": 243046.6351628634, "VGB": 1961536.1502180707, "CPV": 254753.7814880649, "COM": 109999.9994, "CUB": 369394.509256399, "CUW": 12458162.679083629, "DMA": 268003.61510555714, "DOM": 79999.99821, "FJI": 224571.06098007044, "PYF": 13249388.792363783, "GRD": 268003.61510555714, "GUM": 12855932.759473018, "GNB": 270000.0107, "GUY": 397749.11293035606, "HTI": 2299999.952, "JAM": 242679.2541532136, "KIR": 726058.1936332888, "MDV": 256297.0096065177, "MHL": 604223.6519902421, "MUS": 258714.574989946, "FSM": 338034.8454978514, "NRU": 1517922.6038402657, "NCL": 12477782.98769445, "MNP": 11384351.49223114, "PLW": 552407.3629306972, "PNG": 1165958.2910008966, "PRI": 13210739.35348578, "KNA": 15404401.21065417, "LCA": 8031518.447897654, "VCT": 14739301.462133246, "WSM": 109999.9994, "STP": 266595.38608591154, "SYC": 267764.9220828881, "SGP": 9721212.612903288, "SXM": 4203595.644769377, "SLB": 234429.2263125932, "SUR": 400683.8882919717, "TLS": 243666.3094799285, "TON": 267672.39888674417, "TTO": 15123866.045627018, "TUV": 305068.46901087725, "VIR": 7875388.521924082, "VUT": 223536.94225165967, "AIA": 13199397.75654574, "COK": 13199397.75654574, "MSR": 13199397.75654574, "NIU": 13199397.75654574}}, "upperIntervals": {"2015": {"ASM": 7230000.019, "ATG": 524861.2624723635, "ABW": 12211571.477271426, "BHS": 36125561.6421875, "BRB": 36261415.8305, "BLZ": 511332.46810001263, "VGB": 5202852.329701609, "CPV": 469791.3871136145, "CUB": 817785.9863249385, "CUW": 38597123.67075, "DMA": 524861.2624723635, "FJI": 466095.753589108, "PYF": 26760000.38, "GRD": 524861.2624723635, "GUM": 26760000.38, "GUY": 887285.7168912761, "JAM": 671105.7877696648, "KIR": 930427.8552093294, "MDV": 513332.31951247866, "MHL": 2637008.784227452, "MUS": 511332.46810001263, "FSM": 844607.6662983515, "NRU": 9934999.9435, "NCL": 26210492.362246007, "MNP": 31590000.15, "PLW": 2444182.137262596, "PNG": 6954875.047275821, "PRI": 33891354.9308222, "KNA": 36125561.6421875, "LCA": 26602037.403447498, "VCT": 35701936.61393749, "STP": 513332.31951247866, "SYC": 524861.2624723635, "SGP": 29078408.906733938, "SXM": 16295084.020845816, "SLB": 468634.6167505844, "SUR": 890913.0319065456, "TLS": 592815.791218441, "TON": 524861.2624723635, "TTO": 36125561.6421875, "TUV": 524861.2624723635, "VIR": 31590000.15, "VUT": 419019.6347961711, "AIA": 22882500.094475, "COK": 22882500.094475, "MSR": 22882500.094475, "NIU": 22882500.094475}}, "lowerIntervals": {"2015": {"ASM": 119378.35089704773, "ATG": 102905.06228326922, "ABW": 200832.2262864001, "BHS": 4594600.029687501, "BRB": 4297330.90727749, "BLZ": 102866.71785237716, "VGB": 158783.4354705456, "CPV": 101578.6051182332, "CUB": 117208.19904863712, "CUW": 2068879.699876038, "DMA": 102905.06228326922, "FJI": 101903.57426932977, "PYF": 4349194.477296944, "GRD": 102905.06228326922, "GUM": 4064953.178552156, "GUY": 117208.19904863712, "JAM": 102866.71785237716, "KIR": 103502.41258543488, "MDV": 102256.20818862454, "MHL": 102866.71785237716, "MUS": 101903.57426932977, "FSM": 104814.6288154099, "NRU": 105804.70352594485, "NCL": 3442962.3102614456, "MNP": 2105183.2380942083, "PLW": 102136.27534161355, "PNG": 161939.34116807106, "PRI": 2393540.8603318986, "KNA": 4594600.029687501, "LCA": 147198.83677920754, "VCT": 577208.3295441669, "STP": 102905.06228326922, "SYC": 102866.71785237716, "SGP": 1845431.8489925, "SXM": 139500.7586200097, "SLB": 102136.27534161355, "SUR": 117474.8380139806, "TLS": 102136.27534161355, "TON": 102905.06228326922, "TTO": 3917634.4341692193, "TUV": 102256.20818862454, "VIR": 1417869.235129231, "VUT": 101662.83457084656, "AIA": 5488387.160016679, "COK": 5488387.160016679, "MSR": 5488387.160016679, "NIU": 5488387.160016679}}, "categoryImportances": {"2015": {"Environment": 0.012138282651596801, "Economic Policy & Debt": 0.9878617173484027}}, "featureImportances": {"2015": {"wdi2-NY.GDP.MKTP.PP.KD": 0.0083835945856724, "wdi-AG.LND.TOTL.K2": 0.0064588015518941, "wdi-AG.SRF.TOTL.K2": 0.0056794810997027, "wdi-DC.DAC.CECL.CD": 0.0101540093062095, "wdi-DC.DAC.FRAL.CD": 0.0103965239276834, "wdi-DC.DAC.TOTL.CD": 0.0182988025402799, "wdi-DC.DAC.USAL.CD": 0.5254519457842541, "wdi-DT.NFL.UNDP.CD": 0.3806970215169501, "wdi-DT.ODA.ALLD.CD": 0.0204060032906808, "wdi-DT.ODA.ALLD.KD": 0.0140738163966725}}, "performance": {"2015": 0.6020086369551031}}