{"data": {"2010": {"ASM": 3.566513913383424, "ATG": 4.726283159806023, "ABW": 6.140481362189829, "BHS": 4.224010028727834, "BRB": 4.358093277868521, "BLZ": 6.262775591717645, "VGB": 4.868221332888731, "CPV": 5.470538062340345, "COM": 7.328819028693159, "CUB": 1.897184823, "CUW": 4.337899543, "DMA": 5.66785770797885, "DOM": 7.824726135, "FJI": 4.549091647519544, "PYF": 8.572824991717274, "GRD": 4.702673147864499, "GUM": 5.431375102095498, "GNB": 9.915142683895748, "GUY": 6.345486637133606, "HTI": 10.04784689, "JAM": 4.04040404, "KIR": 6.157749211387006, "MDV": 4.840676171086329, "MHL": 4.28688679522285, "MUS": 4.644808743, "FSM": 7.197542703682855, "NRU": 4.344657204400292, "NCL": 8.353411515518866, "MNP": 2.9488073340436656, "PLW": 3.30583612293029, "PNG": 8.982543991838313, "PRI": 5.087890754961014, "KNA": 5.590020232558279, "LCA": 5.45873819432744, "VCT": 6.158723731686642, "WSM": 4.95304914397332, "STP": 6.505199419200719, "SYC": 3.713168796507585, "SGP": 1.445347787, "SXM": 3.417028912031904, "SLB": 9.22269441573013, "SUR": 3.529411765, "TLS": 5.078750523506868, "TON": 3.967029711157793, "TTO": 1.88003581, "TUV": 4.714757562951567, "VIR": 3.417851590804132, "VUT": 5.860982012457995, "AIA": 9.002296530953199, "COK": 9.002296530953199, "MSR": 9.002296530953199, "NIU": 9.002296530953199}, "2011": {"ASM": 2.7664991197960025, "ATG": 4.384237557158006, "ABW": 5.437201696549995, "BHS": 5.932162540762006, "BRB": 3.543683023866015, "BLZ": 6.022577438731994, "VGB": 5.310801164013995, "CPV": 4.702675371468006, "COM": 8.239092327055998, "CUB": 2.183406114, "CUW": 3.454545455, "DMA": 4.780308710659996, "DOM": 7.113402062, "FJI": 5.6090023162099945, "PYF": 8.021553374991994, "GRD": 3.772588910796011, "GUM": 4.449599639140001, "GNB": 8.11154432320001, "GUY": 6.913989382713989, "HTI": 9.813084112, "JAM": 3.830369357, "KIR": 8.635446551093994, "MDV": 3.786349104194013, "MHL": 5.119851070135997, "MUS": 4.67032967, "FSM": 6.282197037151992, "NRU": 4.251028242269999, "NCL": 7.294332330588002, "MNP": 1.9654320753780008, "PLW": 3.0901684267840026, "PNG": 7.574260044035983, "PRI": 9.062791905938, "KNA": 5.980956814151996, "LCA": 3.644746644146013, "VCT": 6.467561961819984, "WSM": 4.121880461494003, "STP": 7.029075989461993, "SYC": 3.2742069079500133, "SGP": 1.3478819, "SXM": 6.431913175917995, "SLB": 9.331645735936002, "SUR": 3.351955307, "TLS": 5.697666073115999, "TON": 5.555854240918009, "TTO": 1.708633094, "TUV": 5.399352737356004, "VIR": 4.004500487700001, "VUT": 7.168791414204002, "AIA": 8.746937571803988, "COK": 8.746937571803988, "MSR": 8.746937571803988, "NIU": 8.746937571803988}, "2012": {"ASM": 4.358578149690009, "ATG": 3.549013142217995, "ABW": 6.519580319705998, "BHS": 5.8257846313220005, "BRB": 6.176551682335992, "BLZ": 4.913418227428003, "VGB": 3.550605772770012, "CPV": 4.458388348978003, "COM": 5.96810720916801, "CUB": 2.096985583, "CUW": 2.863436123, "DMA": 5.215953200607995, "DOM": 7.02106319, "FJI": 5.126126025564007, "PYF": 12.290608137924028, "GRD": 5.432418999788007, "GUM": 4.714826284087999, "GNB": 7.688532628258007, "GUY": 6.797811444427997, "HTI": 3.846153846, "JAM": 4.366812227, "KIR": 6.147208159894005, "MDV": 3.8776938765320064, "MHL": 4.995801612053997, "MUS": 4.557640751, "FSM": 4.148103119758007, "NRU": 3.450596970802007, "NCL": 8.050058647399997, "MNP": 3.3549568812599952, "PLW": 2.971152287884, "PNG": 5.498364678232009, "PRI": 7.952962051301984, "KNA": 4.126912412905996, "LCA": 5.742572672434001, "VCT": 6.479345400117996, "WSM": 4.939804525422001, "STP": 4.882063837330012, "SYC": 2.571511383390009, "SGP": 1.34899913, "SXM": 4.150158639436, "SLB": 6.716602486072009, "SUR": 3.482587065, "TLS": 5.200198180690012, "TON": 5.360719004248004, "TTO": 1.497277677, "TUV": 4.449953742855998, "VIR": 5.246367229861997, "VUT": 4.690297329954012, "AIA": 8.254565434300002, "COK": 8.254565434300002, "MSR": 8.254565434300002, "NIU": 8.254565434300002}, "2013": {"ASM": 9.169788490671984, "ATG": 3.898203294917993, "ABW": 5.4479669281259975, "BHS": 2.6260695169339976, "BRB": 5.656617170241987, "BLZ": 7.085471614176019, "VGB": 3.656872133676005, "CPV": 4.525486911495997, "COM": 9.61925887490001, "CUB": 2.175390891, "CUW": 2.947845805, "DMA": 7.02049259320399, "DOM": 7.262569832, "FJI": 6.495296781888011, "PYF": 15.33368197197003, "GRD": 7.450281933743989, "GUM": 4.118236187071984, "GNB": 12.173438160722004, "GUY": 7.673841184242003, "HTI": 5.99078341, "JAM": 3.68852459, "KIR": 8.436837747793993, "MDV": 5.16671808545999, "MHL": 5.554689150209992, "MUS": 4.699738903, "FSM": 3.5835935941080046, "NRU": 3.4001027088820046, "NCL": 8.954913883928008, "MNP": 2.802777044221993, "PLW": 2.9146270135880026, "PNG": 6.844323957451993, "PRI": 7.2619097786459825, "KNA": 4.621656032836007, "LCA": 6.365018041411991, "VCT": 9.374556955351997, "WSM": 5.9575088675, "STP": 5.998306957313994, "SYC": 6.393217874893985, "SGP": 1.405709343, "SXM": 6.378411755305994, "SLB": 10.767245275508008, "SUR": 4.060913706, "TLS": 6.471863901444002, "TON": 8.060602265677986, "TTO": 2.309368192, "TUV": 5.469535191749998, "VIR": 8.929521256441992, "VUT": 6.272754148709996, "AIA": 8.338764765594751, "COK": 8.338764765594751, "MSR": 8.338764765594751, "NIU": 8.338764765594751}, "2014": {"ASM": 7.819965351293964, "ATG": 4.019865558129996, "ABW": 5.749892377853989, "BHS": 3.972322346062, "BRB": 5.070152706407985, "BLZ": 6.84122713832998, "VGB": 6.756852241049978, "CPV": 5.929384596533993, "COM": 7.904097450193976, "CUB": 2.173174873, "CUW": 2.736842105, "DMA": 5.991552705057994, "DOM": 7.580477674, "FJI": 6.584134386991983, "PYF": 10.832400913168003, "GRD": 4.556898572175997, "GUM": 7.194250375827976, "GNB": 12.35246221525603, "GUY": 7.320970324221979, "HTI": 3.985507246, "JAM": 3.626220363, "KIR": 7.148158032723981, "MDV": 7.240194457251966, "MHL": 4.204293062096008, "MUS": 4.545454545, "FSM": 3.9975392428500007, "NRU": 3.4686741131839987, "NCL": 10.657359161640004, "MNP": 3.5495405010879995, "PLW": 2.1505072890200045, "PNG": 6.770852704120082, "PRI": 9.172471503893965, "KNA": 5.408454728703994, "LCA": 4.821849240321994, "VCT": 5.74150011357999, "WSM": 6.214159974205982, "STP": 6.163083053159986, "SYC": 4.738354033887986, "SGP": 1.3239188, "SXM": 3.680268064914, "SLB": 7.885541972341992, "SUR": 3.51758794, "TLS": 4.816016938973997, "TON": 7.285556237783994, "TTO": 1.680310211, "TUV": 5.382847151083986, "VIR": 10.03458890807999, "VUT": 6.627737515005986, "AIA": 7.865569474376831, "COK": 7.865569474376831, "MSR": 7.865569474376831, "NIU": 7.865569474376831}}, "upperIntervals": {"2010": {"ASM": 10.820188473785707, "ATG": 15.668789809999998, "ABW": 15.668789809999998, "BHS": 10.565761671499986, "BRB": 11.977564799999998, "BLZ": 12.65797392, "VGB": 13.81434687, "CPV": 12.65797392, "COM": 24.83516484, "DMA": 15.668789809999998, "FJI": 11.00856073, "PYF": 19.42636964, "GRD": 12.499999999999998, "GUM": 18.42853330821426, "GNB": 24.83516484, "GUY": 14.87447542949993, "KIR": 16.35405938, "MDV": 12.505407910999995, "MHL": 9.662080356899992, "FSM": 19.42810073, "NRU": 9.653231663, "NCL": 15.669387877999998, "MNP": 9.653231663, "PLW": 9.653231663, "PNG": 17.03958139, "PRI": 9.653231663, "KNA": 15.66878981, "LCA": 15.668789809999998, "VCT": 16.38833548049997, "WSM": 12.499999999999998, "STP": 15.68075117, "SYC": 10.30927835, "SXM": 6.6115702480000005, "SLB": 24.83516484, "TLS": 12.5, "TON": 10.334450474999976, "TUV": 13.91217399349996, "VIR": 10.19324282812727, "VUT": 12.608158219999998, "AIA": 16.35405938, "COK": 16.35405938, "MSR": 16.35405938, "NIU": 16.35405938}, "2011": {"ASM": 9.72113143644999, "ATG": 14.29830575, "ABW": 15.655345624499963, "BHS": 16.39458365, "BRB": 9.934771701, "BLZ": 12.556306310000002, "VGB": 14.29830575, "CPV": 10.30460143, "COM": 24.78632479, "DMA": 13.796384400000004, "FJI": 12.53405995, "PYF": 16.39458365, "GRD": 10.34172662, "GUM": 15.25641026, "GNB": 24.78632479, "GUY": 15.21007849, "KIR": 24.19700214, "MDV": 10.34172662, "MHL": 10.381743352999964, "FSM": 15.274411664999985,