{"data": {"2010": {"ASM": 1.6572253390833631, "ATG": 0.3640777032936635, "ABW": 1.7997453727342148, "BHS": 0.4717926659219342, "BRB": 2.3795305682203547, "BLZ": 19.812741383371847, "VGB": 0.2876514218166642, "CPV": 10.870560620389227, "COM": 31.044524697864, "CUB": 7.908994369, "CUW": 0.422854642103154, "DMA": 1.863409401060995, "DOM": 10.17092816, "FJI": 14.223411580390405, "PYF": 3.16215690284384, "GRD": 2.8435733912325545, "GUM": 0.2117001986183353, "GNB": 75.36353766066003, "GUY": 22.68461561482115, "HTI": 60.43070948, "JAM": 8.930632237, "KIR": 1.9478193924854923, "MDV": 0.315852469546949, "MHL": 8.24673535357757, "MUS": 7.08646113, "FSM": 1.361053830666386, "NRU": 0.2122979835831366, "NCL": 1.5355795044472995, "MNP": 0.3533420203115862, "PLW": 0.193722167625318, "PNG": 39.58808802074, "PRI": 0.37705425679258, "KNA": 0.4321951005799699, "LCA": 0.6962678752158525, "VCT": 1.899448219190739, "WSM": 26.3610781072816, "STP": 27.540299851008, "SYC": 0.2775004194189184, "SGP": 0.0, "SXM": 1.6343205006885175, "SLB": 40.507417060490056, "SUR": 6.091403111, "TLS": 25.598815411973973, "TON": 0.4286742155185681, "TTO": 0.061241336, "TUV": 0.4140588312744601, "VIR": 0.1348256727237738, "VUT": 26.327891107346645, "AIA": 14.5078694309023, "COK": 14.5078694309023, "MSR": 14.5078694309023, "NIU": 14.5078694309023}, "2011": {"ASM": 0.5677113101059995, "ATG": 0.3491345920919994, "ABW": 1.8936360113199948, "BHS": 0.3711723422020006, "BRB": 2.007078491353996, "BLZ": 13.981977206523943, "VGB": 0.3253922120579997, "CPV": 9.745658646728018, "COM": 31.75791034768812, "CUB": 10.09598752, "CUW": 0.3118795627739999, "DMA": 4.566902057809987, "DOM": 9.735764283, "FJI": 20.95616772981788, "PYF": 2.8567097670219934, "GRD": 5.518467048121993, "GUM": 0.1756431196919996, "GNB": 74.06685100517996, "GUY": 24.502292520593933, "HTI": 60.27949333, "JAM": 8.891856326, "KIR": 1.442257870889999, "MDV": 0.3288191069899998, "MHL": 7.084525386431995, "MUS": 6.445637629, "FSM": 0.9046781710060048, "NRU": 0.2285128763619999, "NCL": 1.4012288861119977, "MNP": 0.2428098605359994, "PLW": 0.2101239328419998, "PNG": 35.805145839010095, "PRI": 0.2369145221539992, "KNA": 0.265175726907999, "LCA": 0.6757393242259998, "VCT": 1.9651201089960004, "WSM": 24.231054199271952, "STP": 26.217356537178013, "SYC": 0.2844498361479994, "SGP": 0.0, "SXM": 9.889898539462008, "SLB": 44.26729215617997, "SUR": 6.144965951, "TLS": 17.910593231284025, "TON": 0.4605399372239995, "TTO": 0.06163599, "TUV": 0.2973364297119996, "VIR": 0.1431961390919995, "VUT": 25.532361244607976, "AIA": 14.477945062480003, "COK": 14.477945062480003, "MSR": 14.477945062480003, "NIU": 14.477945062480003}, "2012": {"ASM": 0.9103035037139972, "ATG": 0.2363724001340002, "ABW": 1.736258243401998, "BHS": 0.307179378782, "BRB": 1.5065468839639988, "BLZ": 22.302490087100068, "VGB": 0.2996963579559998, "CPV": 10.787893865639994, "COM": 34.5358561481601, "CUB": 10.23884653, "CUW": 0.3146433994879998, "DMA": 3.5151211674080027, "DOM": 9.452848736, "FJI": 16.577128201196032, "PYF": 2.9427582890299986, "GRD": 6.056576030846006, "GUM": 0.2283743878020002, "GNB": 64.58157417267965, "GUY": 13.345198800602022, "HTI": 59.96002215, "JAM": 10.98651754, "KIR": 1.054812024094003, "MDV": 0.2669869207239999, "MHL": 5.942656095740011, "MUS": 5.9224389, "FSM": 0.8083061899659985, "NRU": 0.281525503734, "NCL": 1.4214799645119984, "MNP": 0.2389985392160002, "PLW": 0.1567765603519998, "PNG": 33.407577700648034, "PRI": 0.326381362668, "KNA": 0.3461301130840001, "LCA": 0.6393072270560004, "VCT": 1.5035657391580022, "WSM": 23.637786535720096, "STP": 25.27460780060813, "SYC": 0.105041187494, "SGP": 0.0, "SXM": 0.2395451352480001, "SLB": 44.81023672020001, "SUR": 5.840469362, "TLS": 10.737964896165996, "TON": 0.5285624852399999, "TTO": 0.062605374, "TUV": 0.2988733080720002, "VIR": 0.3747923451140001, "VUT": 25.409411887740145, "AIA": 16.02704451232201, "COK": 16.02704451232201, "MSR": 16.02704451232201, "NIU": 16.02704451232201}, "2013": {"ASM": 0.4816664844357474, "ATG": 0.2920144150872686, "ABW": 2.135301185409246, "BHS": 0.3978687126725207, "BRB": 0.6784275993179412, "BLZ": 16.71811305253293, "VGB": 0.3854238134213228, "CPV": 11.032634540349422, "COM": 27.106994115470386, "CUB": 10.08589677, "CUW": 0.4323212088084569, "DMA": 3.816582000158379, "DOM": 10.66517846, "FJI": 21.53519054151598, "PYF": 2.901867101038873, "GRD": 4.528879873595017, "GUM": 0.2783876155898548, "GNB": 67.39423396008996, "GUY": 13.280967199795134, "HTI": 60.40924251, "JAM": 10.77291503, "KIR": 1.1064046813421469, "MDV": 0.3940013901662973, "MHL": 6.042299795287055, "MUS": 5.611343441, "FSM": 0.8165716019188928, "NRU": 0.452946513832501, "NCL": 1.660355194401536, "MNP": 0.2906553900532687, "PLW": 0.2911924761436847, "PNG": 33.98840319539218, "PRI": 0.4341449027729403, "KNA": 0.5073360261398274, "LCA": 0.8013118983594112, "VCT": 1.930105916975675, "WSM": 24.56934417037001, "STP": 26.4804623061624, "SYC": 0.6129974921413818, "SGP": 0.028441889, "SXM": 0.3095277323448385, "SLB": 41.65818097453343, "SUR": 6.842344113, "TLS": 11.369994711416616, "TON": 0.65801947211101, "TTO": 0.060866931, "TUV": 0.4484254628164113, "VIR": 0.5788968475506289, "VUT": 26.9058524100624, "AIA": 16.419288878147846, "COK": 16.419288878147846, "MSR": 16.419288878147846, "NIU": 16.419288878147846}, "2014": {"ASM": 0.384961237796729, "ATG": 0.3279188918772525, "ABW": 2.430896732676358, "BHS": 0.4217062077533048, "BRB": 0.4942663129012525, "BLZ": 20.242896460240605, "VGB": 0.3529027636546092, "CPV": 9.727972577340196, "COM": 29.561706822212056, "CUB": 11.37567114, "CUW": 0.4188160702357776, "DMA": 2.433102147242836, "DOM": 10.0495773, "FJI": 16.06704066128147, "PYF": 3.343476848524656, "GRD": 5.735896843878823, "GUM": 0.3277705183772525, "GNB": 68.34427128015194, "GUY": 11.109476919870392, "HTI": 58.97003451, "JAM": 11.13282011, "KIR": 1.1695792360540678, "MDV": 0.2248401816121149, "MHL": 6.253855318724147, "MUS": 5.095081809, "FSM": 0.5207549850777357, "NRU": 0.2754349512943431, "NCL": 1.1734742823550877, "MNP": 0.3216276545832525, "PLW": 0.0494262088046304, "PNG": 35.54878644417999, "PRI": 0.592748870620018, "KNA": 0.6131116510620459, "LCA": 0.5222528394221096, "VCT": 1.9998650942732257, "WSM": 21.39176356947335, "STP": 23.53581295992401, "SYC": 0.3686765794035018, "SGP": 0.044713301, "SXM": 0.3310732880911823, "SLB": 41.91137887288996, "SUR": 6.917737752, "TLS": 11.73462696574822, "TON": 0.4622714557962128, "TTO": 0.060358684, "TUV": 0.3405283009634526, "VIR": 0.8148209375641425, "VUT": 15.97623510355721, "AIA": 15.258722363646138, "COK": 15.258722363646138, "MSR": 15.258722363646138, "NIU": 15.258722363646138}}, "upperIntervals": {"2010": {"ASM": 4.545092704, "ATG": 1.492058669, "ABW": 4.2603358, "BHS": 1.492058669, "BRB": 5.733435715000001, "BLZ": 30.60656058, "VGB": 1.110269961, "CPV": 14.472899749999971, "COM": 42.03467319, "CUW": 1.492058669, "DMA": 4.807830885, "FJI": 23.48862534, "PYF": 5.403959234, "GRD": 5.733435715000001, "GUM": 1.110269961, "GNB": 90.42811251, "GUY": 30.60656058, "KIR": 4.327536961, "MDV": 1.343943566, "MHL": 11.199244691999937, "FSM": 2.1550547109999623, "NRU": 0.879447545, "NCL": 3.204616659, "MNP": 1.492058669, "PLW": 0.879447545, "PNG": 48.39968098, "PRI": 1.492058669, "KNA": 1.492058669, "LCA": 1.492058669, "VCT": 4.327536961, "WSM": 39.88387818, "STP": 39.88387818, "SYC": 1.110269961, "SXM": 4.807830885, "SLB": 58.6085841, "TLS": 39.88387818, "TON": 1.110269961, "TUV": 1.492058669, "VIR": 0.430748758, "VUT": 40.56790402, "AIA": 23.77736341, "COK": 23.77736341, "MSR": 23.77736341, "NIU": 23.77736341}, "2011": {"ASM": 1.138083755, "ATG": 1.138083755, "ABW": 4.255180562, "BHS": 1.06390308, "BRB": 4.255180562, "BLZ": 25.0757875, "VGB": 1.06390308, "CPV": 12.55762279, "COM": 39.83392762, "CUW": 0.968712326, "DMA": 8.911851681, "FJI": 28.73472634, "PYF": 6.130717040999999, "GRD": 8.911851681, "GUM": 0.560321237, "GNB": 89.83306880999999, "GUY": 28.877819809999995, "KIR": 4.255180562,