{"data": {"2010": {"ASM": 9338.737406478018, "ATG": 8147.892748444635, "ABW": 2434.2389114840066, "BHS": 2429.8094898866057, "BRB": 2452.5143911780065, "BLZ": 1500.508550401797, "VGB": 3106.775226466013, "CPV": 1167.5924213256, "COM": 986.5770567072012, "CUB": 1099.502727, "CUW": 13710.07982, "DMA": 1206.0112407061958, "DOM": 776.6891312, "FJI": 1135.967635314597, "PYF": 2594.8141417620054, "GRD": 1557.3359459923972, "GUM": 8802.575933050613, "GNB": 498.20087402660016, "GUY": 1299.2589915637973, "HTI": 381.5912809, "JAM": 951.409447, "KIR": 1329.5494687874025, "MDV": 1507.3028517735993, "MHL": 3337.660054074001, "MUS": 1053.452495, "FSM": 1890.7316001171987, "NRU": 9969.462868571998, "NCL": 2895.794390204011, "MNP": 9556.61717537202, "PLW": 9674.817395170005, "PNG": 506.4648550441992, "PRI": 4730.766788530016, "KNA": 1539.6096074139982, "LCA": 1627.2986587569978, "VCT": 1471.6185983661956, "WSM": 1083.866913264997, "STP": 749.7062414487993, "SYC": 1844.9746196965984, "SGP": 5006.620992, "SXM": 6501.078182870019, "SLB": 781.2504053708012, "SUR": 1355.643079, "TLS": 1102.574637410599, "TON": 1430.6280505588, "TTO": 15108.68701, "TUV": 7693.4350461386175, "VIR": 10021.599414958608, "VUT": 613.4463889323997, "AIA": 2422.845877913997, "COK": 2422.845877913997, "MSR": 2422.845877913997, "NIU": 2422.845877913997}, "2011": {"ASM": 7237.707678115898, "ATG": 7011.127306371696, "ABW": 2507.7855581558456, "BHS": 1875.7072559146216, "BRB": 2613.0505739674936, "BLZ": 1643.8141329770283, "VGB": 2382.8292189921567, "CPV": 1074.1587445150722, "COM": 855.2207275201426, "CUB": 1032.819507, "CUW": 16064.05182, "DMA": 1527.2864651146265, "DOM": 781.4695667, "FJI": 1221.9451383406208, "PYF": 2504.18712213619, "GRD": 1752.289341890466, "GUM": 7773.8277959073075, "GNB": 326.7893951917467, "GUY": 1266.58927090901, "HTI": 389.0863854, "JAM": 1009.348066, "KIR": 1229.5406192254627, "MDV": 1867.0917527636493, "MHL": 3008.401016291048, "MUS": 1053.50989, "FSM": 2761.4705076387604, "NRU": 8480.30907603057, "NCL": 3423.950778103204, "MNP": 7739.248659481291, "PLW": 7606.575066032706, "PNG": 502.58881463747446, "PRI": 3624.54351374536, "KNA": 1847.065520728346, "LCA": 1732.1888905392495, "VCT": 2042.6928375704, "WSM": 1294.3827530807112, "STP": 1034.4313460618573, "SYC": 1676.4495038576313, "SGP": 5069.171794, "SXM": 2824.377547935303, "SLB": 824.9233549059443, "SUR": 1305.553116, "TLS": 1241.3302779962892, "TON": 1608.896004784635, "TTO": 14775.95459, "TUV": 7640.584002295704, "VIR": 12188.035004194022, "VUT": 618.6265313711641, "AIA": 2409.8451285983742, "COK": 2409.8451285983742, "MSR": 2409.8451285983742, "NIU": 2409.8451285983742}, "2012": {"ASM": 2960.52059649476, "ATG": 7125.390310671231, "ABW": 2124.005857253659, "BHS": 1345.500522818145, "BRB": 2310.21222631045, "BLZ": 1075.540159565099, "VGB": 2468.0831465749884, "CPV": 1014.0032216503844, "COM": 674.7699859909785, "CUB": 1065.342603, "CUW": 13395.36979, "DMA": 1162.975035293622, "DOM": 815.3903426, "FJI": 876.3537186941714, "PYF": 1665.7283086370237, "GRD": 1280.665221515125, "GUM": 8359.397342365724, "GNB": 250.0702316137332, "GUY": 1020.3800909820508, "HTI": 397.2574369, "JAM": 974.4645561, "KIR": 1251.93447031783, "MDV": 1538.3667620446722, "MHL": 2801.224085518682, "MUS": 1067.780253, "FSM": 2595.149527701135, "NRU": 7302.273625620016, "NCL": 3006.890739356224, "MNP": 8295.65921324266, "PLW": 7249.666002517998, "PNG": 519.7676049889118, "PRI": 2845.9050371082967, "KNA": 2100.227019480033, "LCA": 1313.00757890642, "VCT": 1610.6374292824576, "WSM": 941.948940572093, "STP": 740.7332545199288, "SYC": 2980.051596775944, "SGP": 4898.330465, "SXM": 7303.253699682004, "SLB": 646.7338296635392, "SUR": 1440.39967, "TLS": 1090.1414716616246, "TON": 1247.2330863175182, "TTO": 14312.42462, "TUV": 7072.28029777, "VIR": 2947.1066899729344, "VUT": 689.5952004567057, "AIA": 2292.7985265413467, "COK": 2292.7985265413467, "MSR": 2292.7985265413467, "NIU": 2292.7985265413467}, "2013": {"ASM": 2550.579963087932, "ATG": 6511.309720375372, "ABW": 1853.368606349216, "BHS": 2122.391326457748, "BRB": 2148.948637218364, "BLZ": 1093.080636002909, "VGB": 4699.224926632004, "CPV": 896.6625943258521, "COM": 496.34098534000174, "CUB": 1022.160344, "CUW": 11727.50972, "DMA": 1019.8889877137924, "DOM": 759.6938007, "FJI": 689.0174841807043, "PYF": 1533.2618045635352, "GRD": 1241.5499003336888, "GUM": 7738.437961850933, "GNB": 456.8172170622076, "GUY": 1703.932957514116, "HTI": 394.0233862, "JAM": 1006.698126, "KIR": 2061.988454298192, "MDV": 1572.827465888189, "MHL": 2670.323748691465, "MUS": 1094.72587, "FSM": 2177.1153835389314, "NRU": 6983.503707589697, "NCL": 2750.802255997805, "MNP": 7573.657214615197, "PLW": 6788.490434555096, "PNG": 559.8891721558389, "PRI": 3036.865288066637, "KNA": 1706.9313230059308, "LCA": 1575.992577619853, "VCT": 1354.4906814339006, "WSM": 750.0181006327076, "STP": 677.9756941756809, "SYC": 1655.4225898303723, "SGP": 4880.40607, "SXM": 7947.654727503377, "SLB": 437.8019825661991, "SUR": 1264.239578, "TLS": 1183.8226036685128, "TON": 1164.815329439799, "TTO": 14478.84921, "TUV": 7060.104819775096, "VIR": 3331.2432237302114, "VUT": 645.9063164823549, "AIA": 2263.435878852521, "COK": 2263.435878852521, "MSR": 2263.435878852521, "NIU": 2263.435878852521}}, "upperIntervals": {"2010": {"ASM": 15108.68701, "ATG": 15108.68701, "ABW": 3353.525609, "BHS": 4459.246923, "BRB": 4459.246923, "BLZ": 2120.2314338999986, "VGB": 6154.474779, "CPV": 1273.2724090499996, "COM": 1119.4088545999953, "DMA": 1450.149003, "FJI": 1730.087676, "PYF": 5025.504881, "GRD": 2012.315806, "GUM": 14901.338736999993, "GNB": 494.9526965, "GUY": 1874.6513740000005, "KIR": 1755.2673569499989, "MDV": 2769.463567, "MHL": 6154.474779, "FSM": 5025.504881, "NRU": 15108.68701, "NCL": 5025.504881, "MNP": 15108.68701, "PLW": 15108.68701, "PNG": 702.2272588, "PRI": 15108.68701, "KNA": 2769.463567, "LCA": 2775.992502849994, "VCT": 1928.652357, "WSM": 1407.296291849998, "STP": 1083.911477, "SYC": 5200.881398299954, "SXM": 13710.079820000004, "SLB": 1083.911477, "TLS": 1449.4683999999995, "TON": 2151.27193469997, "TUV": 13710.079820000004, "VIR": 15108.68701, "VUT": 861.8047777, "AIA": 3311.3162995999983, "COK": 3311.3162995999983, "MSR": 3311.3162995999983, "NIU": 3311.3162995999983}, "2011": {"ASM": 16064.05182, "ATG": 16064.05182, "ABW": 4959.112799, "BHS": 4670.820952, "BRB": 4996.66746, "BLZ": 2070.202816249997, "VGB": 4670.820952, "CPV": 1207.075728, "COM": 1026.727121, "DMA": 1993.328817, "FJI": 1750.717791, "PYF": 4675.770815649996, "GRD": 4996.66746, "GUM": 16064.05182, "GNB": 480.00060479464287, "GUY": 1815.529957, "KIR": 1993.328817, "MDV": 3286.7933262499337, "MHL": 8056.404301, "FSM": 4959.112799, "NRU": 16064.05182, "NCL": 5049.426631, "MNP": 16064.05182, "PLW": 16064.05182, "PNG": 750.609079, "PRI": 9837.472408, "KNA": 4996.66746, "LCA": 4769.818225, "VCT": 4959.112799, "WSM": 1815.529957, "STP": 1746.8551447999969, "SYC": 2791.107676, "SXM": 6771.205271, "SLB": 1026.727121, "TLS": 2429.224476, "TON": 1993.328817, "TUV": 16064.05182, "VIR": 16064.05182, "VUT": 781.4695667, "AIA": 4670.820952, "COK": 4670.820952, "MSR": 4670.820952, "NIU": 4670.820952}, "2012": {"ASM": 5107.211838, "ATG": 14312.42462, "ABW": 3222.4492700000005, "BHS": 1703.2258278499876, "BRB": 4821.447281, "BLZ": 2072.644265, "VGB": 4398.944146, "CPV": 1293.823111, "COM": 974.4645561, "DMA": 1319.7822055499987, "FJI": 1625.988144, "PYF": 3101.4903220499973, "GRD": 1480.551928649993, "GUM": 14312.42462, "GNB": 489.2516581333333, "GUY": 1349.2011563791657, "KIR": 1689.6160229999998, "MDV": 2072.644265, "MHL": 5107.211838, "FSM": 4821.447281, "NRU": 14312.42462, "NCL": 4821.447281, "MNP": 14312.42462, "PLW": 14312.42462, "PNG": 824.2417985, "PRI": 4398.944146, "KNA": 4398.944146, "LCA": 1689.6160229999998, "VCT": 4821.447281, "WSM": 1293.823111, "STP": 853.210745, "SYC": 13395.36979, "SXM": 14312.42462, "SLB": 970.525478285, "TLS": 2072.644265, "TON": 1689.6160229999998, "TUV": 14312.42462,