{"data": {"2015": {"ASM": 3195408.464945064, "ATG": 3207802.360979781, "ABW": 3301599.5962082813, "BHS": 4863608.232291829, "BRB": 3235303.936490373, "BLZ": 3252185.245695906, "VGB": 3305069.6786559094, "CPV": 3069120.1010553576, "COM": 3895480.569247598, "CUB": 2123697.0, "CUW": 2969430.565547633, "DMA": 3736530.895422091, "DOM": 2944551.0, "FJI": 2794140.033960659, "PYF": 4092107.297674735, "GRD": 3284266.025599624, "GUM": 4207636.334901637, "GNB": 2834429.8737270087, "GUY": 3574263.026321496, "HTI": 2438601.0, "JAM": 3011879.268298849, "KIR": 4124664.502293552, "MDV": 3327196.302181519, "MHL": 3832975.69134149, "MUS": 2971559.8520761672, "FSM": 4049397.724876152, "NRU": 3758605.653916057, "NCL": 4014961.489127252, "MNP": 3778764.081234316, "PLW": 3650384.894144864, "PNG": 5271770.746062941, "PRI": 2463243.0, "KNA": 3083047.184672025, "LCA": 3412565.494298517, "VCT": 3250010.864240154, "WSM": 3119195.8946701703, "STP": 4044448.4990377454, "SYC": 4818967.740152615, "SGP": 5535262.0, "SXM": 5519871.841271675, "SLB": 4646088.807461761, "SUR": 4350513.1425846135, "TLS": 2934550.540916879, "TON": 3170064.4840050978, "TTO": 3232093.919209128, "TUV": 4550570.481449615, "VIR": 3681627.570596262, "VUT": 3347427.722358688, "AIA": 7473963.7361746095, "COK": 7473963.7361746095, "MSR": 7473963.7361746095, "NIU": 7473963.7361746095}}, "upperIntervals": {"2015": {"ASM": 5606475.707644628, "ATG": 5605941.297520662, "ABW": 5733705.706886644, "BHS": 12288991.5, "BRB": 5794519.396551724, "BLZ": 5569213.102739581, "VGB": 5605941.297520662, "CPV": 5571745.242088608, "COM": 14489901.0, "CUW": 5026544.419200868, "DMA": 9397587.666666668, "FJI": 3995188.203681441, "PYF": 5874415.163636669, "GRD": 5812093.248286851, "GUM": 8244637.842857137, "GNB": 3995188.203681441, "GUY": 5843193.305591793, "JAM": 5234561.756793964, "KIR": 8181422.399999989, "MDV": 5810861.212670157, "MHL": 9397587.666666668, "MUS": 5063297.177684112, "FSM": 7310935.242890952, "NRU": 9397587.666666668, "NCL": 5858519.920831343, "MNP": 5942817.525924076, "PLW": 5814815.030791704, "PNG": 23609434.0, "KNA": 5605941.297520662, "LCA": 5874415.163636669, "VCT": 5673129.4557226375, "WSM": 5674016.260329574, "STP": 8588660.312499994, "SYC": 9063961.87083326, "SXM": 12664477.768333333, "SLB": 10691949.508333258, "SUR": 9063961.87083326, "TLS": 4961335.216661402, "TON": 5739243.1571577815, "TTO": 5618317.198863635, "TUV": 14489901.0, "VIR": 5858519.920831343, "VUT": 5617175.660067873, "AIA": 20620274.29999999, "COK": 20620274.29999999, "MSR": 20620274.29999999, "NIU": 20620274.29999999}}, "lowerIntervals": {"2015": {"ASM": 2250580.54640207, "ATG": 2227151.1578890486, "ABW": 2249942.3651963, "BHS": 2229268.611799276, "BRB": 2227151.1578890486, "BLZ": 2121099.4182836427, "VGB": 2318142.164109124, "CPV": 2189717.228981367, "COM": 2277351.2375503173, "CUW": 2138833.572922993, "DMA": 2250580.54640207, "FJI": 2100507.837359463, "PYF": 2331910.906388465, "GRD": 2239822.392777405, "GUM": 2277168.813673259, "GNB": 2206594.0265329885, "GUY": 2229268.611799276, "JAM": 2276365.8106362163, "KIR": 2264889.743342732, "MDV": 2264783.424019321, "MHL": 2240026.4715944114, "MUS": 2223127.354092844, "FSM": 2260713.7044527903, "NRU": 2250580.54640207, "NCL": 2318168.3408887894, "MNP": 2269693.022323249, "PLW": 2258687.5113209244, "PNG": 2234804.317113384, "KNA": 2125678.755641872, "LCA": 2272751.5558717228, "VCT": 2250580.54640207, "WSM": 2214740.9286946254, "STP": 2288707.267068821, "SYC": 2258687.5113209244, "SXM": 2239822.392777405, "SLB": 2227151.1578890486, "SUR": 2100507.837359463, "TLS": 2138833.572922993, "TON": 2206594.0265329885, "TTO": 2249942.3651963, "TUV": 2234144.533162697, "VIR": 2269693.022323249, "VUT": 2234678.484439872, "AIA": 2586193.085245252, "COK": 2586193.085245252, "MSR": 2586193.085245252, "NIU": 2586193.085245252}}, "categoryImportances": {"2015": {"Environment": 0.9471729228357043, "Economic Policy & Debt": 0.0528270771642953}}, "featureImportances": {"2015": {"wdi2-NY.GDP.MKTP.CN": 0.0528270771642953, "wdi-AG.LND.AGRI.K2": 0.2885941790790576, "wdi-AG.LND.AGRI.ZS": 0.0143259316115306, "wdi-AG.LND.ARBL.HA": 0.5195170163089728, "wdi-AG.LND.ARBL.HA.PC": 0.0264562993699486, "wdi-AG.LND.ARBL.ZS": 0.0125429259441729, "wdi-AG.LND.CROP.ZS": 0.0103278272385082, "wdi-AG.LND.TOTL.K2": 0.0524238398924628, "wdi-AG.PRD.CROP.XD": 0.0117212530448168, "wdi-AG.PRD.FOOD.XD": 0.0112636503462339}}}