{"data": {"2015": {"ASM": 319846489400.0, "ATG": 5160092820.0, "ABW": 17724448678.908, "BHS": 9291811558.908, "BRB": 2949090000.0, "BLZ": 6054541379.454, "VGB": 1333934174760.0, "CPV": 6368165300.0, "COM": 7933186700.0, "CUB": 1026190417160.0, "CUW": 16456773279.944, "DMA": 5708226400.0, "DOM": 44699942018.348, "FJI": 6557411420.0, "PYF": 69557102032.86, "GRD": 4610180300.0, "GUM": 769224510360.0, "GNB": 6680233220.0, "GUY": 9478044818.908, "HTI": 504761538500.0, "JAM": 5899490000.0, "KIR": 6514601659.454, "MDV": 5154779520.0, "MHL": 998222251040.0, "MUS": 7238550000.0, "FSM": 258911543320.0, "NRU": 17911078978.908, "NCL": 1264102163278.348, "MNP": 764532223340.0, "PLW": 20642720780.0, "PNG": 1718860000.0, "PRI": 17406121720.0, "KNA": 19075919040.0, "LCA": 5103006840.0, "VCT": 4979626000.0, "WSM": 6557996160.0, "STP": 4677489580.0, "SYC": 34047417880.0, "SGP": 640000000000.0, "SXM": 7787975079.944, "SLB": 7024641479.454, "SUR": 12853479198.908, "TLS": 6131811298.908, "TON": 7289452860.0, "TTO": 4480807218.908, "TUV": 19530642220.0, "VIR": 767274813580.0, "VUT": 8553321239.454, "AIA": 2181908000000.0, "COK": 2181908000000.0, "MSR": 2181908000000.0, "NIU": 2181908000000.0}, "2020": {"ASM": 210741010521.2084, "ATG": 61048562244.164474, "ABW": 68454996941.333015, "BHS": 102950489488.87088, "BRB": 2780430000.0, "BLZ": 886765184354.134, "VGB": 1026648205378.4196, "CPV": 34040399424.11813, "COM": 26922408936.51936, "CUB": 193562852945.2247, "CUW": 3562627025458.8877, "DMA": 433460634441.86, "DOM": 209711733576.83636, "FJI": 32503233692.157257, "PYF": 74024872158.42159, "GRD": 37047655815.68261, "GUM": 101055278261.6366, "GNB": 25389679620.57521, "GUY": 37984831899.410675, "HTI": 57681057761.14529, "JAM": 11701080000.0, "KIR": 26810846249.01936, "MDV": 25985232852.791294, "MHL": 77499357821.10173, "MUS": 6159610000.0, "FSM": 32308171916.17482, "NRU": 197619931608.9611, "NCL": 66037235112.668884, "MNP": 140868580049.58325, "PLW": 101804441900.05888, "PNG": 29620387118.80564, "PRI": 115836043232.49188, "KNA": 39896680845.56064, "LCA": 42230724338.47105, "VCT": 42119161650.97105, "WSM": 465831855270.5408, "STP": 81236630411.6149, "SYC": 394863849340.01373, "SGP": 653000000000.0, "SXM": 200984544458.46, "SLB": 25858826299.147095, "SUR": 45030078473.27047, "TLS": 26922408936.51936, "TON": 32887587592.446754, "TTO": 64306452771.701805, "TUV": 30171228204.46268, "VIR": 725477412830.8, "VUT": 25405817176.51936, "AIA": 2500381537182.885, "COK": 2500381537182.885, "MSR": 2500381537182.885, "NIU": 2500381537182.885}}, "upperIntervals": {"2015": {"ASM": 3180000000000.0, "ATG": 18414470000.0, "ABW": 19251070000.0, "BHS": 25452410000.0, "BLZ": 19251070000.0, "VGB": 3180000000000.0, "CPV": 19251070000.0, "COM": 18574707999.99997, "CUB": 2090000000000.0, "CUW": 18539110000.0, "DMA": 12527093999.99997, "DOM": 96079380000.0, "FJI": 18414470000.0, "PYF": 143000000000.0, "GRD": 18414470000.0, "GUM": 3180000000000.0, "GNB": 18414470000.0, "GUY": 25452410000.0, "HTI": 2090000000000.0, "KIR": 25452410000.0, "MDV": 19251070000.0, "MHL": 4890000000000.0, "FSM": 2780999999999.981, "NRU": 19251070000.0, "NCL": 4890000000000.0, "MNP": 3180000000000.0, "PLW": 25452410000.0, "PRI": 41123170000.0, "KNA": 19251070000.0, "LCA": 19251070000.0, "VCT": 19561136999.99972, "WSM": 18414470000.0, "STP": 7238550000.000001, "SYC": 25452410000.0, "SXM": 18414470000.0, "SLB": 25452410000.0, "SUR": 41123170000.0, "TLS": 18414470000.0, "TON": 18414470000.0, "TTO": 19251070000.0, "TUV": 18414470000.0, "VIR": 3180000000000.0, "VUT": 25452410000.0, "AIA": 6120000000000.0, "COK": 6120000000000.0, "MSR": 6120000000000.0, "NIU": 6120000000000.0}, "2020": {"ASM": 653972925393.617, "ATG": 127885183259.25926, "ABW": 158015025989.5832, "BHS": 549987013801.8867, "BLZ": 2000000000000.0, "VGB": 2121200000000.0, "CPV": 118904208337.38425, "COM": 82834778453.69727, "CUB": 690514083449.248, "CUW": 6130000000000.0, "DMA": 2146050000000.0, "DOM": 694282039535.7141, "FJI": 118904208337.38425, "PYF": 163260011333.33334, "GRD": 84995488671.87491, "GUM": 539445980806.12683, "GNB": 78910636763.73625, "GUY": 120456539130.20822, "HTI": 179209888441.1764, "KIR": 82834778453.69727, "MDV": 81071726865.15569, "MHL": 500360131865.1686, "FSM": 118904208337.38425, "NRU": 589252050712.8938, "NCL": 225544851599.99924, "MNP": 580997868089.7933, "PLW": 580997868089.7933, "PNG": 118904208337.38425, "PRI": 549987013801.8867, "KNA": 115847477942.70834, "LCA": 158015025989.5832, "VCT": 158015025989.5832, "WSM": 6130000000000.0, "STP": 494995180566.6668, "SYC": 2000000000000.0, "SXM": 589252050712.8938, "SLB": 78910636763.73625, "SUR": 126816612004.35736, "TLS": 82834778453.69727, "TON": 118904208337.38425, "TTO": 120456539130.20822, "TUV": 118904208337.38425, "VIR": 6130000000000.0, "VUT": 78910636763.73625, "AIA": 4670000000000.0, "COK": 4670000000000.0, "MSR": 4670000000000.0, "NIU": 4670000000000.0}}, "lowerIntervals": {"2015": {"ASM": 315630000.0, "ATG": 1718860000.0, "ABW": 1718860000.0, "BHS": 1718860000.0, "BLZ": 1718860000.0, "VGB": 2692400000.0, "CPV": 1850000000.0, "COM": 2949090000.0, "CUB": 239000000000.0, "CUW": 2353520000.0, "DMA": 1850000000.0, "DOM": 7238550000.0, "FJI": 1718860000.0, "PYF": 5890495000.000001, "GRD": 1718860000.0, "GUM": 2692400000.0, "GNB": 1718860000.0, "GUY": 1718860000.0, "HTI": 4405320000.0, "KIR": 1718860000.0, "MDV": 1718860000.0, "MHL": 315630000.0, "FSM": 315630000.0, "NRU": 1718860000.0, "NCL": 20804110000.0, "MNP": 315630000.0, "PLW": 1718860000.0, "PRI": 1850000000.0, "KNA": 1850000000.0, "LCA": 1718860000.0, "VCT": 1718860000.0, "WSM": 1850000000.0, "STP": 1718860000.0, "SYC": 1718860000.0, "SXM": 1850000000.0, "SLB": 1718860000.0, "SUR": 1718860000.0, "TLS": 1718860000.0, "TON": 2949090000.0, "TTO": 1718860000.0, "TUV": 1850000000.0, "VIR": 315630000.0, "VUT": 1718860000.0, "AIA": 728000000000.0, "COK": 728000000000.0, "MSR": 728000000000.0, "NIU": 728000000000.0}, "2020": {"ASM": 5975793848.558761, "ATG": 5106524297.169811, "ABW": 5106524297.169811, "BHS": 5356019981.707315, "BLZ": 7488654423.627358, "VGB": 6560348893.465343, "CPV": 5106524297.169811, "COM": 5106524297.169811, "CUB": 8881473588.66279, "CUW": 6696143955.445544, "DMA": 5975793848.558761, "DOM": 9636036024.364408, "FJI": 5106524297.169811, "PYF": 5106524297.169811, "GRD": 5106524297.169811, "GUM": 6222017362.560085, "GNB": 5359008892.084674, "GUY": 5106524297.169811, "HTI": 7719583636.877829, "KIR": 5106524297.169811, "MDV": 5106524297.169811, "MHL": 5356019981.707315, "FSM": 5106524297.169811, "NRU": 6222017362.560085, "NCL": 5356019981.707315, "MNP": 6222017362.560085, "PLW": 5356019981.707315, "PNG": 5975793848.558761, "PRI": 7443254863.368963, "KNA": 5356019981.707315, "LCA": 5106524297.169811, "VCT": 5106524297.169811, "WSM": 5106524297.169811, "STP": 5106524297.169811, "SYC": 5975793848.558761, "SXM": 6222017362.560085, "SLB": 5106524297.169811, "SUR": 5356019981.707315, "TLS": 5106524297.169811, "TON": 5106524297.169811, "TTO": 5359008892.084674, "TUV": 5106524297.169811, "VIR": 6551434486.861315, "VUT": 5106524297.169811, "AIA": 1195990945617.6472, "COK": 1195990945617.6472, "MSR": 1195990945617.6472, "NIU": 1195990945617.6472}}, "categoryImportances": {"2015": {"Environment": 0.063460272617063, "Economic Policy & Debt": 0.9320869424535279, "Financial": 0.0044527849294087}, "2020": {"Infrastructure": 0.05788951181569047, "Economic Policy & Debt": 0.018176720078153654, "Health": 0.18846386291119624, "Environment": 0.7354699051949598}}, "featureImportances": {"2015": {"wdi2-NY.GDP.MKTP.PP.KD": 0.2137365328018529, "mvi-wdi-BX.KLT.DINV.WD.GD.ZS": 0.0044527849294087, "wdi-AG.LND.AGRI.K2": 0.0117796648570107, "wdi-AG.LND.AGRI.ZS": 0.0064412083666662, "wdi-AG.LND.ARBL.HA.PC": 0.0208594469523101, "wdi-AG.LND.ARBL.ZS": 0.0063683147953965, "wdi-AG.LND.TOTL.K2": 0.0075350502550886, "wdi-AG.SRF.TOTL.K2": 0.0104765873905909, "wdi-BM.KLT.DINV.CD.WD": 0.7099924811451025, "wdi-BM.KLT.DINV.WD.GD.ZS": 0.0083579285065725},