{"data": {"2012": {"ASM": 99.70405329998572, "ATG": 101.55638304456902, "ABW": 99.58118849776204, "BHS": 90.79888153, "BRB": 98.27661165205424, "BLZ": 107.1210632, "VGB": 88.18182373, "CPV": 98.34555054, "COM": 61.827320651865136, "CUB": 94.8883667, "CUW": 100.47224652156252, "DMA": 98.00332642, "DOM": 92.45767212, "FJI": 105.7523193, "PYF": 97.41891215232155, "GRD": 97.19714410197716, "GUM": 96.51778200310748, "GNB": 66.49134924136614, "GUY": 99.16869354, "HTI": 69.96224162478231, "JAM": 94.24305181480484, "KIR": 104.3078101360198, "MDV": 102.14711244664636, "MHL": 105.37150075905448, "MUS": 94.02134705, "FSM": 70.95745342118022, "NRU": 91.42857361, "NCL": 97.5057746433046, "MNP": 96.878607137078, "PLW": 100.87542673823384, "PNG": 64.94537799126336, "PRI": 95.23594605911742, "KNA": 111.9289322, "LCA": 97.1980797341605, "VCT": 101.0101013, "WSM": 108.7421875, "STP": 68.63033475489887, "SYC": 105.59758, "SGP": 98.1788177885221, "SXM": 95.57196045, "SLB": 84.27076721, "SUR": 80.21772003, "TLS": 81.81876373, "TON": 103.1421814, "TTO": 98.24217710085811, "TUV": 104.1973444305818, "VIR": 97.8776308685015, "VUT": 76.81207704154245, "AIA": 92.46577958937594, "COK": 92.46577958937594, "MSR": 92.46577958937594, "NIU": 92.46577958937594}, "2015": {"ASM": 83.74912391897524, "ATG": 94.05098724, "ABW": 92.36947325461564, "BHS": 83.41723633, "BRB": 92.08325680261537, "BLZ": 104.8854218, "VGB": 92.95153809, "CPV": 95.1247406, "COM": 95.43167464038802, "CUB": 96.32636261, "CUW": 99.26599341030366, "DMA": 100.5940628, "DOM": 101.1406326, "FJI": 112.4701691, "PYF": 98.03477340071235, "GRD": 92.33756286555118, "GUM": 89.79632932251067, "GNB": 58.12105824897014, "GUY": 91.32911953511424, "HTI": 65.00658878169853, "JAM": 84.96202087, "KIR": 90.75195458131122, "MDV": 109.0800476, "MHL": 89.53869542787027, "MUS": 98.53800964, "FSM": 88.86693153649877, "NRU": 80.08865708713518, "NCL": 96.80635897410755, "MNP": 80.40114297107077, "PLW": 74.7600025111546, "PNG": 69.0431332605237, "PRI": 76.2946167, "KNA": 107.7957001, "LCA": 90.29260731858618, "VCT": 96.90831757, "WSM": 108.7163925, "STP": 93.02443277642628, "SYC": 107.1111069, "SGP": 96.75057557493628, "SXM": 89.11610798367035, "SLB": 87.97383881, "SUR": 82.56314087, "TLS": 97.37950897, "TON": 80.62145127085778, "TTO": 93.32859651948073, "TUV": 84.67742157, "VIR": 93.10809001872818, "VUT": 66.29703234193049, "AIA": 92.69419255334888, "COK": 92.69419255334888, "MSR": 92.69419255334888, "NIU": 92.69419255334888}}, "upperIntervals": {"2012": {"ASM": 117.2185364, "ATG": 107.6047668, "ABW": 111.92893220000002, "BRB": 107.6047668, "COM": 88.14788895099998, "CUW": 111.92893220000002, "PYF": 108.7421875, "GRD": 106.18463130000002, "GUM": 105.3140106, "GNB": 83.48032379, "HTI": 83.43269348, "JAM": 101.49896393, "KIR": 111.92893220000002, "MDV": 111.92893220000002, "MHL": 111.92893220000002, "FSM": 98.40118217749996, "NCL": 107.6047668, "MNP": 106.1680215, "PLW": 111.92893220000002, "PNG": 81.10411834999998, "PRI": 106.18463130000002, "LCA": 106.18463130000002, "STP": 83.50915222049997, "SGP": 106.18463130000002, "TTO": 106.277479906, "TUV": 111.92893220000002, "VIR": 106.18463130000002, "VUT": 88.32325745, "AIA": 100.8269806, "COK": 100.8269806, "MSR": 100.8269806, "NIU": 100.8269806}, "2015": {"ASM": 107.7957001, "ABW": 104.7369995, "BRB": 106.75954629, "COM": 109.0800476, "CUW": 112.4701691, "PYF": 108.71639249999998, "GRD": 101.1403503, "GUM": 101.1403503, "GNB": 87.97383881, "GUY": 102.6748734, "HTI": 88.83177948, "KIR": 109.0800476, "MHL": 109.0800476, "FSM": 109.0800476, "NRU": 106.3197632, "NCL": 108.7450867, "MNP": 107.1111069, "PLW": 107.7957001, "PNG": 88.83177948, "LCA": 106.3179032833661, "STP": 109.0800476, "SGP": 108.7450867, "SXM": 104.7369995, "TON": 107.7957001, "TTO": 104.7369995, "VIR": 107.7957001, "VUT": 87.97383881, "AIA": 100.1001968, "COK": 100.1001968, "MSR": 100.1001968, "NIU": 100.1001968}}, "lowerIntervals": {"2012": {"ASM": 91.81126886766664, "ATG": 90.79888153, "ABW": 85.08442688, "BRB": 90.79888153, "COM": 43.24781036, "CUW": 92.259765622, "PYF": 89.33528137, "GRD": 85.2326889, "GUM": 88.18182373, "GNB": 43.24781036, "HTI": 50.10128021, "JAM": 87.20547732825, "KIR": 91.397089006, "MDV": 92.86847687, "MHL": 92.86679458839284, "FSM": 43.24781036, "NCL": 89.33528137, "MNP": 88.18182373, "PLW": 88.18182373, "PNG": 42.46995926, "PRI": 89.33528137, "LCA": 88.18182373, "STP": 43.24781036, "SGP": 92.2681049315, "TTO": 92.67676860941664, "TUV": 90.79888153, "VIR": 88.18182373, "VUT": 65.50228119, "AIA": 84.49971008, "COK": 84.49971008, "MSR": 84.49971008, "NIU": 84.49971008}, "2015": {"ASM": 49.99999999999999, "ABW": 78.31401062, "BRB": 63.679051976000046, "COM": 82.41567993, "CUW": 84.67742157, "PYF": 83.41723633, "GRD": 76.2946167, "GUM": 49.99999999999999, "GNB": 39.78306961, "GUY": 82.56314087, "HTI": 39.78306961, "KIR": 49.99999999999999, "MHL": 49.99999999999999, "FSM": 49.99999999999999, "NRU": 49.99999999999999, "NCL": 82.56314087, "MNP": 49.99999999999999, "PLW": 49.99999999999999, "PNG": 53.72679138, "LCA": 49.99999999999999, "STP": 49.99999999999999, "SGP": 76.2946167, "SXM": 49.99999999999999, "TON": 49.99999999999999, "TTO": 78.31401062, "VIR": 78.21304092400001, "VUT": 39.78306961, "AIA": 85.113864899, "COK": 85.113864899, "MSR": 85.113864899, "NIU": 85.113864899}}, "categoryImportances": {"2012": {"Environment": 0.7830791496897489, "Infrastructure": 0.10907487657641018, "Economic Policy & Debt": 0.1078459737338404}, "2015": {"Environment": 0.836159702773966, "Infrastructure": 0.0794520717382905, "Economic Policy & Debt": 0.0843882254877433}}, "featureImportances": {"2012": {"wdi2-NE.DAB.TOTL.CN": 0.1078459737338404, "wdi-AG.LND.TOTL.K2": 0.0139662740934242, "wdi-AG.SRF.TOTL.K2": 0.0138445235031825, "wdi-EG.ELC.ACCS.ZS": 0.6290283540080231, "wdi-EG.ELC.RNEW.ZS": 0.0195934896526924, "wdi-EN.POP.DNST": 0.0644744022077671, "wdi-ER.FSH.CAPT.MT": 0.0211126017150465, "wdi-ER.FSH.PROD.MT": 0.0210595045096131, "wdi-IT.CEL.SETS": 0.0365141983767908, "wdi-IT.CEL.SETS.P2": 0.0725606781996194}, "2015": {"wdi2-NY.GDP.MKTP.CN": 0.0843882254877433, "wdi-AG.LND.TOTL.K2": 0.0197577174602084, "wdi-AG.SRF.TOTL.K2": 0.0178081396610709, "wdi-EG.ELC.ACCS.ZS": 0.5583025603847045, "wdi-EG.ELC.RNEW.ZS": 0.0381304236770105, "wdi-EG.FEC.RNEW.ZS": 0.0549284479828411, "wdi-EN.POP.DNST": 0.0530206421698883, "wdi-ER.FSH.CAPT.MT": 0.0339991034079445, "wdi-ER.FSH.PROD.MT": 0.0602126680302977, "wdi-IT.MLT.MAIN": 0.0794520717382905}}}