{"data": {"2015": {"ASM": 27.81498137879988, "ATG": 17.367259999999938, "ABW": 22.8464599999999, "BHS": 23.04073517305996, "BRB": 30.82, "BLZ": 25.51, "VGB": 26.73461531861997, "CPV": 65.34, "COM": 25.11750414566001, "CUB": 29.50130811199997, "CUW": 23.47025999999989, "DMA": 23.11571681483999, "DOM": 24.45, "FJI": 33.422846905080014, "PYF": 32.26660843456004, "GRD": 22.81558423597997, "GUM": 16.338059999999956, "GNB": 15.120857692239984, "GUY": 28.015635308860013, "HTI": 20.34757084470004, "JAM": 41.28, "KIR": 7.45, "MDV": 20.26756804784001, "MHL": 30.82846822633989, "MUS": 31.24, "FSM": 30.652022757600022, "NRU": 34.804041378799845, "NCL": 29.722501745740104, "MNP": 20.83090149515996, "PLW": 28.42205280581992, "PNG": 14.46959148011996, "PRI": 22.60040745739996, "KNA": 24.919959999999897, "LCA": 21.161547467979968, "VCT": 21.21017954439996, "WSM": 26.17528396391996, "STP": 19.3246, "SYC": 15.73, "SGP": 11.17, "SXM": 25.91271999999988, "SLB": 22.9481978283, "SUR": 21.87, "TLS": 28.60362896918, "TON": 15.632883963919925, "TTO": 6.74, "TUV": 22.432879999999965, "VIR": 15.357279999999973, "VUT": 26.24727339808004, "AIA": 17.5000036704667, "COK": 17.5000036704667, "MSR": 17.5000036704667, "NIU": 17.5000036704667}, "2020": {"ASM": 28.195808696, "ATG": 32.8265313147, "ABW": 21.223847506300032, "BHS": 16.2059, "BRB": 31.7741937054, "BLZ": 26.181770213000014, "VGB": 12.430167453199997, "CPV": 40.04109999999997, "COM": 39.269992601899986, "CUB": 28.625022545499988, "CUW": 20.350168567500017, "DMA": 38.68329999999999, "DOM": 21.911586364599998, "FJI": 36.89437563209998, "PYF": 39.3434193564, "GRD": 36.51145972999996, "GUM": 26.28360533360002, "GNB": 27.175300000000004, "GUY": 33.8468806703, "HTI": 25.89072881420001, "JAM": 16.120814846400002, "KIR": 34.14472645949998, "MDV": 27.168680670300013, "MHL": 29.207651404899988, "MUS": 29.72522696789999, "FSM": 31.195424801599998, "NRU": 18.274627292199998, "NCL": 36.335206061800015, "MNP": 17.317615850700005, "PLW": 32.278011342599974, "PNG": 39.2130926019, "PRI": 48.146771274500004, "KNA": 32.138303215799986, "LCA": 30.33127211210002, "VCT": 39.35604072390001, "WSM": 41.91729999999998, "STP": 39.463557452499984, "SYC": 29.94872930329999, "SGP": 10.552313827799999, "SXM": 22.30985556330003, "SLB": 27.6357, "SUR": 37.5665, "TLS": 28.217700295000004, "TON": 39.4904928969, "TTO": 30.479127110599993, "TUV": 31.214526459499975, "VIR": 28.69325271839999, "VUT": 27.9994, "AIA": 16.3822563322, "COK": 16.3822563322, "MSR": 16.3822563322, "NIU": 16.3822563322}}, "upperIntervals": {"2015": {"ASM": 67.23, "ATG": 34.78599999999974, "ABW": 34.4, "BHS": 56.05, "VGB": 67.23, "COM": 65.34, "CUB": 53.23649999999992, "CUW": 56.55, "DMA": 65.34, "FJI": 67.34, "PYF": 65.34, "GRD": 67.23, "GUM": 34.48, "GNB": 65.34, "GUY": 56.05, "HTI": 65.34, "MDV": 56.55, "MHL": 67.23, "FSM": 65.34, "NRU": 67.23, "NCL": 43.34, "MNP": 56.55, "PLW": 67.23, "PNG": 39.81657746499998, "PRI": 67.23, "KNA": 56.07499999999997, "LCA": 67.23, "VCT": 65.34, "WSM": 67.23, "STP": 65.34, "SXM": 56.55, "SLB": 65.34, "TLS": 65.34, "TON": 34.48, "TUV": 67.23, "VIR": 34.4, "VUT": 65.34, "AIA": 48.2, "COK": 48.2, "MSR": 48.2, "NIU": 48.2}, "2020": {"ASM": 50.93, "ATG": 50.9775, "ABW": 38.455499999999994, "BHS": 51.88, "BRB": 50.93, "BLZ": 51.88, "VGB": 21.216, "CPV": 51.88, "COM": 64.06, "CUB": 39.72, "CUW": 38.39, "DMA": 50.93, "DOM": 51.88, "FJI": 51.88, "PYF": 51.88, "GRD": 50.93, "GUM": 51.88, "GNB": 51.88, "GUY": 50.93, "HTI": 51.88, "JAM": 38.39, "KIR": 50.93, "MDV": 51.88, "MHL": 39.72, "MUS": 39.99, "FSM": 50.93, "NRU": 36.425999999999995, "NCL": 51.88, "MNP": 38.39, "PLW": 50.93, "PNG": 51.88, "PRI": 69.96, "KNA": 39.7335, "LCA": 51.88, "VCT": 51.88, "WSM": 69.96, "STP": 51.88, "SYC": 50.93, "SGP": 19.505999999999993, "SXM": 50.93, "SLB": 51.88, "SUR": 50.9775, "TLS": 51.88, "TON": 51.88, "TTO": 39.99, "TUV": 39.99, "VIR": 39.7335, "VUT": 51.88, "AIA": 21.83451512749999, "COK": 21.83451512749999, "MSR": 21.83451512749999, "NIU": 21.83451512749999}}, "lowerIntervals": {"2015": {"ASM": 7.450000000000001, "ATG": 6.411000000000004, "ABW": 9.502000000000006, "BHS": 3.85, "VGB": 3.85, "COM": 1.2, "CUB": 9.72, "CUW": 9.84, "DMA": 6.717500000000001, "FJI": 10.09, "PYF": 8.59, "GRD": 6.411000000000004, "GUM": 6.411000000000004, "GNB": 1.2, "GUY": 3.9, "HTI": 1.2, "MDV": 3.85, "MHL": 7.450000000000001, "FSM": 2.982000000000001, "NRU": 6.74, "NCL": 11.255499999999998, "MNP": 3.85, "PLW": 3.85, "PNG": 1.2, "PRI": 6.48, "KNA": 9.84, "LCA": 3.85, "VCT": 5.1, "WSM": 7.450000000000001, "STP": 0.96, "SXM": 3.85, "SLB": 1.2, "TLS": 1.2, "TON": 6.48, "TUV": 3.85, "VIR": 7.450000000000001, "VUT": 1.76, "AIA": 3.9, "COK": 3.9, "MSR": 3.9, "NIU": 3.9}, "2020": {"ASM": 12.153, "ATG": 13.67, "ABW": 7.98, "BHS": 4.15, "BRB": 11.448, "BLZ": 7.98, "VGB": 6.39, "CPV": 13.6005, "COM": 20.668499999999998, "CUB": 14.074775397, "CUW": 7.98, "DMA": 13.67, "DOM": 7.98, "FJI": 8.73, "PYF": 21.109999999999996, "GRD": 14.074775397, "GUM": 7.98, "GNB": 6.360000000000001, "GUY": 12.28, "HTI": 8.73, "JAM": 8.9865, "KIR": 12.28, "MDV": 4.15, "MHL": 14.16923726, "MUS": 12.2435, "FSM": 8.73, "NRU": 8.73, "NCL": 13.6005, "MNP": 9.1385, "PLW": 12.2435, "PNG": 21.109999999999996, "PRI": 12.28, "KNA": 12.28, "LCA": 9.0, "VCT": 20.898932431999995, "WSM": 12.28, "STP": 21.109999999999996, "SYC": 11.55, "SGP": 6.360000000000001, "SXM": 7.98, "SLB": 6.360000000000001, "SUR": 16.51, "TLS": 5.93, "TON": 21.109999999999996, "TTO": 12.28, "TUV": 14.978, "VIR": 12.28, "VUT": 6.360000000000001, "AIA": 9.1385, "COK": 9.1385, "MSR": 9.1385, "NIU": 9.1385}}, "categoryImportances": {"2015": {"Environment": 0.8258052652427181, "Financial Sector": 0.1081464061801979, "Economic Policy & Debt": 0.0660483285770836}, "2020": {"Economic Policy & Debt": 0.12755285328548038, "Infrastructure": 0.056877604466040406, "Social Protection & Labor": 0.8155695422484791}}, "featureImportances": {"2015": {"wdi2-NY.GDP.MKTP.CN": 0.0660483285770836, "wdi-AG.LND.TOTL.K2": 0.080028389908889, "wdi-AG.SRF.TOTL.K2": 0.0907851745900142, "wdi-EG.ELC.ACCS.UR.ZS": 0.0805956508160884, "wdi-EG.ELC.ACCS.ZS": 0.1702541817148175, "wdi-EG.ELC.RNEW.ZS": 0.1057002161692237, "wdi-EN.POP.DNST": 0.0938722483691552, "wdi2-NY.GDP.DEFL.KD.ZG": 0.1081464061801979, "wdi2-NY.GDP.FRST.RT.ZS": 0.1126195026251684, "wdi2-NY.GDP.MINR.RT.ZS": 0.0919499010493617}, "2020": {"wdi2-NE.DAB.TOTL.CN": 0.024175335511310164, "wdi2-NE.EXP.GNFS.CN": 0.03657572170411141, "wdi-BX.TRF.PWKR.CD.DT": 0.0668017960700588, "wdi-IT.NET.SECR.P6": 0.056877604466040406, "wdi2-SL.EMP.TOTL.SP.ZS": 0.5249743772659343, "wdi2-SL.TLF.CACT.FE.NE.ZS": 0.05197220993084992, "wdi2-SL.TLF.CACT.FM.NE.ZS": 0.09843318623646068, "wdi2-SL.TLF.CACT.MA.NE.ZS": 0.04094344754904135, "wdi2-SL.TLF.CACT.ZS": 0.038984512895881736, "wdi2-SL.TLF.TOTL.IN": 0.06026180837031106}}}