{"data": {"2015": {"ASM": -158000000.0, "ATG": 618642259.1, "ABW": 1135559306.0, "BHS": 2944500000.0, "BRB": 911704200.0, "BLZ": 504403089.5, "VGB": 385751261205.0989, "CPV": 25289322600.0, "COM": -16682000000.0, "CUB": 10517000000.0, "CUW": 383809031255.1627, "DMA": 383809031255.1627, "DOM": 602000000000.0, "FJI": 2224910300.0, "PYF": 383809031255.1627, "GRD": 383809031255.1627, "GUM": 383809031255.1627, "GNB": 21009247400.0, "GUY": 384769884437.0374, "HTI": -30813094600.0, "JAM": 84274000000.0, "KIR": -110333000.0, "MDV": 25734000000.0, "MHL": -57524400.0, "MUS": 42476000000.0, "FSM": 383809031255.1627, "NRU": 383809031255.1627, "NCL": 2670436756453.269, "MNP": 383809031255.1627, "PLW": 15445500.0, "PNG": -450931707293.2961, "PRI": 32634700000.0, "KNA": -6589111304089.408, "LCA": 383809031255.1627, "VCT": 383809031255.1627, "WSM": 383809031255.1627, "STP": 386330079689.68567, "SYC": 4729890000.0, "SGP": 223000000000.0, "SXM": 541000000.0, "SLB": 892000000.0, "SUR": 383809031255.1627, "TLS": -271029800.0, "TON": 383809031255.1627, "TTO": 722512928353.7172, "TUV": -691267636631.533, "VIR": 103000000.0, "VUT": 11998000000.0, "AIA": 45688300938395.14, "COK": 45688300938395.14, "MSR": 45688300938395.14, "NIU": 45688300938395.14}, "2020": {"ASM": 2762196875122.4937, "ATG": 881855739.6, "ABW": 549843552118.8624, "BHS": 36512996981579.94, "BRB": 545000000.0, "BLZ": 636777728.0, "VGB": 487830823177.0639, "CPV": 26066485700.0, "COM": 1294521847543.5615, "CUB": 487830823177.0639, "CUW": 487830823177.0639, "DMA": 487830823177.0639, "DOM": 788000000000.0, "FJI": 1755580802.0, "PYF": 50902226270745.1, "GRD": 487830823177.0639, "GUM": 3715790997619.6035, "GNB": 15537693800.0, "GUY": 487830823177.0639, "HTI": -89624040500.0, "JAM": 201000000000.0, "KIR": 487830823177.0639, "MDV": 487830823177.0639, "MHL": 487830823177.0639, "MUS": 33987000000.0, "FSM": 5183468339914.748, "NRU": 511984802533.33124, "NCL": 812610755918.055, "MNP": 3434424330952.938, "PLW": 487830823177.0639, "PNG": 630606337824.2028, "PRI": 30080700000.0, "KNA": 487830823177.0639, "LCA": 36575496981579.94, "VCT": 36343996981579.94, "WSM": 487830823177.0639, "STP": 487830823177.0639, "SYC": 2794900000.0, "SGP": 256000000000.0, "SXM": 560287413590.3677, "SLB": 18000000.0, "SUR": 384467806143463.5, "TLS": 630606337824.2028, "TON": 3605224330952.938, "TTO": 487830823177.0639, "TUV": 487830823177.0639, "VIR": 487830823177.0639, "VUT": 10364090200.0, "AIA": 487830823177.0639, "COK": 487830823177.0639, "MSR": 487830823177.0639, "NIU": 487830823177.0639}}, "upperIntervals": {"2015": {"VGB": 1007784240959.044, "CUW": 1007784240959.044, "DMA": 1007784240959.044, "PYF": 1007784240959.044, "GRD": 1007784240959.044, "GUM": 1007784240959.044, "GUY": 1007784240959.044, "FSM": 1007784240959.044, "NRU": 1007784240959.044, "NCL": 7921318181818.176, "MNP": 1007784240959.044, "PNG": 1195029255893.7769, "KNA": 954441399883.5776, "LCA": 1007784240959.044, "VCT": 1007784240959.044, "WSM": 1007784240959.044, "STP": 1007784240959.044, "SUR": 1007784240959.044, "TON": 1007784240959.044, "TTO": 1294529922503.0508, "TUV": 1004062677140.5226, "AIA": 125000000000000.0, "COK": 125000000000000.0, "MSR": 125000000000000.0, "NIU": 125000000000000.0}, "2020": {"ASM": 10539297619047.613, "ABW": 1041119229331.7549, "BHS": 126000000000000.0, "VGB": 1041119229331.7549, "COM": 6817803571428.567, "CUB": 1041119229331.7549, "CUW": 1041119229331.7549, "DMA": 1041119229331.7549, "PYF": 75782999999999.84, "GRD": 1041119229331.7549, "GUM": 12433249999999.996, "GUY": 1041119229331.7549, "KIR": 1041119229331.7549, "MDV": 1041119229331.7549, "MHL": 1041119229331.7549, "FSM": 15849545454545.451, "NRU": 1041119229331.7549, "NCL": 2372160209147.266, "MNP": 12031321428571.428, "PLW": 1041119229331.7549, "PNG": 1538875573824.0452, "KNA": 1041119229331.7549, "LCA": 126000000000000.0, "VCT": 126000000000000.0, "WSM": 1041119229331.7549, "STP": 1041119229331.7549, "SXM": 1128347654908.7239, "SUR": 1365184487050.5671, "TLS": 1538875573824.0452, "TON": 12031321428571.428, "TTO": 1041119229331.7549, "TUV": 1041119229331.7549, "VIR": 1041119229331.7549, "AIA": 1041119229331.7549, "COK": 1041119229331.7549, "MSR": 1041119229331.7549, "NIU": 1041119229331.7549}}, "lowerIntervals": {"2015": {"VGB": 40132878136.37502, "CUW": 39475326456.93813, "DMA": 39475326456.93813, "PYF": 39475326456.93813, "GRD": 39475326456.93813, "GUM": 39475326456.93813, "GUY": 39792797394.41419, "FSM": 39475326456.93813, "NRU": 39475326456.93813, "NCL": 316110106284.21075, "MNP": 39475326456.93813, "PNG": 36082956560.06709, "KNA": -53100000000000.01, "LCA": 39475326456.93813, "VCT": 39475326456.93813, "WSM": 39475326456.93813, "STP": 39792797394.41419, "SUR": 39475326456.93813, "TON": 39475326456.93813, "TTO": 44066184630.37971, "TUV": 30732389848.719646, "AIA": 17485000000000.0, "COK": 17485000000000.0, "MSR": 17485000000000.0, "NIU": 17485000000000.0}, "2020": {"ASM": -5678417692831.0, "ABW": 159648247974.48355, "BHS": 247143477196.10803, "VGB": 45403330184.67416, "COM": 53999479570.5316, "CUB": 45403330184.67416, "CUW": 45403330184.67416, "DMA": 45403330184.67416, "PYF": 29766111111111.113, "GRD": 45403330184.67416, "GUM": 410097453919.06696, "GUY": 45403330184.67416, "KIR": 45403330184.67416, "MDV": 45403330184.67416, "MHL": 45403330184.67416, "FSM": -228011526624.23755, "NRU": 79207841246.10207, "NCL": 180644633718.76047, "MNP": 393803247464.2731, "PLW": 45403330184.67416, "PNG": 49571775921.7962, "KNA": 45403330184.67416, "LCA": 247143477196.10803, "VCT": 247143477196.10803, "WSM": 45403330184.67416, "STP": 45403330184.67416, "SXM": 169873566953.46503, "SUR": 45403330184.67416, "TLS": 49571775921.7962, "TON": 410097453919.06696, "TTO": 45403330184.67416, "TUV": 45403330184.67416, "VIR": 45403330184.67416, "AIA": 45403330184.67416, "COK": 45403330184.67416, "MSR": 45403330184.67416, "NIU": 45403330184.67416}}, "categoryImportances": {"2015": {"Environment": 0.0049117288898213, "Public Sector": 0.0001868890153722, "Economic Policy & Debt": 0.994901382094806}, "2020": {"Economic Policy & Debt": 0.9612651150588304, "Financial Sector": 0.03873488494116977}}, "featureImportances": {"2015": {"wdi2-NY.GDP.MKTP.CN": 0.5195475490644418, "wdi-AG.LND.TOTL.K2": 0.0010042542089942, "wdi-AG.SRF.TOTL.K2": 0.0009050377856471, "wdi-EG.ELC.RNEW.ZS": 0.0004060061485054, "wdi-EN.POP.DNST": 0.0025964307466746, "wdi-IQ.SPI.PIL1": 0.0001868890153722, "wdi2-NE.CON.TOTL.CD": 0.0022682848218986, "wdi2-NE.CON.TOTL.CN": 0.4715499592117514, "wdi2-NE.CON.TOTL.ZS": 0.0005724835889327, "wdi2-NY.ADJ.DMIN.CD": 0.0009631054077816}, "2020": {"wdi2-NE.DAB.TOTL.CN": 0.16021311177708264, "wdi2-NY.GDY.TOTL.KN": 0.34964122738505987, "wdi2-NE.CON.TOTL.CN": 0.2167240647192077, "wdi2-NE.CON.TOTL.ZS": 0.000546198271233248, "wdi2-NY.GDP.DEFL.KD.ZG": 0.005542821009544546, "wdi2-NY.GDP.DEFL.KD.ZG.AD": 0.03094795067606087, "wdi2-NY.GDP.DEFL.ZS": 6.929330362926901e-05, "wdi2-NY.GDP.DEFL.ZS.AD": 0.002174819951935096, "wdi2-NY.GDP.MKTP.CN": 0.11222410411975078, "wdi2-NY.GDP.MKTP.CN.AD": 0.1219164087864961}}}