{"data": {"2015": {"ASM": 22.3177107207424, "ATG": 17.935835487084475, "ABW": 20.551590454532896, "BHS": 20.96851990375796, "BRB": 28.18, "BLZ": 11.22, "VGB": 20.35803207249785, "CPV": 58.51, "COM": 21.51440578085584, "CUB": 22.312600861393584, "CUW": 22.437369440594427, "DMA": 22.9324343791818, "DOM": 12.13, "FJI": 22.15578060208002, "PYF": 29.127927305308063, "GRD": 20.02839519779583, "GUM": 17.853564274806597, "GNB": 13.74086684684001, "GUY": 17.786236634401345, "HTI": 20.220286676076228, "JAM": 26.6, "KIR": 22.2, "MDV": 15.40600466533545, "MHL": 24.38622047617208, "MUS": 21.13, "FSM": 29.549448292885582, "NRU": 21.43715020531726, "NCL": 23.606871352155828, "MNP": 21.24619962350617, "PLW": 23.80177149640713, "PNG": 13.7263947556828, "PRI": 17.532886414908376, "KNA": 22.72957240220132, "LCA": 19.86946405551728, "VCT": 20.78409303577489, "WSM": 23.196305016966573, "STP": 19.12075248112115, "SYC": 11.6, "SGP": 7.73, "SXM": 20.92115702705255, "SLB": 17.95766108294, "SUR": 8.97, "TLS": 21.74461369522784, "TON": 20.84577004777756, "TTO": 5.26, "TUV": 19.873438519145683, "VIR": 17.76450918494189, "VUT": 21.834201621710594, "AIA": 11.872518284033331, "COK": 11.872518284033331, "MSR": 11.872518284033331, "NIU": 11.872518284033331}, "2020": {"ASM": 21.789812534499998, "ATG": 23.8531630552, "ABW": 18.780334562999993, "BHS": 13.090400000000002, "BRB": 26.68677839809998, "BLZ": 21.165768340299998, "VGB": 14.250232751900006, "CPV": 29.19999881929998, "COM": 27.153799999999976, "CUB": 21.9801525493, "CUW": 18.7250620809, "DMA": 29.704300000000003, "DOM": 15.245292814300003, "FJI": 23.134897268599985, "PYF": 30.511398819299963, "GRD": 27.60748600639999, "GUM": 20.1883742518, "GNB": 19.277199999999993, "GUY": 28.860699999999962, "HTI": 23.01787270109999, "JAM": 15.859325917600001, "KIR": 28.705298819299983, "MDV": 13.327, "MHL": 22.466639688200004, "MUS": 23.349657091199987, "FSM": 23.3855309355, "NRU": 15.902644161799996, "NCL": 25.771256853100002, "MNP": 17.6869638784, "PLW": 26.145378005599994, "PNG": 27.714373071099978, "PRI": 31.366794258599963, "KNA": 26.197482887899994, "LCA": 22.9846, "VCT": 27.616193582299985, "WSM": 28.67489999999997, "STP": 28.423799999999975, "SYC": 24.097042620099987, "SGP": 11.218779948800007, "SXM": 20.472416921499992, "SLB": 20.789299999999994, "SUR": 29.038599999999974, "TLS": 18.704099999999986, "TON": 29.485599999999963, "TTO": 23.73516059139999, "TUV": 26.89268597399999, "VIR": 24.051992149999986, "VUT": 19.04929999999999, "AIA": 14.661201895400001, "COK": 14.661201895400001, "MSR": 14.661201895400001, "NIU": 14.661201895400001}}, "upperIntervals": {"2015": {"ASM": 54.24, "ATG": 34.07399999999997, "ABW": 34.72, "BHS": 39.93, "VGB": 45.40099999999985, "COM": 58.51, "CUB": 35.05, "CUW": 39.54999999999998, "DMA": 54.24, "FJI": 59.53, "PYF": 54.24, "GRD": 46.32, "GUM": 34.07399999999997, "GNB": 58.51, "GUY": 46.32, "HTI": 58.51, "MDV": 33.7, "MHL": 54.453499999999806, "FSM": 58.51, "NRU": 46.32, "NCL": 49.7, "MNP": 49.7, "PLW": 54.24, "PNG": 58.51, "PRI": 49.7, "KNA": 54.24, "LCA": 46.32, "VCT": 54.24, "WSM": 58.51, "STP": 58.51, "SXM": 33.7, "SLB": 58.51, "TLS": 58.51, "TON": 39.93, "TUV": 54.24, "VIR": 39.93, "VUT": 58.51, "AIA": 40.12, "COK": 40.12, "MSR": 40.12, "NIU": 40.12}, "2020": {"ASM": 33.97, "ATG": 36.6, "ABW": 30.76, "BHS": 30.76, "BRB": 40.10999999999999, "BLZ": 40.10999999999999, "VGB": 23.23, "CPV": 37.24099999999999, "COM": 40.87599999999995, "CUB": 37.09, "CUW": 30.76, "DMA": 37.09, "DOM": 30.844999999999995, "FJI": 35.24, "PYF": 55.43, "GRD": 37.09, "GUM": 30.901999999999994, "GNB": 40.10999999999999, "GUY": 38.00699999999995, "HTI": 40.10999999999999, "JAM": 32.5355, "KIR": 37.09, "MDV": 30.76, "MHL": 30.76, "MUS": 35.24, "FSM": 35.24, "NRU": 25.161999999999992, "NCL": 40.10999999999999, "MNP": 30.76, "PLW": 35.24, "PNG": 38.00699999999995, "PRI": 55.43, "KNA": 37.09, "LCA": 33.97, "VCT": 35.483499999999985, "WSM": 36.6, "STP": 37.09, "SYC": 36.6, "SGP": 21.082999999999995, "SXM": 30.76, "SLB": 40.10999999999999, "SUR": 37.09, "TLS": 40.10999999999999, "TON": 38.00699999999995, "TTO": 33.97, "TUV": 37.09, "VIR": 36.6245, "VUT": 40.10999999999999, "AIA": 25.12399999999999, "COK": 25.12399999999999, "MSR": 25.12399999999999, "NIU": 25.12399999999999}}, "lowerIntervals": {"2015": {"ASM": 8.213000000000001, "ATG": 7.73, "ABW": 11.33, "BHS": 5.26, "VGB": 5.7, "COM": 1.44, "CUB": 7.473624999999999, "CUW": 11.33, "DMA": 10.879000000000003, "FJI": 3.83, "PYF": 11.18, "GRD": 5.7, "GUM": 5.890000000000001, "GNB": 1.89, "GUY": 1.89, "HTI": 1.89, "MDV": 5.7, "MHL": 7.150500000000001, "FSM": 1.89, "NRU": 5.26, "NCL": 10.9295, "MNP": 7.73, "PLW": 7.73, "PNG": 1.89, "PRI": 0.23, "KNA": 11.49567256637168, "LCA": 5.630500000000001, "VCT": 7.704571428571429, "WSM": 7.18, "STP": 1.44, "SXM": 5.7, "SLB": 1.89, "TLS": 0.53, "TON": 11.22, "TUV": 5.7, "VIR": 7.73, "VUT": 1.89, "AIA": 0.53, "COK": 0.53, "MSR": 0.53, "NIU": 0.53}, "2020": {"ASM": 10.240000000000002, "ATG": 13.07, "ABW": 10.24, "BHS": 4.64, "BRB": 13.07, "BLZ": 8.673, "VGB": 7.940000000000001, "CPV": 9.784500000000001, "COM": 7.78, "CUB": 9.831500000000002, "CUW": 10.9565, "DMA": 12.677500000000002, "DOM": 7.22, "FJI": 8.72, "PYF": 14.406499999999998, "GRD": 13.07, "GUM": 7.22, "GNB": 8.673, "GUY": 9.890000000000002, "HTI": 7.78, "JAM": 7.752000000000001, "KIR": 8.673, "MDV": 3.4199999999999995, "MHL": 14.54, "MUS": 13.0525, "FSM": 7.78, "NRU": 7.78, "NCL": 13.028, "MNP": 7.22, "PLW": 12.677500000000002, "PNG": 9.784500000000003, "PRI": 9.890000000000002, "KNA": 12.720000000000002, "LCA": 7.752000000000001, "VCT": 14.466499999999998, "WSM": 9.890000000000002, "STP": 10.298500000000002, "SYC": 12.720000000000002, "SGP": 4.64, "SXM": 11.313, "SLB": 7.78, "SUR": 14.196000000000003, "TLS": 3.42, "TON": 14.539999999999997, "TTO": 9.8505, "TUV": 8.72, "VIR": 10.298500000000002, "VUT": 6.6, "AIA": 7.219999999999999, "COK": 7.219999999999999, "MSR": 7.219999999999999, "NIU": 7.219999999999999}}, "categoryImportances": {"2015": {"Environment": 0.7979758491310243, "Financial Sector": 0.1140794547648146, "Economic Policy & Debt": 0.0879446961041607}, "2020": {"Economic Policy & Debt": 0.13062710783884462, "Infrastructure": 0.04768590774661908, "Social Protection & Labor": 0.8216869844145362}}, "featureImportances": {"2015": {"wdi2-NY.GDP.MKTP.CN": 0.0879446961041607, "wdi-AG.LND.TOTL.K2": 0.0642192544887618, "wdi-AG.SRF.TOTL.K2": 0.0615195142673052, "wdi-EG.ELC.ACCS.UR.ZS": 0.1074033586562087, "wdi-EG.ELC.ACCS.ZS": 0.1805964862401295, "wdi-EG.ELC.RNEW.ZS": 0.0923855069631153, "wdi-EN.POP.DNST": 0.1050759444805743, "wdi2-NY.GDP.DEFL.KD.ZG": 0.1140794547648146, "wdi2-NY.GDP.FRST.RT.ZS": 0.1271232427757106, "wdi2-NY.GDP.MINR.RT.ZS": 0.0596525412592188}, "2020": {"wdi2-NE.DAB.TOTL.CN": 0.030652877480747565, "wdi2-NE.EXP.GNFS.CN": 0.03594182890656669, "wdi-BX.TRF.PWKR.CD.DT": 0.06403240145153039, "wdi-IT.NET.SECR.P6": 0.04768590774661908, "wdi2-SL.EMP.TOTL.SP.ZS": 0.43187642393636383, "wdi2-SL.TLF.CACT.FE.NE.ZS": 0.11010556190288255, "wdi2-SL.TLF.CACT.FM.NE.ZS": 0.057163225897606446, "wdi2-SL.TLF.CACT.MA.NE.ZS": 0.11627509587709381, "wdi2-SL.TLF.CACT.ZS": 0.0423752345024956, "wdi2-SL.TLF.TOTL.IN": 0.0638914422980939}}, "performance": {"2015": 0.6257651666612716, "2020": 0.4237727421241012}}