{"data": {"2015": {"ASM": 103.71687329503986, "ATG": 108.8600225, "ABW": 100.40419574813995, "BHS": 102.2553598, "BRB": 99.20612000610012, "BLZ": 102.6110645, "VGB": 98.57083635481884, "CPV": 99.27935126371018, "COM": 97.26093171684006, "CUB": 95.13532416775011, "CUW": 97.85357511071996, "DMA": 98.26548976, "DOM": 94.20100257, "FJI": 105.5747397, "PYF": 121.67092543973972, "GRD": 97.02021681, "GUM": 106.79557039325982, "GNB": 100.35972471789898, "GUY": 105.4323245, "HTI": 96.31705219334746, "JAM": 103.94581310745872, "KIR": 103.83853133019984, "MDV": 99.37232039273864, "MHL": 100.3467351007589, "MUS": 97.94129446384032, "FSM": 104.33536736555988, "NRU": 98.9670951352788, "NCL": 126.54375481377994, "MNP": 108.60835557155988, "PLW": 121.36535652375984, "PNG": 127.9354953, "PRI": 105.54408645795849, "KNA": 102.3059218, "LCA": 106.8759695, "VCT": 103.0714544, "WSM": 103.5423407, "STP": 110.60214902656008, "SYC": 124.25296013645952, "SGP": 108.3371118, "SXM": 96.87202944938998, "SLB": 127.3842095, "SUR": 120.51057639201996, "TLS": 100.27808508572022, "TON": 96.13931623592016, "TTO": 132.4887032, "TUV": 95.19175524183986, "VIR": 108.82124550655948, "VUT": 108.9093744210398, "AIA": 113.0202167968004, "COK": 113.0202167968004, "MSR": 113.0202167968004, "NIU": 113.0202167968004}, "2020": {"ASM": 110.14021084010001, "ATG": 109.5829886, "ABW": 101.1979477103, "BHS": 100.2802134, "BRB": 107.57155292359992, "BLZ": 99.53688378, "VGB": 102.57058620929995, "CPV": 96.43146972370003, "COM": 111.0462322979, "CUB": 94.30992275169994, "CUW": 116.62684137319998, "DMA": 94.35501272, "DOM": 81.01840233, "FJI": 107.6205918, "PYF": 103.40786723449997, "GRD": 94.1619474, "GUM": 104.98679893559996, "GNB": 115.02727038750001, "GUY": 108.6558752, "HTI": 97.7641905401, "JAM": 104.83686778130003, "KIR": 101.36076194999995, "MDV": 107.47174147230002, "MHL": 99.74151047249995, "MUS": 104.69036430559999, "FSM": 106.52552621769993, "NRU": 107.35410770039991, "NCL": 98.92306665949997, "MNP": 109.02471465529995, "PLW": 102.08516065999999, "PNG": 127.3841854, "PRI": 103.95039735449987, "KNA": 93.31581776, "LCA": 99.58269409, "VCT": 103.6484658, "WSM": 101.7305454, "STP": 102.1014230917, "SYC": 102.37176790959995, "SGP": 103.7146053, "SXM": 108.11780195189989, "SLB": 129.7234922, "SUR": 102.48985122439996, "TLS": 106.08864214970005, "TON": 111.99324304799997, "TTO": 130.3491144, "TUV": 99.3433299858, "VIR": 113.6108091953999, "VUT": 112.23202788749991, "AIA": 105.58223735869991, "COK": 103.97615741839991, "MSR": 107.26571626819992, "NIU": 107.28144965929988}}, "upperIntervals": {"2015": {"ASM": 111.4624159, "ABW": 108.94182553999993, "BRB": 108.8600225, "VGB": 110.4960833, "CPV": 108.8600225, "COM": 114.95866052999986, "CUB": 107.4655353, "CUW": 108.8600225, "PYF": 127.9354953, "GUM": 120.9712715, "GNB": 114.593546, "HTI": 117.8510634, "JAM": 120.9712715, "KIR": 127.9354953, "MDV": 110.4960833, "MHL": 114.593546, "MUS": 111.4624159, "FSM": 127.3842095, "NRU": 108.8600225, "NCL": 142.6160945, "MNP": 132.4887032, "PLW": 128.1631556949998, "PRI": 132.4887032, "STP": 142.6160945, "SYC": 132.4887032, "SXM": 108.94182553999993, "SUR": 127.9354953, "TLS": 105.5747397, "TON": 103.5423407, "TUV": 108.8600225, "VIR": 120.9712715, "VUT": 132.4887032, "AIA": 142.0577109, "COK": 142.0577109, "MSR": 142.0577109, "NIU": 142.0577109}, "2020": {"ASM": 157.4379177, "ABW": 120.6763127, "BRB": 130.40978364999998, "VGB": 130.3491144, "CPV": 108.663143905, "COM": 129.7234922, "CUB": 101.64475051499998, "CUW": 131.5624994, "PYF": 131.7346341, "GUM": 130.2936746, "GNB": 130.3491144, "HTI": 129.75477331000002, "JAM": 130.3491144, "KIR": 121.01170633499999, "MDV": 130.41839038499998, "MHL": 120.6763127, "MUS": 131.5624994, "FSM": 127.3841854, "NRU": 130.2936746, "NCL": 108.15455222, "MNP": 157.4379177, "PLW": 130.29644659, "PRI": 108.663143905, "STP": 111.45978518499999, "SYC": 130.41839038499998, "SXM": 130.2936746, "SUR": 130.3491144, "TLS": 131.7346341, "TON": 129.824049295, "TUV": 120.6763127, "VIR": 130.2936746, "VUT": 129.7234922, "AIA": 130.3491144, "COK": 130.3491144, "MSR": 130.3491144, "NIU": 130.41839038499998}}, "lowerIntervals": {"2015": {"ASM": 89.95691281, "ABW": 88.79839925, "BRB": 73.35589955, "VGB": 88.52052345300001, "CPV": 88.79839925, "COM": 75.062347329, "CUB": 79.57003406999999, "CUW": 79.4080506965, "PYF": 106.8759695, "GUM": 88.79839925, "GNB": 88.79839925, "HTI": 76.3303666, "JAM": 89.95691281, "KIR": 89.61158075, "MDV": 88.79839925, "MHL": 88.61943339, "MUS": 88.79839925, "FSM": 89.95691281, "NRU": 84.30911061, "NCL": 93.65297109, "MNP": 88.79839925, "PLW": 102.6110645, "PRI": 88.79839925, "STP": 88.79227191700001, "SYC": 107.0453125, "SXM": 79.57003406999999, "SUR": 89.93729358700001, "TLS": 86.12569124750003, "TON": 76.3303666, "TUV": 73.35589955, "VIR": 89.61158075, "VUT": 90.918909, "AIA": 79.57003406999999, "COK": 79.57003406999999, "MSR": 79.57003406999999, "NIU": 79.57003406999999}, "2020": {"ASM": 85.44991305, "ABW": 89.1106610825, "BRB": 93.31581776, "VGB": 93.31581776, "CPV": 85.1417376515, "COM": 92.8840297, "CUB": 84.33446128, "CUW": 90.768798472, "PYF": 80.31783803, "GUM": 78.20057142000002, "GNB": 93.8567842615, "HTI": 65.13790607, "JAM": 72.53592914, "KIR": 79.9287425855, "MDV": 72.53592914, "MHL": 84.8316605475, "MUS": 87.73123322, "FSM": 92.8840297, "NRU": 87.703699046, "NCL": 85.43066782950001, "MNP": 93.007109158, "PLW": 84.33446128, "PRI": 94.01964469, "STP": 87.14164572, "SYC": 87.14164572, "SXM": 93.036690912, "SUR": 85.43066782950001, "TLS": 92.8840297, "TON": 94.119640918, "TUV": 81.01840233, "VIR": 93.94387870400001, "VUT": 94.3382443185, "AIA": 93.31581776, "COK": 87.14164572, "MSR": 93.31581776, "NIU": 87.14164572}}, "categoryImportances": {"2015": {"Environment": 0.7073002537204934, "Economic Policy & Debt": 0.292699746279506}, "2020": {"Economic Policy & Debt": 0.17742470240914224, "Education": 0.0845461505910379, "Gender": 0.18434117940031094, "Health": 0.2706049388944857, "Environment": 0.2830830287050232}}, "featureImportances": {"2015": {"wdi2-NY.GNP.MKTP.CN": 0.292699746279506, "wdi-AG.LND.AGRI.K2": 0.0517499953385053, "wdi-AG.LND.AGRI.ZS": 0.075654237717553, "wdi-AG.LND.ARBL.HA": 0.0630097114575852, "wdi-AG.LND.ARBL.HA.PC": 0.0597862186019697, "wdi-AG.LND.ARBL.ZS": 0.1720330475831745, "wdi-AG.LND.TOTL.K2": 0.0407459755843448, "wdi-AG.PRD.CROP.XD": 0.058966073144779, "wdi-AG.PRD.FOOD.XD": 0.0846708757630045, "wdi-AG.PRD.LVSK.XD": 0.1006841185295775}, "2020": {"wdi2-NE.DAB.TOTL.CN": 0.17742470240914224, "wdi2-SE.PRM.AGES": 0.012016180952464421, "wdi2-SE.PRM.DURS": 0.02283697190912077, "wdi2-SE.SEC.AGES": 0.03720459554646997, "wdi2-SE.SEC.DURS": 0.012488402182982729, "wdi2-SG.LAW.INDX": 0.18434117940031094, "wdi2-SP.POP.GROW": 0.12357965349402807, "wdi2-SP.POP.TOTL": 0.14702528540045764, "wdi2-SP.RUR.TOTL": 0.1261024442590964, "wdi2-SP.RUR.TOTL.ZS": 0.15698058444592686}}}