{"data": {"2015": {"ASM": 69.38253908957381, "ATG": 83.21562542077774, "ABW": 80.3602117612294, "BHS": 72.87548610548286, "BRB": 90.20916778, "BLZ": 60.47186475, "VGB": 80.7195324655594, "CPV": 87.12755027, "COM": 76.20431185010726, "CUB": 55.83249181293655, "CUW": 83.12230055494044, "DMA": 72.8541142144478, "DOM": 63.20125539, "FJI": 72.53949766567405, "PYF": 74.2679981992351, "GRD": 84.82490272, "GUM": 76.77451583227227, "GNB": 90.31046613296502, "GUY": 77.80824676154374, "HTI": 70.51581758074224, "JAM": 80.07117438, "KIR": 63.03041682, "MDV": 68.85250171465766, "MHL": 62.22449953119256, "MUS": 61.89518831, "FSM": 68.90972655556507, "NRU": 66.98653202870265, "NCL": 74.71852240470943, "MNP": 81.23637125246286, "PLW": 70.94008749189501, "PNG": 72.58904949783555, "PRI": 64.93797031, "KNA": 82.11128777403844, "LCA": 68.05179032756794, "VCT": 76.65665213208409, "WSM": 68.8597837770529, "STP": 79.49490841673341, "SYC": 89.31845357, "SGP": 78.76417677, "SXM": 77.7257618089507, "SLB": 79.60262380262733, "SUR": 65.66979052, "TLS": 70.42085514923518, "TON": 74.23251107370753, "TTO": 69.88958097, "TUV": 69.15837631070434, "VIR": 82.63547591981546, "VUT": 78.6160803180739, "AIA": 68.3499250072671, "COK": 68.3499250072671, "MSR": 68.3499250072671, "NIU": 68.3499250072671}, "2020": {"ASM": 67.86157078534998, "ATG": 72.20841898336667, "ABW": 75.4495362848367, "BHS": 73.89421935822007, "BRB": 70.4629090036, "BLZ": 73.99273145909997, "VGB": 85.65889053507442, "CPV": 66.36477097230001, "COM": 63.056761422300006, "CUB": 75.8782155264, "CUW": 77.42613685313002, "DMA": 74.55812423859997, "DOM": 68.63362694451996, "FJI": 72.64511262800002, "PYF": 68.25523330530001, "GRD": 75.87180700815003, "GUM": 73.86760223522003, "GNB": 64.45338883359996, "GUY": 74.02266292650003, "HTI": 63.34806037829996, "JAM": 66.64312966669998, "KIR": 64.22727116508999, "MDV": 73.83830013202005, "MHL": 74.0698513631667, "MUS": 72.27134014070002, "FSM": 65.52476623669, "NRU": 73.06921236900003, "NCL": 70.21557699253336, "MNP": 77.0904559447, "PLW": 68.38155390447498, "PNG": 64.11161482019999, "PRI": 73.80517597863336, "KNA": 71.99183027077504, "LCA": 69.92926505810001, "VCT": 66.9294735635, "WSM": 69.12486875860004, "STP": 65.8188990733, "SYC": 75.9776339858, "SGP": 83.08518769532, "SXM": 76.52081235911999, "SLB": 65.419597908, "SUR": 72.3029559176, "TLS": 64.10449820759999, "TON": 67.70464217080003, "TTO": 75.59296672675003, "TUV": 67.25774399059, "VIR": 79.0880888932, "VUT": 66.6189200377, "AIA": 76.6330342989133, "COK": 76.6330342989133, "MSR": 76.6330342989133, "NIU": 76.6330342989133}}, "upperIntervals": {"2015": {"ASM": 95.21699615999998, "ATG": 95.69841645, "ABW": 95.69841645, "BHS": 108.365019, "VGB": 95.69841645, "COM": 108.365019, "CUB": 80.91360571706977, "CUW": 95.69841645, "DMA": 90.11715879764628, "FJI": 89.31845357, "PYF": 84.81590817974998, "GUM": 95.69841645, "GNB": 124.01782099999998, "GUY": 108.365019, "HTI": 93.7236033945, "MDV": 94.68490005, "MHL": 87.12957292171268, "FSM": 90.20916778, "NRU": 89.62278092508332, "NCL": 88.261061153, "MNP": 95.69841645, "PLW": 93.67138365, "PNG": 88.48848145455938, "KNA": 95.69841645, "LCA": 90.20916778, "VCT": 90.20916778, "WSM": 89.31845357, "STP": 96.33174657749942, "SXM": 95.69841645, "SLB": 124.01782099999998, "TLS": 89.31845357, "TON": 90.29691556026393, "TUV": 89.62278092508332, "VIR": 95.69841645, "VUT": 89.54100102216624, "AIA": 80.84318059484919, "COK": 80.84318059484919, "MSR": 80.84318059484919, "NIU": 80.84318059484919}, "2020": {"ASM": 77.57149274, "ATG": 79.05766729, "ABW": 85.00317058, "BHS": 79.05766729, "BRB": 79.05766729, "BLZ": 83.211049551, "VGB": 86.98599187, "CPV": 76.56765677, "COM": 77.57149274, "CUB": 86.418219411, "CUW": 85.18232783583332, "DMA": 84.388643738, "DOM": 79.05766729, "FJI": 80.78965402600001, "PYF": 76.594321386, "GRD": 83.1507732, "GUM": 79.05766729, "GNB": 77.6458014675, "GUY": 84.37086093, "HTI": 73.67084321, "JAM": 77.57149274, "KIR": 73.74174083, "MDV": 80.18637674999998, "MHL": 82.15633522099999, "MUS": 80.78965402600001, "FSM": 71.83574227, "NRU": 79.05766729, "NCL": 79.11410276299999, "MNP": 84.388643738, "PLW": 76.7589471805, "PNG": 75.162738668, "PRI": 83.1591746735, "KNA": 79.11410276299999, "LCA": 77.6272507225, "VCT": 77.57149274, "WSM": 76.5763212855, "STP": 76.56765677, "SYC": 85.0162796475, "SGP": 87.770989965, "SXM": 84.37086093, "SLB": 76.6178485685, "SUR": 80.18637674999998, "TLS": 77.57149274, "TON": 76.594321386, "TTO": 83.1507732, "TUV": 77.10094909, "VIR": 88.4370895115, "VUT": 76.6178485685, "AIA": 81.83741312, "COK": 81.83741312, "MSR": 81.83741312, "NIU": 81.83741312}}, "lowerIntervals": {"2015": {"ASM": 24.3902439, "ATG": 62.71676047364565, "ABW": 63.59790421997697, "BHS": 31.57894737, "VGB": 64.898883143, "COM": 28.496673226857148, "CUB": 24.89833153841667, "CUW": 62.95896782255612, "DMA": 60.97544514339536, "FJI": 61.06629240511616, "PYF": 64.06644836774939, "GUM": 59.189518609, "GNB": 37.84530387, "GUY": 31.54927664107144, "HTI": 30.377524139999995, "MDV": 24.89490176191667, "MHL": 25.074525746666662, "FSM": 28.15789029, "NRU": 24.3902439, "NCL": 64.31909992361844, "MNP": 63.030416820000006, "PLW": 24.71527777716667, "PNG": 58.04707967874133, "KNA": 64.15622697, "LCA": 24.64538696979167, "VCT": 61.30694248392928, "WSM": 59.14377087471309, "STP": 58.373639254470646, "SXM": 63.0191739346959, "SLB": 31.655149633766666, "TLS": 25.41666667, "TON": 31.57894737, "TUV": 31.57894737, "VIR": 64.15622697, "VUT": 59.84468983607931, "AIA": 49.554514603583335, "COK": 49.554514603583335, "MSR": 49.554514603583335, "NIU": 49.554514603583335}, "2020": {"ASM": 57.13687150999999, "ATG": 65.38895152, "ABW": 66.9672000555, "BHS": 66.193963451, "BRB": 65.21528786, "BLZ": 65.380268337, "VGB": 83.001122802, "CPV": 57.13687150999999, "COM": 24.68581688, "CUB": 55.5143187785, "CUW": 67.03263649, "DMA": 61.978727, "DOM": 57.13687150999999, "FJI": 61.7366342255, "PYF": 61.978727, "GRD": 66.27868409850001, "GUM": 65.38895152, "GNB": 56.54235187799999, "GUY": 55.5143187785, "HTI": 57.13687150999999, "JAM": 57.13687150999999, "KIR": 57.13687150999999, "MDV": 65.38895152, "MHL": 66.20749424924999, "MUS": 65.38895152, "FSM": 57.13687150999999, "NRU": 65.2360515, "NCL": 65.21528786, "MNP": 68.63238643, "PLW": 57.13687150999999, "PNG": 57.13687150999999, "PRI": 61.7366342255, "KNA": 66.193963451, "LCA": 65.38895152, "VCT": 57.13687150999999, "WSM": 57.13687150999999, "STP": 57.13687150999999, "SYC": 66.995050322, "SGP": 74.50980392, "SXM": 68.5509331295, "SLB": 57.13687150999999, "SUR": 65.38895152, "TLS": 55.5143187785, "TON": 57.13687150999999, "TTO": 66.26456689899999, "TUV": 57.13687150999999, "VIR": 68.63238643, "VUT": 57.13687150999999, "AIA": 69.82690264, "COK": 69.82690264, "MSR": 69.82690264, "NIU": 69.82690264}}, "categoryImportances": {"2015": {"Environment": 0.628779968907599, "Economic Policy & Debt": 0.3712200310924004}, "2020": {"Economic Policy & Debt": 0.05455909661948373, "Infrastructure": 0.13054380618139816, "Social Protection & Labor": 0.814897097199118}}, "featureImportances": {"2015": {"wdi2-NY.GDP.MKTP.CN": 0.078115855433427, "wdi-AG.LND.TOTL.K2": 0.0571547138567166, "wdi-AG.SRF.TOTL.K2": 0.0658509777763899, "wdi-EG.ELC.ACCS.ZS": 0.1638725574716661, "wdi-EG.ELC.RNEW.ZS": 0.1504583518352488, "wdi-EN.POP.DNST": 0.0525924241997737, "wdi2-NY.GDP.FRST.RT.ZS": 0.1002135833085557, "wdi2-NY.GDP.MINR.RT.ZS": 0.0386373604592482, "wdi2-NY.GDP.MKTP.CD": 0.1012842786573924, "wdi2-NY.GDP.PCAP.CD": 0.191819897001581}, "2020": {"wdi2-NE.DAB.TOTL.CN": 0.01594835334762841, "wdi2-NE.EXP.GNFS.CN": 0.032890846107532574, "wdi-BX.TRF.PWKR.CD.DT": 0.005719897164322749, "wdi-IT.NET.SECR.P6": 0.13054380618139816, "wdi2-SL.EMP.TOTL.SP.ZS": 0.013563984449506848, "wdi2-SL.TLF.CACT.FE.NE.ZS": 0.7045924665640251, "wdi2-SL.TLF.CACT.MA.NE.ZS": 0.0283821472804438, "wdi2-SL.TLF.CACT.ZS": 0.015212902614440351, "wdi2-SL.TLF.TOTL.IN": 0.013773228187671722, "wdi2-SL.UEM.1524.FE.NE.ZS": 0.039372368103030346}},