{"data": {"2015": {"ASM": 26.09737283761201, "ATG": 32.15510737000021, "ABW": 33.06954000000012, "BHS": 24.589487370000107, "BRB": 26.28, "BLZ": 24.59, "VGB": 39.64739685000014, "CPV": 14.36, "COM": 20.385485957104, "CUB": 18.62925292036596, "CUW": 29.28919309211015, "DMA": 20.559671618400035, "DOM": 24.01, "FJI": 22.90475641998005, "PYF": 31.216553858680108, "GRD": 21.86338696273803, "GUM": 34.0361947400002, "GNB": 42.21478736999993, "GUY": 17.029072835173995, "HTI": 40.111439999999945, "JAM": 17.18, "KIR": 16.12, "MDV": 23.788776857878005, "MHL": 17.82730492952801, "MUS": 27.1, "FSM": 22.92735929485201, "NRU": 17.836537040938005, "NCL": 33.11139275946002, "MNP": 34.32537474000016, "PLW": 21.078864113508008, "PNG": 32.47831999999997, "PRI": 42.13318652110011, "KNA": 35.27064046211019, "LCA": 20.10541345517199, "VCT": 23.58893536476006, "WSM": 22.337785609820063, "STP": 26.438705645320024, "SYC": 43.7, "SGP": 35.34, "SXM": 31.669067370000125, "SLB": 33.27695591843997, "SUR": 16.95, "TLS": 17.314678648753997, "TON": 27.41450234499414, "TTO": 33.49, "TUV": 23.54778948787804, "VIR": 37.77452760499413, "VUT": 25.98529419376001, "AIA": 33.28569329156, "COK": 33.28569329156, "MSR": 33.28569329156, "NIU": 33.28569329156}, "2020": {"ASM": 16.541999999999994, "ATG": 20.498318494200017, "ABW": 28.361094878700015, "BHS": 28.119236977399993, "BRB": 19.567742425233334, "BLZ": 29.40531192849999, "VGB": 47.581809572800005, "CPV": 18.134339549800014, "COM": 25.75448236410002, "CUB": 45.1622194854, "CUW": 27.71946921340001, "DMA": 14.025599999999999, "DOM": 26.597775856400013, "FJI": 38.8147857616, "PYF": 18.05687197760001, "GRD": 27.12863837160002, "GUM": 27.449744285000012, "GNB": 15.753199999999998, "GUY": 44.005189031599976, "HTI": 18.867332583000014, "JAM": 28.05772638160001, "KIR": 17.682769697300007, "MDV": 19.294548641700004, "MHL": 27.781598491600025, "MUS": 20.277488191500012, "FSM": 23.512503926300013, "NRU": 32.65418880250001, "NCL": 27.14137149260002, "MNP": 28.927585663500025, "PLW": 20.83747197760001, "PNG": 22.704142868300014, "PRI": 28.57852141010002, "KNA": 21.040325461000013, "LCA": 28.494975561400025, "VCT": 19.79973939460001, "WSM": 25.579561388300018, "STP": 38.72323147459998, "SYC": 20.762909620900004, "SGP": 31.254963197500018, "SXM": 21.038751672333333, "SLB": 27.21917965040002, "SUR": 26.99936267620001, "TLS": 26.98821942760002, "TON": 25.547141731000025, "TTO": 28.271597679200017, "TUV": 15.912099999999993, "VIR": 39.13165847900001, "VUT": 27.029957833200015, "AIA": 28.53564591370001, "COK": 28.53564591370001, "MSR": 28.53564591370001, "NIU": 28.53564591370001}}, "upperIntervals": {"2015": {"ASM": 52.25, "ATG": 52.25, "ABW": 47.32, "BHS": 46.04, "VGB": 52.25, "COM": 47.32, "CUB": 43.31, "CUW": 44.56, "DMA": 33.128999999999984, "FJI": 33.1, "PYF": 61.66, "GRD": 47.32, "GUM": 52.25, "GNB": 70.74, "GUY": 46.04, "HTI": 70.74, "MDV": 47.32, "MHL": 47.32, "FSM": 51.38, "NRU": 47.32, "NCL": 61.66, "MNP": 52.25, "PLW": 46.04, "PNG": 68.83, "PRI": 61.66, "KNA": 47.32, "LCA": 43.7, "VCT": 44.56, "WSM": 33.11653815649999, "STP": 52.41, "SXM": 52.25, "SLB": 70.74, "TLS": 51.38, "TON": 47.32, "TUV": 47.32, "VIR": 52.25, "VUT": 52.41, "AIA": 61.66, "COK": 61.66, "MSR": 61.66, "NIU": 61.66}, "2020": {"ASM": 22.566499999999998, "ATG": 26.460000000000004, "ABW": 34.65729466, "BHS": 32.09, "BRB": 24.35, "BLZ": 34.65729466, "VGB": 53.95, "CPV": 21.03465166, "COM": 33.59, "CUB": 49.60999999999999, "CUW": 32.165, "DMA": 16.57, "DOM": 32.09, "FJI": 47.95, "PYF": 21.85231807, "GRD": 32.09, "GUM": 34.65729466, "GNB": 19.72, "GUY": 54.010000000000005, "HTI": 23.472, "JAM": 32.165, "KIR": 21.19, "MDV": 23.4795, "MHL": 33.59, "MUS": 23.906499999999998, "FSM": 32.08, "NRU": 39.75902324, "NCL": 32.09, "MNP": 33.59, "PLW": 26.460000000000004, "PNG": 32.09, "PRI": 34.74992992699999, "KNA": 26.460000000000004, "LCA": 34.74992992699999, "VCT": 24.0555, "WSM": 33.59, "STP": 47.228500000000004, "SYC": 26.46, "SGP": 34.65729466, "SXM": 24.35, "SLB": 33.59, "SUR": 32.165, "TLS": 33.59, "TON": 33.59, "TTO": 34.65729466, "TUV": 19.72, "VIR": 47.320499999999996, "VUT": 33.59, "AIA": 34.65729466, "COK": 34.65729466, "MSR": 34.65729466, "NIU": 34.65729466}}, "lowerIntervals": {"2015": {"ASM": 3.7400000000000007, "ATG": 11.77, "ABW": 11.77, "BHS": 4.51, "VGB": 11.334684250000004, "COM": 4.51, "CUB": 3.7400000000000007, "CUW": 3.7400000000000007, "DMA": 4.51, "FJI": 11.72, "PYF": 14.25, "GRD": 3.7400000000000007, "GUM": 11.77, "GNB": 10.730000000000002, "GUY": 3.7400000000000007, "HTI": 15.680500000000004, "MDV": 3.7400000000000007, "MHL": 3.7400000000000007, "FSM": 4.81, "NRU": 3.7400000000000007, "NCL": 13.4, "MNP": 11.77, "PLW": 3.7400000000000007, "PNG": 7.99, "PRI": 24.13362032, "KNA": 11.676684250000005, "LCA": 3.7400000000000007, "VCT": 4.51, "WSM": 4.51, "STP": 13.4, "SXM": 4.51, "SLB": 4.51, "TLS": 3.7400000000000007, "TON": 4.51, "TUV": 4.51, "VIR": 17.68, "VUT": 13.72, "AIA": 23.72490778, "COK": 23.72490778, "MSR": 23.72490778, "NIU": 23.72490778}, "2020": {"ASM": 13.61, "ATG": 18.069499999999998, "ABW": 20.92, "BHS": 25.5595, "BRB": 14.9935, "BLZ": 20.92, "VGB": 41.39, "CPV": 14.87, "COM": 19.23, "CUB": 35.210864733, "CUW": 20.92, "DMA": 11.72, "DOM": 25.36, "FJI": 25.36, "PYF": 13.09, "GRD": 20.92, "GUM": 25.36, "GNB": 12.755500000000001, "GUY": 33.7, "HTI": 14.9935, "JAM": 25.36, "KIR": 11.72, "MDV": 13.584, "MHL": 20.92, "MUS": 18.15, "FSM": 13.09, "NRU": 25.57, "NCL": 20.92, "MNP": 25.57, "PLW": 18.15, "PNG": 13.09, "PRI": 25.36, "KNA": 18.15, "LCA": 20.92, "VCT": 16.54, "WSM": 20.92, "STP": 33.7, "SYC": 15.74, "SGP": 25.57, "SXM": 16.21, "SLB": 20.92, "SUR": 20.92, "TLS": 20.92, "TON": 20.92, "TTO": 20.92, "TUV": 13.584, "VIR": 30.074903153, "VUT": 20.92, "AIA": 25.57, "COK": 25.57, "MSR": 25.57, "NIU": 25.57}}, "categoryImportances": {"2015": {"Environment": 0.632066685349169, "Economic Policy & Debt": 0.3077471237771008, "Financial": 0.0601861908737299}, "2020": {"Economic Policy & Debt": 0.021438677881059083, "Infrastructure": 0.007443733444049867, "Social Protection & Labor": 0.9711175886748912}}, "featureImportances": {"2015": {"wdi2-NY.GDP.MKTP.CN": 0.0709835773347838, "mvi-wdi-BX.KLT.DINV.WD.GD.ZS": 0.0601861908737299, "wdi-AG.LND.TOTL.K2": 0.0494972651921107, "wdi-AG.SRF.TOTL.K2": 0.0469108815568025, "wdi-BX.KLT.DINV.CD.WD": 0.1710690644939577, "wdi-BX.KLT.DINV.WD.GD.ZS": 0.0656944819483593, "wdi-EG.ELC.ACCS.UR.ZS": 0.0503143458784426, "wdi-EG.ELC.ACCS.ZS": 0.1293146974672047, "wdi-EG.ELC.RNEW.ZS": 0.1278678060616892, "wdi-EG.FEC.RNEW.ZS": 0.2281616891929192}, "2020": {"wdi2-NE.DAB.TOTL.CN": 0.008422509027104676, "wdi2-NE.EXP.GNFS.CN": 0.007119882190114587, "wdi-BX.TRF.PWKR.CD.DT": 0.00589628666383982, "wdi-IT.NET.SECR.P6": 0.007443733444049867, "wdi2-SL.EMP.1524.SP.MA.NE.ZS": 0.01298640902509505, "wdi2-SL.EMP.1524.SP.NE.ZS": 0.8869010210857721, "wdi2-SL.EMP.TOTL.SP.FE.NE.ZS": 0.01115515823739685, "wdi2-SL.EMP.TOTL.SP.MA.NE.ZS": 0.0055841918204578905, "wdi2-SL.EMP.TOTL.SP.NE.ZS": 0.041973444835105074, "wdi2-SL.EMP.TOTL.SP.ZS": 0.01251736367106411}}}