{"data": {"2015": {"ASM": 458000000.0, "ATG": 294127557105.85803, "ABW": 294127557105.85803, "BHS": 6992390000.0, "BRB": 294127557105.85803, "BLZ": 1824736040.0, "VGB": 294127557105.85803, "CPV": 91717538500.0, "COM": 321000000000.0, "CUB": 30980000000.0, "CUW": 294127557105.85803, "DMA": 295035375737.6849, "DOM": 1500000000000.0, "FJI": 294127557105.85803, "PYF": 294127557105.85803, "GRD": 295035375737.6849, "GUM": 3301000000.0, "GNB": 382000000000.0, "GUY": 350130512162.5368, "HTI": 603000000000.0, "JAM": 652000000000.0, "KIR": 164244700.0, "MDV": 25508000000.0, "MHL": 140974600.0, "MUS": 198000000000.0, "FSM": 294127557105.85803, "NRU": 294127557105.85803, "NCL": 13470145122991.146, "MNP": 555000000.0, "PLW": 185053500.0, "PNG": 9640168550892.889, "PRI": 9403300000.0, "KNA": 295035375737.6849, "LCA": 295035375737.6849, "VCT": 295035375737.6849, "WSM": 1245047146439.0144, "STP": 1077772769563.8916, "SYC": 4347383400.0, "SGP": 157000000000.0, "SXM": 294127557105.85803, "SLB": 9224144225098.666, "SUR": 294127557105.85803, "TLS": 928072300.0, "TON": 295035375737.6849, "TTO": 1914475749990.518, "TUV": 294127557105.85803, "VIR": 2287000000.0, "VUT": 9298732305906.742, "AIA": 74864597095633.14, "COK": 74864597095633.14, "MSR": 74864597095633.14, "NIU": 74864597095633.14}, "2020": {"ASM": 24730900000000.0, "ATG": 1150491099135.0, "ABW": 1635290000000.0, "BHS": 4633500000000.0, "BRB": 106946956560.65, "BLZ": 1491579533.0, "VGB": 383240000000.0, "CPV": 95940980500.0, "COM": 1414100000000.0, "CUB": 436850000000.0, "CUW": 406450000000.0, "DMA": 163141829258.13, "DOM": 1770000000000.0, "FJI": 18851759409805.0, "PYF": 107324000000000.0, "GRD": 70389382844.13, "GUM": 17660600000000.0, "GNB": 418000000000.0, "GUY": 1758620000000.0, "HTI": 655000000000.0, "JAM": 603000000000.0, "KIR": 180674119460.0, "MDV": 148845816694.39, "MHL": 90619549757.52, "MUS": 183000000000.0, "FSM": 1933420000000.0, "NRU": 886810000000.0, "NCL": 20332700000000.0, "MNP": 34750800000000.0, "PLW": 73351603767.5, "PNG": 4929900000000.0, "PRI": 8484400000.0, "KNA": 54530043565.23, "LCA": 103223000000000.0, "VCT": 102006000000000.0, "WSM": 76193846140.13, "STP": 3703900000000.0, "SYC": 60434158812.65, "SGP": 155000000000.0, "SXM": 17318600000000.0, "SLB": 479941016421.85, "SUR": 194850000000.0, "TLS": 7679400000000.0, "TON": 39193793100.78, "TTO": 3798000000000.0, "TUV": 159540000000.0, "VIR": 379640000000.0, "VUT": 835422805250.13, "AIA": 100670000000000.0, "COK": 100670000000000.0, "MSR": 100670000000000.0, "NIU": 100670000000000.0}}, "upperIntervals": {"2015": {"ATG": 611768605912.0504, "ABW": 611768605912.0504, "BRB": 611768605912.0504, "VGB": 611768605912.0504, "CUW": 611768605912.0504, "DMA": 611768605912.0504, "FJI": 611768605912.0504, "PYF": 611768605912.0504, "GRD": 611768605912.0504, "GUY": 783172240593.6202, "FSM": 611768605912.0504, "NRU": 611768605912.0504, "NCL": 20400000000000.0, "PNG": 15156148484848.486, "KNA": 611768605912.0504, "LCA": 611768605912.0504, "VCT": 611768605912.0504, "WSM": 3004606321839.08, "STP": 2864175630252.1, "SXM": 611768605912.0504, "SLB": 20400000000000.0, "SUR": 611768605912.0504, "TON": 611768605912.0504, "TTO": 4788077619047.618, "TUV": 611768605912.0504, "VUT": 20400000000000.0, "AIA": 108866666666666.69, "COK": 108866666666666.69, "MSR": 108866666666666.69, "NIU": 108866666666666.69}, "2020": {"ASM": 52400000000000.0, "ATG": 1857499999999.9995, "ABW": 2019999999999.9998, "BHS": 6330000000000.0, "BRB": 159699999999.99997, "VGB": 679550000000.0, "COM": 2000000000000.0, "CUB": 679550000000.0, "CUW": 690000000000.0, "DMA": 246999999999.99997, "FJI": 37800000000000.0, "PYF": 129000000000000.0, "GRD": 122000000000.00002, "GUM": 22100000000000.0, "GUY": 2139999999999.9998, "KIR": 214000000000.0, "MDV": 214000000000.0, "MHL": 134999999999.99998, "FSM": 3370000000000.0, "NRU": 1196999999999.9995, "NCL": 41900000000000.0, "MNP": 93300000000000.0, "PLW": 136949999999.99994, "PNG": 9200000000000.0, "KNA": 67384773999.9999, "LCA": 129000000000000.0, "VCT": 129000000000000.0, "WSM": 136000000000.0, "STP": 4320000000000.0, "SYC": 122000000000.00002, "SXM": 22100000000000.0, "SLB": 1630000000000.0, "SUR": 215649999999.9999, "TLS": 11300000000000.0, "TON": 102000000000.0, "TTO": 6330000000000.0, "TUV": 214000000000.0, "VIR": 695449999999.9996, "VUT": 2000499999999.9875, "AIA": 129000000000000.0, "COK": 129000000000000.0, "MSR": 129000000000000.0, "NIU": 129000000000000.0}}, "lowerIntervals": {"2015": {"ATG": 78586222470.04028, "ABW": 78586222470.04028, "BRB": 78586222470.04028, "VGB": 78586222470.04028, "CUW": 78586222470.04028, "DMA": 80201319988.33833, "FJI": 78586222470.04028, "PYF": 78586222470.04028, "GRD": 80201319988.33833, "GUY": 121238839503.77672, "FSM": 78586222470.04028, "NRU": 78586222470.04028, "NCL": 8183449999999.998, "PNG": 623300982885.8794, "KNA": 80201319988.33833, "LCA": 80201319988.33833, "VCT": 80201319988.33833, "WSM": 133840721548.36948, "STP": 128610593248.4186, "SXM": 78586222470.04028, "SLB": 535126629942.8869, "SUR": 78586222470.04028, "TON": 80201319988.33833, "TTO": 149924304302.10855, "TUV": 78586222470.04028, "VUT": 535126629942.8869, "AIA": 45915666666666.66, "COK": 45915666666666.66, "MSR": 45915666666666.66, "NIU": 45915666666666.66}, "2020": {"ASM": 11295000000000.0, "ATG": 311000000000.0, "ABW": 1049000000000.0, "BHS": 2019999999999.9998, "BRB": 51514300000.0, "VGB": 311000000000.0, "COM": 793550000000.0, "CUB": 311000000000.0, "CUW": 311000000000.0, "DMA": 115300000000.0, "FJI": 5885500000000.0, "PYF": 75700000000000.0, "GRD": 47048877700.0, "GUM": 10500000000000.0, "GUY": 1190000000000.0, "KIR": 136000000000.0, "MDV": 95940980500.0, "MHL": 47048877700.0, "FSM": 1069999999999.9999, "NRU": 541000000000.0, "NCL": 11260000000000.0, "MNP": 10500000000000.0, "PLW": 21488918468.0, "PNG": 2310000000000.0, "KNA": 41498189000.0, "LCA": 75700000000000.0, "VCT": 75700000000000.0, "WSM": 41498189000.0, "STP": 2520000000000.0, "SYC": 12084903000.0, "SXM": 10500000000000.0, "SLB": 21488918468.0, "SUR": 155000000000.0, "TLS": 5610000000000.0, "TON": 21391517044.6, "TTO": 2295500000000.0, "TUV": 121000000000.0, "VIR": 311000000000.0, "VUT": 46771343265.0, "AIA": 75700000000000.0, "COK": 75700000000000.0, "MSR": 75700000000000.0, "NIU": 75700000000000.0}}, "categoryImportances": {"2015": {"Environment": 0.024635217766006, "Public Sector": 0.0018371158390902, "Economic Policy & Debt": 0.9735276663949033}, "2020": {"Economic Policy & Debt": 1.0}}, "featureImportances": {"2015": {"wdi2-NY.GDP.MKTP.CN": 0.4781699952403069, "wdi-AG.LND.TOTL.K2": 0.009192502622206, "wdi-AG.SRF.TOTL.K2": 0.0082963031143494, "wdi-EG.ELC.RNEW.ZS": 0.0025696391993522, "wdi-EN.POP.DNST": 0.0045767728300984, "wdi-IQ.SPI.PIL1": 0.0018371158390902, "wdi2-NE.CON.PRVT.CD": 0.0110342617032731, "wdi2-NE.CON.PRVT.CN": 0.4725238319132011, "wdi2-NE.CON.PRVT.ZS": 0.003403687951194, "wdi2-NE.EXP.GNFS.CD": 0.0083958895869282}, "2020": {"wdi2-NE.DAB.TOTL.CN": 0.16984233081782532, "wdi2-NY.GDY.TOTL.KN": 0.1646054641623057, "wdi2-NE.CON.GOVT.CN": 0.08391275424585028, "wdi2-NE.CON.GOVT.KD.ZG": 0.009332130629901368, "wdi2-NE.CON.GOVT.KN": 0.12601850745978233, "wdi2-NE.CON.GOVT.ZS": 0.0013940709687228076, "wdi2-NE.CON.PRVT.CN": 0.22645170508877466, "wdi2-NE.CON.PRVT.CN.AD": 0.2024134274304325, "wdi2-NE.CON.PRVT.KD.ZG": 0.0021582688599410976, "wdi2-NE.CON.PRVT.PP.KD": 0.013871340336463972}}, "performance": {"2015": 0.06547479888139475, "2020": 0.071505402887317}}