{"data": {"2010": {"ASM": -11.05193076, "ATG": 6.868586773844294, "ABW": 5.4255567295507, "BHS": -0.3916354, "BRB": 9.849532337344971, "BLZ": 10.85680059, "VGB": 7.131451430197049, "CPV": 8.255928719, "COM": -3.000000071, "CUB": 35.66993239, "CUW": 6.220645165528374, "DMA": 5.3064137032281815, "DOM": 18.70320816, "FJI": 16.386942116347534, "PYF": 8.855055898359426, "GRD": 3.677824652657534, "GUM": 0.241712707, "GNB": 7.344647494, "GUY": 7.094976203052828, "HTI": 24.78665185, "JAM": -4.892798107, "KIR": -8.162356186, "MDV": 10.40787067678365, "MHL": 9.450420553, "MUS": 9.230019602, "FSM": 4.450466599717995, "NRU": 3.1481842737444423, "NCL": 10.889977160429025, "MNP": 4.474272931, "PLW": 0.935993544, "PNG": 11.766706229725076, "PRI": 9.143945354430915, "KNA": 5.339770845620293, "LCA": 3.741521234798526, "VCT": 6.519359351524688, "WSM": 6.351577676996705, "STP": 5.351930490146794, "SYC": 0.0353510128528918, "SGP": 16.30672172, "SXM": -1.2688276307241806, "SLB": 44.28985507, "SUR": 10.242099425085264, "TLS": -1.941137976, "TON": 0.1221071660567305, "TTO": 7.348637619850762, "TUV": 5.349994949694168, "VIR": -7.805568664, "VUT": -0.003039606, "AIA": 10.952997127344334, "COK": 10.952997127344334, "MSR": 10.952997127344334, "NIU": 10.952997127344334}, "2011": {"ASM": -7.035928144, "ATG": 6.117385911002772, "ABW": 2.2510762051602, "BHS": 7.465524049, "BRB": 4.523621134929893, "BLZ": 12.15445771, "VGB": 4.270544488688022, "CPV": 4.686368632, "COM": 5.900000005, "CUB": 1.027257933, "CUW": 5.721649967073449, "DMA": 8.296945238926764, "DOM": 0.112526633, "FJI": 8.488505166172073, "PYF": 5.859950778347628, "GRD": 2.0267171052919783, "GUM": 3.47915949, "GNB": -0.544794152, "GUY": 4.911645064614636, "HTI": -1.668501668, "JAM": 4.684016392, "KIR": 12.35786312, "MDV": 5.768883665854559, "MHL": -7.313817771, "MUS": 6.228937235, "FSM": 11.043455213272084, "NRU": 2.7469108332977954, "NCL": 5.899783534442095, "MNP": -2.355460385, "PLW": 7.114375818, "PNG": 7.781128704884276, "PRI": 7.419038606365528, "KNA": -0.1609705548510295, "LCA": 6.87973076244187, "VCT": 3.154453530946185, "WSM": 8.192139013474314, "STP": 4.515142628532317, "SYC": 6.9434849804349446, "SGP": 5.687543064, "SXM": 2.256148433842063, "SLB": -6.528726396, "SUR": -1.4185204343776805, "TLS": 13.1689358, "TON": 8.653184009621654, "TTO": 6.579154202173987, "TUV": 2.81162679336656, "VIR": -13.06306306, "VUT": -0.003039698, "AIA": 7.287416617399196, "COK": 7.287416617399196, "MSR": 7.287416617399196, "NIU": 7.287416617399196}, "2012": {"ASM": 4.025764895, "ATG": 3.35457183439599, "ABW": -8.352712947660015, "BHS": -3.875373735, "BRB": -1.1823858308539985, "BLZ": 1.743889788, "VGB": -8.032981411412008, "CPV": -7.831241776, "COM": 15.70000003, "CUB": -2.104097453, "CUW": -0.1145515697779995, "DMA": 1.042174761735997, "DOM": 1.522897919, "FJI": 2.1158721009360075, "PYF": 1.0819841180640002, "GRD": -17.162044093410007, "GUM": 1.098535286, "GNB": -24.48924782, "GUY": 15.118971920125988, "HTI": -7.785959596, "JAM": -5.068856243, "KIR": 12.73131813, "MDV": -6.622791908210008, "MHL": 0.611471724, "MUS": 1.379477443, "FSM": 4.806354026824009, "NRU": -1.895102033772, "NCL": 2.115127112481999, "MNP": 4.824561404, "PLW": 9.737668415, "PNG": 1.0160016078580003, "PRI": 4.0578953820000105, "KNA": -13.37284998821, "LCA": 3.595730181956008, "VCT": -25.13701316456996, "WSM": 0.8379538725020003, "STP": -2.778889104208007, "SYC": 0.5723010263719961, "SGP": 2.581912244, "SXM": 3.991015895, "SLB": 0.75220288, "SUR": 25.37734525216203, "TLS": -9.448174626, "TON": 7.522469176454009, "TTO": 7.015282212638018, "TUV": -3.648240769001998, "VIR": -78.2030146, "VUT": -0.003039791, "AIA": 5.072562049385996, "COK": 5.072562049385996, "MSR": 5.072562049385996, "NIU": 5.072562049385996}, "2013": {"ASM": 4.179566563, "ATG": 6.079271650557471, "ABW": -0.7420223970873784, "BHS": -2.253133172, "BRB": 2.091765787166379, "BLZ": 10.51754998, "VGB": 3.037382234917794, "CPV": -6.35733441, "COM": 3.100000009, "CUB": 6.077745784, "CUW": 0.7634757974217398, "DMA": -1.0515967884145694, "DOM": -2.185870441, "FJI": 1.9756911776216093, "PYF": 1.0331161948404948, "GRD": 4.311031109033994, "GUM": 7.046427395, "GNB": -1.425570006, "GUY": 7.249045914469796, "HTI": 8.068696581, "JAM": 2.46369495, "KIR": 9.682146908, "MDV": 3.174269958537384, "MHL": 12.20090555, "MUS": -0.527681655, "FSM": 1.6506298877801384, "NRU": 4.951994696083768, "NCL": 1.9875281826703584, "MNP": 9.414225941, "PLW": 1.761827223, "PNG": 5.018938468546173, "PRI": 2.693011728700743, "KNA": 0.6202732346266197, "LCA": 2.4820098741409056, "VCT": 0.7412295085695673, "WSM": -1.3689355264522085, "STP": 0.6816582333894803, "SYC": 1.2699396, "SGP": 6.512569072, "SXM": 9.852134906, "SLB": 10.92150171, "SUR": 1.9416466452233, "TLS": -26.9878888, "TON": -0.5191934886648067, "TTO": 4.79345774465091, "TUV": 6.392410003889692, "VIR": -10.26472177, "VUT": 6.456712062, "AIA": 2.623338495938046, "COK": 2.623338495938046, "MSR": 2.623338495938046, "NIU": 2.623338495938046}, "2014": {"ASM": 11.88707281, "ATG": 9.328321519248307, "ABW": 6.770411555664405, "BHS": 12.68088205, "BRB": 6.3478994235142965, "BLZ": 3.484990851, "VGB": 7.816684497318495, "CPV": 11.04839721, "COM": 5.400000034, "CUB": -1.522055259, "CUW": 5.481396265090783, "DMA": 9.641741441417809, "DOM": 4.776261411, "FJI": 2.4086888345145905, "PYF": 4.874444240403759, "GRD": 6.973366778195162, "GUM": 2.214703168, "GNB": 30.45533765, "GUY": 1.4914367875449197, "HTI": -1.37306056, "JAM": -0.122673786, "KIR": 11.36014181, "MDV": 5.545867497141206, "MHL": -6.412157724, "MUS": 3.561067767, "FSM": 9.526619168380735, "NRU": 4.770590594211489, "NCL": 2.015400522178622, "MNP": 6.309751434, "PLW": 11.57800185, "PNG": 2.0702922369142795, "PRI": 2.2678379461320795, "KNA": 6.330310579021558, "LCA": 6.844170075258879, "VCT": 6.345709435335004, "WSM": 9.65262571553977, "STP": 4.236924751620589, "SYC": 17.11270837, "SGP": 2.768513217, "SXM": 9.628957451, "SLB": -1.557692308, "SUR": 1.8016795636803136, "TLS": 11.58616694, "TON": 8.633177642422591, "TTO": 2.7577314709999947, "TUV": 5.649880916358401, "VIR": 11.01745936, "VUT": 0.19988578, "AIA": 2.853975747634524, "COK": 2.853975747634524, "MSR": 2.853975747634524, "NIU": 2.853975747634524}, "2015": {"ASM": 3.585657371, "ATG": 4.123047378456167, "ABW": 1.3003337790193137, "BHS": -6.265699135, "BRB": -4.17883998062983, "BLZ": 9.572149346, "VGB": -1.8443135228566667, "CPV": 1.845582011, "COM": 1.039953645, "CUB": 10.12994684, "CUW": -3.3434888681473867, "DMA": 15.301370920360544, "DOM": 11.02398411, "FJI": 4.579318282090277, "PYF": 3.779686923764496, "GRD": 4.186627104948804, "GUM": -3.641287993, "GNB": 15.72935212, "GUY": -1.866197779506327, "HTI": 8.836323975, "JAM": -1.968966689, "KIR": 18.78180547, "MDV": 1.024228297, "MHL": -0.931736709, "MUS": 8.521012115, "FSM": 7.296130272181085, "NRU": 1.175871058177804, "NCL": 2.295053630171985, "MNP": 26.07913669, "PLW": 2.475412444, "PNG": 1.440908519785107, "PRI": 1.3360376099429747, "KNA": -4.3768162204163135, "LCA": -2.900099236813225, "VCT": -3.644993795601776, "WSM": 15.36884095146077, "STP": 7.861944315823781, "SYC": 2.219900757, "SGP": 3.380741428, "SXM": -9.4, "SLB": 13.63547568, "SUR": 4.1931178010287296, "TLS": -7.591683505, "TON": 10.414423194014033, "TTO": -1.923470563560128, "TUV": -3.0104404206487168, "VIR": -39.58785249, "VUT": 26.18694785, "AIA": -1.3758375495603128, "COK": -1.3758375495603128, "MSR": -1.3758375495603128, "NIU": -1.3758375495603128}}, "upperIntervals": {"2010": {"ATG": 21.38161815349989, "ABW": 17.307209882875, "BRB": 44.28985507, "VGB": 14.814920074367263, "CUW": 17.346933063793855, "DMA": 12.31542202458295, "FJI": 44.28985507, "PYF": 13.90134732154459, "GRD": 9.450420553, "GUY": 15.03299854859332, "MDV": 14.101336160479953, "FSM": 38.5613086, "NRU": 12.215522690815694, "NCL": 16.670551262956884, "PNG": 28.25779733, "PRI": 17.30613937, "KNA": 11.957374976305909, "LCA": 12.50105487445538, "VCT": 28.73785341, "WSM": 22.16781458628088,