{"data": {"2015": {"ASM": 57.1526773173014, "ATG": 65.95296537511985, "ABW": 61.12121385533829, "BHS": 46.66097302482641, "BRB": 55.36, "BLZ": 42.62, "VGB": 57.49496331044338, "CPV": 40.58, "COM": 52.77352279014883, "CUB": 27.148969128684605, "CUW": 59.38324203794879, "DMA": 46.7480689019729, "DOM": 43.09, "FJI": 43.01124997027609, "PYF": 44.48152950711124, "GRD": 59.4506621385712, "GUM": 55.96484815881119, "GNB": 63.09449091220043, "GUY": 51.00999285382993, "HTI": 41.07989348002188, "JAM": 46.2, "KIR": 31.68, "MDV": 50.32602144938891, "MHL": 59.9531376750171, "MUS": 41.25, "FSM": 48.85181018809302, "NRU": 57.25711560197996, "NCL": 47.63933186215397, "MNP": 66.16018015453528, "PLW": 55.18204597756685, "PNG": 50.704098299937655, "PRI": 28.9, "KNA": 64.57142032671447, "LCA": 54.17748334730004, "VCT": 56.88772388291272, "WSM": 42.70119931940349, "STP": 54.88058834248622, "SYC": 64.01, "SGP": 58.04, "SXM": 69.084263428131, "SLB": 53.263693259378016, "SUR": 42.19, "TLS": 38.84188171473072, "TON": 50.57865936805295, "TTO": 47.91, "TUV": 59.11290640030824, "VIR": 61.79009529341697, "VUT": 44.45345922682903, "AIA": 46.78100985373415, "COK": 46.78100985373415, "MSR": 46.78100985373415, "NIU": 46.78100985373415}, "2020": {"ASM": 41.28386562839997, "ATG": 40.63939703409997, "ABW": 47.53459986720002, "BHS": 42.39428748459999, "BRB": 42.63045739279999, "BLZ": 41.72010404150001, "VGB": 54.010027205200004, "CPV": 36.54762786989999, "COM": 35.8405412322, "CUB": 53.72482720519998, "CUW": 42.92630947349997, "DMA": 31.95554021940005, "DOM": 45.01775877340002, "FJI": 50.90936997689998, "PYF": 37.664554167599974, "GRD": 41.867734485999975, "GUM": 45.153650974700014, "GNB": 31.37410000000003, "GUY": 54.31440000000006, "HTI": 35.555460693499995, "JAM": 41.65325957149997, "KIR": 33.73080000000003, "MDV": 46.136234179800006, "MHL": 44.8121111165, "MUS": 42.08088776529998, "FSM": 37.50568702789998, "NRU": 46.25283834740005, "NCL": 40.31652695559997, "MNP": 51.703441838776214, "PLW": 41.09083732399998, "PNG": 35.39260000000001, "PRI": 48.35587612949999, "KNA": 42.8112137413, "LCA": 50.774547498366644, "VCT": 39.563411372799976, "WSM": 35.768559157999995, "STP": 45.56041263250002, "SYC": 45.8881254098, "SGP": 51.54378946809996, "SXM": 44.955609251000006, "SLB": 35.4785278699, "SUR": 40.99109670649998, "TLS": 37.55903128809999, "TON": 38.289456096599984, "TTO": 46.93506238160001, "TUV": 38.63896069349998, "VIR": 53.021551222533304, "VUT": 37.83114921389999, "AIA": 46.96875536300003, "COK": 46.96875536300003, "MSR": 46.96875536300003, "NIU": 46.96875536300003}}, "upperIntervals": {"2015": {"ASM": 77.28, "ATG": 77.28, "ABW": 77.28, "BHS": 76.637, "VGB": 76.77, "COM": 85.0, "CUB": 47.20494961573456, "CUW": 77.28, "DMA": 76.77, "FJI": 48.85791884900957, "PYF": 49.30500653291693, "GRD": 77.28, "GUM": 77.28, "GNB": 85.0, "GUY": 85.0, "HTI": 70.57924999999997, "MDV": 76.77, "MHL": 77.28, "FSM": 77.28, "NRU": 77.28, "NCL": 59.38661111111111, "MNP": 77.28, "PLW": 77.28, "PNG": 73.09, "KNA": 77.28, "LCA": 77.28, "VCT": 77.28, "WSM": 48.85791884900957, "STP": 82.08, "SXM": 77.28, "SLB": 85.0, "TLS": 76.77, "TON": 77.28, "TUV": 77.28, "VIR": 77.28, "VUT": 70.00574999999998, "AIA": 55.834843484029406, "COK": 55.834843484029406, "MSR": 55.834843484029406, "NIU": 55.834843484029406}, "2020": {"ASM": 46.7075, "ATG": 44.88, "ABW": 49.836384525499994, "BHS": 46.62282084299999, "BRB": 47.93, "BLZ": 47.19351019, "VGB": 56.39, "CPV": 41.3161393495, "COM": 42.649499999999996, "CUB": 55.668, "CUW": 47.93, "DMA": 41.3, "DOM": 50.61, "FJI": 52.28, "PYF": 41.66492139, "GRD": 48.2545, "GUM": 50.61, "GNB": 39.47, "GUY": 59.3925, "HTI": 41.62489371000001, "JAM": 47.93, "KIR": 40.06, "MDV": 50.657999999999994, "MHL": 48.4145, "MUS": 47.93, "FSM": 42.13000000000001, "NRU": 50.28, "NCL": 43.93119956999999, "MNP": 52.74, "PLW": 46.7075, "PNG": 40.73000000000001, "PRI": 51.589999999999996, "KNA": 47.93, "LCA": 52.07, "VCT": 43.93119956999999, "WSM": 41.3, "STP": 51.06, "SYC": 47.24633468049999, "SGP": 54.29, "SXM": 48.4145, "SLB": 41.3, "SUR": 44.17820742, "TLS": 42.232410371, "TON": 44.88, "TTO": 50.28, "TUV": 43.21, "VIR": 55.63, "VUT": 44.88, "AIA": 50.181329333, "COK": 50.181329333, "MSR": 50.181329333, "NIU": 50.181329333}}, "lowerIntervals": {"2015": {"ASM": 10.17, "ATG": 40.72440555555556, "ABW": 41.19, "BHS": 16.82, "VGB": 41.19, "COM": 18.11, "CUB": 11.220583333333336, "CUW": 28.9, "DMA": 31.68, "FJI": 39.5876362538672, "PYF": 37.54364077179616, "GRD": 11.074437499999998, "GUM": 28.9, "GNB": 20.25, "GUY": 16.5188314779, "HTI": 17.376018059125, "MDV": 11.074437499999998, "MHL": 11.19924107142857, "FSM": 11.8214, "NRU": 10.895, "NCL": 38.72107742056156, "MNP": 37.493427622594666, "PLW": 10.17, "PNG": 28.473025, "KNA": 29.797426, "LCA": 11.326375, "VCT": 41.19, "WSM": 32.57393506493506, "STP": 31.68, "SXM": 41.19, "SLB": 17.608874357900003, "TLS": 11.62, "TON": 29.58803467153284, "TUV": 31.68, "VIR": 28.9, "VUT": 27.36, "AIA": 39.65730828441735, "COK": 39.65730828441735, "MSR": 39.65730828441735, "NIU": 39.65730828441735}, "2020": {"ASM": 37.8005, "ATG": 35.91, "ABW": 40.70000000000001, "BHS": 40.06, "BRB": 37.9, "BLZ": 29.9, "VGB": 52.265, "CPV": 33.88, "COM": 13.73, "CUB": 51.4905, "CUW": 39.47, "DMA": 26.26, "DOM": 40.7, "FJI": 47.93, "PYF": 34.8915, "GRD": 35.91, "GUM": 40.668000000000006, "GNB": 13.73, "GUY": 51.57, "HTI": 13.73, "JAM": 37.8005, "KIR": 13.73, "MDV": 40.06, "MHL": 40.06, "MUS": 37.8005, "FSM": 25.633500000000005, "NRU": 40.68150000000001, "NCL": 35.91, "MNP": 50.5935, "PLW": 35.91, "PNG": 25.633500000000005, "PRI": 42.62, "KNA": 37.9, "LCA": 47.93, "VCT": 35.91, "WSM": 13.73, "STP": 39.22999999999999, "SYC": 39.47, "SGP": 48.34, "SXM": 40.06, "SLB": 13.73, "SUR": 34.9, "TLS": 25.633500000000005, "TON": 29.718, "TTO": 40.06, "TUV": 34.8915, "VIR": 51.12, "VUT": 26.26, "AIA": 46.255471740000004, "COK": 46.255471740000004, "MSR": 46.255471740000004, "NIU": 46.255471740000004}}, "categoryImportances": {"2015": {"Environment": 0.8966620610669831, "Economic Policy & Debt": 0.1033379389330166}, "2020": {"Economic Policy & Debt": 0.018586303169445463, "Infrastructure": 0.026618985779496392, "Social Protection & Labor": 0.9547947110510581}}, "featureImportances": {"2015": {"wdi2-NY.GDP.MKTP.CN": 0.0537929933391154, "wdi-AG.LND.TOTL.K2": 0.1110797517735314, "wdi-AG.SRF.TOTL.K2": 0.1302405611637392, "wdi-EG.ELC.ACCS.UR.ZS": 0.0289363006250694, "wdi-EG.ELC.ACCS.ZS": 0.0935855221113769, "wdi-EG.ELC.RNEW.ZS": 0.239307620648753, "wdi-EN.POP.DNST": 0.0514818249274443, "wdi2-NY.GDP.FRST.RT.ZS": 0.2135264113952936, "wdi2-NY.GDP.MINR.RT.ZS": 0.0285040684217753, "wdi2-NY.GDP.MKTP.CD": 0.0495449455939012}, "2020": {"wdi2-NE.DAB.TOTL.CN": 0.005941296669188764, "wdi-BX.TRF.PWKR.CD.DT": 0.0126450065002567, "wdi-IT.NET.SECR.P6": 0.026618985779496392, "wdi2-SL.EMP.TOTL.SP.MA.NE.ZS": 0.006740276810800753, "wdi2-SL.EMP.TOTL.SP.NE.ZS": 0.40954909403351564, "wdi2-SL.EMP.TOTL.SP.ZS": 0.03567481942933281, "wdi2-SL.TLF.CACT.FE.NE.ZS": 0.40299035900777364, "wdi2-SL.TLF.CACT.FM.NE.ZS": 0.04055721459187534, "wdi2-SL.TLF.CACT.MA.NE.ZS": 0.003148365012523719, "wdi2-SL.TLF.CACT.NE.ZS": 0.056134582165236285}}}