{"data": {"2010": {"ASM": -4.219409283, "ATG": 1.5568933518680057, "ABW": 1.6849249873800027, "BHS": 1.013492123, "BRB": 3.711934253573996, "BLZ": 5.230523931, "VGB": 0.9273604557500024, "CPV": -1.237327618, "COM": 1.900000004, "CUB": 7.854191771, "CUW": 3.5043578330160075, "DMA": 3.097985966500003, "DOM": 6.872915531, "FJI": 5.2359268829879975, "PYF": 0.9726366200620038, "GRD": 1.724294874716005, "GUM": -0.813802083, "GNB": 12.70541241, "GUY": 4.4564660396540114, "HTI": -3.356105108, "JAM": -1.234664422, "KIR": -1.838641584, "MDV": 2.439949699238004, "MHL": -0.562638625, "MUS": 2.636306169, "FSM": 1.759678754596005, "NRU": 0.9259608092080022, "NCL": 4.175854143188009, "MNP": 3.111111111, "PLW": -3.228126068, "PNG": 3.273146956781996, "PRI": 1.447388244, "KNA": 1.541059493468003, "LCA": 2.2937947304120034, "VCT": 1.415177699902005, "WSM": 3.034746441210004, "STP": 2.6139203293319992, "SYC": 2.692494357136, "SGP": 4.35079681, "SXM": 3.231507672248, "SLB": 5.113809976803997, "SUR": 4.800324860891999, "TLS": 3.791974631, "TON": 1.6543770899160064, "TTO": 4.849330723489995, "TUV": -1.1239593633779974, "VIR": 1.182432432, "VUT": 2.886732194, "AIA": 3.3555114254060023, "COK": 3.3555114254060023, "MSR": 3.3555114254060023, "NIU": 3.3555114254060023}, "2011": {"ASM": -5.066079295, "ATG": 3.271589217278008, "ABW": 2.5275374162740047, "BHS": -2.048433529, "BRB": 2.846627552988, "BLZ": 4.653312132, "VGB": 1.1362105250980026, "CPV": 2.163152063, "COM": 4.599999969, "CUB": 1.400582579, "CUW": 2.6533481480839938, "DMA": 3.169140263130005, "DOM": 4.330915308, "FJI": 3.61763631357801, "PYF": 2.8176460507280017, "GRD": 3.5929416444260047, "GUM": 1.411224155, "GNB": -2.679913149, "GUY": 3.660249608753994, "HTI": 4.539767077, "JAM": 3.824179031, "KIR": 6.499018079, "MDV": 3.3167585594560087, "MHL": 4.440136492, "MUS": 2.504605951, "FSM": 2.0375278542699924, "NRU": 0.952563876006002, "NCL": 2.1733616482259976, "MNP": -3.017241379, "PLW": 2.990280305, "PNG": 2.6159443299780034, "PRI": 1.521146482, "KNA": 1.4418431993619985, "LCA": 3.342716523812008, "VCT": 3.195334042302007, "WSM": 3.93108325322401, "STP": 1.8241794459499927, "SYC": 1.7558962719380014, "SGP": 3.960679526, "SXM": 1.0201027019720017, "SLB": 3.50400641278601, "SUR": 3.009160178785998, "TLS": 1.232257828, "TON": 4.051054025602009, "TTO": 5.955748024994009, "TUV": 1.2778876723520012, "VIR": -0.876460768, "VUT": 2.856970647, "AIA": 2.938916865681997, "COK": 2.938916865681997, "MSR": 2.938916865681997, "NIU": 2.938916865681997}, "2012": {"ASM": -2.552204176, "ATG": 1.6497048655552442, "ABW": 1.218492973318995, "BHS": 3.826482029, "BRB": 4.118800513119925, "BLZ": 1.242700895, "VGB": 0.9643515032727308, "CPV": 3.349771922, "COM": 4.300000032, "CUB": 3.254368015, "CUW": 1.0640062625129538, "DMA": 1.0892730075662946, "DOM": 1.899551718, "FJI": 1.886321247948212, "PYF": 3.99706575415876, "GRD": 0.4983585166921129, "GUM": 3.754045307, "GNB": -0.102626937, "GUY": 2.141632609832304, "HTI": 1.355573312, "JAM": -0.983993291, "KIR": 1.423680397, "MDV": 0.7478953034499876, "MHL": 1.847554839, "MUS": 2.740829845, "FSM": 2.4460574436136704, "NRU": 1.536866384005616, "NCL": 2.616969052834554, "MNP": 2.222222222, "PLW": 7.34080118, "PNG": 2.438476164176826, "PRI": 2.413666998, "KNA": -0.700480603752884, "LCA": 1.115862567026207, "VCT": 0.5923156976106176, "WSM": 1.3814978221082588, "STP": 2.37110993944896, "SYC": 0.8518243479068747, "SGP": 3.7233964, "SXM": 0.840277055870798, "SLB": 2.305182828548379, "SUR": 3.118459129080905, "TLS": 3.224698407, "TON": 3.0263715411930074, "TTO": 1.0796997295870296, "TUV": 2.3438476265050725, "VIR": -3.284210526, "VUT": 3.202461178, "AIA": 4.224307123072869, "COK": 4.224307123072869, "MSR": 4.224307123072869, "NIU": 4.224307123072869}, "2013": {"ASM": 4.761904762, "ATG": 3.375219412504011, "ABW": 0.1894743571159997, "BHS": -2.031514597, "BRB": 2.236239671064001, "BLZ": 4.980061473, "VGB": 3.181372849478009, "CPV": 1.798861213, "COM": 3.399999977, "CUB": 5.160257632, "CUW": -0.2391016983340002, "DMA": 0.7235862542340007, "DOM": 2.223022436, "FJI": 1.7244578331500031, "PYF": -0.8189112967720001, "GRD": 3.660612219606013, "GUM": 0.655021834, "GNB": 1.704750308, "GUY": 3.508154988010651, "HTI": 4.837418621, "JAM": -0.686671951, "KIR": 3.496358646, "MDV": 3.7275319304180137, "MHL": 7.528773037, "MUS": 2.638307252, "FSM": 1.390401154694, "NRU": -0.484842259179998, "NCL": 4.91310253479, "MNP": 8.043478261, "PLW": 2.433331687, "PNG": 4.216245410475992, "PRI": 1.688517064, "KNA": 2.415783125328008, "LCA": 2.141233626062004, "VCT": 1.2135502149620014, "WSM": 1.609569065656001, "STP": 1.9692231424440043, "SYC": -22.60997067, "SGP": 2.815295194, "SXM": -8.191582890716022, "SLB": 3.8485272656298273, "SUR": 1.6184191502360008, "TLS": 5.147451456, "TON": 1.065973428956001, "TTO": 3.0063484374421825, "TUV": 4.130228691536018, "VIR": -2.481497606, "VUT": 3.543139426, "AIA": 4.511493019101263, "COK": 4.511493019101263, "MSR": 4.511493019101263, "NIU": 4.511493019101263}, "2014": {"ASM": 2.5, "ATG": 2.640762330457997, "ABW": 1.1431639443260009, "BHS": 4.729950361, "BRB": 2.1435705727239966, "BLZ": 0.968982098, "VGB": 19.27135876365197, "CPV": 1.18872422, "COM": 1.500000017, "CUB": 4.584496068, "CUW": 0.8018674250740029, "DMA": 2.709079208769999, "DOM": 5.30686759, "FJI": 2.227344533680003, "PYF": 1.826844363208004, "GRD": 2.059798751952, "GUM": 0.402850945, "GNB": -4.14369211, "GUY": 2.269484623854, "HTI": 0.385139417, "JAM": -0.846183433, "KIR": 4.406022833, "MDV": 23.75471266508593, "MHL": -4.147400737, "MUS": 2.630006733, "FSM": 2.754404006189992, "NRU": 0.3797560324020011, "NCL": 3.368194159558004, "MNP": 7.243460765, "PLW": 1.923431313, "PNG": 1.6042388229160025, "PRI": -3.117287047, "KNA": 2.630914649625996, "LCA": 1.8897681559319992, "VCT": 2.6297157395159974, "WSM": 2.650712097946004, "STP": 2.6044204624760003, "SYC": 63.10750284, "SGP": 3.604922236, "SXM": 27.8472116201659, "SLB": 2.2701262445699992, "SUR": 2.045953240883996, "TLS": 5.591936475, "TON": 3.0672571103459947, "TTO": 1.3432500488720005, "TUV": 1.1609305273820016, "VIR": -0.357142857, "VUT": 3.994954896, "AIA": 3.930452101158001, "COK": 3.930452101158001, "MSR": 3.930452101158001, "NIU": 3.930452101158001}, "2015": {"ASM": 1.55210643, "ATG": 2.439473315397833, "ABW": 3.76375360486153, "BHS": 0.006149921, "BRB": 1.190945551887147, "BLZ": 4.384589758, "VGB": 1.0930739596728836, "CPV": 3.180929211, "COM": 0.743420968, "CUB": 7.353246933, "CUW": 0.7111976909913535, "DMA": 1.946984345426433, "DOM": 6.436484556, "FJI": 3.235894990054961, "PYF": 2.4341724512069747, "GRD": 1.2906548636746669, "GUM": 1.882716049, "GNB": 11.12928853, "GUY": 0.0094185392466711, "HTI": 4.662727292, "JAM": -0.101500895, "KIR": 11.25270182, "MDV": 22.09458166, "MHL": -1.199209171, "MUS": 2.871456114, "FSM": 1.2873867166137445, "NRU": 2.9879949274900306, "NCL": 1.520912202374059, "MNP": 4.127579737, "PLW": 4.232532439, "PNG": 3.792043933778598, "PRI": -2.620051158, "KNA": 1.2984694077059982, "LCA": 1.5232589731042088, "VCT": 1.8483557185880408, "WSM": 2.297554019842656, "STP": 2.934744327595086, "SYC": 0.99842789, "SGP": 5.150333908, "SXM": 5.762743717275941, "SLB": 1.1679519485614638, "SUR": 3.298936778490656, "TLS": -1.293276415, "TON": 1.8305260062147093, "TTO": -0.0253214082196336, "TUV": 2.795489756413239, "VIR": 2.464157706, "VUT": 1.13404560367593, "AIA": 3.3704500707995124, "COK": 3.3704500707995124, "MSR": 3.3704500707995124, "NIU": 3.3704500707995124}}, "upperIntervals": {"2010": {"ATG": 4.575132893, "ABW": 4.575132893, "BRB": 6.512947604, "VGB": 1.792161373, "CUW": 6.114049741, "DMA": 5.564526046299993, "FJI": 7.509075211, "PYF": 2.355589238, "GRD": 4.269704594599986, "GUY": 6.488731231, "MDV": 5.934352744, "FSM": 5.934352744, "NRU": 4.575132893, "NCL": 5.4311804954, "PNG": 4.204111449, "KNA": 3.999975675599999, "LCA": 5.934352744, "VCT": 3.857806187, "WSM": 4.66168075944999, "STP": 3.9978102770000006, "SYC": 5.230523931, "SXM": 5.174072213, "SLB": 6.898379402,