{"data": {"2011": {"ASM": 89.59794112532404, "ATG": 92.034729, "ABW": 102.1292191, "BHS": 35.96915817, "BRB": 76.26544189, "BLZ": 43.45499039, "VGB": 104.791153, "CPV": 72.50048065, "COM": 55.89376129281201, "CUB": 104.473877, "CUW": 95.40865316573998, "DMA": 102.6449127, "DOM": 40.39561844, "FJI": 57.05591514110809, "PYF": 77.80597145147996, "GRD": 77.34467840706401, "GUM": 89.12966754494005, "GNB": 22.04805005491196, "GUY": 90.7559433, "HTI": 18.253230932229968, "JAM": 62.42161759201411, "KIR": 37.23481439174596, "MDV": 73.29418772166186, "MHL": 44.60874939, "MUS": 106.4069595, "FSM": 62.055478916592186, "NRU": 100.62330732821994, "NCL": 55.03146114924591, "MNP": 97.92547635409998, "PLW": 83.04279420578001, "PNG": 18.162627691589943, "PRI": 108.5645218, "KNA": 126.9257965, "LCA": 74.3161087, "VCT": 72.60826824871197, "WSM": 38.67153168, "STP": 48.90140915, "SYC": 103.1482086, "SGP": 92.93789401854028, "SXM": 74.35060484986603, "SLB": 100.8911667, "SUR": 75.52081299, "TLS": 27.081044948449893, "TON": 84.55246219198013, "TTO": 81.3885166572839, "TUV": 100.57329158459976, "VIR": 95.8535155498601, "VUT": 45.641064890953935, "AIA": 48.049429016871976, "COK": 48.049429016871976, "MSR": 48.049429016871976, "NIU": 48.049429016871976}, "2012": {"ASM": 93.54451229951977, "ATG": 95.86411285, "ABW": 106.5233536, "BHS": 40.19623184, "BRB": 95.14854966321856, "BLZ": 46.48246002, "VGB": 77.01928115967118, "CPV": 70.48784637, "COM": 50.537131818874926, "CUB": 46.87681315648034, "CUW": 96.53593124176564, "DMA": 97.58019257, "DOM": 42.08483887, "FJI": 67.05257446527686, "PYF": 60.41160034527832, "GRD": 80.62115797863314, "GUM": 85.83743131517649, "GNB": 30.347238744185063, "GUY": 95.36387634, "HTI": 32.83025374471719, "JAM": 61.08801392368666, "KIR": 51.42632614048385, "MDV": 98.0719105808515, "MHL": 79.3947854725382, "MUS": 105.8819809, "FSM": 52.335854303601046, "NRU": 79.50392151, "NCL": 63.21295335048842, "MNP": 81.6323873203733, "PLW": 64.73758399107308, "PNG": 26.856529132693456, "PRI": 99.54889679, "KNA": 92.4610348671577, "LCA": 77.46885681, "VCT": 84.16627145688268, "WSM": 33.34603882, "STP": 47.83586121, "SYC": 102.3184509, "SGP": 95.5411429400047, "SXM": 245.8471832, "SLB": 93.40815735, "SUR": 83.43447113, "TLS": 50.468090673259546, "TON": 36.75851822, "TTO": 89.67768551770885, "TUV": 79.11129678259576, "VIR": 83.77117305109708, "VUT": 50.40775672330657, "AIA": 59.19814264129743, "COK": 59.19814264129743, "MSR": 59.19814264129743, "NIU": 59.19814264129743}, "2013": {"ASM": 62.0866409247416, "ATG": 79.4249599180103, "ABW": 105.3378067, "BHS": 29.84979057, "BRB": 87.98467743072226, "BLZ": 49.03585052, "VGB": 91.39188334455694, "CPV": 71.02780151, "COM": 23.48286057, "CUB": 92.46508026, "CUW": 87.24749890747509, "DMA": 104.1248627, "DOM": 45.75934982, "FJI": 70.99221881653598, "PYF": 80.95492288159998, "GRD": 103.4023209, "GUM": 74.02959763015544, "GNB": 22.72894896241416, "GUY": 54.12516261546567, "HTI": 27.0081119543476, "JAM": 96.89424896, "KIR": 67.52624429642252, "MDV": 90.49326505836116, "MHL": 85.27909889047348, "MUS": 104.890831, "FSM": 68.4769350981123, "NRU": 75.70822500275953, "NCL": 72.01431541171895, "MNP": 70.5229822841513, "PLW": 77.9865799, "PNG": 38.21590986955889, "PRI": 54.85882187, "KNA": 109.6478882, "LCA": 76.68933868, "VCT": 82.31078339, "WSM": 79.61593480666218, "STP": 44.02793121, "SYC": 96.71053314, "SGP": 87.01454126830754, "SXM": 74.78149006990162, "SLB": 92.38490295, "SUR": 88.48751831, "TLS": 13.91897964, "TON": 82.66554001435206, "TTO": 65.92408425363642, "TUV": 81.62268787054461, "VIR": 85.74178669009477, "VUT": 90.93572998, "AIA": 57.2514182145639, "COK": 57.2514182145639, "MSR": 57.2514182145639, "NIU": 57.2514182145639}, "2014": {"ASM": 90.79231773103982, "ATG": 77.89926213779681, "ABW": 105.7960129, "BHS": 37.38097, "BRB": 88.21528625, "BLZ": 50.25458908, "VGB": 131.8047333, "CPV": 71.42765045, "COM": 20.87961006, "CUB": 98.74936676, "CUW": 90.34729075232748, "DMA": 91.10987854, "DOM": 47.86211014, "FJI": 63.378910700603214, "PYF": 77.02996736513929, "GRD": 97.57868958, "GUM": 74.27197459002137, "GNB": 26.2997970615826, "GUY": 58.68766247373517, "HTI": 23.89757558144512, "JAM": 77.00953674, "KIR": 65.05024365918779, "MDV": 97.99234294758848, "MHL": 84.7245796771473, "MUS": 103.2048187, "FSM": 54.37420384853147, "NRU": 95.37074554873656, "NCL": 64.68963063170332, "MNP": 73.99351984140185, "PLW": 71.6459198, "PNG": 38.25060529190413, "PRI": 83.85855612417433, "KNA": 126.6292877, "LCA": 83.27967072, "VCT": 72.0533905, "WSM": 33.72217178, "STP": 39.01475143, "SYC": 96.95999908, "SGP": 91.46556449044137, "SXM": 78.14839935, "SLB": 94.19225311, "SUR": 87.78508759, "TLS": 17.40147972, "TON": 41.29521942, "TTO": 69.47477396554281, "TUV": 96.14395905, "VIR": 97.68139216376808, "VUT": 51.51053113342017, "AIA": 60.62438612733635, "COK": 60.62438612733635, "MSR": 60.62438612733635, "NIU": 60.62438612733635}, "2015": {"ASM": 74.22171096632023, "ATG": 95.24403337133998, "ABW": 94.96037716837982, "BHS": 28.61594963, "BRB": 90.86103058, "BLZ": 49.91685867, "VGB": 132.6120605, "CPV": 74.98312378, "COM": 46.57723979175988, "CUB": 101.4014664, "CUW": 98.76763979266008, "DMA": 96.7064209, "DOM": 48.37350845, "FJI": 66.35749447811993, "PYF": 91.37128399613997, "GRD": 92.01624298, "GUM": 83.15297404504015, "GNB": 21.40457572476005, "GUY": 71.36440808100012, "HTI": 31.84083876376005, "JAM": 84.06513977, "KIR": 53.60678674604005, "MDV": 104.0672073, "MHL": 39.11067963, "MUS": 105.4767914, "FSM": 31.44008064, "NRU": 93.3415715948602, "NCL": 78.99236061151991, "MNP": 80.95170187190027, "PLW": 81.95342190442028, "PNG": 34.9213050468599, "PRI": 90.6053504329601, "KNA": 116.6077728, "LCA": 73.95446014, "VCT": 100.2700272, "WSM": 36.14805984, "STP": 47.37276077, "SYC": 94.37420654, "SGP": 101.9052791879199, "SXM": 81.31028268272021, "SLB": 93.66661072, "SUR": 87.25858307, "TLS": 20.46706963, "TON": 45.81301117, "TTO": 69.27597765538016, "TUV": 96.43766022, "VIR": 95.93720372004005, "VUT": 90.19299316, "AIA": 66.11480777088022, "COK": 66.11480777088022, "MSR": 66.11480777088022, "NIU": 66.11480777088022}}, "upperIntervals": {"2011": {"ASM": 126.9257965, "COM": 104.473877, "CUW": 120.6128235, "FJI": 90.7559433, "PYF": 116.6355591, "GRD": 126.9257965, "GUM": 116.6355591, "GNB": 54.08753966999999, "HTI": 42.06927872, "JAM": 89.84808273499995, "KIR": 100.8911667, "MDV": 116.6355591, "FSM": 106.5148376149999, "NRU": 126.9257965, "NCL": 95.8081131, "MNP": 126.9257965, "PLW": 126.9257965, "PNG": 35.82704163, "VCT": 126.9257965, "SGP": 120.6128235, "SXM": 126.9257965, "TLS": 54.08753966999999, "TON": 126.9257965, "TTO": 108.5645218, "TUV": 126.9257965, "VIR": 116.6355591, "VUT": 100.8911667, "AIA": 67.6650238, "COK": 67.6650238, "MSR": 67.6650238, "NIU": 67.6650238}, "2012": {"ASM": 106.78539062859194, "BRB": 119.4426117, "VGB": 106.52500847156864, "COM": 94.386016845, "CUB": 92.21815117610244, "CUW": 109.08967405408184, "FJI": 93.10473169225216, "PYF": 97.77748963609716, "GRD": 105.31448314090716, "GUM": 105.23355261306868, "GNB": 92.26948099577037, "HTI": 90.0562452469609, "JAM": 98.24687399922864, "KIR": 95.36387634, "MDV": 118.5478592, "MHL": 119.91408205624998, "FSM": 95.36387634, "NCL": 95.47803916208328, "MNP": 104.33081778210816, "PLW": 101.44119574093855, "PNG": 89.77438965682143, "KNA": 108.08476522829253, "VCT": 106.20266725, "SGP": 118.117979775, "TLS": 93.90359387180528, "TTO": 102.61904267952566, "TUV": 245.8471832, "VIR": 106.94271219226478, "VUT": 93.8970870975, "AIA": 94.72986903316948, "COK": 94.72986903316948, "MSR": 94.72986903316948, "NIU": 94.72986903316948}, "2013": {"ASM": 109.90401294998168, "ATG": 109.6478882, "BRB": 111.7233582, "VGB": 111.7233582, "CUW": 111.59155514339044, "FJI": 94.29039852710974, "PYF": 104.890831, "GUM": 105.34115875387911, "GNB": 46.95561981, "GUY": 90.21419516502614, "HTI": 89.1158905, "KIR": 103.4023209, "MDV": 112.7325363, "MHL": 109.6478882, "FSM": 105.072264275549, "NRU": 111.7233582,