{"data": {"2015": {"ASM": 8.320950966, "ATG": 16.243841523842455, "ABW": 18.38542858032304, "BHS": 18.6320388461484, "BRB": 14.471669877495986, "BLZ": 15.01197079, "VGB": 17.057724265298727, "CPV": 15.964754582938577, "COM": 7.072951236, "CUB": 21.885107550906884, "CUW": 17.272918441100423, "DMA": 11.976369052731508, "DOM": 19.72662509, "FJI": 13.47062861, "PYF": 18.174641430789546, "GRD": 13.593494632575409, "GUM": 21.65890671, "GNB": 7.989690487, "GUY": 20.76645101520577, "HTI": 7.800202128, "JAM": 19.38808997, "KIR": 10.349818659846012, "MDV": 24.87267273248977, "MHL": 9.700197000083715, "MUS": 12.62158661, "FSM": 11.996716485194716, "NRU": 14.190022108869618, "NCL": 20.24034924661296, "MNP": 21.0989011, "PLW": 13.616628377938827, "PNG": 18.83829729098471, "PRI": 19.36832501103419, "KNA": 13.92822849894302, "LCA": 17.031393475811857, "VCT": 15.724122567265344, "WSM": 10.36670659379393, "STP": 13.39016375584512, "SYC": 19.744976265006432, "SGP": 22.09375452, "SXM": 15.364637399062117, "SLB": 13.026585564849505, "SUR": 32.83669767772828, "TLS": 7.345867201, "TON": 10.660537546854346, "TTO": 19.329319063959115, "TUV": 17.30773642825944, "VIR": 7.684098186, "VUT": 14.006356739361165, "AIA": 19.888061384781484, "COK": 19.888061384781484, "MSR": 19.888061384781484, "NIU": 19.888061384781484}, "2020": {"ASM": 18.1476680451821, "ATG": 18.917087178951984, "ABW": 19.266067950571713, "BHS": 18.664154684701597, "BRB": 18.722192270961244, "BLZ": 12.8154798, "VGB": 18.520196185995243, "CPV": 14.347158407671435, "COM": 16.141146167580562, "CUB": 18.111826532476954, "CUW": 16.014294086103725, "DMA": 20.368164568802943, "DOM": 16.462971456685317, "FJI": 12.29666833, "PYF": 17.88888737757187, "GRD": 17.5373042766758, "GUM": 15.867578232615028, "GNB": 14.69474543, "GUY": 16.12952963064526, "HTI": 9.92956193, "JAM": 21.22821246, "KIR": 19.719341010702372, "MDV": 15.463845895022239, "MHL": 19.62896164063722, "MUS": 13.7163948, "FSM": 19.350732715073356, "NRU": 16.6688153756525, "NCL": 15.704688581216725, "MNP": 18.05515732993192, "PLW": 18.179518518391312, "PNG": 14.551313430818302, "PRI": 19.76454040928981, "KNA": 19.888806374196214, "LCA": 17.565534739013955, "VCT": 17.961803358825847, "WSM": 18.760946019895584, "STP": 19.98203619461981, "SYC": 20.264221867476948, "SGP": 17.85941851, "SXM": 16.034649426615637, "SLB": 14.646532296521823, "SUR": 15.35984346310079, "TLS": 14.190192941928288, "TON": 17.833238924518657, "TTO": 14.156972309411076, "TUV": 20.009940237763807, "VIR": 19.218237906519093, "VUT": 16.49004767556004, "AIA": 15.824154866461592, "COK": 15.245506327413894, "MSR": 15.824154866461592, "NIU": 15.245506327413894}}, "upperIntervals": {"2015": {"ATG": 28.52161942, "ABW": 33.45344014, "BHS": 33.45344014, "BRB": 22.0670909365, "VGB": 22.094251728954024, "CPV": 33.9136431, "CUB": 33.9136431, "CUW": 28.52161942, "DMA": 21.0989011, "PYF": 26.27875508, "GRD": 21.963929872625, "GUY": 33.45344014, "KIR": 20.50653818, "MDV": 67.95367655, "MHL": 19.26277471, "FSM": 26.390898296999893, "NRU": 28.52161942, "NCL": 46.13422778, "PLW": 24.18164505249996, "PNG": 33.45344014, "PRI": 33.9136431, "KNA": 21.65890671, "LCA": 22.20742453799995, "VCT": 22.15555049, "WSM": 19.41929446299997, "STP": 20.53615632599997, "SYC": 33.9136431, "SXM": 22.0968443185, "SLB": 21.0989011, "SUR": 67.95367655, "TON": 21.581617222071426, "TTO": 33.476450287999974, "TUV": 33.45344014, "VUT": 33.45344014, "AIA": 24.67438887633334, "COK": 24.67438887633334, "MSR": 24.67438887633334, "NIU": 24.67438887633334}, "2020": {"ASM": 38.94025076, "ATG": 38.94025076, "ABW": 38.94025076, "BHS": 38.94025076, "BRB": 38.94025076, "VGB": 38.94025076, "CPV": 20.722568885375, "COM": 26.481739098999974, "CUB": 26.04243327, "CUW": 20.973101984625004, "DMA": 38.94025076, "DOM": 22.293211801902483, "PYF": 38.94025076, "GRD": 38.94025076, "GUM": 38.94025076, "GUY": 38.94025076, "KIR": 38.94025076, "MDV": 21.345950876789775, "MHL": 38.94025076, "FSM": 38.94025076, "NRU": 38.94025076, "NCL": 38.94025076, "MNP": 38.94025076, "PLW": 38.94025076, "PNG": 21.353533836679915, "PRI": 34.82854985, "KNA": 38.94025076, "LCA": 38.94025076, "VCT": 38.94025076, "WSM": 38.94025076, "STP": 38.94025076, "SYC": 38.94025076, "SXM": 38.94025076, "SLB": 21.52432123156817, "SUR": 34.82854985, "TLS": 20.17393254, "TON": 38.94025076, "TTO": 20.96638557731019, "TUV": 38.94025076, "VIR": 38.94025076, "VUT": 38.94025076, "AIA": 21.22821246, "COK": 20.727077244426226, "MSR": 21.22821246, "NIU": 20.727077244426226}}, "lowerIntervals": {"2015": {"ATG": 7.067501954249999, "ABW": 7.33222140275, "BHS": 6.963965601, "BRB": 7.072951235999999, "VGB": 7.684098186, "CPV": 6.963965601, "CUB": 13.384771176445543, "CUW": 7.684098186, "DMA": 7.072951235999999, "PYF": 3.00749671, "GRD": 7.072951235999999, "GUY": 7.855136338, "KIR": 7.072951235999999, "MDV": 7.067501954249999, "MHL": 7.072951235999999, "FSM": 7.072951235999999, "NRU": 7.072951235999999, "NCL": 6.963965601, "PLW": 7.072951235999999, "PNG": 7.855136338, "PRI": 7.684098186, "KNA": 6.963965601, "LCA": 7.6802607222, "VCT": 7.60734891, "WSM": 6.963965601, "STP": 7.072951235999999, "SYC": 7.33222140275, "SXM": 7.072951235999999, "SLB": 7.072951235999999, "SUR": 7.684098186, "TON": 6.963965601, "TTO": 11.9988838845, "TUV": 7.345867200999999, "VUT": 6.963965601, "AIA": 15.5398998, "COK": 15.5398998, "MSR": 15.5398998, "NIU": 15.5398998}, "2020": {"ASM": 10.44444173339, "ATG": 11.841246307281125, "ABW": 10.44444173339, "BHS": 10.94572844, "BRB": 12.265464729000389, "VGB": 12.524336130301535, "CPV": 9.34807119055, "COM": 5.543458763, "CUB": 12.46422448616131, "CUW": 12.682162276133333, "DMA": 11.421807430999998, "DOM": 11.655577653200002, "PYF": 12.260666093382346, "GRD": 10.739792732293333, "GUM": 8.824335735, "GUY": 1.77391856, "KIR": 11.8534340055, "MDV": 9.300330898475, "MHL": 12.066636390898216, "FSM": 9.918267586603717, "NRU": 1.77391856, "NCL": 8.824335735, "MNP": 10.44444173339, "PLW": 9.043382276500001, "PNG": 8.78607017924, "PRI": 8.824335735, "KNA": 11.806081045959079, "LCA": 11.769565083696719, "VCT": 11.639531722984831, "WSM": 11.94124624535246, "STP": 5.543458763, "SYC": 10.94572844, "SXM": 1.77391856, "SLB": 1.77391856, "SUR": 8.824335735, "TLS": 1.77391856, "TON": 9.914207615507447, "TTO": 10.86033260675, "TUV": 11.948, "VIR": 11.791816786750001, "VUT": 8.792447771866668, "AIA": 12.680372842080537, "COK": 12.524336130301535, "MSR": 12.680372842080537, "NIU": 12.524336130301535}}, "categoryImportances": {"2015": {"Environment": 0.3477620338675332, "Economic Policy & Debt": 0.6522379661324664}, "2020": {"Financial Sector": 0.11740134010858258, "Infrastructure": 0.11444822163499016, "Economic Policy & Debt": 0.32357436480585827, "Profile": 0.08452750884700921, "Finance": 0.3600485646035597}}, "featureImportances": {"2015": {"wdi2-NY.GNP.MKTP.CN": 0.0589384044969213, "wdi-AG.LND.TOTL.K2": 0.04467175601116, "wdi-AG.SRF.TOTL.K2": 0.0456596979944545, "wdi-EG.ELC.RNEW.ZS": 0.1010812858840295, "wdi-EG.FEC.RNEW.ZS": 0.0655010632412951, "wdi-EN.POP.DNST": 0.0908482307365941, "wdi2-NE.CON.PRVT.CD": 0.098315460434653, "wdi2-NE.CON.PRVT.ZS": 0.2455612441585997, "wdi2-NE.EXP.GNFS.CD": 0.199640901783368, "wdi2-NE.EXP.GNFS.ZS": 0.0497819552589244}, "2020": {"wdi-FM.AST.DOMS.CN": 0.11740134010858258, "key-wdi2-NE.TRD.GNFS.ZS": 0.05373218670258775, "key-wdi2-NY.GDP.DEFL.KD.ZG": 0.16124017952708636, "key-wdi2-NY.GDP.MKTP.KD.ZG": 0.14507619837388563, "key-wdi2-SP.POP.TOTL": 0.08452750884700921, "wdi-IT.NET.SECR": 0.07531210832207007, "wdi-IT.NET.SECR.P6": 0.03913611331292009, "wdi2-NE.CON.GOVT.CN": 0.08814828946258421, "wdi2-NE.CON.GOVT.ZS": 0.14676707083857393, "wdi2-NE.CON.PRVT.CN": 0.08865900450470014}}}