{"data": {"2015": {"ASM": 68.08401759904443, "ATG": 74.82997999999967, "ABW": 67.8666221407578, "BHS": 72.20527352124803, "BRB": 67.41, "BLZ": 79.26, "VGB": 71.76715590971506, "CPV": 68.13, "COM": 72.78860292626347, "CUB": 71.31101401385833, "CUW": 68.62335724919761, "DMA": 63.4377433645886, "DOM": 76.47, "FJI": 73.72757313979047, "PYF": 66.43551291691249, "GRD": 77.1, "GUM": 73.39116908243922, "GNB": 75.02031826502446, "GUY": 70.7777402486845, "HTI": 71.5316708409257, "JAM": 70.25, "KIR": 53.26, "MDV": 71.30858473619648, "MHL": 63.85804630709383, "MUS": 74.61, "FSM": 60.83369968194632, "NRU": 64.10115913612813, "NCL": 69.0262899725043, "MNP": 72.15756499999966, "PLW": 63.45303328470428, "PNG": 73.92282651602274, "PRI": 49.17, "KNA": 70.69198680782296, "LCA": 73.54099193916103, "VCT": 71.5015289485365, "WSM": 72.14237656223497, "STP": 67.07411793496807, "SYC": 75.27, "SGP": 76.71, "SXM": 76.58989231316698, "SLB": 70.61538417168666, "SUR": 72.56, "TLS": 70.34236795201313, "TON": 61.89924910606145, "TTO": 70.64, "TUV": 62.6792801247536, "VIR": 70.16085558347298, "VUT": 68.43619488248305, "AIA": 72.89542236575956, "COK": 72.89542236575956, "MSR": 72.89542236575956, "NIU": 72.89542236575956}, "2020": {"ASM": 69.93615143729998, "ATG": 69.73504200039999, "ABW": 69.24771136469997, "BHS": 79.58720000000002, "BRB": 70.62086818469999, "BLZ": 67.0783493615, "VGB": 68.34655729569997, "CPV": 67.33110091329999, "COM": 62.13323359439999, "CUB": 57.51420500839995, "CUW": 67.44646053079998, "DMA": 60.27649999999994, "DOM": 71.28922150099999, "FJI": 63.929741015100014, "PYF": 61.17486763289999, "GRD": 67.75126279569999, "GUM": 71.47658577149997, "GNB": 79.43150000000003, "GUY": 60.50163406089998, "HTI": 75.96588394899999, "JAM": 76.20249999999999, "KIR": 61.63935442020002, "MDV": 80.79610000000004, "MHL": 69.3947896015, "MUS": 63.674343224199994, "FSM": 69.6553024655, "NRU": 70.04332687540003, "NCL": 68.4506562217, "MNP": 69.7557928236, "PLW": 63.97202622299995, "PNG": 63.67031754340002, "PRI": 53.74849999999998, "KNA": 62.06258539409997, "LCA": 79.50215559660002, "VCT": 72.51812285259996, "WSM": 59.76992601419997, "STP": 62.805007025999984, "SYC": 64.49564047690001, "SGP": 76.08230000000002, "SXM": 69.7861192405, "SLB": 79.67010000000003, "SUR": 59.606127210099984, "TLS": 80.64110000000004, "TON": 61.474737384499974, "TTO": 68.52850326259998, "TUV": 60.92228158839998, "VIR": 67.42839145249998, "VUT": 79.56320000000002, "AIA": 67.7145024513, "COK": 67.7145024513, "MSR": 67.7145024513, "NIU": 67.7145024513}}, "upperIntervals": {"2015": {"ASM": 84.62, "ATG": 86.94, "ABW": 82.0, "BHS": 87.17, "VGB": 87.17, "COM": 86.36, "CUB": 79.68441618497108, "CUW": 84.62, "DMA": 78.94845728643216, "FJI": 81.7655, "PYF": 75.05414817320703, "GUM": 86.95149999999998, "GNB": 89.21, "GUY": 84.21, "HTI": 86.3, "MDV": 81.41, "MHL": 84.62, "FSM": 79.91, "NRU": 82.0, "NCL": 77.62, "MNP": 84.70299999999993, "PLW": 84.62, "PNG": 83.33, "KNA": 84.62, "LCA": 84.62, "VCT": 79.26, "WSM": 81.4515, "STP": 86.3, "SXM": 84.62, "SLB": 81.41350000000001, "TLS": 86.36, "TON": 79.26, "TUV": 83.39449999999994, "VIR": 84.62, "VUT": 83.34466666666665, "AIA": 82.46, "COK": 82.46, "MSR": 82.46, "NIU": 82.46}, "2020": {"ASM": 75.91, "ATG": 72.28, "ABW": 74.03, "BHS": 83.43, "BRB": 74.03, "BLZ": 71.4, "VGB": 70.61, "CPV": 72.28, "COM": 68.16, "CUB": 65.12, "CUW": 71.09388899150001, "DMA": 65.12, "DOM": 75.91, "FJI": 71.16777983, "PYF": 68.53037901, "GRD": 74.03, "GUM": 75.91, "GNB": 83.43, "GUY": 66.84, "HTI": 83.43, "JAM": 82.746, "KIR": 66.906, "MDV": 83.43, "MHL": 74.03, "MUS": 70.994471349, "FSM": 71.63399999999999, "NRU": 74.03, "NCL": 75.91, "MNP": 74.03, "PLW": 71.16777983, "PNG": 68.16, "PRI": 65.135, "KNA": 66.65, "LCA": 83.43, "VCT": 75.91, "WSM": 66.906, "STP": 69.2785, "SYC": 70.61, "SGP": 83.43, "SXM": 74.03, "SLB": 83.43, "SUR": 65.4625, "TLS": 83.43, "TON": 68.17851895049999, "TTO": 74.03, "TUV": 66.84, "VIR": 74.124, "VUT": 83.43, "AIA": 71.4675, "COK": 71.4675, "MSR": 71.4675, "NIU": 71.4675}}, "lowerIntervals": {"2015": {"ASM": 50.54, "ATG": 49.17, "ABW": 50.54, "BHS": 62.19321749250002, "VGB": 58.89, "COM": 49.17, "CUB": 62.03999999999999, "CUW": 49.17, "DMA": 53.26, "FJI": 54.84, "PYF": 59.979328571428574, "GUM": 49.17, "GNB": 49.38, "GUY": 58.01, "HTI": 53.26, "MDV": 60.1, "MHL": 53.26, "FSM": 53.26, "NRU": 53.124, "NCL": 60.1, "MNP": 49.17, "PLW": 53.26, "PNG": 57.93075, "KNA": 49.17, "LCA": 62.03999999999999, "VCT": 53.26, "WSM": 53.26, "STP": 53.26, "SXM": 59.75800000000002, "SLB": 49.38, "TLS": 49.38, "TON": 50.54, "TUV": 50.54, "VIR": 49.17, "VUT": 48.18, "AIA": 58.88, "COK": 58.88, "MSR": 58.88, "NIU": 58.88}, "2020": {"ASM": 62.43072058, "ATG": 64.961, "ABW": 65.06, "BHS": 73.96600000000001, "BRB": 66.79, "BLZ": 62.01, "VGB": 66.17, "CPV": 59.059999999999995, "COM": 45.07, "CUB": 45.07, "CUW": 63.08, "DMA": 57.44, "DOM": 66.788761883, "FJI": 45.07, "PYF": 45.07, "GRD": 60.6, "GUM": 66.740475777, "GNB": 72.1965, "GUY": 45.07, "HTI": 66.01050000000001, "JAM": 69.163, "KIR": 57.8, "MDV": 75.4225, "MHL": 64.961, "MUS": 45.07, "FSM": 66.479, "NRU": 66.53, "NCL": 62.01, "MNP": 66.631, "PLW": 58.463, "PNG": 57.44, "PRI": 45.07, "KNA": 57.95, "LCA": 72.6925, "VCT": 62.07649999999999, "WSM": 45.07, "STP": 45.07, "SYC": 61.94, "SGP": 70.04, "SXM": 66.2655, "SLB": 72.1965, "SUR": 45.07, "TLS": 75.449, "TON": 45.07, "TTO": 62.36999999999999, "TUV": 57.44, "VIR": 62.19199999999999, "VUT": 72.1965, "AIA": 64.961, "COK": 64.961, "MSR": 64.961, "NIU": 64.961}}, "categoryImportances": {"2015": {"Environment": 0.6320247983313784, "Economic Policy & Debt": 0.3679752016686216}, "2020": {"Economic Policy & Debt": 0.05488181343908263, "Infrastructure": 0.05201447449413027, "Social Protection & Labor": 0.8931037120667873}}, "featureImportances": {"2015": {"wdi2-NY.GDP.MKTP.CN": 0.1426255295211199, "wdi-AG.LND.TOTL.K2": 0.0279817724898724, "wdi-AG.SRF.TOTL.K2": 0.0330963838575767, "wdi-EG.ELC.ACCS.ZS": 0.1101873675058541, "wdi-EG.ELC.RNEW.ZS": 0.1242393721286797, "wdi-EN.POP.DNST": 0.0727150321567192, "wdi2-NY.GDP.FRST.RT.ZS": 0.2135184449454564, "wdi2-NY.GDP.MINR.RT.ZS": 0.0502864252472198, "wdi2-NY.GDP.MKTP.CD": 0.1313143035019409, "wdi2-NY.GDP.PCAP.CD": 0.0940353686455608}, "2020": {"wdi2-NE.DAB.TOTL.CN": 0.027854317423175096, "wdi2-NE.EXP.GNFS.CN": 0.018594354110716225, "wdi-BX.TRF.PWKR.CD.DT": 0.00843314190519131, "wdi-IT.NET.SECR.P6": 0.05201447449413027, "wdi2-SL.EMP.TOTL.SP.ZS": 0.10357423166999175, "wdi2-SL.TLF.CACT.FE.NE.ZS": 0.03294105339080245, "wdi2-SL.TLF.CACT.FM.NE.ZS": 0.03864045752414804, "wdi2-SL.TLF.CACT.ZS": 0.6608924545529371, "wdi2-SL.TLF.TOTL.IN": 0.021671416313292703, "wdi2-SL.UEM.1524.FE.NE.ZS": 0.035384098615615145}}, "performance": {"2015": 0.1122201051305967, "2020": 0.0561320174116713}}