{"data": {"2015": {"ASM": 35.99077394243394, "ATG": 37.437105600000194, "ABW": 31.69585981916093, "BHS": 32.43507778578626, "BRB": 30.0, "BLZ": 38.57, "VGB": 40.832092278652034, "CPV": 17.44, "COM": 29.54573967170965, "CUB": 27.62551082799074, "CUW": 20.19, "DMA": 27.9169636833724, "DOM": 36.77, "FJI": 29.99986944565469, "PYF": 31.480697993786794, "GRD": 31.25442587710013, "GUM": 37.46327452048586, "GNB": 44.52412224962406, "GUY": 28.446260732819056, "HTI": 42.65883081892932, "JAM": 22.87, "KIR": 20.85, "MDV": 35.894194840799656, "MHL": 28.670609651732324, "MUS": 34.29, "FSM": 29.95776323570261, "NRU": 31.74102483024579, "NCL": 34.76884372511478, "MNP": 38.249718868311945, "PLW": 35.07314508220015, "PNG": 35.7592690731415, "PRI": 41.67998952427669, "KNA": 32.10311015505902, "LCA": 28.459191737834782, "VCT": 30.08344550799648, "WSM": 29.778711453255777, "STP": 29.275810250575244, "SYC": 48.04, "SGP": 36.79, "SXM": 35.77626949800008, "SLB": 40.930976681920086, "SUR": 26.95, "TLS": 25.63712042671797, "TON": 28.332114206213177, "TTO": 41.05, "TUV": 33.93470682188443, "VIR": 35.22536378595382, "VUT": 28.926601787179983, "AIA": 35.888794377698844, "COK": 35.888794377698844, "MSR": 35.888794377698844, "NIU": 35.888794377698844}, "2020": {"ASM": 22.775399199485218, "ATG": 26.981423204716947, "ABW": 32.7322285950527, "BHS": 33.79213500332802, "BRB": 23.279179527406846, "BLZ": 32.55372444659965, "VGB": 48.323073746403814, "CPV": 26.649390479183275, "COM": 31.772296061821315, "CUB": 46.01297000372791, "CUW": 31.963463988897633, "DMA": 15.609476388888888, "DOM": 35.25332287922527, "FJI": 36.19516459663026, "PYF": 28.093370271274043, "GRD": 31.30969000989619, "GUM": 34.112729555683565, "GNB": 24.407326576770252, "GUY": 49.153688692709366, "HTI": 28.334093954933714, "JAM": 30.388770631174292, "KIR": 26.105925798751468, "MDV": 26.57972637498723, "MHL": 34.01641823606135, "MUS": 26.66656671547043, "FSM": 30.081371286116724, "NRU": 38.85856983450958, "NCL": 30.06047027177843, "MNP": 31.87369916360477, "PLW": 24.16391712612117, "PNG": 31.36288439109798, "PRI": 38.21722204014983, "KNA": 27.408705238814104, "LCA": 34.51987565951516, "VCT": 26.49994442048353, "WSM": 32.19260943393742, "STP": 43.670801985780535, "SYC": 23.318682983274897, "SGP": 31.087979106181034, "SXM": 24.013224522488393, "SLB": 34.14719077671111, "SUR": 32.04817505608221, "TLS": 32.22247964576869, "TON": 32.01732497441242, "TTO": 31.582826087725824, "TUV": 22.116624854752107, "VIR": 39.928891244749295, "VUT": 32.31633085785488, "AIA": 32.89648813709771, "COK": 32.89648813709771, "MSR": 32.89648813709771, "NIU": 32.89648813709771}}, "upperIntervals": {"2015": {"ASM": 48.04, "ATG": 48.04, "ABW": 48.04, "BHS": 68.93, "VGB": 48.04, "COM": 51.340500000000006, "CUB": 44.41, "DMA": 45.62, "FJI": 44.90466666666664, "PYF": 51.38729999999996, "GRD": 48.04, "GUM": 68.93, "GNB": 72.12, "GUY": 56.57, "HTI": 72.12, "MDV": 48.04, "MHL": 48.04, "FSM": 48.04, "NRU": 48.04, "NCL": 60.75999999999999, "MNP": 68.93, "PLW": 48.04, "PNG": 56.57, "PRI": 61.57, "KNA": 48.04, "LCA": 48.04, "VCT": 48.04, "WSM": 48.04999999999999, "STP": 54.46, "SXM": 48.04, "SLB": 72.12, "TLS": 48.77899999999981, "TON": 48.04, "TUV": 48.04, "VIR": 48.04, "VUT": 52.75, "AIA": 58.9, "COK": 58.9, "MSR": 58.9, "NIU": 58.9}, "2020": {"ASM": 25.60234449895833, "ATG": 29.021520406236842, "ABW": 36.792921455312495, "BHS": 37.40742425375, "BRB": 25.241890217968752, "BLZ": 36.23849570935043, "VGB": 53.23, "CPV": 29.021520406236842, "COM": 36.786000131416664, "CUB": 49.700900000000004, "CUW": 36.34166916333333, "DMA": 19.758833333333335, "DOM": 37.240294125575005, "FJI": 38.883509774625, "PYF": 32.16988128, "GRD": 35.107535838800004, "GUM": 37.391217910625, "GNB": 28.784514285714284, "GUY": 55.68887499999999, "HTI": 35.73954286771251, "JAM": 35.827332694852274, "KIR": 29.021520406236842, "MDV": 28.8262, "MHL": 38.08243582125, "MUS": 29.021520406236842, "FSM": 35.75672453266477, "NRU": 41.21005070860001, "NCL": 35.75672453266477, "MNP": 37.42504925375, "PLW": 28.432525000000002, "PNG": 36.075212102888884, "PRI": 40.862225, "KNA": 34.31583333333333, "LCA": 38.865274971425, "VCT": 29.021520406236842, "WSM": 36.70366673191667, "STP": 49.568374999999996, "SYC": 25.60234449895833, "SGP": 35.32, "SXM": 26.580414482366063, "SLB": 37.393642164375, "SUR": 35.974503851818184, "TLS": 37.0266445, "TON": 36.34310081676923, "TTO": 35.564039009266665, "TUV": 25.2508494703125, "VIR": 46.076052841333336, "VUT": 37.033812275, "AIA": 37.47614449691667, "COK": 37.47614449691667, "MSR": 37.47614449691667, "NIU": 37.47614449691667}}, "lowerIntervals": {"2015": {"ASM": 8.54, "ATG": 8.54, "ABW": 19.14, "BHS": 17.67, "VGB": 25.20297286197827, "COM": 13.28, "CUB": 11.61566666666667, "DMA": 16.98791666666667, "FJI": 8.54, "PYF": 17.3, "GRD": 8.54, "GUM": 8.54, "GNB": 17.44, "GUY": 11.64, "HTI": 17.44, "MDV": 8.54, "MHL": 8.54, "FSM": 8.54, "NRU": 11.64, "NCL": 17.67, "MNP": 11.64, "PLW": 8.54, "PNG": 12.1, "PRI": 20.183541229612903, "KNA": 17.44, "LCA": 8.54, "VCT": 11.92200000000001, "WSM": 12.1, "STP": 8.54, "SXM": 17.67, "SLB": 12.1, "TLS": 8.54, "TON": 18.5485, "TUV": 17.44, "VIR": 18.84, "VUT": 12.1, "AIA": 25.48, "COK": 25.48, "MSR": 25.48, "NIU": 25.48}, "2020": {"ASM": 18.781900000000004, "ATG": 25.519871280555556, "ABW": 29.05477040623684, "BHS": 29.050084938807693, "BRB": 19.425583333333336, "BLZ": 28.448999999999998, "VGB": 45.73750013742857, "CPV": 25.417541666666672, "COM": 28.367734483, "CUB": 41.039750000000005, "CUW": 29.340950000000003, "DMA": 8.49, "DOM": 30.076691177333334, "FJI": 31.476291731392855, "PYF": 25.461083333333335, "GRD": 28.516999999999996, "GUM": 28.51228571428571, "GNB": 19.43766666666667, "GUY": 41.71, "HTI": 20.76, "JAM": 27.459773334777775, "KIR": 24.741500000000002, "MDV": 25.209732391666662, "MHL": 29.901320328428568, "MUS": 25.0689375, "FSM": 26.816317708133333, "NRU": 35.96215318719318, "NCL": 26.819512300442856, "MNP": 29.426677838, "PLW": 19.747899999999998, "PNG": 28.367734483, "PRI": 32.1276230495, "KNA": 22.68, "LCA": 29.891434157095237, "VCT": 24.96702976190476, "WSM": 27.773984483, "STP": 35.93716105381819, "SYC": 19.296291666666665, "SGP": 28.891775000000003, "SXM": 22.68, "SLB": 28.738499999999995, "SUR": 27.777932211055553, "TLS": 27.183205177, "TON": 27.773984483, "TTO": 29.05225, "TUV": 19.271083333333333, "VIR": 36.147742133375, "VUT": 28.448999999999998, "AIA": 29.5369415146, "COK": 29.5369415146, "MSR": 29.5369415146, "NIU": 29.5369415146}}, "categoryImportances": {"2015": {"Environment": 0.6045296121105184, "Economic Policy & Debt": 0.3342123765481846, "Financial": 0.0612580113412964}, "2020": {"Economic Policy & Debt": 0.0064170963836241695, "Infrastructure": 0.0029153458291758002, "Social Protection & Labor": 0.9906675577872}}, "featureImportances": {"2015": {"wdi2-NY.GDP.MKTP.CN": 0.1041540217911594, "mvi-wdi-BX.KLT.DINV.WD.GD.ZS": 0.0612580113412964, "wdi-AG.LND.TOTL.K2": 0.0519280478227543, "wdi-AG.SRF.TOTL.K2": 0.0496473186705942, "wdi-BX.KLT.DINV.CD.WD": 0.1657448135325625, "wdi-BX.KLT.DINV.WD.GD.ZS": 0.0643135412244627, "wdi-EG.ELC.ACCS.UR.ZS": 0.0538343774852237, "wdi-EG.ELC.ACCS.ZS": 0.0535830141218051, "wdi-EG.ELC.RNEW.ZS": 0.1402820739457771, "wdi-EG.FEC.RNEW.ZS": 0.255254780064364}, "2020": {"wdi2-NE.DAB.TOTL.CN": 0.0021348040024684466, "wdi2-NE.EXP.GNFS.CN": 0.0014351585150298933, "wdi-BX.TRF.PWKR.CD.DT": 0.0028471338661258294, "wdi-IT.NET.SECR.P6": 0.0029153458291758002, "wdi2-SL.EMP.1524.SP.FE.NE.ZS": 0.6918595848582508, "wdi2-SL.EMP.1524.SP.MA.NE.ZS": 0.2771468955649179, "wdi2-SL.EMP.TOTL.SP.FE.NE.ZS": 0.006963534017264068, "wdi2-SL.EMP.TOTL.SP.MA.NE.ZS": 0.007489697777604887, "wdi2-SL.EMP.TOTL.SP.NE.ZS": 0.002318131692016612, "wdi2-SL.EMP.TOTL.SP.ZS": 0.004889713877145606}}}