{"data": {"2015": {"ASM": 47.59715435573992, "ATG": 53.99056387851977, "ABW": 45.62271999999999, "BHS": 47.58107999999996, "BRB": 46.14, "BLZ": 59.6, "VGB": 48.24282915367984, "CPV": 49.16, "COM": 44.19894387851999, "CUB": 39.61096441910004, "CUW": 48.82359705295981, "DMA": 48.397469764739895, "DOM": 56.0, "FJI": 49.21348554297983, "PYF": 46.40637374087983, "GRD": 47.80959584123997, "GUM": 51.00521999999981, "GNB": 50.57974395260005, "GUY": 45.08719785229993, "HTI": 49.38057364306, "JAM": 38.58, "KIR": 32.81, "MDV": 47.01411127553989, "MHL": 42.65253418431998, "MUS": 52.49, "FSM": 43.716274573979945, "NRU": 45.820100070339954, "NCL": 46.55188296279988, "MNP": 51.16337999999985, "PLW": 52.68757300509979, "PNG": 52.40109231703993, "PRI": 45.14480209959983, "KNA": 49.792589764539805, "LCA": 47.410208089179896, "VCT": 50.24443778861983, "WSM": 47.97142628543986, "STP": 44.90898387851993, "SYC": 59.39, "SGP": 41.3, "SXM": 51.37142387851985, "SLB": 49.85136000000002, "SUR": 40.3, "TLS": 42.53148883725999, "TON": 47.00549751889987, "TTO": 51.07, "TUV": 50.608327966579886, "VIR": 47.75476467201996, "VUT": 47.60344452575986, "AIA": 48.31077990773999, "COK": 48.31077990773999, "MSR": 48.31077990773999, "NIU": 48.31077990773999}, "2020": {"ASM": 28.909174419999985, "ATG": 45.2498974571, "ABW": 46.60264489250001, "BHS": 54.324314803900045, "BRB": 36.2076, "BLZ": 53.22213492640003, "VGB": 54.95579131640004, "CPV": 44.50390359119997, "COM": 53.78835354750001, "CUB": 54.01502278510003, "CUW": 44.31354263950002, "DMA": 31.366999999999983, "DOM": 52.57962924720002, "FJI": 53.46323190220003, "PYF": 46.040030079399976, "GRD": 44.46668162570002, "GUM": 52.159361042600004, "GNB": 37.06521128259999, "GUY": 61.511100000000006, "HTI": 46.25373942359998, "JAM": 45.402699958000014, "KIR": 36.944422565199986, "MDV": 37.634920245199986, "MHL": 46.4275874567, "MUS": 36.8982225652, "FSM": 47.19523321539999, "NRU": 51.47857702589999, "NCL": 46.41137319819999, "MNP": 45.030592772599995, "PLW": 36.500596985199984, "PNG": 53.27433699210002, "PRI": 46.02990707770001, "KNA": 37.4706225652, "LCA": 53.97551961290004, "VCT": 37.0452969852, "WSM": 53.78307408860007, "STP": 56.43292468990002, "SYC": 37.07352326000001, "SGP": 36.99282512929999, "SXM": 36.197608962599986, "SLB": 53.32002665710004, "SUR": 52.71844206790004, "TLS": 53.78835354750001, "TON": 54.72002997150007, "TTO": 44.97867217450002, "TUV": 36.37491128259999, "VIR": 52.068432256900024, "VUT": 53.088016346700016, "AIA": 45.44741870089999, "COK": 45.44741870089999, "MSR": 45.44741870089999, "NIU": 45.44741870089999}}, "upperIntervals": {"2015": {"ASM": 59.39, "ATG": 80.44, "ABW": 59.39, "BHS": 80.44, "VGB": 59.39, "COM": 72.68, "CUB": 56.0, "CUW": 59.39, "DMA": 60.51, "FJI": 60.704999999999984, "PYF": 59.60000000000001, "GRD": 59.39, "GUM": 80.44, "GNB": 78.44, "GUY": 80.44, "HTI": 76.45, "MDV": 59.39, "MHL": 59.39, "FSM": 59.39, "NRU": 59.39, "NCL": 67.55, "MNP": 80.44, "PLW": 80.44, "PNG": 71.79, "PRI": 67.8, "KNA": 59.39, "LCA": 59.39, "VCT": 60.51, "WSM": 60.51, "STP": 59.60000000000001, "SXM": 59.60000000000001, "SLB": 74.15, "TLS": 60.51, "TON": 59.60000000000001, "TUV": 80.44, "VIR": 54.58699999999998, "VUT": 60.51, "AIA": 65.56, "COK": 65.56, "MSR": 65.56, "NIU": 65.56}, "2020": {"ASM": 37.73, "ATG": 49.37, "ABW": 56.14, "BHS": 57.3, "BRB": 41.98, "BLZ": 56.76, "VGB": 61.3775, "CPV": 49.37, "COM": 56.787, "CUB": 57.3, "CUW": 48.598270254999996, "DMA": 41.98, "DOM": 56.14, "FJI": 57.3, "PYF": 49.37, "GRD": 49.37, "GUM": 56.76, "GNB": 42.89, "GUY": 68.29, "HTI": 51.25385246349999, "JAM": 56.14, "KIR": 42.985499999999995, "MDV": 47.11, "MHL": 56.171, "MUS": 44.800000000000004, "FSM": 56.76, "NRU": 56.14, "NCL": 55.582, "MNP": 49.37, "PLW": 40.85112826, "PNG": 56.76, "PRI": 54.6, "KNA": 41.98, "LCA": 57.3, "VCT": 42.985499999999995, "WSM": 57.3, "STP": 63.88, "SYC": 41.98, "SGP": 40.250569303, "SXM": 38.570056412999996, "SLB": 56.787, "SUR": 56.76, "TLS": 56.787, "TON": 56.787, "TTO": 49.37, "TUV": 42.89, "VIR": 56.171, "VUT": 56.76, "AIA": 55.3166627305, "COK": 55.3166627305, "MSR": 55.3166627305, "NIU": 55.3166627305}}, "lowerIntervals": {"2015": {"ASM": 32.81, "ATG": 31.86, "ABW": 32.8, "BHS": 27.66, "VGB": 36.81, "COM": 28.01, "CUB": 25.51, "CUW": 25.51, "DMA": 30.49, "FJI": 28.09, "PYF": 32.8, "GRD": 28.09, "GUM": 28.09, "GNB": 28.01, "GUY": 25.51, "HTI": 28.01, "MDV": 25.51, "MHL": 28.09, "FSM": 28.09, "NRU": 24.32, "NCL": 33.17, "MNP": 31.86, "PLW": 28.09, "PNG": 30.45, "PRI": 28.09, "KNA": 25.51, "LCA": 28.09, "VCT": 32.81, "WSM": 32.57400000000001, "STP": 28.09, "SXM": 28.09, "SLB": 28.01, "TLS": 25.51, "TON": 25.51, "TUV": 28.09, "VIR": 33.17, "VUT": 32.81, "AIA": 38.516307926, "COK": 38.516307926, "MSR": 38.516307926, "NIU": 38.516307926}, "2020": {"ASM": 21.07, "ATG": 37.939, "ABW": 40.64138606, "BHS": 48.549770255, "BRB": 30.27, "BLZ": 48.4, "VGB": 48.1, "CPV": 36.333999999999996, "COM": 50.07, "CUB": 48.1, "CUW": 40.64138606, "DMA": 22.71, "DOM": 48.115657957, "FJI": 48.1, "PYF": 38.45, "GRD": 40.64138606, "GUM": 47.0, "GNB": 30.27, "GUY": 55.52, "HTI": 39.22, "JAM": 40.570316757, "KIR": 30.27, "MDV": 34.89, "MHL": 40.85112826, "MUS": 30.27, "FSM": 40.85112826, "NRU": 47.0, "NCL": 40.570316757, "MNP": 40.23, "PLW": 32.23, "PNG": 48.5576529, "PRI": 40.1795, "KNA": 32.23, "LCA": 47.1670595615, "VCT": 32.23, "WSM": 48.4, "STP": 50.969824103, "SYC": 30.27, "SGP": 33.71, "SXM": 30.27, "SLB": 48.4, "SUR": 47.11, "TLS": 50.07, "TON": 50.07, "TTO": 40.64138606, "TUV": 30.27, "VIR": 46.8625, "VUT": 48.4, "AIA": 40.64138606, "COK": 40.64138606, "MSR": 40.64138606, "NIU": 40.64138606}}, "categoryImportances": {"2015": {"Environment": 0.6301855118153165, "Economic Policy & Debt": 0.2821517168853967, "Financial": 0.0876627712992865}, "2020": {"Economic Policy & Debt": 0.026074528555737567, "Infrastructure": 0.007373634853195963, "Social Protection & Labor": 0.9665518365910665}}, "featureImportances": {"2015": {"wdi2-NY.GDP.MKTP.CN": 0.0972115974709443, "mvi-wdi-BX.KLT.DINV.WD.GD.ZS": 0.0876627712992865, "wdi-AG.LND.TOTL.K2": 0.0600651091900754, "wdi-AG.SRF.TOTL.K2": 0.0592392522437539, "wdi-BX.KLT.DINV.CD.WD": 0.1026190065271913, "wdi-BX.KLT.DINV.WD.GD.ZS": 0.0823211128872611, "wdi-EG.ELC.ACCS.UR.ZS": 0.0324153978215434, "wdi-EG.ELC.ACCS.ZS": 0.0437619743660861, "wdi-EG.ELC.RNEW.ZS": 0.1913594834325868, "wdi-EG.FEC.RNEW.ZS": 0.2433442947612708}, "2020": {"wdi2-NE.DAB.TOTL.CN": 0.003935176265049734, "wdi2-NE.EXP.GNFS.CN": 0.009346836344226511, "wdi-BX.TRF.PWKR.CD.DT": 0.012792515946461318, "wdi-IT.NET.SECR.P6": 0.007373634853195963, "wdi2-SL.EMP.1524.SP.FE.NE.ZS": 0.012769011766477635, "wdi2-SL.EMP.1524.SP.MA.NE.ZS": 0.8920531454682588, "wdi2-SL.EMP.1524.SP.NE.ZS": 0.043210517870594975, "wdi2-SL.EMP.TOTL.SP.FE.NE.ZS": 0.005618572955585671, "wdi2-SL.EMP.TOTL.SP.MA.NE.ZS": 0.007290236831669152, "wdi2-SL.EMP.TOTL.SP.NE.ZS": 0.0056103516984802974}}}