{"data": {"2015": {"ASM": 364221861385.6323, "ATG": 364221861385.6323, "ABW": 364221861385.6323, "BHS": 8406420000.0, "BRB": 364221861385.6323, "BLZ": 2214276916.0, "VGB": 364629647691.1829, "CPV": 119000000000.0, "COM": 364000000000.0, "CUB": 43700000000.0, "CUW": 364221861385.6323, "DMA": 364221861385.6323, "DOM": 1680000000000.0, "FJI": 364221861385.6323, "PYF": 2666724100229.375, "GRD": 364221861385.6323, "GUM": 364221861385.6323, "GNB": 443000000000.0, "GUY": 427538750461.2626, "HTI": 656000000000.0, "JAM": 771000000000.0, "KIR": 283126000.0, "MDV": 36592000000.0, "MHL": 241338700.0, "MUS": 236000000000.0, "FSM": 364221861385.6323, "NRU": 364221861385.6323, "NCL": 17284358448210.482, "MNP": 364221861385.6323, "PLW": 265012200.0, "PNG": 9849032386563.996, "PRI": 11084000000.0, "KNA": 364221861385.6323, "LCA": 364221861385.6323, "VCT": 364221861385.6323, "WSM": 364221861385.6323, "STP": 613227507307.8558, "SYC": 6264383400.0, "SGP": 365498549018.9194, "SXM": 1374080000.0, "SLB": 8575000000.0, "SUR": 364221861385.6323, "TLS": 1865440700.0, "TON": 364221861385.6323, "TTO": 1389064850882.3628, "TUV": 364221861385.6323, "VIR": 3222000000.0, "VUT": 49257000000.0, "AIA": 91688395284845.88, "COK": 91688395284845.88, "MSR": 91688395284845.88, "NIU": 91688395284845.88}, "2020": {"ASM": 28530319541569.54, "ATG": 1824969736051.931, "ABW": 377933828906.35297, "BHS": 4431122060709.148, "BRB": 361729454893.055, "BLZ": 1925427111.0, "VGB": 417368251444.49664, "CPV": 125000000000.0, "COM": 1488951505304.0315, "CUB": 423933798623.3041, "CUW": 423933798623.3041, "DMA": 2845798691196.945, "DOM": 1990000000000.0, "FJI": 26135296879396.637, "PYF": 110005275793650.8, "GRD": 361729454893.055, "GUM": 26043917160617.164, "GNB": 503000000000.0, "GUY": 27612375641627.03, "HTI": 720000000000.0, "JAM": 714000000000.0, "KIR": 361729454893.055, "MDV": 361729454893.055, "MHL": 361729454893.055, "MUS": 225000000000.0, "FSM": 361729454893.055, "NRU": 1513341797275.8267, "NCL": 4579728510801.263, "MNP": 26043917160617.164, "PLW": 361729454893.055, "PNG": 2066823237588.7893, "PRI": 10201400000.0, "KNA": 361729454893.055, "LCA": 58399414096962.55, "VCT": 53289665745314.19, "WSM": 361729454893.055, "STP": 2901185059850.3667, "SYC": 361729454893.055, "SGP": 393552095842.3313, "SXM": 20791994663646.28, "SLB": 11189000000.0, "SUR": 361729454893.055, "TLS": 4553679352759.419, "TON": 361729454893.055, "TTO": 4176610458499.2036, "TUV": 361729454893.055, "VIR": 417368251444.49664, "VUT": 60264000000.0, "AIA": 123833160714285.72, "COK": 123833160714285.72, "MSR": 123833160714285.72, "NIU": 123833160714285.72}}, "upperIntervals": {"2015": {"ASM": 759082636106.5233, "ATG": 759082636106.5233, "ABW": 759082636106.5233, "BRB": 759082636106.5233, "VGB": 759082636106.5233, "CUW": 759082636106.5233, "DMA": 759082636106.5233, "FJI": 759082636106.5233, "PYF": 5039303448275.861, "GRD": 759082636106.5233, "GUM": 759082636106.5233, "GUY": 920339887085.2064, "FSM": 759082636106.5233, "NRU": 759082636106.5233, "NCL": 25800000000000.0, "MNP": 759082636106.5233, "PNG": 17173216666666.664, "KNA": 759082636106.5233, "LCA": 759082636106.5233, "VCT": 759082636106.5233, "WSM": 759082636106.5233, "STP": 2595744274427.0845, "SGP": 759082636106.5233, "SUR": 759082636106.5233, "TON": 759082636106.5233, "TTO": 4256793478260.868, "TUV": 759082636106.5233, "AIA": 139000000000000.0, "COK": 139000000000000.0, "MSR": 139000000000000.0, "NIU": 139000000000000.0}, "2020": {"ASM": 49735000000000.01, "ATG": 3131590909090.9097, "ABW": 898742474487.1443, "BHS": 11194613095238.098, "BRB": 898742474487.1443, "VGB": 898742474487.1443, "COM": 2694596590909.09, "CUB": 898742474487.1443, "CUW": 898742474487.1443, "DMA": 5325937500000.001, "FJI": 46219999999999.984, "PYF": 154000000000000.0, "GRD": 898742474487.1443, "GUM": 28539999999999.977, "GUY": 46219999999999.984, "KIR": 898742474487.1443, "MDV": 898742474487.1443, "MHL": 898742474487.1443, "FSM": 898742474487.1443, "NRU": 2694596590909.09, "NCL": 11194613095238.098, "MNP": 28539999999999.977, "PLW": 898742474487.1443, "PNG": 3497916475972.541, "KNA": 898742474487.1443, "LCA": 114000000000000.0, "VCT": 115999999999999.89, "WSM": 898742474487.1443, "STP": 5419116666666.667, "SYC": 898742474487.1443, "SGP": 898742474487.1443, "SXM": 28100000000000.0, "SUR": 898742474487.1443, "TLS": 11194613095238.098, "TON": 898742474487.1443, "TTO": 10776197916666.668, "TUV": 898742474487.1443, "VIR": 898742474487.1443, "AIA": 154000000000000.0, "COK": 154000000000000.0, "MSR": 154000000000000.0, "NIU": 154000000000000.0}}, "lowerIntervals": {"2015": {"ASM": 85835115234.115, "ATG": 85835115234.115, "ABW": 85835115234.115, "BRB": 85835115234.115, "VGB": 89668929833.54031, "CUW": 85835115234.115, "DMA": 85835115234.115, "FJI": 85835115234.115, "PYF": 496689771017.9404, "GRD": 85835115234.115, "GUM": 85835115234.115, "GUY": 136717873471.01324, "FSM": 85835115234.115, "NRU": 85835115234.115, "NCL": 9604837500000.0, "MNP": 85835115234.115, "PNG": 267120037557.26736, "KNA": 85835115234.115, "LCA": 85835115234.115, "VCT": 85835115234.115, "WSM": 85835115234.115, "STP": 132692024120.8506, "SGP": 91596205067.39523, "SUR": 85835115234.115, "TON": 85835115234.115, "TTO": 142604701377.42508, "TUV": 85835115234.115, "AIA": 55419000000000.0, "COK": 55419000000000.0, "MSR": 55419000000000.0, "NIU": 55419000000000.0}, "2020": {"ASM": 12262357142857.145, "ATG": 364611065629.2128, "ABW": 109257381543.01508, "BHS": 812189298494.5139, "BRB": 88529028813.69257, "VGB": 162930319761.32947, "COM": 273944299800.17075, "CUB": 164800335868.19727, "CUW": 164800335868.19727, "DMA": 812189298494.5139, "FJI": 4551149068322.982, "PYF": 51942142857142.86, "GRD": 88529028813.69257, "GUM": 12088115384615.385, "GUY": 11739555555555.557, "KIR": 88529028813.69257, "MDV": 88529028813.69257, "MHL": 88529028813.69257, "FSM": 88529028813.69257, "NRU": 299228217112.2357, "NCL": 883613757896.8578, "MNP": 12088115384615.385, "PLW": 88529028813.69257, "PNG": 465380637616.09625, "KNA": 88529028813.69257, "LCA": 12088166666666.666, "VCT": 12088166666666.666, "WSM": 88529028813.69257, "STP": 812189298494.5139, "SYC": 88529028813.69257, "SGP": 143795070246.516, "SXM": 2988704808096.805, "SUR": 88529028813.69257, "TLS": 840432330189.9327, "TON": 88529028813.69257, "TTO": 812189298494.5139, "TUV": 88529028813.69257, "VIR": 162930319761.32947, "AIA": 52666428571428.58, "COK": 52666428571428.58, "MSR": 52666428571428.58, "NIU": 52666428571428.58}}, "categoryImportances": {"2015": {"Environment": 0.0327265838486923, "Public Sector": 0.0021415528273262, "Economic Policy & Debt": 0.9651318633239812}, "2020": {"Economic Policy & Debt": 0.9665624581732494, "Financial Sector": 0.03343754182675066}}, "featureImportances": {"2015": {"wdi2-NY.GDP.MKTP.CN": 0.4314380965554912, "wdi-AG.LND.TOTL.K2": 0.008944583790324, "wdi-AG.SRF.TOTL.K2": 0.0055756724740188, "wdi-EG.ELC.ACCS.UR.ZS": 0.0059137202507621, "wdi-EG.ELC.ACCS.ZS": 0.0071044962758926, "wdi-EG.ELC.RNEW.ZS": 0.0031426590694347, "wdi-EN.POP.DNST": 0.0020454519882601, "wdi-IQ.SPI.PIL1": 0.0021415528273262, "wdi2-NE.CON.TOTL.CD": 0.0083887180448404, "wdi2-NE.CON.TOTL.CN": 0.5253050487236496}, "2020": {"wdi2-NE.DAB.TOTL.CN": 0.32586554645712645, "wdi2-NY.GDY.TOTL.KN": 0.17911552421607368, "wdi2-NE.CON.TOTL.KD.ZG": 0.005084711751020685, "wdi2-NY.GDP.DEFL.KD.ZG": 0.01366666919943346, "wdi2-NY.GDP.DEFL.KD.ZG.AD": 0.011221174425685604, "wdi2-NY.GDP.DEFL.ZS": 0.003749416959706825, "wdi2-NY.GDP.DEFL.ZS.AD": 0.004800281241924772, "wdi2-NY.GDP.MKTP.CD": 0.011810971313724963, "wdi2-NY.GDP.MKTP.CN": 0.2060322342004483, "wdi2-NY.GDP.MKTP.CN.AD": 0.2386534702348553}}}