{"data": {"2015": {"ASM": 56738816.40282976, "ATG": 86843077.997425, "ABW": 295450149.0363364, "BHS": 16000000.0, "BRB": 87070049.65042107, "BLZ": 37260222.54127139, "VGB": 102017348.23180012, "CPV": 72996986.62413849, "COM": 81905819.88522457, "CUB": 91489187.70586763, "CUW": 280654647.34840906, "DMA": 48707007.06427805, "DOM": 1000000.0, "FJI": 33518834.486593176, "PYF": 63245876.28678079, "GRD": 53062374.06821909, "GUM": 59258038.69520103, "GNB": 43996817.49994354, "GUY": 62777404.78642289, "HTI": 59190287.21557813, "JAM": 2000000.0, "KIR": 207634816.6120081, "MDV": 251793082.7203708, "MHL": 51893086.94945673, "MUS": 82256594.82200076, "FSM": 52445698.300623536, "NRU": 418888737.34341615, "NCL": 78153412.88647783, "MNP": 68896270.43421252, "PLW": 63012475.133478746, "PNG": 63143975.7661564, "PRI": 50296131.53408356, "KNA": 55846403.89327156, "LCA": 65446312.263035215, "VCT": 52177627.59110382, "WSM": 48996028.04638356, "STP": 43738244.82732707, "SYC": 70856125.69909808, "SGP": 147000000.0, "SXM": 100506700.48927648, "SLB": 43488365.82066544, "SUR": 3000000.0, "TLS": 38825445.280781485, "TON": 5000000.0, "TTO": 46000000.0, "TUV": 68633416.13726494, "VIR": 57094983.92869629, "VUT": 40317564.3917034, "AIA": 1142550487.5879688, "COK": 1142550487.5879688, "MSR": 1142550487.5879688, "NIU": 1142550487.5879688}}, "upperIntervals": {"2015": {"ASM": 166607025.7668711, "ATG": 209849211.22994623, "ABW": 1224116666.6666665, "BRB": 217032201.95029864, "BLZ": 82219038.6805923, "VGB": 225325210.0840322, "CPV": 178579736.87597016, "COM": 197534817.3628173, "CUB": 210790470.64305672, "CUW": 1069766071.4285694, "DMA": 138048754.78754148, "FJI": 76631479.77858977, "PYF": 175811443.56047487, "GRD": 160455149.05149055, "GUM": 171840106.3903044, "GNB": 117608261.80237116, "GUY": 166635898.00796804, "HTI": 156041366.07040742, "KIR": 687948863.6363628, "MDV": 765456666.6666664, "MHL": 160319461.48602593, "MUS": 183209287.57319456, "FSM": 160947209.75609732, "NRU": 1436000000.0, "NCL": 219537783.78378364, "MNP": 202464709.2503324, "PLW": 178305673.7021637, "PNG": 145835115.04373676, "PRI": 147542926.8292678, "KNA": 149458434.1404307, "LCA": 176810734.4632768, "VCT": 147000000.0, "WSM": 137759469.35417527, "STP": 97339511.10860772, "SYC": 178305673.7021637, "SXM": 266186783.04239377, "SLB": 100164746.69198728, "TLS": 97339511.10860772, "TUV": 173526623.7775362, "VIR": 149458434.1404307, "VUT": 111385586.0113422, "AIA": 2284305714.285712, "COK": 2284305714.285712, "MSR": 2284305714.285712, "NIU": 2284305714.285712}}, "lowerIntervals": {"2015": {"ASM": 8010806.909849147, "ATG": 10046965.473978432, "ABW": 16625448.502473846, "BRB": 10046965.473978432, "BLZ": 5786728.474547171, "VGB": 12828132.724117534, "CPV": 7816869.968791624, "COM": 9005382.285527179, "CUB": 12348336.02137508, "CUW": 11682857.142857146, "DMA": 5967966.343397436, "FJI": 5587024.296304644, "PYF": 9075324.340202829, "GRD": 7677597.848435442, "GUM": 8956027.580071181, "GNB": 7816869.968791624, "GUY": 9098560.178492635, "HTI": 8015689.20691855, "KIR": 5788175.570134332, "MDV": 21117224.03337191, "MHL": 7170564.90282482, "MUS": 9075324.340202829, "FSM": 7170564.90282482, "NRU": 17000000.0, "NCL": 9098560.178492635, "MNP": 9864653.326875765, "PLW": 9003076.53226502, "PNG": 9098560.178492635, "PRI": 9765189.524598984, "KNA": 7722348.30902052, "LCA": 7722348.30902052, "VCT": 6726982.14962611, "WSM": 5979383.262120348, "STP": 5470877.21970156, "SYC": 9765189.524598984, "SXM": 10763329.74653276, "SLB": 6726982.14962611, "TLS": 6398806.891349393, "TUV": 7448215.565442825, "VIR": 8759421.61679804, "VUT": 7173971.794550679, "AIA": 412882620.3208555, "COK": 412882620.3208555, "MSR": 412882620.3208555, "NIU": 412882620.3208555}}, "categoryImportances": {"2015": {"Environment": 0.9133130550188856, "Economic Policy & Debt": 0.0866869449811141}}, "featureImportances": {"2015": {"wdi2-NY.GDP.MKTP.CN": 0.0866869449811141, "wdi-AG.LND.AGRI.K2": 0.5376782841729741, "wdi-AG.LND.AGRI.ZS": 0.0075742587958274, "wdi-AG.LND.FRST.K2": 0.0837388207557391, "wdi-AG.LND.FRST.ZS": 0.0139928271477863, "wdi-AG.LND.TOTL.K2": 0.1077354073271874, "wdi-AG.SRF.TOTL.K2": 0.1086258386450894, "wdi-EG.ELC.ACCS.UR.ZS": 0.0139014959932338, "wdi-EG.ELC.ACCS.ZS": 0.0138229470590205, "wdi-EG.ELC.RNEW.ZS": 0.0262431751220277}}}