{"data": {"2015": {"ASM": 140780907744.46182, "ATG": 140780907744.46182, "ABW": 140780907744.46182, "BHS": 2788800000.0, "BRB": 140780907744.46182, "BLZ": 551196595.2, "VGB": 140780907744.46182, "CPV": 43003856600.0, "COM": 93256624600.0, "CUB": 7973000000.0, "CUW": 140780907744.46182, "DMA": 140780907744.46182, "DOM": 527000000000.0, "FJI": 140780907744.46182, "PYF": 140780907744.46182, "GRD": 140780907744.46182, "GUM": 140780907744.46182, "GNB": 50887420800.0, "GUY": 145760328370.21793, "HTI": 102000000000.0, "JAM": 183000000000.0, "KIR": 76389000.0, "MDV": 18037000000.0, "MHL": 32280800.0, "MUS": 51932998500.0, "FSM": 140780907744.46182, "NRU": 140780907744.46182, "NCL": 5492490815382.392, "MNP": 140780907744.46182, "PLW": 70904600.0, "PNG": 2070668714107.236, "PRI": 1354100000.0, "KNA": 140780907744.46182, "LCA": 140780907744.46182, "VCT": 140780907744.46182, "WSM": 140780907744.46182, "STP": 150697207466.41943, "SYC": 3770000000.0, "SGP": 140780907744.46182, "SXM": 234403000.0, "SLB": 1249000000.0, "SUR": 140780907744.46182, "TLS": 587382700.0, "TON": 140780907744.46182, "TTO": 177846292337.4065, "TUV": 140780907744.46182, "VIR": 140780907744.46182, "VUT": 24170000000.0, "AIA": 32554924649239.65, "COK": 32554924649239.65, "MSR": 32554924649239.65, "NIU": 32554924649239.65}, "2020": {"ASM": 5605180000000.001, "ATG": 619816564171.0004, "ABW": 49660844759.64493, "BHS": 1791487166666.6665, "BRB": 105863301177.6389, "BLZ": 468771721.9, "VGB": 122112097546.5879, "CPV": 68691245400.0, "COM": 433333118911.34216, "CUB": 192589149726.32605, "CUW": 259578975914.44196, "DMA": 65216201881.356415, "DOM": 680000000000.0, "FJI": 6872616666666.668, "PYF": 36151000000000.0, "GRD": 20802025321.839954, "GUM": 5366067142857.144, "GNB": 95951595900.0, "GUY": 77221358001.58534, "HTI": 110000000000.0, "JAM": 183000000000.0, "KIR": 68609237891.23407, "MDV": 72485439608.25255, "MHL": 35726754499.148674, "MUS": 49598073700.0, "FSM": 48273942175.37105, "NRU": 54295072750.20267, "NCL": 1786706666666.6663, "MNP": 5658933809523.81, "PLW": 54295072750.20267, "PNG": 690323316748.86, "PRI": 1639500000.0, "KNA": 16099024743.269165, "LCA": 35989100000000.0, "VCT": 35373100000000.0, "WSM": 41355848516.97954, "STP": 1137242880952.3809, "SYC": 10239271256.482922, "SGP": 101531141475.1077, "SXM": 4840592142857.144, "SLB": 640000000.0, "SUR": 102972918466.55414, "TLS": 1249611512759.1707, "TON": 6126525699.929569, "TTO": 1740376214285.7139, "TUV": 56255054913.354645, "VIR": 166897771628.32153, "VUT": 27798000000.0, "AIA": 36739000000000.0, "COK": 36739000000000.0, "MSR": 36739000000000.0, "NIU": 36739000000000.0}}, "upperIntervals": {"2015": {"ASM": 267934397455.7508, "ATG": 267934397455.7508, "ABW": 267934397455.7508, "BRB": 267934397455.7508, "VGB": 267934397455.7508, "CUW": 267934397455.7508, "DMA": 267934397455.7508, "FJI": 267934397455.7508, "PYF": 267934397455.7508, "GRD": 267934397455.7508, "GUM": 267934397455.7508, "GUY": 277119687359.40814, "FSM": 267934397455.7508, "NRU": 267934397455.7508, "NCL": 12500000000000.0, "MNP": 267934397455.7508, "PNG": 6133656249999.999, "KNA": 267934397455.7508, "LCA": 267934397455.7508, "VCT": 267934397455.7508, "WSM": 267934397455.7508, "STP": 288548911062.684, "SGP": 267934397455.7508, "SUR": 267934397455.7508, "TON": 267934397455.7508, "TTO": 367858369101.5666, "TUV": 267934397455.7508, "VIR": 267934397455.7508, "AIA": 39080000000000.0, "COK": 39080000000000.0, "MSR": 39080000000000.0, "NIU": 39080000000000.0}, "2020": {"ASM": 11100000000000.0, "ATG": 911045833333.3333, "ABW": 74390749115.24332, "BHS": 2810000000000.0, "BRB": 153000000000.0, "VGB": 212219856459.33014, "COM": 916783333333.3333, "CUB": 320000000000.0, "CUW": 379000000000.0, "DMA": 110099954214.15384, "FJI": 10500000000000.0, "PYF": 44900000000000.0, "GRD": 35304314708.3685, "GUM": 11100000000000.0, "GUY": 124499999999.99992, "KIR": 110551968285.42969, "MDV": 108469371601.46883, "MHL": 89955539649.57697, "FSM": 88908717427.0, "NRU": 123000000000.0, "NCL": 2810000000000.0, "MNP": 11100000000000.0, "PLW": 123000000000.0, "PNG": 919000000000.0, "KNA": 29114861079.596542, "LCA": 44900000000000.0, "VCT": 44900000000000.0, "WSM": 71951243997.74373, "STP": 1720000000000.0, "SYC": 32648928875.533325, "SGP": 126783333333.33333, "SXM": 10529999999999.998, "SUR": 138749999999.99997, "TLS": 2300000000000.0, "TON": 18779632093.889557, "TTO": 2394714285714.2847, "TUV": 97027355154.7599, "VIR": 215077486981.4185, "AIA": 44000000000000.0, "COK": 44000000000000.0, "MSR": 44000000000000.0, "NIU": 44000000000000.0}}, "lowerIntervals": {"2015": {"ASM": 32618972733.90678, "ATG": 32618972733.90678, "ABW": 32618972733.90678, "BRB": 32618972733.90678, "VGB": 32618972733.90678, "CUW": 32618972733.90678, "DMA": 32618972733.90678, "FJI": 32618972733.90678, "PYF": 32618972733.90678, "GRD": 32618972733.90678, "GUM": 32618972733.90678, "GUY": 40803832466.62702, "FSM": 32618972733.90678, "NRU": 32618972733.90678, "NCL": 3195935265700.482, "MNP": 32618972733.90678, "PNG": 43626375086.48496, "KNA": 32618972733.90678, "LCA": 32618972733.90678, "VCT": 32618972733.90678, "WSM": 32618972733.90678, "STP": 35849647779.34329, "SGP": 32618972733.90678, "SUR": 32618972733.90678, "TON": 32618972733.90678, "TTO": 36876380919.52615, "TUV": 32618972733.90678, "VIR": 32618972733.90678, "AIA": 13899999999999.998, "COK": 13899999999999.998, "MSR": 13899999999999.998, "NIU": 13899999999999.998}, "2020": {"ASM": 2030000000000.0, "ATG": 230000000000.0, "ABW": 21452694662.86607, "BHS": 943000000000.0001, "BRB": 70350526458.67023, "VGB": 68273047881.0, "COM": 183000000000.0, "CUB": 96802322635.57802, "CUW": 175087500000.0, "DMA": 21635438507.942524, "FJI": 2810000000000.0, "PYF": 21000000000000.0, "GRD": 4264375870.5205493, "GUM": 2030000000000.0, "GUY": 36158097782.20148, "KIR": 21635438507.942524, "MDV": 21635438507.942524, "MHL": 9095551551.51113, "FSM": 19143203104.8625, "NRU": 1053589418.8160764, "NCL": 1097000000000.0, "MNP": 2030000000000.0, "PLW": 1053589418.8160764, "PNG": 412022500000.00006, "KNA": 1696994644.8624983, "LCA": 20840000000000.0, "VCT": 20840000000000.0, "WSM": 16933558798.4106, "STP": 914283333333.3333, "SYC": 565369584.9880605, "SGP": 68273047881.0, "SXM": 2030000000000.0, "SUR": 74289504706.08073, "TLS": 909583333333.3334, "TON": 983850370.2170508, "TTO": 979574999999.9999, "TUV": 20780151569.220566, "VIR": 100393965380.3945, "AIA": 25400000000000.0, "COK": 25400000000000.0, "MSR": 25400000000000.0, "NIU": 25400000000000.0}}, "categoryImportances": {"2015": {"Environment": 0.0255518419796378, "Public Sector": 0.0048445438142517, "Economic Policy & Debt": 0.9696036142061102}, "2020": {"Economic Policy & Debt": 0.9820688574956287, "Financial Sector": 0.017931142504371316}}, "featureImportances": {"2015": {"wdi2-NY.GDP.MKTP.CN": 0.4618235867105423, "wdi-AG.LND.TOTL.K2": 0.0033752399230663, "wdi-AG.SRF.TOTL.K2": 0.0033904128670444, "wdi-EG.ELC.ACCS.UR.ZS": 0.0025448525283365, "wdi-EG.ELC.ACCS.ZS": 0.0056897494914673, "wdi-EG.ELC.RNEW.ZS": 0.0037744865480818, "wdi-EN.POP.DNST": 0.0067771006216415, "wdi-IQ.SPI.PIL1": 0.0048445438142517, "wdi2-NE.CON.TOTL.CD": 0.0057450430105743, "wdi2-NE.CON.TOTL.CN": 0.5020349844849935}, "2020": {"wdi2-NE.DAB.TOTL.CN": 0.33429916818413974, "wdi2-NY.GDY.TOTL.KN": 0.25915526920447773, "wdi2-NE.GDI.TOTL.KD.ZG": 0.012266389423747222, "wdi2-NY.GDP.DEFL.KD.ZG": 0.003055138662973133, "wdi2-NY.GDP.DEFL.KD.ZG.AD": 0.00032123897198206325, "wdi2-NY.GDP.DEFL.ZS": 0.007854215375821755, "wdi2-NY.GDP.DEFL.ZS.AD": 0.006700549493594365, "wdi2-NY.GDP.MKTP.CN": 0.17349143264683042, "wdi2-NY.GDP.MKTP.CN.AD": 0.19432645924323422, "wdi2-NY.GDP.MKTP.KD": 0.00853013879319935}}}