{"data": {"2015": {"ASM": 23000000.0, "ATG": 172925758.8079651, "ABW": 30243290.53814869, "BHS": 123100000.0, "BRB": 9500000.0, "BLZ": 18186228.82, "VGB": -18645359.004192844, "CPV": 1495611866.9908, "COM": 1368939.986, "CUB": 650000000.0, "CUW": 216964117.71049407, "DMA": 117385144.105623, "DOM": 132634485.1, "FJI": 114522215.9, "PYF": 253646015.42807847, "GRD": 173622939.26866305, "GUM": 295941904.7653987, "GNB": -14250786.48, "GUY": 639022145.3727193, "HTI": 4134436649.2643256, "JAM": 19466563.16, "KIR": -1543835.925, "MDV": 21345411.71, "MHL": -1414100.0, "MUS": 85547127.94, "FSM": 107917985.91998866, "NRU": 106867930.544128, "NCL": 824095630.106055, "MNP": 33921706.74772756, "PLW": -5276800.0, "PNG": 3031345118.387413, "PRI": 84500000.0, "KNA": 213037104.2870752, "LCA": 193935311.0129692, "VCT": 3411370.37, "WSM": 266077935.81812423, "STP": 3168893790.2355924, "SYC": 16373864.91, "SGP": -5756837358.0, "SXM": 81784803.37294027, "SLB": 2607462634.689231, "SUR": 370296868.3934903, "TLS": 20761200.0, "TON": 55978386.55286863, "TTO": -3529908223.5915446, "TUV": 103446073.79801624, "VIR": 223172141.1359548, "VUT": 6239150.301, "AIA": 4991528278.061113, "COK": 4991528278.061113, "MSR": 4991528278.061113, "NIU": 4991528278.061113}, "2020": {"ASM": -2569352646.8505325, "ATG": 204248274.30913186, "ABW": 4014964423.908682, "BHS": -1000455069.701478, "BRB": 196368680.62525308, "BLZ": 254271055.03181553, "VGB": 3866016742.552575, "CPV": 2110223093.221488, "COM": 1998585281.9302778, "CUB": 5605866421.202623, "CUW": 4458537708.057452, "DMA": -3877263671.3779936, "DOM": -1548515693.0, "FJI": -2736409334.746123, "PYF": -3917202393.840533, "GRD": 578794128.7888786, "GUM": -4741161500.922295, "GNB": -108560666.9, "GUY": -6477231240.764919, "HTI": 4882056939.293855, "JAM": 24281313.31, "KIR": 1827357204.0615945, "MDV": -350501647.6046634, "MHL": 944005280.9598919, "MUS": 58581439.64, "FSM": -3759071486.055339, "NRU": -164329078.0696723, "NCL": -2279482549.888049, "MNP": -4830587034.0422945, "PLW": 2136814276.1583698, "PNG": 760111573.0773406, "PRI": -5000000.0, "KNA": 398955222.4847, "LCA": -14362936.600488668, "VCT": -958138741.5030785, "WSM": 130988373.77737755, "STP": 484956238.09111005, "SYC": 187500000.0, "SGP": 3888019135.0, "SXM": 2937745188.301062, "SLB": 1270942147.769517, "SUR": 4379499516.836575, "TLS": 1180668338.6255417, "TON": -131400220.02300328, "TTO": -989902808.2546217, "TUV": 1658005866.5616848, "VIR": 7668759952.887588, "VUT": 4472178.887, "AIA": 6059018751.098442, "COK": 6059018751.098442, "MSR": 6059018751.098442, "NIU": 6059018751.098442}}, "upperIntervals": {"2015": {"ATG": 649060426.3471699, "ABW": 102849888.1741975, "VGB": 23000000.0, "CPV": 4846097234.0, "CUW": 642886085.2, "DMA": 642886085.2, "PYF": 672690738.19425, "GRD": 647815649.4867839, "GUM": 759379072.136861, "GUY": 2144758180.9649985, "HTI": 11733926518.000002, "FSM": 452952127.7, "NRU": 452952127.7, "NCL": 4233673886.0, "MNP": 123635443.92890944, "PNG": 11733926518.000002, "KNA": 642886085.2, "LCA": 642886085.2, "WSM": 661820891.1612499, "STP": 8097821702.0, "SXM": 452952127.7, "SLB": 8956685191.0, "SUR": 1004223111.9666644, "TON": 170503133.42541665, "TTO": 1855508.236687041, "TUV": 241327489.0, "VIR": 652548997.3435801, "AIA": 7760928536.599857, "COK": 7760928536.599857, "MSR": 7760928536.599857, "NIU": 7760928536.599857}, "2020": {"ASM": -346049720.3, "ATG": 787407795.8, "ABW": 14248355869.749952, "BHS": -8834292.633729862, "BRB": 792618327.7149997, "BLZ": 787407795.8, "VGB": 6342752540.0, "CPV": 13400938136.0, "COM": 6342752540.0, "CUB": 25604094114.0, "CUW": 13400938136.0, "DMA": -9044695.248, "FJI": -64375521.06950005, "PYF": -360397365.88356006, "GRD": 1148300197.7999978, "GUM": -417126139.5125001, "GUY": -316037065.69841063, "HTI": 32920682342.0, "KIR": 4950401469.724999, "MDV": 606093046.7299995, "MHL": 2959475550.0, "FSM": -42957261.5399001, "NRU": 895925561.5999999, "NCL": -11386801.793299507, "MNP": -417126139.5125001, "PLW": 5775411451.299998, "PNG": 1109366340.0, "KNA": 1063384577.0, "LCA": 1684911579.0, "VCT": -9044695.248, "WSM": 336551970.49999994, "STP": 1109366340.0, "SXM": 6387093362.499997, "SLB": 3039648168.1499953, "SUR": 32920682342.0, "TLS": 3005902729.249997, "TON": 32720436.414490163, "TTO": -1168111.455, "TUV": 4586488475.0, "VIR": 30477862287.54999, "AIA": 25813012077.0, "COK": 25813012077.0, "MSR": 25813012077.0, "NIU": 25813012077.0}}, "lowerIntervals": {"2015": {"ATG": 146143.494735417, "ABW": -1417244.5275181816, "VGB": -74015719.2, "CPV": 12449617.43, "CUW": 1368939.986, "DMA": 1368939.986, "PYF": 3404550.837148139, "GRD": 146143.494735417, "GUM": 2539497.8083701334, "GUY": 6239150.301, "HTI": 85547127.94, "FSM": -1543835.925, "NRU": -74015719.2, "NCL": 5029842.314360521, "MNP": -1079269.792041491, "PNG": 22479257.51, "KNA": 1368939.986, "LCA": 2294585.190791668, "WSM": 7667539.062978013, "STP": 68991678.74100009, "SXM": -74015719.2, "SLB": 26890536.93, "SUR": 1773010.9675308638, "TON": 1561270.9411794825, "TTO": -9292870538.0, "TUV": -2846691.2523926934, "VIR": 1368939.986, "AIA": 315201813.5, "COK": 315201813.5, "MSR": 315201813.5, "NIU": 315201813.5}, "2020": {"ASM": -10250641101.5, "ATG": 30311702.444871206, "ABW": 195891279.943229, "BHS": -4261226375.0, "BRB": 4455539.354840351, "BLZ": 32298940.02875717, "VGB": 319831918.4040923, "CPV": 83219445.8747, "COM": 241636511.85900006, "CUB": 737027177.0272224, "CUW": 83246951.13, "DMA": -14100254082.0, "FJI": -14100254082.0, "PYF": -14100254082.0, "GRD": 43503814.682040334, "GUM": -14100254082.0, "GUY": -14100254082.0, "HTI": 81906160.7818, "KIR": 81703362.89300753, "MDV": -683096093.9, "MHL": 24335199.26, "FSM": -10048029892.0, "NRU": -341175079.7033334, "NCL": -10048029892.0, "MNP": -14100254082.0, "PLW": 29525230.068704173, "PNG": 83083313.0305, "KNA": -683096093.9, "LCA": -683096093.9, "VCT": -1896963626.0, "WSM": -1572108.4714492057, "STP": 24197377.485833336, "SXM": 29114459.043704174, "SLB": 20849059.715733234, "SUR": 29496404.03186207, "TLS": 66883141.18000001, "TON": -350489123.7083333, "TTO": -4261226375.0, "TUV": 91071490.48521411, "VIR": 611624080.472, "AIA": 252789767.0, "COK": 252789767.0, "MSR": 252789767.0, "NIU": 252789767.0}}, "categoryImportances": {"2015": {"Environment": 0.6280739883325284, "Public Sector": 0.0159953889551367, "Economic Policy & Debt": 0.31280559885210624, "Financial Sector": 0.0431250238602282}, "2020": {"Economic Policy & Debt": 0.886851980054955, "Financial Sector": 0.11314801994504504}}, "featureImportances": {"2015": {"wdi2-NY.GDP.MKTP.CN": 0.0338618794366952, "wdi-AG.LND.TOTL.K2": 0.403802131141478, "wdi-AG.SRF.TOTL.K2": 0.1663056234493641, "wdi-EG.ELC.RNEW.ZS": 0.0165437292585917, "wdi-EN.POP.DNST": 0.0414225044830946, "wdi-IQ.SPI.PIL1": 0.0159953889551367, "wdi2-NE.GDI.STKB.CN": 0.1397446440169657, "wdi2-NY.ADJ.DMIN.CD": 0.1391990753984453, "wdi2-NY.GDP.DEFL.KD.ZG": 0.0211058522816788, "wdi2-NY.GDP.DEFL.KD.ZG.AD": 0.0220191715785494}, "2020": {"wdi2-NE.DAB.TOTL.CN": 0.03128182121492048, "wdi2-NY.GDY.TOTL.KN": 0.021818943879530074, "wdi2-NE.CON.TOTL.CD": 0.5146362295821744, "wdi2-NE.CON.TOTL.CN": 0.016480028832023142, "wdi2-NE.CON.TOTL.ZS": 0.04501323014560085, "wdi2-NE.GDI.STKB.CN": 0.257621726400706, "wdi2-NY.GDP.DEFL.KD.ZG": 0.04135668872602929, "wdi2-NY.GDP.DEFL.KD.ZG.AD": 0.04230433631405468, "wdi2-NY.GDP.DEFL.ZS": 0.01258524762897762, "wdi2-NY.GDP.DEFL.ZS.AD": 0.016901747275983467}}}