{"data": {"2015": {"ASM": 40.60049787655497, "ATG": 41.14217707883884, "ABW": 34.92400044687193, "BHS": 24.02169012623172, "BRB": 37.98, "BLZ": 33.01, "VGB": 47.094277420712864, "CPV": 41.44, "COM": 30.75393346262737, "CUB": 29.088476070417624, "CUW": 35.94719163826349, "DMA": 30.34733002543792, "DOM": 31.78, "FJI": 32.801089922051176, "PYF": 39.9629012770951, "GRD": 38.91631060961594, "GUM": 43.0557572899224, "GNB": 45.44543943098408, "GUY": 27.73793646842854, "HTI": 41.24672565913031, "JAM": 29.25, "KIR": 17.42, "MDV": 42.59269012354493, "MHL": 25.67497271008755, "MUS": 39.41, "FSM": 37.6957675143722, "NRU": 24.132153030773264, "NCL": 38.31799290743688, "MNP": 42.2939521515759, "PLW": 36.761374000336, "PNG": 37.09579794574722, "PRI": 44.614849320039816, "KNA": 43.88791205561081, "LCA": 34.30893193159097, "VCT": 38.65559387322848, "WSM": 33.10150087483131, "STP": 38.53770901483058, "SYC": 51.86, "SGP": 39.79, "SXM": 33.86873344184847, "SLB": 35.57891773198889, "SUR": 21.69, "TLS": 21.296164630508567, "TON": 30.14417173381299, "TTO": 35.91, "TUV": 29.913338368922936, "VIR": 45.03224651048654, "VUT": 35.41307435692258, "AIA": 41.17191201598842, "COK": 41.17191201598842, "MSR": 41.17191201598842, "NIU": 41.17191201598842}, "2020": {"ASM": 27.680194982149988, "ATG": 33.00538828939999, "ABW": 37.51316672440001, "BHS": 38.85601828809999, "BRB": 30.792047312699996, "BLZ": 36.580103680099995, "VGB": 52.5757960842, "CPV": 32.23516822379997, "COM": 35.6902028835, "CUB": 51.31800958830001, "CUW": 36.8964928439, "DMA": 20.230199999999975, "DOM": 36.07169473020003, "FJI": 35.685706569400026, "PYF": 30.98929261119999, "GRD": 35.74266389880001, "GUM": 35.181957554175, "GNB": 22.85029999999998, "GUY": 51.202512279700024, "HTI": 27.86590618003332, "JAM": 34.50280131019999, "KIR": 30.76767815779998, "MDV": 32.184725079499984, "MHL": 37.9980922567, "MUS": 31.80250605619999, "FSM": 36.25908432769999, "NRU": 41.492592534, "NCL": 35.10482843349998, "MNP": 36.794122026000004, "PLW": 33.61718379819999, "PNG": 36.42639147309997, "PRI": 41.8463973076, "KNA": 31.640558983800002, "LCA": 37.92868076719999, "VCT": 31.64026196339999, "WSM": 37.011807669199996, "STP": 44.3851336475, "SYC": 27.144054120599986, "SGP": 35.537418281499995, "SXM": 32.184497025499994, "SLB": 35.663141686900005, "SUR": 37.11299986879999, "TLS": 35.6902028835, "TON": 38.153830972199984, "TTO": 35.35888706250003, "TUV": 29.968537284899977, "VIR": 46.568320776400014, "VUT": 35.08502107989998, "AIA": 37.086544801099976, "COK": 37.086544801099976, "MSR": 37.086544801099976, "NIU": 37.086544801099976}}, "upperIntervals": {"2015": {"ASM": 58.97999999999999, "ATG": 58.97999999999999, "ABW": 49.42, "BHS": 38.89, "VGB": 58.97999999999999, "COM": 49.21, "CUB": 53.79, "CUW": 51.86, "DMA": 49.21, "FJI": 51.86, "PYF": 68.36549999999995, "GRD": 52.01, "GUM": 58.97999999999999, "GNB": 72.92, "GUY": 52.01, "HTI": 72.92, "MDV": 53.3, "MHL": 49.2205, "FSM": 58.97999999999999, "NRU": 49.21, "NCL": 69.42, "MNP": 58.97999999999999, "PLW": 58.97999999999999, "PNG": 59.02, "PRI": 69.42, "KNA": 58.97999999999999, "LCA": 51.86, "VCT": 51.86, "WSM": 41.44, "STP": 69.49, "SXM": 51.86, "SLB": 72.92, "TLS": 47.97, "TON": 51.86, "TUV": 49.54199999999989, "VIR": 58.97999999999999, "VUT": 55.56, "AIA": 69.42, "COK": 69.42, "MSR": 69.42, "NIU": 69.42}, "2020": {"ASM": 36.99, "ATG": 38.78, "ABW": 43.52, "BHS": 43.52, "BRB": 38.78, "BLZ": 43.52, "VGB": 55.69, "CPV": 38.78, "COM": 43.52, "CUB": 54.060201555499994, "CUW": 43.52, "DMA": 27.63, "DOM": 43.52, "FJI": 43.5415, "PYF": 36.99, "GRD": 38.783, "GUM": 43.47, "GNB": 31.11199999999999, "GUY": 61.800000000000004, "HTI": 36.99, "JAM": 43.52, "KIR": 38.2005, "MDV": 38.78, "MHL": 43.52, "MUS": 38.78, "FSM": 43.52, "NRU": 45.269999999999996, "NCL": 43.52, "MNP": 43.52, "PLW": 43.47, "PNG": 43.52, "PRI": 46.278402639999996, "KNA": 38.78, "LCA": 43.52, "VCT": 38.78, "WSM": 43.52, "STP": 46.53248250799999, "SYC": 36.99, "SGP": 37.14, "SXM": 38.78, "SLB": 43.52, "SUR": 43.52, "TLS": 43.52, "TON": 43.52, "TTO": 41.163897590999994, "TUV": 37.976117074499996, "VIR": 53.97442269, "VUT": 43.47, "AIA": 43.52, "COK": 43.52, "MSR": 43.52, "NIU": 43.52}}, "lowerIntervals": {"2015": {"ASM": 11.41, "ATG": 11.41, "ABW": 17.42, "BHS": 10.38, "VGB": 34.13, "COM": 10.38, "CUB": 11.41, "CUW": 11.41, "DMA": 11.41, "FJI": 17.326000000000008, "PYF": 22.64, "GRD": 11.41, "GUM": 15.54, "GNB": 17.47, "GUY": 10.38, "HTI": 20.65, "MDV": 10.38, "MHL": 10.38, "FSM": 11.41, "NRU": 8.8, "NCL": 22.09466666666667, "MNP": 15.54, "PLW": 11.41, "PNG": 20.65, "PRI": 15.293905402500002, "KNA": 11.41, "LCA": 11.41, "VCT": 11.41, "WSM": 11.41, "STP": 17.42, "SXM": 10.38, "SLB": 11.41, "TLS": 10.38, "TON": 10.38, "TUV": 10.38, "VIR": 26.98, "VUT": 18.637666666666664, "AIA": 30.08, "COK": 30.08, "MSR": 30.08, "NIU": 30.08}, "2020": {"ASM": 21.1, "ATG": 24.28, "ABW": 31.501, "BHS": 32.70382795, "BRB": 22.09, "BLZ": 27.45, "VGB": 49.1, "CPV": 23.572999999999997, "COM": 27.22390789, "CUB": 49.1, "CUW": 31.53, "DMA": 8.81, "DOM": 28.63, "FJI": 28.630000000000003, "PYF": 23.62, "GRD": 29.97, "GUM": 28.630000000000003, "GNB": 15.37, "GUY": 45.269999999999996, "HTI": 18.78, "JAM": 27.45, "KIR": 22.09, "MDV": 23.619999999999997, "MHL": 29.97, "MUS": 24.247, "FSM": 27.45, "NRU": 33.18, "NCL": 27.22390789, "MNP": 31.53, "PLW": 25.33, "PNG": 26.8025, "PRI": 33.1735, "KNA": 25.33, "LCA": 28.630000000000003, "VCT": 23.619999999999997, "WSM": 28.630000000000003, "STP": 41.06252378, "SYC": 20.99, "SGP": 31.501, "SXM": 24.28, "SLB": 28.570999999999998, "SUR": 29.2655, "TLS": 27.22390789, "TON": 28.570999999999998, "TTO": 28.630000000000003, "TUV": 20.99, "VIR": 41.06252378, "VUT": 27.22390789, "AIA": 32.70382795, "COK": 32.70382795, "MSR": 32.70382795, "NIU": 32.70382795}}, "categoryImportances": {"2015": {"Environment": 0.5396795814539344, "Economic Policy & Debt": 0.3491431315931241, "Financial": 0.1111772869529412}, "2020": {"Economic Policy & Debt": 0.021167757150682077, "Infrastructure": 0.00895380421908247, "Social Protection & Labor": 0.9698784386302355}}, "featureImportances": {"2015": {"wdi2-NY.GDP.MKTP.CN": 0.1077398226446314, "mvi-wdi-BX.KLT.DINV.WD.GD.ZS": 0.1111772869529412, "wdi-AG.LND.TOTL.K2": 0.0556574203425442, "wdi-AG.SRF.TOTL.K2": 0.0641980498410437, "wdi-BX.KLT.DINV.CD.WD": 0.1412896403548042, "wdi-BX.KLT.DINV.WD.GD.ZS": 0.1001136685936885, "wdi-EG.ELC.ACCS.UR.ZS": 0.0320614153265835, "wdi-EG.ELC.ACCS.ZS": 0.0592069900383809, "wdi-EG.ELC.RNEW.ZS": 0.1356089210840671, "wdi-EG.FEC.RNEW.ZS": 0.1929467848213149}, "2020": {"wdi2-NE.DAB.TOTL.CN": 0.005841774845232288, "wdi2-NE.EXP.GNFS.CN": 0.005291438288223083, "wdi-BX.TRF.PWKR.CD.DT": 0.010034544017226704, "wdi-IT.NET.SECR.P6": 0.00895380421908247, "wdi2-SL.EMP.1524.SP.FE.NE.ZS": 0.7427074365140824, "wdi2-SL.EMP.1524.SP.MA.NE.ZS": 0.022778595402462222, "wdi2-SL.EMP.1524.SP.NE.ZS": 0.1851328227080452, "wdi2-SL.EMP.TOTL.SP.FE.NE.ZS": 0.008123806248659597, "wdi2-SL.EMP.TOTL.SP.MA.NE.ZS": 0.004135279950555821, "wdi2-SL.EMP.TOTL.SP.NE.ZS": 0.00700049780643017}}}