{"data": {"2015": {"ASM": 38.555961365518506, "ATG": 47.3732958242629, "ABW": 39.66294322655128, "BHS": 41.99348281982481, "BRB": 33.14, "BLZ": 52.92, "VGB": 42.03649305991167, "CPV": 20.4, "COM": 36.21667622088816, "CUB": 32.1060348994127, "CUW": 42.54164733351266, "DMA": 35.85436975049846, "DOM": 49.21, "FJI": 38.73446161084237, "PYF": 36.423074976143255, "GRD": 38.19697020807991, "GUM": 42.000729558633886, "GNB": 44.85463584863401, "GUY": 34.41368196217344, "HTI": 46.621248272953466, "JAM": 28.32, "KIR": 25.53, "MDV": 39.480369658412606, "MHL": 34.48665124782637, "MUS": 41.4, "FSM": 32.992335815191474, "NRU": 41.20660664472622, "NCL": 38.19698901465047, "MNP": 42.26689737950529, "PLW": 43.86071854467995, "PNG": 43.77040952365135, "PRI": 38.819706479258016, "KNA": 41.85145432437918, "LCA": 36.48777686464231, "VCT": 37.60625451726387, "WSM": 35.05839590160329, "STP": 32.964312931947376, "SYC": 52.5, "SGP": 38.11, "SXM": 44.97878126245843, "SLB": 43.97984568279135, "SUR": 36.68, "TLS": 31.25881860989101, "TON": 38.93689311789738, "TTO": 48.39, "TUV": 43.46558586069949, "VIR": 38.579433530134885, "VUT": 34.3842772019452, "AIA": 41.580383751106574, "COK": 41.580383751106574, "MSR": 41.580383751106574, "NIU": 41.580383751106574}, "2020": {"ASM": 23.694599999999994, "ATG": 34.060946454600014, "ABW": 32.895687222000014, "BHS": 42.62257138520001, "BRB": 25.534299999999984, "BLZ": 38.78945815590003, "VGB": 50.57930000000001, "CPV": 33.78893887840002, "COM": 41.58376888730001, "CUB": 47.0121058291, "CUW": 34.83897913530002, "DMA": 20.608599999999992, "DOM": 43.809130401899985, "FJI": 42.57225190500001, "PYF": 36.35997277920003, "GRD": 33.6392409826, "GUM": 34.6805810463, "GNB": 25.07029999999999, "GUY": 51.94716126399999, "HTI": 33.530571172399995, "JAM": 33.48552785670001, "KIR": 28.243000000000002, "MDV": 32.78536498139997, "MHL": 40.90007789670002, "MUS": 32.71016792460001, "FSM": 35.913933905600004, "NRU": 44.064532009000004, "NCL": 35.12537645540001, "MNP": 32.599561816000005, "PLW": 32.67997201939999, "PNG": 37.2829699476, "PRI": 43.3129491622, "KNA": 32.65194552540001, "LCA": 41.67096566960003, "VCT": 33.2630699468, "WSM": 41.349980266, "STP": 45.30042835710002, "SYC": 25.568500000000014, "SGP": 31.148173719200013, "SXM": 33.6376003784, "SLB": 40.961905944100025, "SUR": 34.441576544200004, "TLS": 42.112925547600014, "TON": 41.3136198709, "TTO": 33.54339995770001, "TUV": 25.14029999999999, "VIR": 43.525195984899995, "VUT": 40.76458520020002, "AIA": 41.08167910170001, "COK": 41.08167910170001, "MSR": 41.08167910170001, "NIU": 41.08167910170001}}, "upperIntervals": {"2015": {"ASM": 52.49999999999999, "ATG": 77.46, "ABW": 54.24, "BHS": 77.46, "VGB": 52.49999999999999, "COM": 67.06, "CUB": 50.52, "CUW": 54.24, "DMA": 54.24, "FJI": 55.49, "PYF": 54.24, "GRD": 55.49, "GUM": 77.46, "GNB": 73.5, "GUY": 59.92499999999997, "HTI": 73.5, "MDV": 52.49999999999999, "MHL": 54.24, "FSM": 54.24, "NRU": 54.24, "NCL": 59.89, "MNP": 77.46, "PLW": 57.96, "PNG": 67.06, "PRI": 59.89, "KNA": 52.5, "LCA": 54.24, "VCT": 54.24, "WSM": 54.24, "STP": 57.96, "SXM": 54.24, "SLB": 69.9, "TLS": 55.49, "TON": 54.24, "TUV": 55.7099999999998, "VIR": 46.61, "VUT": 56.38, "AIA": 61.03, "COK": 61.03, "MSR": 61.03, "NIU": 61.03}, "2020": {"ASM": 26.3, "ATG": 39.3, "ABW": 39.3, "BHS": 47.207499999999996, "BRB": 28.51, "BLZ": 44.298314245499995, "VGB": 55.85, "CPV": 39.57749999999998, "COM": 47.15, "CUB": 53.77, "CUW": 40.91199999999999, "DMA": 26.3, "DOM": 47.15, "FJI": 47.207499999999996, "PYF": 44.85, "GRD": 44.18, "GUM": 44.1803586445, "GNB": 31.88, "GUY": 59.44, "HTI": 44.85, "JAM": 44.1803586445, "KIR": 38.78, "MDV": 39.3, "MHL": 44.82, "MUS": 34.12665928, "FSM": 44.85, "NRU": 47.15, "NCL": 39.3, "MNP": 43.45883291249999, "PLW": 34.12665928, "PNG": 44.85, "PRI": 47.15, "KNA": 34.12665928, "LCA": 47.15, "VCT": 39.3, "WSM": 47.15, "STP": 49.28, "SYC": 29.189999999999998, "SGP": 37.034499999999994, "SXM": 39.3, "SLB": 47.15, "SUR": 39.37049999999999, "TLS": 47.15, "TON": 44.85, "TTO": 43.45883291249999, "TUV": 31.88, "VIR": 47.207499999999996, "VUT": 47.15, "AIA": 46.789, "COK": 46.789, "MSR": 46.789, "NIU": 46.789}}, "lowerIntervals": {"2015": {"ASM": 15.72, "ATG": 19.93, "ABW": 21.720500000000005, "BHS": 21.79, "VGB": 28.28103333333333, "COM": 15.820000000000002, "CUB": 12.85, "CUW": 12.85, "DMA": 20.4, "FJI": 12.85, "PYF": 20.4, "GRD": 15.82, "GUM": 19.53, "GNB": 20.17, "GUY": 15.820000000000002, "HTI": 20.17, "MDV": 15.648250000000004, "MHL": 20.4, "FSM": 15.820000000000002, "NRU": 21.79, "NCL": 21.22, "MNP": 19.53, "PLW": 19.93, "PNG": 15.72, "PRI": 22.44, "KNA": 19.93, "LCA": 12.85, "VCT": 19.93, "WSM": 12.85, "STP": 14.667666666666674, "SXM": 22.3505, "SLB": 15.820000000000002, "TLS": 12.85, "TON": 19.93, "TUV": 22.28100000000001, "VIR": 19.93, "VUT": 15.72, "AIA": 20.4, "COK": 20.4, "MSR": 20.4, "NIU": 20.4}, "2020": {"ASM": 20.25, "ATG": 30.3795, "ABW": 29.61, "BHS": 36.862468944, "BRB": 22.961000000000002, "BLZ": 37.01, "VGB": 46.373, "CPV": 31.068284971999997, "COM": 33.780009400000004, "CUB": 40.71, "CUW": 29.61, "DMA": 15.86, "DOM": 40.1365258865, "FJI": 37.01, "PYF": 31.066, "GRD": 29.705000000000002, "GUM": 29.71, "GNB": 20.364, "GUY": 48.54, "HTI": 29.61, "JAM": 29.71, "KIR": 23.751999999999995, "MDV": 29.61, "MHL": 33.780009400000004, "MUS": 29.61, "FSM": 31.066000000000006, "NRU": 40.18739567, "NCL": 30.42, "MNP": 29.71, "PLW": 30.384500000000003, "PNG": 31.100000000000005, "PRI": 39.17, "KNA": 29.61, "LCA": 37.01, "VCT": 29.61, "WSM": 37.01, "STP": 37.5, "SYC": 21.65, "SGP": 29.61, "SXM": 29.61, "SLB": 33.780009400000004, "SUR": 30.42, "TLS": 33.780009400000004, "TON": 37.01, "TTO": 29.71, "TUV": 20.364, "VIR": 37.5, "VUT": 33.417, "AIA": 34.05937888, "COK": 34.05937888, "MSR": 34.05937888, "NIU": 34.05937888}}, "categoryImportances": {"2015": {"Environment": 0.6604076589346739, "Economic Policy & Debt": 0.28933062466796067, "Financial": 0.0502617163973649}, "2020": {"Economic Policy & Debt": 0.023538947713240325, "Infrastructure": 0.009813741371044913, "Social Protection & Labor": 0.9666473109157148}}, "featureImportances": {"2015": {"wdi2-NY.GDP.MKTP.CN": 0.0962196042166463, "mvi-wdi-BX.KLT.DINV.WD.GD.ZS": 0.0502617163973649, "wdi-AG.LND.TOTL.K2": 0.0507746916408556, "wdi-AG.SRF.TOTL.K2": 0.0497972298165349, "wdi-BX.KLT.DINV.CD.WD": 0.1402091363816966, "wdi-BX.KLT.DINV.WD.GD.ZS": 0.0529018840696178, "wdi-EG.ELC.ACCS.UR.ZS": 0.0782071056947893, "wdi-EG.ELC.ACCS.ZS": 0.0766399684359059, "wdi-EG.ELC.RNEW.ZS": 0.152525258668489, "wdi-EG.FEC.RNEW.ZS": 0.2524634046780993}, "2020": {"wdi2-NE.DAB.TOTL.CN": 0.0094929013262765, "wdi2-NE.EXP.GNFS.CN": 0.0037888012474757422, "wdi-BX.TRF.PWKR.CD.DT": 0.010257245139488082, "wdi-IT.NET.SECR.P6": 0.009813741371044913, "wdi2-SL.EMP.1524.SP.FE.NE.ZS": 0.014878938410170807, "wdi2-SL.EMP.1524.SP.NE.ZS": 0.9071438185907978, "wdi2-SL.EMP.TOTL.SP.FE.NE.ZS": 0.010479554143814723, "wdi2-SL.EMP.TOTL.SP.MA.NE.ZS": 0.010686426020898341, "wdi2-SL.EMP.TOTL.SP.NE.ZS": 0.00961804356759578, "wdi2-SL.EMP.TOTL.SP.ZS": 0.013840530182437255}}}