{"data": {"2015": {"ASM": 4.448739055957987, "ATG": 7.942449459052012, "ABW": 5.892849981793994, "BHS": 7.421274319880013, "BRB": 9.683830437126028, "BLZ": 6.387276046954015, "VGB": 5.176056572289989, "CPV": 10.69202381, "COM": 10.802877128284008, "CUB": 7.036367151409999, "CUW": 5.176056572289989, "DMA": 7.651257090012022, "DOM": 6.4116911, "FJI": 9.645182701, "PYF": 8.081161229708021, "GRD": 9.561143877588014, "GUM": 6.385012141100001, "GNB": 8.725048657278007, "GUY": 8.661762171, "HTI": 9.409058579, "JAM": 8.534216106, "KIR": 8.123615220252034, "MDV": 12.237175706308005, "MHL": 8.665965237524029, "MUS": 6.404999991948018, "FSM": 8.815562857280018, "NRU": 7.159401366852029, "NCL": 8.14280002060004, "MNP": 6.32055305743198, "PLW": 8.377123974462025, "PNG": 7.01959403191999, "PRI": 5.711041027474, "KNA": 7.882645639612014, "LCA": 8.865525676482015, "VCT": 8.672817172706024, "WSM": 8.484003823, "STP": 10.185462859774011, "SYC": 7.807848339374019, "SGP": 5.857104055082, "SXM": 5.503411922349989, "SLB": 8.819545837584007, "SUR": 6.497623996, "TLS": 11.819401456910008, "TON": 8.343663078, "TTO": 7.552594347850039, "TUV": 6.643288585096022, "VIR": 5.737149356250001, "VUT": 15.74822107, "AIA": 9.217434386514032, "COK": 9.217434386514032, "MSR": 9.217434386514032, "NIU": 9.217434386514032}, "2020": {"ASM": 7.3691153690959235, "ATG": 10.685428163878758, "ABW": 7.765550952144583, "BHS": 10.046579787936226, "BRB": 8.109685042787163, "BLZ": 4.320349730451486, "VGB": 6.640587246731443, "CPV": 8.229126, "COM": 4.56583, "CUB": 10.533334, "CUW": 8.18198129960386, "DMA": 7.393807021518194, "DOM": 5.917232, "FJI": 7.621332, "PYF": 8.430071761499397, "GRD": 11.320766316132357, "GUM": 9.319110945237568, "GNB": 7.310944471265511, "GUY": 7.752671, "HTI": 7.218717, "JAM": 6.895464, "KIR": 6.716665067854411, "MDV": 12.027975502469458, "MHL": 7.933917066582577, "MUS": 6.536396001066766, "FSM": 6.982137873913897, "NRU": 6.660948396091179, "NCL": 6.587583625244271, "MNP": 8.411554178009418, "PLW": 7.371682397945656, "PNG": 7.812237386651149, "PRI": 6.672224969657626, "KNA": 9.646958068184986, "LCA": 13.679214951635961, "VCT": 8.057928501348988, "WSM": 8.401363, "STP": 7.271520704715914, "SYC": 5.915017361814189, "SGP": 7.944200142515598, "SXM": 8.164179489487049, "SLB": 10.30109720461737, "SUR": 7.055034, "TLS": 8.882499891522421, "TON": 9.775254, "TTO": 9.123351678011643, "TUV": 6.827984070482222, "VIR": 7.9662070813299515, "VUT": 11.38515, "AIA": 7.295470402004515, "COK": 7.342299841562241, "MSR": 7.001369613166118, "NIU": 7.111807942345752}}, "upperIntervals": {"2015": {"ASM": 8.343663078, "ATG": 15.74198186, "ABW": 8.19006245, "BHS": 13.83451512, "BRB": 15.74822107, "BLZ": 15.74198186, "VGB": 8.19006245, "COM": 18.16411188, "CUB": 15.74822107, "CUW": 8.19006245, "DMA": 13.84236702, "PYF": 11.8878933, "GRD": 18.16411188, "GUM": 13.126271089999998, "GNB": 18.16411188, "KIR": 15.74822107, "MDV": 16.59170215, "MHL": 13.83451512, "MUS": 9.164855117, "FSM": 19.71306537, "NRU": 9.645182701, "NCL": 13.126271089999998, "MNP": 8.19006245, "PLW": 15.74822107, "PNG": 12.77786447, "PRI": 8.19006245, "KNA": 13.84236702, "LCA": 18.16411188, "VCT": 18.16411188, "STP": 18.16411188, "SYC": 15.74198186, "SGP": 9.645182701, "SXM": 8.207270132799984, "SLB": 16.67032263649993, "TLS": 18.16411188, "TTO": 11.8878933, "TUV": 9.645182701, "VIR": 8.19006245, "AIA": 13.126271089999998, "COK": 13.126271089999998, "MSR": 13.126271089999998, "NIU": 13.126271089999998}, "2020": {"ASM": 10.751219233333336, "ATG": 20.727664, "ABW": 9.775254, "BHS": 19.175552099999997, "BRB": 10.846135109210525, "BLZ": 6.633250475252526, "VGB": 11.315136599999978, "CUW": 13.847206749999984, "DMA": 19.175552099999997, "PYF": 10.745165408333335, "GRD": 20.727664, "GUM": 19.093862, "GNB": 17.350255, "KIR": 9.775500343523316, "MDV": 20.727664, "MHL": 9.818289588492043, "MUS": 8.862868483283002, "FSM": 10.539634566860466, "NRU": 10.365315442252248, "NCL": 10.065194521660068, "MNP": 10.741343493333336, "PLW": 10.537065120611283, "PNG": 10.90573, "PRI": 9.120771784098809, "KNA": 20.727664, "LCA": 20.727664, "VCT": 19.093862, "STP": 10.584254924815008, "SYC": 7.604442064861751, "SGP": 13.760026399999989, "SXM": 10.272315368514437, "SLB": 16.90886110833333, "TLS": 11.98829243446969, "TTO": 19.175552099999997, "TUV": 9.780698697503752, "VIR": 9.775500343523316, "AIA": 8.702102724242424, "COK": 8.702102724242424, "MSR": 9.795519740654207, "NIU": 10.227750404617499}}, "lowerIntervals": {"2015": {"ASM": 1.2454101999999998, "ATG": 3.67432476655, "ABW": 1.362256098, "BHS": 4.107045724, "BRB": 3.572954324, "BLZ": 4.0584, "VGB": 1.362256098, "COM": 3.679660053, "CUB": 4.0584, "CUW": 1.362256098, "DMA": 5.585926900999999, "PYF": 5.526637530550001, "GRD": 4.208615652050001, "GUM": 1.429031359, "GNB": 4.164166854, "KIR": 1.171075494, "MDV": 6.48130387935, "MHL": 4.107045724, "MUS": 4.0584, "FSM": 4.21104793825, "NRU": 1.479317073, "NCL": 4.730377037, "MNP": 1.2454101999999998, "PLW": 1.500813008, "PNG": 3.572954324, "PRI": 1.362256098, "KNA": 4.107045724, "LCA": 5.585926900999999, "VCT": 4.699675537, "STP": 3.572954324, "SYC": 3.67432476655, "SGP": 1.12775842, "SXM": 1.362256098, "SLB": 3.679660053, "TLS": 5.110835892999999, "TTO": 5.69925519, "TUV": 1.12775842, "VIR": 1.362256098, "AIA": 4.1046134378, "COK": 4.1046134378, "MSR": 4.1046134378, "NIU": 4.1046134378}, "2020": {"ASM": 4.56583, "ATG": 4.558714625846154, "ABW": 6.040027665517242, "BHS": 4.5347413, "BRB": 6.15044467144385, "BLZ": 1.3455000000000001, "VGB": 3.2566847150000005, "CUW": 4.567024475, "DMA": 3.600910192777777, "PYF": 6.878773973313081, "GRD": 6.773057083434885, "GUM": 5.739877210535714, "GNB": 3.631707, "KIR": 4.311666, "MDV": 6.372917025603147, "MHL": 6.042206522424243, "MUS": 4.244757190849673, "FSM": 4.311666, "NRU": 4.311666, "NCL": 4.198047243055555, "MNP": 6.74887149506579, "PLW": 4.311666, "PNG": 4.515883237500001, "PRI": 4.421524990151515, "KNA": 6.528628329096451, "LCA": 6.663000939314516, "VCT": 4.51291357001045, "STP": 4.563200717241379, "SYC": 2.8610275749999996, "SGP": 4.224473316666668, "SXM": 6.25647761396653, "SLB": 4.300124435000001, "TLS": 4.861619023333334, "TTO": 4.854710421428571, "TUV": 4.56583, "VIR": 6.595207418064516, "AIA": 5.1232505742857155, "COK": 5.1232505742857155, "MSR": 4.580879, "NIU": 4.580879}}, "categoryImportances": {"2015": {"Indicators": 0.8250715460305245, "Economic Policy & Debt": 0.1749284539694752}, "2020": {"Infrastructure": 0.3825551781046363, "Economic Policy & Debt": 0.08820582717362481, "Education": 0.1282635851709086, "Gender": 0.12593648126929907, "Social Protection & Labor": 0.27503892828153126}}, "featureImportances": {"2015": {"wdi2-NE.DAB.TOTL.CN": 0.1749284539694752, "ndgain-id_econ_01-raw": 0.0466603281154136, "ndgain-id_econ_01-score": 0.0542861315861673, "ndgain-id_ecos_02-raw": 0.0445852072256165, "ndgain-id_ecos_02-score": 0.0415905150764122, "ndgain-id_ecos_05-raw": 0.0872501917172168, "ndgain-id_ecos_05-score": 0.1593237858488493, "ndgain-id_ecos_06-score": 0.176297667173079, "ndgain-id_food_01-raw": 0.0999275179679458, "ndgain-id_food_01-score": 0.1151502013198239}, "2020": {"wdi2-NE.DAB.TOTL.CN": 0.08820582717362481, "wdi-IT.NET.SECR": 0.2636300360497345, "wdi-IT.NET.SECR.P6": 0.11892514205490178, "wdi2-SE.PRM.AGES": 0.003119277590590407, "wdi2-SE.PRM.DURS": 0.06204759191897209, "wdi2-SE.SEC.AGES": 0.054693833282351424, "wdi2-SE.SEC.DURS": 0.00840288237899466, "wdi2-SG.LAW.INDX": 0.12593648126929907, "wdi2-SL.EMP.TOTL.SP.ZS": 0.11677354893683561, "wdi2-SL.TLF.CACT.ZS": 0.15826537934469564}}, "performance": {"2015": 0.4838988061954308, "2020": 0.4645182341187545}}