{"data": {"2015": {"ASM": 4.281671447769002, "ATG": 5.622818101153337, "ABW": 5.052205012674586, "BHS": 13.977310404377173, "BRB": 6.288891305421406, "BLZ": 7.66571989597251, "VGB": 5.59397338431436, "CPV": 6.951888406691512, "COM": 8.794641698097248, "CUB": 10.190541592501631, "CUW": 6.0373960333038825, "DMA": 6.309642521362212, "DOM": 8.159522021775553, "FJI": 5.213904983, "PYF": 12.770445259627406, "GRD": 6.110356838509313, "GUM": 13.800426980986666, "GNB": 7.499684011102347, "GUY": 9.695260133379236, "HTI": 8.162392554100528, "JAM": 10.569001859036744, "KIR": 8.08156268598955, "MDV": 0.041928264, "MHL": 5.690619943579375, "MUS": 9.890638927537806, "FSM": 7.782961780707547, "NRU": 4.37503173057257, "NCL": 18.22381059807606, "MNP": 7.127511745922917, "PLW": 9.516217896289088, "PNG": 15.048863195961152, "PRI": 9.498827731654494, "KNA": 4.289045708489874, "LCA": 8.306125649245297, "VCT": 5.374828730013417, "WSM": 6.9085876444897565, "STP": 8.965521294954627, "SYC": 15.604665398719913, "SGP": 26.68064443, "SXM": 5.189833348476451, "SLB": 12.709646262004917, "SUR": 13.493258318236109, "TLS": 6.5914475788631055, "TON": 7.336018114435977, "TTO": 10.026650573866116, "TUV": 4.876657197512091, "VIR": 6.396928900685866, "VUT": 10.530486476657298, "AIA": 8.770917688019864, "COK": 8.770917688019864, "MSR": 8.770917688019864, "NIU": 8.770917688019864}}, "upperIntervals": {"2015": {"ASM": 12.458828860666632, "ATG": 14.393342797957136, "ABW": 14.590548307666657, "BHS": 26.8486521358, "BRB": 22.84959125, "BLZ": 13.79647036686428, "VGB": 23.422050311499945, "CPV": 13.597533107916664, "COM": 29.302517439999995, "CUB": 27.160570525, "CUW": 12.41916012, "DMA": 13.07723034891666, "DOM": 12.082783462904503, "PYF": 27.18707327499998, "GRD": 27.163380230000005, "GUM": 55.03518264, "GNB": 21.840809287499944, "GUY": 25.213221867333324, "HTI": 21.05253491834998, "JAM": 27.163380230000005, "KIR": 19.55708199214285, "MHL": 27.163380230000005, "MUS": 29.302517439999995, "FSM": 18.51750782341665, "NRU": 11.682028402967072, "NCL": 55.03518264, "MNP": 19.55389565, "PLW": 26.68064443, "PNG": 27.163380230000005, "PRI": 20.152423922874995, "KNA": 11.10205120309374, "LCA": 24.72652696587492, "VCT": 13.9968862019725, "WSM": 16.27785224852622, "STP": 27.163380230000005, "SYC": 26.68064443, "SXM": 10.780996678238235, "SLB": 26.68064443, "SUR": 27.18707327499998, "TLS": 13.793143162727617, "TON": 26.367843157, "TTO": 23.422050311499945, "TUV": 12.01822222449998, "VIR": 16.747839618294993, "VUT": 27.234684803666607, "AIA": 12.019607438199122, "COK": 12.019607438199122, "MSR": 12.019607438199122, "NIU": 12.019607438199122}}, "lowerIntervals": {"2015": {"ASM": 0.041928264, "ATG": 0.041928264, "ABW": 0.041928264, "BHS": 2.9322590232875, "BRB": 0.041928264, "BLZ": 3.01869370063, "VGB": 0.041928264, "CPV": 0.041928264, "COM": 0.041928264, "CUB": 5.4314426795145225, "CUW": 0.041928264, "DMA": 0.041928264, "DOM": 4.686089295470927, "PYF": 0.041928264, "GRD": 0.041928264, "GUM": 0.041928264, "GNB": 2.867014837132858, "GUY": 2.8682372647000003, "HTI": 2.561312914666667, "JAM": 2.789203809, "KIR": 0.041928264, "MHL": 0.041928264, "MUS": 0.041928264, "FSM": 0.041928264, "NRU": 0.041928264, "NCL": 2.068464181, "MNP": 0.041928264, "PLW": 0.041928264, "PNG": 4.6507876108150015, "PRI": 2.826270754, "KNA": 0.041928264, "LCA": 0.041928264, "VCT": 0.041928264, "WSM": 2.2502458731152783, "STP": 0.041928264, "SYC": 0.041928264, "SXM": 0.041928264, "SLB": 3.049674817665, "SUR": 4.120357937589286, "TLS": 2.8122424335520835, "TON": 2.068464181, "TTO": 0.041928264, "TUV": 0.041928264, "VIR": 0.041928264, "VUT": 0.922463483, "AIA": 5.553876843535424, "COK": 5.553876843535424, "MSR": 5.553876843535424, "NIU": 5.553876843535424}}, "categoryImportances": {"2015": {"Environment": 0.9642163511690529, "Economic Policy & Debt": 0.0357836488309466}}, "featureImportances": {"2015": {"wdi2-NY.GDP.MKTP.CN": 0.0357836488309466, "wdi-AG.LND.AGRI.K2": 0.048936582730623, "wdi-AG.LND.AGRI.ZS": 0.0814651979898324, "wdi-AG.LND.ARBL.HA": 0.0414846477911221, "wdi-AG.LND.ARBL.HA.PC": 0.3011002388631362, "wdi-AG.LND.ARBL.ZS": 0.1926042073515827, "wdi-AG.LND.TOTL.K2": 0.134787159479471, "wdi-AG.PRD.CROP.XD": 0.0282013957977545, "wdi-AG.PRD.FOOD.XD": 0.0196131159915133, "wdi-AG.PRD.LVSK.XD": 0.1160238051740178}}, "performance": {"2015": 0.8199360987184029}}