{"data": {"2015": {"ASM": 161651760715.71893, "ATG": 161651760715.71893, "ABW": 161651760715.71893, "BHS": 2655540000.0, "BRB": 161651760715.71893, "BLZ": 512617320.7, "VGB": 162508920521.17258, "CPV": 161685884323.34506, "COM": 75568439800.0, "CUB": 7376000000.0, "CUW": 173945056597.38428, "DMA": 163425903349.08627, "DOM": 518000000000.0, "FJI": 161651760715.71893, "PYF": 647327971607.3793, "GRD": 163425903349.08627, "GUM": 161651760715.71893, "GNB": 55639192600.0, "GUY": 168502156420.97467, "HTI": 102000000000.0, "JAM": 181000000000.0, "KIR": 78053000.0, "MDV": 17907000000.0, "MHL": 33694900.0, "MUS": 51932998500.0, "FSM": 161651760715.71893, "NRU": 161651760715.71893, "NCL": 4971145507625.198, "MNP": 161651760715.71893, "PLW": 76181400.0, "PNG": 1206340510011.5945, "PRI": 1279100000.0, "KNA": 161651760715.71893, "LCA": 163425903349.08627, "VCT": 163425903349.08627, "WSM": 189707989825.2856, "STP": 189619731131.38327, "SYC": 161651760715.71893, "SGP": 115000000000.0, "SXM": 161651760715.71893, "SLB": 1365000000.0, "SUR": 205638832544.0613, "TLS": 566380900.0, "TON": 161651760715.71893, "TTO": 204271429035.28943, "TUV": 161651760715.71893, "VIR": 161651760715.71893, "VUT": 23474000000.0, "AIA": 31784872232440.76, "COK": 31784872232440.76, "MSR": 31784872232440.76, "NIU": 31784872232440.76}, "2020": {"ASM": 6251700000000.0, "ATG": 481970000000.0, "ABW": 635810000000.0, "BHS": 2032800000000.0, "BRB": 88596250920.65, "BLZ": 468771721.9, "VGB": 115953521497.83, "CPV": 25053596944.6, "COM": 641280000000.0, "CUB": 163504840564.03, "CUW": 148945403941.02, "DMA": 572880000000.0, "DOM": 625000000000.0, "FJI": 7162600000000.0, "PYF": 37784000000000.0, "GRD": 60878855777.579, "GUM": 6010900000000.0, "GNB": 95951595900.0, "GUY": 160728706279.77, "HTI": 110000000000.0, "JAM": 182000000000.0, "KIR": 64710953717.64, "MDV": 98856206183.16, "MHL": 1899480000000.0, "MUS": 49598073700.0, "FSM": 32260739759.2, "NRU": 300820000000.0, "NCL": 7947300000000.0, "MNP": 6316100000000.0, "PLW": 95350067102.37, "PNG": 1695510000000.0, "PRI": 1631500000.0, "KNA": 28324688001.339, "LCA": 42371200000000.0, "VCT": 37469000000000.0, "WSM": 26226351004.14, "STP": 1105830000000.0, "SYC": 108343038568.9, "SGP": 102000000000.0, "SXM": 116008632793.62, "SLB": 772000000.0, "SUR": 102785372168.76, "TLS": 2707340000000.0, "TON": 4850044166.268001, "TTO": 1976060000000.0, "TUV": 27929129253.34, "VIR": 152635403941.02, "VUT": 27106000000.0, "AIA": 44350000000000.0, "COK": 44350000000000.0, "MSR": 44350000000000.0, "NIU": 44350000000000.0}}, "upperIntervals": {"2015": {"ASM": 373682759684.7647, "ATG": 373682759684.7647, "ABW": 373682759684.7647, "BRB": 373682759684.7647, "VGB": 373682759684.7647, "CPV": 373682759684.7647, "CUW": 432767051596.4197, "DMA": 386435906299.73553, "FJI": 373682759684.7647, "PYF": 1937353535353.535, "GRD": 386435906299.73553, "GUM": 373682759684.7647, "GUY": 386435906299.73553, "FSM": 373682759684.7647, "NRU": 373682759684.7647, "NCL": 10741874999999.97, "MNP": 373682759684.7647, "PNG": 5367111111111.109, "KNA": 373682759684.7647, "LCA": 386435906299.73553, "VCT": 386435906299.73553, "WSM": 499506075137.468, "STP": 494847955938.5877, "SYC": 373682759684.7647, "SXM": 373682759684.7647, "SUR": 557610747847.8124, "TON": 373682759684.7647, "TTO": 557610747847.8124, "TUV": 373682759684.7647, "VIR": 373682759684.7647, "AIA": 47800000000000.0, "COK": 47800000000000.0, "MSR": 47800000000000.0, "NIU": 47800000000000.0}, "2020": {"ASM": 10734999999999.992, "ATG": 768449999999.9999, "ABW": 921000000000.0, "BHS": 2480000000000.0, "BRB": 106000000000.0, "VGB": 183149999999.99994, "CPV": 36592899999.999954, "COM": 918000000000.0, "CUB": 205000000000.0, "CUW": 205000000000.0, "DMA": 921000000000.0, "FJI": 16999999999999.998, "PYF": 48100000000000.0, "GRD": 106000000000.0, "GUM": 10600000000000.0, "GUY": 205000000000.0, "KIR": 106000000000.0, "MDV": 154000000000.0, "MHL": 2480000000000.0, "FSM": 49598073700.0, "NRU": 373499999999.9999, "NCL": 10600000000000.0, "MNP": 10600000000000.0, "PLW": 137000000000.00002, "PNG": 2350000000000.0, "KNA": 50879000000.0, "LCA": 60279999999999.72, "VCT": 55400000000000.0, "WSM": 49662120015.0, "STP": 1290000000000.0002, "SYC": 137849999999.99997, "SXM": 155399999999.9999, "SUR": 137000000000.00002, "TLS": 4100000000000.0, "TON": 14559352000.0, "TTO": 2480000000000.0, "TUV": 50879000000.0, "VIR": 183149999999.99994, "AIA": 55400000000000.0, "COK": 55400000000000.0, "MSR": 55400000000000.0, "NIU": 55400000000000.0}}, "lowerIntervals": {"2015": {"ASM": 34500284734.8496, "ATG": 34500284734.8496, "ABW": 34500284734.8496, "BRB": 34500284734.8496, "VGB": 36319037672.12044, "CPV": 34500284734.8496, "CUW": 36695983345.86601, "DMA": 34500284734.8496, "FJI": 34500284734.8496, "PYF": 134148731912.75417, "GRD": 34500284734.8496, "GUM": 34500284734.8496, "GUY": 40906942354.31963, "FSM": 34500284734.8496, "NRU": 34500284734.8496, "NCL": 480830435171.3087, "MNP": 34500284734.8496, "PNG": 46092057016.96577, "KNA": 34500284734.8496, "LCA": 34500284734.8496, "VCT": 34500284734.8496, "WSM": 38542927123.77822, "STP": 38542927123.77822, "SYC": 34500284734.8496, "SXM": 34500284734.8496, "SUR": 38542927123.77822, "TON": 34500284734.8496, "TTO": 38542927123.77822, "TUV": 34500284734.8496, "VIR": 34500284734.8496, "AIA": 12691785714285.717, "COK": 12691785714285.717, "MSR": 12691785714285.717, "NIU": 12691785714285.717}, "2020": {"ASM": 2646500000000.0, "ATG": 330000000000.0, "ABW": 460000000000.0, "BHS": 912000000000.0, "BRB": 52105000000.0, "VGB": 70548327701.0, "CPV": 17012068000.0, "COM": 371000000000.0, "CUB": 95026203040.0, "CUW": 101000000000.0, "DMA": 262850000000.0, "FJI": 2690000000000.0, "PYF": 29555000000000.0, "GRD": 14559352000.0, "GUM": 2690000000000.0, "GUY": 77443738700.0, "KIR": 16889432200.0, "MDV": 52105000000.0, "MHL": 1100000000000.0, "FSM": 18511870050.0, "NRU": 234000000000.0, "NCL": 2930000000000.0, "MNP": 2690000000000.0, "PLW": 49598073700.0, "PNG": 1020000000000.0, "KNA": 8884275400.0, "LCA": 16655000000000.0, "VCT": 16655000000000.0, "WSM": 9619276000.0, "STP": 699100000000.0, "SYC": 70548327701.0, "SXM": 100310363500.0, "SUR": 52105000000.0, "TLS": 1096000000000.0, "TON": 1204666700.0, "TTO": 912000000000.0, "TUV": 8884275400.0, "VIR": 101000000000.0, "AIA": 30100000000000.0, "COK": 30100000000000.0, "MSR": 30100000000000.0, "NIU": 30100000000000.0}}, "categoryImportances": {"2015": {"Environment": 0.0337516146234396, "Public Sector": 0.0031333842727173, "Economic Policy & Debt": 0.9631150011038427}, "2020": {"Economic Policy & Debt": 0.9893983525563639, "Financial Sector": 0.010601647443636163}}, "featureImportances": {"2015": {"wdi2-NY.GDP.MKTP.CN": 0.4789573869887651, "wdi-AG.LND.TOTL.K2": 0.0058137844958103, "wdi-AG.SRF.TOTL.K2": 0.0066761751356639, "wdi-EG.ELC.ACCS.UR.ZS": 0.0020457874324952, "wdi-EG.ELC.ACCS.ZS": 0.0097960375416392, "wdi-EG.ELC.RNEW.ZS": 0.0051675647741265, "wdi-EN.POP.DNST": 0.0042522652437045, "wdi-IQ.SPI.PIL1": 0.0031333842727173, "wdi2-NE.CON.TOTL.CD": 0.006352283305433, "wdi2-NE.CON.TOTL.CN": 0.4778053308096446}, "2020": {"wdi2-NE.DAB.TOTL.CN": 0.21700327412013778, "wdi2-NY.GDY.TOTL.KN": 0.48356136133328853, "wdi2-NE.GDI.FTOT.KD.ZG": 0.0017349484419148706, "wdi2-NY.GDP.DEFL.KD.ZG": 0.00319044220162627, "wdi2-NY.GDP.DEFL.KD.ZG.AD": 0.004397581166045839, "wdi2-NY.GDP.DEFL.ZS": 0.0006207891442227932, "wdi2-NY.GDP.DEFL.ZS.AD": 0.00239283493174126, "wdi2-NY.GDP.MKTP.CN": 0.14042043168175278, "wdi2-NY.GDP.MKTP.CN.AD": 0.14129410247236027, "wdi2-NY.GDP.MKTP.KD.ZG": 0.005384234506909648}}, "performance": {"2015": 0.06765948440414885, "2020": 0.0752151278520328}}