{"data": {"2015": {"ASM": 71.07716100497974, "ATG": 65.6157199999997, "ABW": 57.40377999999995, "BHS": 60.99316040880426, "BRB": 57.69, "BLZ": 58.68, "VGB": 64.40589169273991, "CPV": 43.63, "COM": 59.91837729134003, "CUB": 50.765002252678265, "CUW": 49.19, "DMA": 55.280132697720056, "DOM": 57.29, "FJI": 53.2130145404798, "PYF": 49.16998674867995, "GRD": 77.1, "GUM": 60.686099999999776, "GNB": 65.89350431285996, "GUY": 60.695410971339896, "HTI": 52.62212734266007, "JAM": 54.62, "KIR": 38.99, "MDV": 62.57111105247981, "MHL": 64.94187999999984, "MUS": 55.6, "FSM": 53.11214000000009, "NRU": 71.68054892923976, "NCL": 57.179642328673296, "MNP": 67.39813999999976, "PLW": 64.90085169273988, "PNG": 61.02639891818028, "PRI": 35.2, "KNA": 62.00260682553989, "LCA": 63.704348263148965, "VCT": 59.32086100497998, "WSM": 49.33867700766011, "STP": 52.525967968060186, "SYC": 68.09, "SGP": 65.75, "SXM": 75.3959799999996, "SLB": 56.13172854482, "SUR": 55.63, "TLS": 54.30270573601994, "TON": 50.54729646752006, "TTO": 58.52, "TUV": 60.0929, "VIR": 57.460604152419904, "VUT": 52.48651565728014, "AIA": 59.00179071349998, "COK": 59.00179071349998, "MSR": 59.00179071349998, "NIU": 59.00179071349998}, "2020": {"ASM": 49.51278244120001, "ATG": 49.25179640459998, "ABW": 54.57053810503333, "BHS": 56.58411697960001, "BRB": 53.62737894580002, "BLZ": 50.74745969090005, "VGB": 58.551400000000015, "CPV": 45.91300000000002, "COM": 40.40180000000005, "CUB": 53.682077794200005, "CUW": 53.86270906510001, "DMA": 39.53870000000007, "DOM": 54.934692662700044, "FJI": 56.36730740220002, "PYF": 46.35450876600002, "GRD": 49.609830936399995, "GUM": 54.74926734150004, "GNB": 47.62723411120005, "GUY": 56.44632657929999, "HTI": 46.15642258780004, "JAM": 54.69928895600001, "KIR": 43.023400000000045, "MDV": 57.47076305089999, "MHL": 53.504676192300025, "MUS": 52.50211925880002, "FSM": 47.56421486580001, "NRU": 55.27132655313338, "NCL": 52.32388036766673, "MNP": 56.05880953810003, "PLW": 49.46841697300002, "PNG": 43.778800000000054, "PRI": 49.10547518870002, "KNA": 49.412534481799995, "LCA": 55.90616977710002, "VCT": 49.29754945449999, "WSM": 42.68200876600004, "STP": 49.94784045970001, "SYC": 49.47273448179999, "SGP": 60.18745260040003, "SXM": 53.6846367392, "SLB": 48.25624695290003, "SUR": 47.74408398629999, "TLS": 49.101934111200045, "TON": 48.018208766, "TTO": 53.32043353200002, "TUV": 48.31639999999997, "VIR": 53.95334132833334, "VUT": 48.846946952900055, "AIA": 53.91026691245003, "COK": 53.91026691245003, "MSR": 53.91026691245003, "NIU": 53.91026691245003}}, "upperIntervals": {"2015": {"ASM": 90.64, "ATG": 90.64, "ABW": 79.28, "BHS": 81.3, "VGB": 81.3, "COM": 81.3, "CUB": 68.82, "DMA": 79.28, "FJI": 64.56249999999999, "PYF": 58.52, "GUM": 90.64, "GNB": 84.84, "GUY": 81.3, "HTI": 74.46, "MDV": 81.3, "MHL": 90.64, "FSM": 79.2805, "NRU": 90.64, "NCL": 68.28, "MNP": 90.64, "PLW": 90.64, "PNG": 75.77, "KNA": 90.64, "LCA": 79.28, "VCT": 79.28, "WSM": 77.1, "STP": 79.29, "SXM": 90.64, "SLB": 77.1, "TLS": 79.28, "TON": 79.28, "TUV": 90.64, "VIR": 79.28, "VUT": 69.13, "AIA": 69.13, "COK": 69.13, "MSR": 69.13, "NIU": 69.13}, "2020": {"ASM": 53.07654682, "ATG": 52.718827341, "ABW": 56.06962932, "BHS": 64.18, "BRB": 56.42, "BLZ": 57.310500000000005, "VGB": 60.2795, "CPV": 50.203500000000005, "COM": 48.5, "CUB": 57.997499999999995, "CUW": 55.25, "DMA": 43.38, "DOM": 59.89499999999999, "FJI": 64.82, "PYF": 49.44, "GRD": 53.07654682, "GUM": 58.43, "GNB": 61.0635, "GUY": 65.91900000000001, "HTI": 56.42, "JAM": 59.3475, "KIR": 48.5, "MDV": 65.9, "MHL": 55.25, "MUS": 54.91, "FSM": 53.00999999999999, "NRU": 58.278000000000006, "NCL": 53.27, "MNP": 56.89763002, "PLW": 52.714609708000005, "PNG": 49.0915, "PRI": 56.124, "KNA": 52.7, "LCA": 59.68, "VCT": 53.07654682, "WSM": 49.532999999999994, "STP": 53.805499999999974, "SYC": 52.7, "SGP": 66.28, "SXM": 55.25, "SLB": 62.08, "SUR": 52.718827341, "TLS": 64.874, "TON": 53.27, "TTO": 55.25, "TUV": 50.9125, "VIR": 57.51, "VUT": 64.82, "AIA": 55.1075, "COK": 55.1075, "MSR": 55.1075, "NIU": 55.1075}}, "lowerIntervals": {"2015": {"ASM": 35.13250000000001, "ATG": 33.85, "ABW": 44.3, "BHS": 42.24584637, "VGB": 49.19, "COM": 33.85, "CUB": 38.99, "DMA": 38.99, "FJI": 31.74, "PYF": 39.05, "GUM": 33.85, "GNB": 40.804, "GUY": 37.03, "HTI": 35.2, "MDV": 33.85, "MHL": 22.49, "FSM": 22.49, "NRU": 33.85, "NCL": 45.85, "MNP": 33.85, "PLW": 33.85, "PNG": 42.41, "KNA": 38.99, "LCA": 42.24584637, "VCT": 38.99, "WSM": 31.74, "STP": 38.99, "SXM": 35.2, "SLB": 22.49, "TLS": 33.74450000000001, "TON": 36.938500000000005, "TUV": 33.85, "VIR": 35.2, "VUT": 38.99, "AIA": 45.99999999999999, "COK": 45.99999999999999, "MSR": 45.99999999999999, "NIU": 45.99999999999999}, "2020": {"ASM": 48.47, "ATG": 47.2, "ABW": 51.300000000000004, "BHS": 51.300000000000004, "BRB": 50.84, "BLZ": 41.14, "VGB": 57.3, "CPV": 42.690000000000005, "COM": 35.78, "CUB": 47.865, "CUW": 51.300000000000004, "DMA": 35.78, "DOM": 51.300000000000004, "FJI": 51.300000000000004, "PYF": 42.832499999999996, "GRD": 47.2, "GUM": 51.300000000000004, "GNB": 36.71, "GUY": 43.353, "HTI": 36.71, "JAM": 51.300000000000004, "KIR": 38.676500000000004, "MDV": 51.300000000000004, "MHL": 51.300000000000004, "MUS": 49.44, "FSM": 42.612500000000004, "NRU": 54.07, "NCL": 49.12, "MNP": 54.45, "PLW": 47.9, "PNG": 36.71, "PRI": 35.508, "KNA": 47.2, "LCA": 51.300000000000004, "VCT": 48.5, "WSM": 35.78, "STP": 47.2, "SYC": 47.2, "SGP": 54.64, "SXM": 51.300000000000004, "SLB": 36.71, "SUR": 42.839999999999996, "TLS": 36.71, "TON": 42.832499999999996, "TTO": 51.300000000000004, "TUV": 43.8, "VIR": 47.9, "VUT": 40.09, "AIA": 51.300000000000004, "COK": 51.300000000000004, "MSR": 51.300000000000004, "NIU": 51.300000000000004}}, "categoryImportances": {"2015": {"Environment": 0.6690074427163901, "Economic Policy & Debt": 0.3309925572836095}, "2020": {"Economic Policy & Debt": 0.013518441633960218, "Infrastructure": 0.00242710189942668, "Social Protection & Labor": 0.9840544564666132}}, "featureImportances": {"2015": {"wdi2-NY.GDP.MKTP.CN": 0.1025195246634681, "wdi-AG.LND.TOTL.K2": 0.0658945529034782, "wdi-AG.SRF.TOTL.K2": 0.0826197592738513, "wdi-EG.ELC.ACCS.ZS": 0.0405216845129399, "wdi-EG.ELC.RNEW.ZS": 0.188323206083549, "wdi-EN.POP.DNST": 0.0708100227983371, "wdi2-NY.GDP.FRST.RT.ZS": 0.1951155943541626, "wdi2-NY.GDP.MINR.RT.ZS": 0.025722622790072, "wdi2-NY.GDP.MKTP.CD": 0.1082103027670805, "wdi2-NY.GDP.PCAP.CD": 0.1202627298530609}, "2020": {"wdi2-NE.DAB.TOTL.CN": 0.0029683413092310394, "wdi2-NE.EXP.GNFS.CN": 0.0026727785618802145, "wdi-BX.TRF.PWKR.CD.DT": 0.007877321762848964, "wdi-IT.NET.SECR.P6": 0.00242710189942668, "wdi2-SL.EMP.TOTL.SP.FE.NE.ZS": 0.44098555874017853, "wdi2-SL.EMP.TOTL.SP.MA.NE.ZS": 0.08841899093168783, "wdi2-SL.EMP.TOTL.SP.ZS": 0.3005909631008531, "wdi2-SL.TLF.CACT.FE.NE.ZS": 0.11104199249285777, "wdi2-SL.TLF.CACT.FM.NE.ZS": 0.002791959611152222, "wdi2-SL.TLF.CACT.MA.NE.ZS": 0.04022499158988378}}, "performance": {"2015": 0.1715492164150982, "2020": 0.0474523657355333}}