{"data": {"2015": {"ASM": 66.86385656821338, "ATG": 73.65659521533017, "ABW": 82.91783947265026, "BHS": 76.66403560535666, "BRB": 79.35796526218283, "BLZ": 45.6902520838094, "VGB": 82.321291996421, "CPV": 28.17588997, "COM": 29.7987160599108, "CUB": 51.58339377605304, "CUW": 83.50707856979922, "DMA": 71.24035464054127, "DOM": 58.63265991, "FJI": 48.07007921758101, "PYF": 82.38540248176176, "GRD": 60.58741095449036, "GUM": 84.92879777674514, "GNB": 19.56066649898259, "GUY": 41.25651590863625, "HTI": 19.523954177687912, "JAM": 50.749393149148176, "KIR": 36.94194425094868, "MDV": 68.39958787603327, "MHL": 44.73377402367359, "MUS": 56.58105872869045, "FSM": 37.46425272497762, "NRU": 64.72106730795717, "NCL": 87.66162399124929, "MNP": 85.3095885852751, "PLW": 64.57996306532412, "PNG": 19.79234315077382, "PRI": 78.89593714797672, "KNA": 85.46779699926923, "LCA": 52.51651579823778, "VCT": 46.38146526040904, "WSM": 45.81894575607798, "STP": 28.31672683402969, "SYC": 75.32092818505643, "SGP": 76.14467621, "SXM": 82.55663096909176, "SLB": 18.527996172633504, "SUR": 52.2152504308778, "TLS": 28.81180987204377, "TON": 66.57384557410285, "TTO": 78.51662263122782, "TUV": 52.28028712702001, "VIR": 81.76198491664945, "VUT": 24.98922908136393, "AIA": 56.67963745604076, "COK": 56.67963745604076, "MSR": 56.67963745604076, "NIU": 56.67963745604076}}, "upperIntervals": {"2015": {"ASM": 96.2681427, "ATG": 96.2681427, "ABW": 99.82503186353333, "BHS": 96.93299485756177, "BRB": 97.09428659334998, "BLZ": 58.63265991, "VGB": 97.38087384216666, "COM": 36.48690033, "CUB": 75.4328537, "CUW": 97.81728160402272, "DMA": 97.73006018374998, "FJI": 58.593940629679466, "PYF": 99.41240803162502, "GRD": 94.23130126854991, "GUM": 97.77213666432051, "GNB": 36.48690033, "GUY": 75.4328537, "HTI": 36.48690033, "JAM": 58.63265991, "KIR": 57.869913335058136, "MDV": 97.10435448802498, "MHL": 58.63265991, "MUS": 79.83627243108323, "FSM": 75.4328537, "NRU": 96.38937746533333, "NCL": 99.478330806875, "MNP": 97.50198254654283, "PLW": 96.87119293, "PNG": 36.48690033, "PRI": 99.03211838808572, "KNA": 98.06380476179088, "LCA": 84.64270782, "VCT": 58.64944383262653, "WSM": 58.63265991, "STP": 44.46583939, "SYC": 99.8971292866, "SXM": 99.85952759, "SLB": 36.48690033, "SUR": 76.93849945, "TLS": 53.41478366999998, "TON": 97.79598932262816, "TTO": 97.5621085545096, "TUV": 58.713265108807306, "VIR": 98.31768717101389, "VUT": 36.885847282999634, "AIA": 76.93849945, "COK": 76.93849945, "MSR": 76.93849945, "NIU": 76.93849945}}, "lowerIntervals": {"2015": {"ASM": 52.8457157353, "ATG": 58.47480011, "ABW": 71.67243195, "BHS": 58.47480011, "BRB": 71.67243195, "BLZ": 13.96321011, "VGB": 58.47480011, "COM": 6.782519817, "CUB": 28.17588997, "CUW": 55.98732651366667, "DMA": 53.91532898, "FJI": 28.17588997, "PYF": 57.024565578546216, "GRD": 33.72108841, "GUM": 58.51324081, "GNB": 6.782519817, "GUY": 28.17588997, "HTI": 6.782519817, "JAM": 28.17588997, "KIR": 13.96321011, "MDV": 52.12162018, "MHL": 28.17588997, "MUS": 44.46583939, "FSM": 7.344220161, "NRU": 52.14094556133333, "NCL": 58.47480011, "MNP": 71.38639588750002, "PLW": 52.12162018, "PNG": 6.782519817, "PRI": 57.215540377208335, "KNA": 72.18403256945832, "LCA": 28.17588997, "VCT": 28.17588997, "WSM": 28.17588997, "STP": 6.782519817, "SYC": 52.12162018, "SXM": 58.47480011, "SLB": 6.782519817, "SUR": 28.17588997, "TLS": 6.782519817, "TON": 28.17588997, "TTO": 58.47480011, "TUV": 28.17588997, "VIR": 54.155421130166665, "VUT": 6.782519817, "AIA": 47.95592104733333, "COK": 47.95592104733333, "MSR": 47.95592104733333, "NIU": 47.95592104733333}}, "categoryImportances": {"2015": {"Environment": 0.0180268377894128, "Economic Policy & Debt": 0.0208074963043859, "Profile": 0.0331869821222898, "Climate": 0.043592817648697504, "Digital": 0.8660283967190693, "Blue": 0.0183574694161444}}, "featureImportances": {"2015": {"wdi2-NE.DAB.TOTL.CN": 0.0208074963043859, "key-wdi-AG.SRF.TOTL.K2": 0.0132651564164339, "key-wdi-EG.ELC.ACCS.ZS": 0.4529447593094513, "key-wdi-EG.ELC.RNEW.ZS": 0.019821526599773, "key-wdi-EG.FEC.RNEW.ZS": 0.0237712910489245, "key-wdi-ER.FSH.CAPT.MT": 0.0183574694161444, "key-wdi-IT.CEL.SETS.P2": 0.025608869419091, "key-wdi-IT.NET.USER.ZS": 0.387474767990527, "key-wdi2-SP.POP.TOTL": 0.0199218257058559, "wdi-AG.LND.AGRI.K2": 0.0180268377894128}}}