{"data": {"2015": {"ASM": 14.315560250841948, "ATG": 10.848799999999985, "ABW": 8.242139999999996, "BHS": 12.0, "BRB": 9.8, "BLZ": 7.58, "VGB": 6.759382275689998, "CPV": 31.31, "COM": 16.997134425832, "CUB": 2.4, "CUW": 11.71, "DMA": 13.288310006517978, "DOM": 7.61, "FJI": 12.745480042845974, "PYF": 13.582118106303982, "GRD": 22.9, "GUM": 6.9, "GNB": 16.864340000000016, "GUY": 9.258659499185976, "HTI": 9.008846692568005, "JAM": 13.51, "KIR": 9.33, "MDV": 8.217594151738005, "MHL": 16.811159999999933, "MUS": 7.41, "FSM": 15.641503277495987, "NRU": 13.735519999999992, "NCL": 9.620948734102004, "MNP": 12.39233999999998, "PLW": 14.585595339939967, "PNG": 6.555121842892003, "PRI": 12.0, "KNA": 13.316239999999972, "LCA": 8.822397991340011, "VCT": 13.76637585477995, "WSM": 13.836857991339976, "STP": 15.180859999999996, "SYC": 4.15, "SGP": 3.79, "SXM": 11.33748000000002, "SLB": 16.586834425832, "SUR": 7.22, "TLS": 16.346068851664015, "TON": 11.22635585477998, "TTO": 2.43, "TUV": 13.978599999999966, "VIR": 7.685240000000006, "VUT": 18.136241174106, "AIA": 5.1668394419100085, "COK": 5.1668394419100085, "MSR": 5.1668394419100085, "NIU": 5.1668394419100085}, "2020": {"ASM": 10.384200067944668, "ATG": 12.268419078199997, "ABW": 8.337005630436385, "BHS": 7.4045117568583745, "BRB": 10.503629546404998, "BLZ": 12.85010995995999, "VGB": 6.351107620596489, "CPV": 15.738100000000008, "COM": 15.081106064200009, "CUB": 11.028248796427775, "CUW": 6.7229405472094586, "DMA": 15.304899999999993, "DOM": 9.735098405699995, "FJI": 12.7171572996, "PYF": 15.94960891890001, "GRD": 12.161781800584833, "GUM": 11.486885090191706, "GNB": 12.640699999999999, "GUY": 13.767357593140998, "HTI": 11.889726699649996, "JAM": 7.743016720335046, "KIR": 14.286102854700006, "MDV": 10.912810659424329, "MHL": 9.835667779481671, "MUS": 10.669138494950387, "FSM": 12.192740575610008, "NRU": 7.97598284989311, "NCL": 13.142715851985715, "MNP": 8.886693542093163, "PLW": 10.715151708730001, "PNG": 15.525006064200014, "PRI": 19.740004072490013, "KNA": 10.487157484882777, "LCA": 12.024502958314324, "VCT": 14.828400062740004, "WSM": 16.177800000000005, "STP": 14.825418192600017, "SYC": 8.962967544919996, "SGP": 4.3035781211299975, "SXM": 9.369525915440999, "SLB": 13.029599999999999, "SUR": 13.920390523267496, "TLS": 12.666699999999999, "TON": 15.631912128400012, "TTO": 9.877510112270004, "TUV": 11.990116735995004, "VIR": 10.96477403331489, "VUT": 12.549100000000001, "AIA": 5.491420694092556, "COK": 5.491420694092556, "MSR": 5.491420694092556, "NIU": 5.491420694092556}}, "upperIntervals": {"2015": {"ASM": 31.31, "ATG": 31.31, "ABW": 17.207499999999985, "VGB": 22.10199999999996, "COM": 31.31, "DMA": 31.31, "FJI": 27.69, "PYF": 27.69, "GNB": 31.31, "GUY": 25.15, "HTI": 27.69, "MDV": 23.0, "MHL": 31.31, "FSM": 31.31, "NRU": 23.0, "NCL": 26.07, "MNP": 31.31, "PLW": 31.31, "PNG": 14.91, "KNA": 31.31, "LCA": 23.0, "VCT": 31.31, "WSM": 31.31, "STP": 31.31, "SXM": 23.0, "SLB": 31.31, "TLS": 31.31, "TON": 22.9, "TUV": 31.31, "VIR": 17.54, "VUT": 31.31, "AIA": 11.94549895, "COK": 11.94549895, "MSR": 11.94549895, "NIU": 11.94549895}, "2020": {"ASM": 17.9, "ATG": 18.55, "ABW": 18.55, "BHS": 18.55, "BRB": 18.55, "BLZ": 18.55, "VGB": 8.588925526139999, "CPV": 18.5, "COM": 25.89, "CUB": 17.9, "CUW": 10.35, "DMA": 18.5, "DOM": 18.55, "FJI": 18.55, "PYF": 18.55, "GRD": 17.932499999999997, "GUM": 18.55, "GNB": 18.55, "GUY": 18.55, "HTI": 18.55, "JAM": 18.5, "KIR": 18.5, "MDV": 18.55, "MHL": 18.55, "MUS": 18.55, "FSM": 17.4345, "NRU": 17.4345, "NCL": 18.55, "MNP": 18.55, "PLW": 17.9, "PNG": 18.55, "PRI": 29.22, "KNA": 17.9, "LCA": 18.55, "VCT": 18.55, "WSM": 18.91699999999998, "STP": 17.929999999999996, "SYC": 17.9, "SGP": 7.18, "SXM": 18.55, "SLB": 18.55, "SUR": 18.5, "TLS": 18.55, "TON": 18.55, "TTO": 18.55, "TUV": 17.9, "VIR": 17.9, "VUT": 18.55, "AIA": 10.364030321, "COK": 10.364030321, "MSR": 10.364030321, "NIU": 10.364030321}}, "lowerIntervals": {"2015": {"ASM": 4.15, "ATG": 4.15, "ABW": 4.24, "VGB": 1.0, "COM": 1.81, "DMA": 4.15, "FJI": 2.390000000000001, "PYF": 4.142500000000001, "GNB": 1.79, "GUY": 1.79, "HTI": 1.809, "MDV": 1.81, "MHL": 4.24, "FSM": 2.43, "NRU": 2.43, "NCL": 4.3095, "MNP": 4.15, "PLW": 4.15, "PNG": 0.77, "KNA": 4.15, "LCA": 1.81, "VCT": 4.15, "WSM": 4.15, "STP": 2.08, "SXM": 4.15, "SLB": 2.08, "TLS": 2.08, "TON": 4.15, "TUV": 4.15, "VIR": 4.15, "VUT": 2.2, "AIA": 1.85, "COK": 1.85, "MSR": 1.85, "NIU": 1.85}, "2020": {"ASM": 4.25, "ATG": 4.26, "ABW": 3.7595, "BHS": 2.561, "BRB": 3.16, "BLZ": 3.1420000000000003, "VGB": 3.82, "CPV": 5.03, "COM": 4.45, "CUB": 5.3352, "CUW": 3.16, "DMA": 5.0865, "DOM": 3.7775000000000003, "FJI": 4.26, "PYF": 10.537771196500001, "GRD": 3.82, "GUM": 4.2435, "GNB": 2.57, "GUY": 4.2379999999999995, "HTI": 4.4415000000000004, "JAM": 2.8, "KIR": 5.03, "MDV": 2.57, "MHL": 4.867999999999999, "MUS": 4.2379999999999995, "FSM": 4.45, "NRU": 3.8609999999999998, "NCL": 4.279, "MNP": 4.4448866304550005, "PLW": 3.787, "PNG": 9.16, "PRI": 3.82, "KNA": 3.82, "LCA": 4.2435, "VCT": 6.11, "WSM": 9.0775, "STP": 4.45, "SYC": 4.25, "SGP": 1.1, "SXM": 4.2379999999999995, "SLB": 2.57, "SUR": 4.26, "TLS": 3.8735000000000004, "TON": 8.935, "TTO": 3.82, "TUV": 4.4405, "VIR": 4.4471831522750005, "VUT": 2.57, "AIA": 2.55, "COK": 2.55, "MSR": 2.55, "NIU": 2.55}}, "categoryImportances": {"2015": {"Environment": 0.573412751635727, "Financial Sector": 0.0793523745830377, "Economic Policy & Debt": 0.34723487378123485}, "2020": {"Economic Policy & Debt": 0.11474469227885944, "Infrastructure": 0.06968391176556656, "Social Protection & Labor": 0.815571395955574}}, "featureImportances": {"2015": {"wdi2-NY.GDP.MKTP.CN": 0.0899583027297218, "wdi-AG.LND.TOTL.K2": 0.0516462535892912, "wdi-AG.SRF.TOTL.K2": 0.0469373212331783, "wdi-EG.ELC.ACCS.ZS": 0.1525183876199987, "wdi-EG.ELC.RNEW.ZS": 0.0753962640296724, "wdi-EN.POP.DNST": 0.0850241082342838, "wdi2-NY.GDP.DEFL.KD.ZG": 0.0793523745830377, "wdi2-NY.GDP.FRST.RT.ZS": 0.0986064367940759, "wdi2-NY.GDP.MINR.RT.ZS": 0.0632839801352267, "wdi2-NY.GDP.MKTP.CD": 0.257276571051513}, "2020": {"wdi2-NE.DAB.TOTL.CN": 0.019442205485398073, "wdi2-NE.EXP.GNFS.CN": 0.035947061712791245, "wdi-BX.TRF.PWKR.CD.DT": 0.05935542508067012, "wdi-IT.NET.SECR.P6": 0.06968391176556656, "wdi2-SL.EMP.TOTL.SP.ZS": 0.45388098446851605, "wdi2-SL.TLF.CACT.FE.NE.ZS": 0.0927978695468889, "wdi2-SL.TLF.CACT.FM.NE.ZS": 0.13077839099099817, "wdi2-SL.TLF.CACT.MA.NE.ZS": 0.04702706607791651, "wdi2-SL.TLF.CACT.ZS": 0.028419958984217158, "wdi2-SL.TLF.TOTL.IN": 0.06266712588703723}}}