{"ssi-wbs": {"data": {"2020": {"ATG": 5.575084276236216, "ABW": 7.10068393873312, "BHS": 5.974683209409874, "BHR": 2.1264927619596232, "BRB": 7.208906201527453, "BLZ": 3.1962479444155987, "BMU": 8.604888248055353, "VGB": 6.527870502453334, "CPV": 5.448479995379858, "CYM": 5.392802253998255, "COM": 2.3364888239364805, "CUB": 5.638421054912088, "DMA": 6.843688233898437, "DOM": 4.437146478271767, "FJI": 6.228366920578588, "GRD": 6.170444651136489, "GNB": 1.6080232999970283, "GUY": 5.590193877840229, "HTI": 3.4627315667035066, "JAM": 6.055380799939604, "KIR": 4.997515252249263, "MDV": 2.017753544580375, "MHL": 5.814875770511587, "MUS": 6.544652244910948, "FSM": 5.253785632934017, "NRU": 2.105068637044091, "PLW": 6.372313349860044, "PNG": 3.1828831830215374, "WSM": 6.414788863573529, "STP": 2.38503049686572, "SYC": 4.648202057472337, "SGP": 6.636463783363633, "SLB": 2.143593719279224, "KNA": 6.131714657549513, "LCA": 6.565608848301541, "VCT": 6.76915984714824, "SUR": 5.062763061574156, "TLS": 3.5440333107237114, "TON": 6.640550781462033, "TTO": 5.900658662186248, "TCA": 3.585127218002972, "TUV": 5.345690616308681, "VUT": 2.2844711495953134}, "recentValue": {"ATG": 5.575084276236216, "ABW": 7.10068393873312, "BHS": 5.974683209409874, "BMU": 8.604888248055353, "BHR": 2.1264927619596232, "BRB": 7.208906201527453, "BLZ": 3.1962479444155987, "VGB": 6.527870502453334, "CPV": 5.448479995379858, "CYM": 5.392802253998255, "COM": 2.3364888239364805, "CUB": 5.638421054912088, "DMA": 6.843688233898437, "DOM": 4.437146478271767, "FJI": 6.228366920578588, "GRD": 6.170444651136489, "GNB": 1.6080232999970283, "GUY": 5.590193877840229, "HTI": 3.4627315667035066, "JAM": 6.055380799939604, "KIR": 4.997515252249263, "MDV": 2.017753544580375, "MHL": 5.814875770511587, "MUS": 6.544652244910948, "FSM": 5.253785632934017, "NRU": 2.105068637044091, "PLW": 6.372313349860044, "PNG": 3.1828831830215374, "WSM": 6.414788863573529, "STP": 2.38503049686572, "SYC": 4.648202057472337, "SGP": 6.636463783363633, "SLB": 2.143593719279224, "KNA": 6.131714657549513, "VCT": 6.76915984714824, "LCA": 6.565608848301541, "SUR": 5.062763061574156, "TLS": 3.5440333107237114, "TTO": 5.900658662186248, "TON": 6.640550781462033, "TUV": 5.345690616308681, "TCA": 3.585127218002972, "VUT": 2.2844711495953134}, "recentYear": {"ATG": "2020", "ABW": "2020", "BHS": "2020", "BMU": "2020", "BHR": "2020", "BRB": "2020", "BLZ": "2020", "VGB": "2020", "CPV": "2020", "CYM": "2020", "COM": "2020", "CUB": "2020", "DMA": "2020", "DOM": "2020", "FJI": "2020", "GRD": "2020", "GNB": "2020", "GUY": "2020", "HTI": "2020", "JAM": "2020", "KIR": "2020", "MDV": "2020", "MHL": "2020", "MUS": "2020", "FSM": "2020", "NRU": "2020", "PLW": "2020", "PNG": "2020", "WSM": "2020", "STP": "2020", "SYC": "2020", "SGP": "2020", "SLB": "2020", "KNA": "2020", "VCT": "2020", "LCA": "2020", "SUR": "2020", "TLS": "2020", "TTO": "2020", "TON": "2020", "TUV": "2020", "TCA": "2020", "VUT": "2020"}}, "def": "A geometric average of the scores for income distribution, population growth, and good governance.", "name": "Well-balanced Society", "source": "World Bank", "dataset": "World Bank", "category": "Human Wellbeing", "subcategory": "Well-balance Society", "link": "https://ssi.wi.th-koeln.de/ssi-final.html", "dim": "none", "priority": "2.0", "units": "Score"}, "confidenceIntervals": {"2020": {"BHS": 0.5974683209409875, "BLZ": 0.7990619861038997, "DOM": 1.1092866195679418, "FJI": 1.557091730144647, "HTI": 0.4946759381005009, "MDV": 0.5044383861450937, "MHL": 5.814875770511587, "NRU": 0.3007240910062987, "WSM": 0.6414788863573528, "STP": 2.38503049686572, "LCA": 0.9379441211859344, "VCT": 1.69228996178706, "SUR": 1.265690765393539, "TTO": 5.900658662186248}, "recentValue": {"BMU": 2.1512220620138383, "BRB": 0.7208906201527453, "BLZ": 0.7990619861038997, "COM": 0.23364888239364806, "FJI": 6.228366920578588, "GNB": 0.22971761428528975, "KIR": 4.997515252249263, "FSM": 5.253785632934017, "STP": 0.23850304968657202, "SGP": 0.9480662547662332, "LCA": 1.6414022120753853, "TUV": 0.7636700880440973}}, "featureImportances": {"indicators": {"wdi2-SE.PRM.ENRR.MA": 0.663, "hdr-175106": 0.186, "wdi-BX.GSR.GNFS.CD": 0.962, "ihme-acute-hepatitis": 0.709, "ihme-esophageal-cancer": 0.99, "ohi-lsp-trend": 0.063, "key-wdi2-SP.POP.TOTL": 0.429, "wdi2-SE.PRM.UNER": 0.178, "ndgain-id_wate_06-score": 0.09, "wdi2-SE.XPD.CSEC.ZS": 0.158}, "categories": {"Hemoglobinopathies and hemolytic anemias": 0.04, "All causes": 0.693, "Characteristic": 0.704, "Migration": 0.172}}}