{"ssi-enwi": {"data": {"2020": {"ATG": 4.481933505354196, "ABW": 4.086528156512252, "BHS": 3.476136283405688, "BHR": 3.7039775065327607, "BRB": 4.271147085718324, "BLZ": 3.1546825801485645, "BMU": 2.3900355764377124, "VGB": 4.146429513415543, "CPV": 2.32201067569838, "CYM": 2.7387518799857578, "COM": 2.8976248814866654, "COK": 2.901897346410146, "CUB": 5.779673396001648, "DMA": 4.151429463149613, "DOM": 4.431029844078696, "FJI": 2.408369811787085, "GRD": 4.891228768881728, "GNB": 5.13677044424936, "GUY": 3.3132444431508707, "HTI": 3.816809977617323, "JAM": 5.685131425198248, "KIR": 2.407278165222164, "MDV": 3.3118092821062843, "MHL": 3.25, "MUS": 3.640748644749137, "FSM": 3.2664976797978227, "NRU": 3.8937407695041686, "PLW": 1.7923913043478343, "PNG": 4.022717540084611, "WSM": 2.1537799202359973, "STP": 4.35604164946546, "SYC": 2.6695016327759653, "SGP": 2.897156242835857, "SLB": 2.153784235268172, "KNA": 3.932544901873981, "LCA": 3.899732512136152, "VCT": 3.192791500531288, "SUR": 5.297425582603674, "TLS": 4.283028336472845, "TON": 2.966698994913572, "TTO": 3.708375958112613, "TCA": 2.387261790607702, "TUV": 8.225562234421457, "VUT": 2.966674611834723}, "recentValue": {"ATG": 4.481933505354196, "ABW": 4.086528156512252, "BHS": 3.476136283405688, "BMU": 2.3900355764377124, "BHR": 3.7039775065327607, "BRB": 4.271147085718324, "BLZ": 3.1546825801485645, "VGB": 4.146429513415543, "CPV": 2.32201067569838, "CYM": 2.7387518799857578, "COM": 2.8976248814866654, "CUB": 5.779673396001648, "DMA": 4.151429463149613, "DOM": 4.431029844078696, "FJI": 2.408369811787085, "GRD": 4.891228768881728, "GNB": 5.13677044424936, "GUY": 3.3132444431508707, "HTI": 3.816809977617323, "JAM": 5.685131425198248, "KIR": 2.407278165222164, "MDV": 3.3118092821062843, "MHL": 3.25, "MUS": 3.640748644749137, "FSM": 3.2664976797978227, "NRU": 3.8937407695041686, "PLW": 1.7923913043478343, "PNG": 4.022717540084611, "WSM": 2.1537799202359973, "STP": 4.35604164946546, "SYC": 2.6695016327759653, "SGP": 2.897156242835857, "SLB": 2.153784235268172, "KNA": 3.932544901873981, "VCT": 3.192791500531288, "LCA": 3.899732512136152, "SUR": 5.297425582603674, "TLS": 4.283028336472845, "TTO": 3.708375958112613, "TON": 2.966698994913572, "TUV": 8.225562234421457, "TCA": 2.387261790607702, "VUT": 2.966674611834723, "COK": 2.901897346410146}, "recentYear": {"ATG": "2020", "ABW": "2020", "BHS": "2020", "BMU": "2020", "BHR": "2020", "BRB": "2020", "BLZ": "2020", "VGB": "2020", "CPV": "2020", "CYM": "2020", "COM": "2020", "CUB": "2020", "DMA": "2020", "DOM": "2020", "FJI": "2020", "GRD": "2020", "GNB": "2020", "GUY": "2020", "HTI": "2020", "JAM": "2020", "KIR": "2020", "MDV": "2020", "MHL": "2020", "MUS": "2020", "FSM": "2020", "NRU": "2020", "PLW": "2020", "PNG": "2020", "WSM": "2020", "STP": "2020", "SYC": "2020", "SGP": "2020", "SLB": "2020", "KNA": "2020", "VCT": "2020", "LCA": "2020", "SUR": "2020", "TLS": "2020", "TTO": "2020", "TON": "2020", "TUV": "2020", "TCA": "2020", "VUT": "2020", "COK": "2020"}}, "def": "A geometric average of the composite scores for natural resources and climate and energy.", "name": "Environmental Wellbeing Index", "source": "Sustainable Society Foudnation", "dataset": "Sustainable Society Foudnation", "category": "Environmental Wellbeing", "subcategory": "None", "link": "https://ssi.wi.th-koeln.de/ssi-final.html", "dim": "none", "priority": "1.0", "units": "Score"}, "confidenceIntervals": {"2020": {"BRB": 0.4271147085718324, "BLZ": 3.1546825801485645, "BMU": 0.23900355764377124, "VGB": 0.4146429513415543, "COK": 0.2901897346410146, "FJI": 0.34405283025529787, "JAM": 0.5685131425198249, "KIR": 0.24072781652221642, "MUS": 0.5201069492498768, "FSM": 3.2664976797978227, "PLW": 0.2560559006211192}, "recentValue": {"BLZ": 0.31546825801485645, "MHL": 0.325, "STP": 4.35604164946546, "SLB": 0.2153784235268172, "TLS": 4.283028336472845}}, "featureImportances": {"indicators": {"wdi-DT.NFL.PCBK.CD": 0.346, "wdi-DC.DAC.TOTL.CD": 0.245, "wdi2-SH.UHC.OOPC.10.TO": 0.598, "wdi2-SE.ADT.LITR.MA.ZS": 0.243, "ndgain-id_wate_05-raw": 0.567, "ihme-typhoid-fever": 0.689, "ihme-cirrhosis-and-other-chronic-liver-diseases-due-to-hepatitis-b": 0.656, "wdi2-SL.TLF.ACTI.ZS": 0.164, "wdi-IQ.CPA.PADM.XQ": 0.517, "wdi2-SH.STA.HYGN.ZS": 0.727}, "categories": {"Interpersonal violence": 0.571, "Readiness for Frontier Technologies Index": 0.384, "Maternal and neonatal disorders": 0.043, "Maternal and Newborn Health": 0.3}}}