{"ssi-10": {"data": {"2020": {"ATG": 8.519122967716743, "ABW": 7.479394065006975, "BHS": 7.75, "BHR": 4.265052337778115, "BRB": 3.25, "BLZ": 10.0, "BMU": 3.2699797558643624, "VGB": 5.172203670416517, "CPV": 2.915497442142951, "CYM": 5.637567458917177, "COM": 7.0546506154698285, "COK": 3.2312500000000064, "CUB": 4.638308116373025, "DMA": 7.75, "DOM": 6.556070171807075, "FJI": 1.8527992187552225, "GRD": 5.19437704331152, "GNB": 9.16566338883675, "GUY": 5.27796961940307, "HTI": 3.8604227140783736, "JAM": 5.5, "KIR": 3.3588353758207647, "MDV": 4.807902513768152, "MHL": 3.25, "MUS": 3.5463054187192133, "FSM": 3.4865622085664576, "NRU": 7.75, "PLW": 1.7923913043478343, "PNG": 6.7464614788255375, "STP": 6.190031785188518, "SYC": 5.096579906618815, "SGP": 5.117348936083857, "KNA": 7.43630239785165, "LCA": 6.031412473556439, "VCT": 3.320440795932257, "SUR": 6.851002058403749, "TLS": 8.44098856758574, "TON": 7.75, "TTO": 5.347382762006912, "TCA": 3.25, "TUV": 6.76598740723405, "VUT": 7.75}, "recentValue": {"ATG": 8.519122967716743, "ABW": 7.479394065006975, "BHS": 7.75, "BMU": 3.2699797558643624, "BHR": 4.265052337778115, "BRB": 3.25, "BLZ": 10.0, "VGB": 5.172203670416517, "CPV": 2.915497442142951, "CYM": 5.637567458917177, "COM": 7.0546506154698285, "CUB": 4.638308116373025, "DMA": 7.75, "DOM": 6.556070171807075, "FJI": 1.8527992187552225, "GRD": 5.19437704331152, "GNB": 9.16566338883675, "GUY": 5.27796961940307, "HTI": 3.8604227140783736, "JAM": 5.5, "KIR": 3.3588353758207647, "MDV": 4.807902513768152, "MHL": 3.25, "MUS": 3.5463054187192133, "FSM": 3.4865622085664576, "NRU": 7.75, "PLW": 1.7923913043478343, "PNG": 6.7464614788255375, "STP": 6.190031785188518, "SYC": 5.096579906618815, "SGP": 5.117348936083857, "KNA": 7.43630239785165, "VCT": 3.320440795932257, "LCA": 6.031412473556439, "SUR": 6.851002058403749, "TLS": 8.44098856758574, "TTO": 5.347382762006912, "TON": 7.75, "TUV": 6.76598740723405, "TCA": 3.25, "VUT": 7.75, "COK": 3.2312500000000064}, "recentYear": {"ATG": "2020", "ABW": "2020", "BHS": "2020", "BMU": "2020", "BHR": "2020", "BRB": "2020", "BLZ": "2020", "VGB": "2020", "CPV": "2020", "CYM": "2020", "COM": "2020", "CUB": "2020", "DMA": "2020", "DOM": "2020", "FJI": "2020", "GRD": "2020", "GNB": "2020", "GUY": "2020", "HTI": "2020", "JAM": "2020", "KIR": "2020", "MDV": "2020", "MHL": "2020", "MUS": "2020", "FSM": "2020", "NRU": "2020", "PLW": "2020", "PNG": "2020", "STP": "2020", "SYC": "2020", "SGP": "2020", "KNA": "2020", "VCT": "2020", "LCA": "2020", "SUR": "2020", "TLS": "2020", "TTO": "2020", "TON": "2020", "TUV": "2020", "TCA": "2020", "VUT": "2020", "COK": "2020"}}, "def": "Indicator: 10-years change in a) Forest area (% of land area) and b) Terrestrial. Biodiversity is expressed by two sub indicators: the 10-years change of forest area and the size of protected land areas in % of the total land area of a country. ", "name": "Biodiversity", "source": "FAO, World Bank", "dataset": "FAO, World Bank", "category": "Environmental Wellbeing", "subcategory": "Natural Resources", "link": "https://ssi.wi.th-koeln.de/ssi-final.html", "dim": "none", "priority": "3.0", "units": "Score"}, "confidenceIntervals": {"2020": {"ATG": 8.519122967716743, "BHS": 1.9375, "VGB": 5.172203670416517, "COM": 1.007807230781404, "GRD": 5.19437704331152, "VCT": 0.47434868513317957}, "recentValue": {"ATG": 8.519122967716743, "ABW": 7.479394065006975, "BRB": 3.25, "VGB": 1.2930509176041292, "GRD": 0.519437704331152, "MDV": 0.4807902513768152, "NRU": 1.1071428571428572, "PNG": 1.6866153697063844, "STP": 1.5475079462971295, "SYC": 5.096579906618815, "KNA": 0.743630239785165, "VCT": 0.3320440795932257, "SUR": 1.7127505146009372, "VUT": 7.75}}, "featureImportances": {"indicators": {"ssi-bn": 0.795, "ohi-np-score": 0.079, "ihme-leishmaniasis": 0.789, "ihme-near-vision-loss": 0.138, "ohi-bd-resilience": 0.954, "wdi2-NY.GDP.FCST.CN": 0.932, "ndgain-id_soci_04-raw": 0.889, "wdi2-SE.PRM.TENR.MA": 0.648, "paris-86": 0.708, "wdi2-TM.TAX.MANF.SR.ZS": 0.295}, "categories": {"Gynecological diseases": 0.859, "Self-harm": 0.857, "Income/composition of resources": 0.122, "Finance": 0.659}}}