{"data": {"2020": {"ASM": 1.233808367543543, "ATG": 4.323771446751513, "ABW": 1.4760023266927518, "BHS": 1.5091090701065972, "BRB": 0.871595228628747, "BLZ": 4.12349828672491, "VGB": 1.4426885383654326, "CPV": 4.81594493691826, "COM": 10.171609209107666, "CUB": 0.6346451808799235, "CUW": 0.5039896529303484, "DMA": 4.218717778746497, "DOM": 4.126718925621156, "FJI": 8.097451204145559, "PYF": 1.5822474030491882, "GRD": 4.86057907176322, "GUM": 1.720098416018593, "GNB": 8.86003343372945, "GUY": 4.367386289285545, "HTI": 10.970395145216356, "JAM": 1.1428843243785904, "KIR": 5.65156290206516, "MDV": 4.24426386983714, "MHL": 3.8283309226301125, "MUS": 1.3048932452187803, "FSM": 5.384685481754534, "NRU": 4.153696098239301, "NCL": 1.5822474030491882, "MNP": 1.233808367543543, "PLW": 4.27614855354138, "PNG": 9.67146650637537, "PRI": 0.4197363907656943, "KNA": 8.139103470644928, "LCA": 1.5070393000969535, "VCT": 1.3933653253653917, "WSM": 10.034510475755328, "STP": 9.159743253025063, "SYC": 1.5296945174057897, "SGP": 0.8519764124800956, "SXM": 1.1016392915952244, "SLB": 8.096981239191456, "SUR": 7.469533799813254, "TLS": 9.144551871870878, "TON": 6.949736261374339, "TTO": 1.4507851131881158, "TUV": 4.909121246399403, "VIR": 0.6346451808799235, "VUT": 8.313656508833134, "AIA": 4.6323191757424, "COK": 4.6323191757424, "MSR": 4.6323191757424, "NIU": 4.6323191757424}}, "upperIntervals": {"2020": {"ASM": 8.535389170647967, "ATG": 8.535389170647967, "ABW": 8.535389170647967, "BHS": 8.535389170647967, "BRB": 8.535389170647967, "BLZ": 8.535389170647967, "VGB": 8.535389170647967, "CPV": 8.535389170647967, "COM": 9.65624746476496, "CUB": 8.535389170647967, "CUW": 8.535389170647967, "DMA": 8.535389170647967, "DOM": 8.535389170647967, "FJI": 8.535389170647967, "PYF": 8.535389170647967, "GRD": 8.535389170647967, "GUM": 8.535389170647967, "GNB": 8.535389170647967, "GUY": 8.535389170647967, "HTI": 10.971217440806084, "JAM": 8.535389170647967, "KIR": 8.76828614163569, "MDV": 8.535389170647967, "MHL": 8.535389170647967, "MUS": 8.535389170647967, "FSM": 8.535389170647967, "NRU": 8.535389170647967, "NCL": 8.535389170647967, "MNP": 8.535389170647967, "PLW": 8.535389170647967, "PNG": 9.249178647365984, "PRI": 8.535389170647967, "KNA": 8.535389170647967, "LCA": 8.535389170647967, "VCT": 8.535389170647967, "WSM": 9.249178647365984, "STP": 9.011910501714643, "SYC": 8.535389170647967, "SGP": 8.535389170647967, "SXM": 8.535389170647967, "SLB": 8.535389170647967, "SUR": 8.535389170647967, "TLS": 9.011910501714643, "TON": 8.535389170647967, "TTO": 8.535389170647967, "TUV": 8.535389170647967, "VIR": 8.535389170647967, "VUT": 8.535389170647967, "AIA": 8.535389170647967, "COK": 8.535389170647967, "MSR": 8.535389170647967, "NIU": 8.535389170647967}}, "lowerIntervals": {"2020": {"ASM": 1.1655505440500398, "ATG": 3.2433314573977534, "ABW": 1.2405988849504852, "BHS": 1.7531778551510828, "BRB": 2.0828011975771408, "BLZ": 2.7945755541663115, "VGB": 1.1702276360385975, "CPV": 3.069143150460422, "COM": 3.10063980866196, "CUB": 0.5949501450721821, "CUW": 0.6719107311572443, "DMA": 2.439070879634705, "DOM": 0.7402190893074192, "FJI": 3.4449211804393536, "PYF": 1.240555544194419, "GRD": 3.2433314573977534, "GUM": 1.1655505440500398, "GNB": 3.07610421637343, "GUY": 3.4449211804393536, "HTI": 1.301855266116272, "JAM": 1.5204007335214245, "KIR": 3.0761888995156883, "MDV": 3.847775369508557, "MHL": 1.3358384328853745, "MUS": 2.5557676495641917, "FSM": 1.3358384328853745, "NRU": 1.1755738911150466, "NCL": 1.240555544194419, "MNP": 1.1655505440500398, "PLW": 1.2525344772001086, "PNG": 3.2023986482518336, "PRI": 0.559347523524097, "KNA": 3.2546899334797534, "LCA": 2.5729344921329242, "VCT": 2.5729344921329242, "WSM": 0.9743323456624424, "STP": 3.2791408426260245, "SYC": 2.5729344921329242, "SGP": 1.093538558754282, "SXM": 1.240555544194419, "SLB": 3.2739529330629824, "SUR": 3.847775369508557, "TLS": 3.1057430350827437, "TON": 1.3358384328853745, "TTO": 1.9275577708762008, "TUV": 3.847775369508557, "VIR": 0.5950746629853731, "VUT": 3.100555125519701, "AIA": 1.1869323671970475, "COK": 1.1869323671970475, "MSR": 1.1869323671970475, "NIU": 1.1869323671970475}}, "categoryImportances": {"2020": {"Economic Policy & Debt": 0.014303907003669316, "Private Sector & Trade": 0.9837298284551393, "Financial": 0.001966264541190931}}, "featureImportances": {"2020": {"wdi2-NY.GDP.MKTP.PP.CD": 0.004094437672007534, "wdi2-NY.GNP.MKTP.PP.KD": 0.006305152104677566, "mvi-wdi-BX.TRF.PWKR.DT.GD.ZS": 0.001966264541190931, "wdi-BX.TRF.PWKR.CD.DT": 0.001642125437040538, "wdi-BX.TRF.PWKR.DT.GD.ZS": 0.0022621917899436775, "wdi-IC.CUS.DURS.EX": 0.005977590008514935, "wdi-IC.ELC.OUTG": 0.8141214091948854, "wdi-IC.ELC.OUTG.ZS": 0.14172526784332642, "wdi-IC.FRM.BKWC.ZS": 0.0004223882173709479, "wdi-IC.FRM.BNKS.ZS": 0.021483173191041614}}, "performance": {"2020": 0.3020521270546889}}