{"data": {"2020": {"ASM": 31.194002709228695, "ATG": 24.400111285728997, "ABW": 26.597864646540238, "BHS": 32.4873682745502, "BRB": 28.209476411466007, "BLZ": 30.583250002067686, "VGB": 30.504634328292543, "CPV": 22.169607271379228, "COM": 18.69619033876509, "CUB": 18.89728583, "CUW": 30.63649784711376, "DMA": 34.366528364294886, "DOM": 30.5845627, "FJI": 18.396258440919475, "PYF": 30.66391513502245, "GRD": 31.813544343936524, "GUM": 26.76711185083132, "GNB": 57.2153564071648, "GUY": 18.476518032643032, "HTI": 24.32400766, "JAM": 32.249690927040746, "KIR": 18.371246098801205, "MDV": 26.342154200200405, "MHL": 29.565702771418657, "MUS": 20.86533377790049, "FSM": 22.945883911753857, "NRU": 29.924099588049053, "NCL": 32.23204935679238, "MNP": 29.634170174984302, "PLW": 29.79433980919079, "PNG": 12.303580972043727, "PRI": 76.65594668, "KNA": 31.859396567840463, "LCA": 31.013597496395942, "VCT": 30.68207074049202, "WSM": 17.50986392783305, "STP": 17.031287296015527, "SYC": 34.17082655031712, "SGP": 100.0, "SXM": 31.91767400954875, "SLB": 9.09878164867773, "SUR": 24.748669992445183, "TLS": 13.206592058907763, "TON": 17.160125808743967, "TTO": 74.36114907392195, "TUV": 25.42273460892203, "VIR": 26.227156311929672, "VUT": 8.424320420687383, "AIA": 28.951184151409763, "COK": 28.951184151409763, "MSR": 28.951184151409763, "NIU": 28.951184151409763}}, "upperIntervals": {"2020": {"ASM": 40.96103903762132, "ATG": 45.16599874961998, "ABW": 41.26634661856195, "BHS": 41.58036095434597, "BRB": 41.01713977976908, "BLZ": 53.836415771522624, "VGB": 51.7362235116636, "CPV": 52.015952603670385, "COM": 36.638868993005985, "CUW": 52.37141121881348, "DMA": 42.787451913418856, "FJI": 44.86069116867935, "PYF": 41.27505337340534, "GRD": 52.015952603670385, "GUM": 40.910888003418854, "GNB": 63.159338384953834, "GUY": 41.20970732675656, "JAM": 49.47191752761102, "KIR": 36.638868993005985, "MDV": 41.26634661856195, "MHL": 41.01713977976908, "MUS": 52.315310476665715, "FSM": 36.638868993005985, "NRU": 50.202089317143745, "NCL": 41.87047352284028, "MNP": 40.66168116462599, "PLW": 41.01713977976908, "PNG": 36.58276825085822, "KNA": 53.05143197414374, "LCA": 41.87047352284028, "VCT": 41.87047352284028, "WSM": 36.638868993005985, "STP": 36.896782586642246, "SYC": 46.79335582082712, "SXM": 41.01713977976908, "SLB": 48.24234727084325, "SUR": 40.66168116462599, "TLS": 36.88807583179885, "TON": 36.58276825085822, "TTO": 69.06135038368183, "TUV": 47.99314043205038, "VIR": 52.37141121881348, "VUT": 48.24234727084325, "AIA": 40.605580422478226, "COK": 40.605580422478226, "MSR": 40.605580422478226, "NIU": 40.605580422478226}}, "lowerIntervals": {"2020": {"ASM": 15.732711137137889, "ATG": 16.431973177233665, "ABW": 16.310603999812614, "BHS": 16.60323536969485, "BRB": 16.326507971235056, "BLZ": 16.08948247216485, "VGB": 16.074778823198372, "CPV": 15.818400807978751, "COM": 12.251642526311187, "CUW": 16.12612629094148, "DMA": 15.807326958349126, "FJI": 13.436069692703116, "PYF": 16.60323536969485, "GRD": 16.569278147475153, "GUM": 16.395684132691144, "GNB": 9.795538887809826, "GUY": 15.834051166636844, "JAM": 15.855044626755383, "KIR": 13.418008816968868, "MDV": 16.395684132691144, "MHL": 16.759817476202397, "MUS": 16.079640120598512, "FSM": 13.659950179334611, "NRU": 16.569278147475153, "NCL": 16.60323536969485, "MNP": 16.385841781124807, "PLW": 15.455983738678094, "PNG": 12.72650518564656, "KNA": 16.569278147475153, "LCA": 16.60323536969485, "VCT": 16.19696062467929, "WSM": 13.27318795605855, "STP": 11.95315927291226, "SYC": 16.604459255163658, "SXM": 15.937911281152498, "SLB": 6.179128811884554, "SUR": 16.395684132691144, "TLS": 12.517929756238601, "TON": 13.488918573326094, "TTO": 16.593393018128513, "TUV": 13.671316353337382, "VIR": 16.13596864250782, "VUT": 8.606343246060398, "AIA": 16.409625133144385, "COK": 16.409625133144385, "MSR": 16.409625133144385, "NIU": 16.409625133144385}}, "categoryImportances": {"2020": {"Environment": 0.8861225065922361, "Infrastructure": 0.03470633406622522, "Economic Policy & Debt": 0.005572360592841279, "Social Protection & Labor": 0.03159477736381573, "Health": 0.0420040213848815}}, "featureImportances": {"2020": {"wdi2-NE.DAB.TOTL.CN": 0.001984635248364634, "wdi2-NE.DAB.TOTL.KN": 0.0035877253444766446, "wdi-EN.URB.LCTY.UR.ZS": 0.8861225065922361, "wdi-IT.NET.SECR.P6": 0.03470633406622522, "wdi2-SL.EMP.TOTL.SP.ZS": 0.002256926927137498, "wdi2-SL.TLF.CACT.ZS": 0.0056233622811530425, "wdi2-SL.TLF.TOTL.IN": 0.006143751414424929, "wdi2-SL.UEM.TOTL.ZS": 0.017570736741100268, "wdi2-SP.POP.0004.FE.5Y": 0.0075422663347913255, "wdi2-SP.POP.0004.MA.5Y": 0.03446175505009017}}, "performance": {"2020": 0.4218901862763426}}