{"data": {"2020": {"ASM": 169.4672664873724, "ATG": 53.082775191835076, "ABW": 14.107245618596044, "BHS": 137.06840313500652, "BRB": 0.143397091, "BLZ": 146.11713369355698, "VGB": 125.38811103228221, "CPV": 111.76916801264423, "COM": 21.382982060936953, "CUB": 126.19815823829327, "CUW": 80.03234442227209, "DMA": 106.79235964306609, "DOM": 101.0635489725184, "FJI": 160.91046957932886, "PYF": 77.46215972104189, "GRD": 145.3754935341822, "GUM": 54.976004447174134, "GNB": 19.32634888236695, "GUY": 656.6966185477054, "HTI": 23.514509578884056, "JAM": 0.327024476, "KIR": 132.25234523948407, "MDV": 170.5499609641391, "MHL": 40.66561863267653, "MUS": 2.847426612, "FSM": 49.36723258754039, "NRU": 32.73288906630935, "NCL": 77.46215972104189, "MNP": 71.42588370888235, "PLW": 50.060102116591345, "PNG": 0.0, "PRI": 139.51607383867795, "KNA": 62.28651062695657, "LCA": 138.60350841476267, "VCT": 147.15139185271656, "WSM": 19.078119492632727, "STP": 100.63960059266911, "SYC": 150.2948905776498, "SGP": 153.07965868459723, "SXM": 180.88122859525242, "SLB": 99.13371817703961, "SUR": 207.52630421155223, "TLS": 25.994720445638045, "TON": 57.11232924032933, "TTO": 150.2948905776498, "TUV": 136.03949930237218, "VIR": 64.59803296081304, "VUT": 99.503766667335, "AIA": 148.6952266016768, "COK": 148.6952266016768, "MSR": 148.6952266016768, "NIU": 148.6952266016768}}, "upperIntervals": {"2020": {"ASM": 93.94083025192946, "ATG": 60.9008160877483, "ABW": 54.2054422091308, "BHS": 94.35344202723766, "BLZ": 72.10868714870695, "VGB": 99.75954062503183, "CPV": 55.46096152773128, "COM": 38.99028102383919, "CUB": 56.26371875870209, "CUW": 82.02604645819085, "DMA": 66.56977703093347, "DOM": 86.77897906729174, "FJI": 56.89352596341531, "PYF": 90.3142421791334, "GRD": 72.44908632624342, "GUM": 89.52677034778189, "GNB": 54.2054422091308, "GUY": 267.4904452662558, "HTI": 58.078923413467784, "KIR": 85.03083415813474, "MDV": 98.42141169182435, "MHL": 84.53272949671525, "FSM": 84.53272949671525, "NRU": 89.52677034778189, "NCL": 90.3142421791334, "MNP": 61.4157903797208, "PLW": 81.40860499699357, "PRI": 89.68447583166491, "KNA": 62.73081843446158, "LCA": 85.03083415813474, "VCT": 85.03083415813474, "WSM": 54.2054422091308, "STP": 81.7849382162251, "SYC": 72.10868714870695, "SGP": 114.25121778098583, "SXM": 88.92277391633709, "SLB": 68.86279120679731, "SUR": 75.01351174038456, "TLS": 40.85914712041815, "TON": 81.40860499699357, "TTO": 72.10868714870695, "TUV": 99.73772651873304, "VIR": 100.0999398025683, "VUT": 68.86279120679731, "AIA": 238.2999308125299, "COK": 238.2999308125299, "MSR": 238.2999308125299, "NIU": 238.2999308125299}}, "lowerIntervals": {"2020": {"ASM": 7.017752968362258, "ATG": 7.391765519189295, "ABW": 7.465586716174122, "BHS": 6.003549629663637, "BLZ": 5.60503284599289, "VGB": 7.849626584578765, "CPV": 5.905457869106426, "COM": 5.840333625682549, "CUB": 7.849626584578765, "CUW": 7.787152915554071, "DMA": 5.905457869106426, "DOM": 5.635584457754768, "FJI": 5.953228101975409, "PYF": 5.732020779786905, "GRD": 5.900121743946466, "GUM": 12.899261855251044, "GNB": 5.839956139608579, "GUY": 12.699977084851888, "HTI": 5.521655834565377, "KIR": 5.840421485290073, "MDV": 6.9705872981571, "MHL": 6.037509457812689, "FSM": 9.193745487368872, "NRU": 7.87498547822088, "NCL": 5.732020779786905, "MNP": 6.520506342519548, "PLW": 7.771469732896184, "PRI": 7.693472618958462, "KNA": 5.900121743946466, "LCA": 5.900121743946466, "VCT": 5.900121743946466, "WSM": 6.029478326744965, "STP": 6.903165438588141, "SYC": 7.387131418060306, "SGP": 7.849626584578765, "SXM": 5.699761817894101, "SLB": 6.940992395698769, "SUR": 7.000231546761659, "TLS": 5.840333625682549, "TON": 6.042933442580174, "TTO": 7.338549645207579, "TUV": 7.337847219183399, "VIR": 7.849626584578765, "VUT": 5.841824475230588, "AIA": 16.241012393959988, "COK": 16.241012393959988, "MSR": 16.241012393959988, "NIU": 16.241012393959988}}, "categoryImportances": {"2020": {"Economic Policy & Debt": 0.30343883048354003, "Financial Sector": 0.6919890832265151, "Financial": 0.004572086289944855}}, "featureImportances": {"2020": {"wdi2-NE.DAB.TOTL.CN": 0.03015525455604055, "wdi2-NY.GDY.TOTL.KN": 0.023542056775087066, "mvi-wdi-BX.TRF.PWKR.DT.GD.ZS": 0.004572086289944855, "wdi-BX.TRF.PWKR.CD.DT": 0.04061347885375186, "wdi-BX.TRF.PWKR.DT.GD.ZS": 0.00977939623599819, "wdi-CM.MKT.TRAD.CD": 0.6101189918015558, "wdi2-NY.GDP.DEFL.KD.ZG": 0.08187009142495925, "wdi2-NY.GDP.MKTP.PP.CD": 0.1627090635503859, "wdi2-NY.GDP.MKTP.PP.KD": 0.03067000996345216, "wdi2-NY.GDP.PCAP.PP.CD": 0.005969570548824278}}}