{"data": {"2020": {"ASM": 89.11451933910368, "ATG": 93.24904572525128, "ABW": 91.06812855524993, "BHS": 87.89644357221052, "BRB": 94.89120741164962, "BLZ": 94.98706185292856, "VGB": 91.48194113765835, "CPV": 96.42249497350933, "COM": 88.99419889028968, "CUB": 96.39770893838887, "CUW": 96.43029161940271, "DMA": 92.08440844684809, "DOM": 92.26361352121852, "FJI": 91.58148199040109, "PYF": 89.01351849509031, "GRD": 91.21203515772389, "GUM": 86.52101194220458, "GNB": 93.85534131288979, "GUY": 91.31777238515568, "HTI": 90.33165272459729, "JAM": 92.0270591371809, "KIR": 89.57113469443776, "MDV": 92.33187208391752, "MHL": 92.34590314970308, "MUS": 93.42472661611859, "FSM": 89.84300351134698, "NRU": 89.57717295676393, "NCL": 89.01351849509031, "MNP": 89.11451933910368, "PLW": 92.99443041086103, "PNG": 89.15407234418208, "PRI": 95.93547336162847, "KNA": 91.55393096825587, "LCA": 89.88886254433733, "VCT": 89.60692721013363, "WSM": 89.47367132212854, "STP": 88.88914958530066, "SYC": 89.89868598126586, "SGP": 96.4836748753887, "SXM": 91.72941400063259, "SLB": 93.77160439264709, "SUR": 90.35989120142182, "TLS": 88.78057333706656, "TON": 89.47376451709027, "TTO": 92.68541478472031, "TUV": 89.3066892878356, "VIR": 96.33742109714845, "VUT": 93.90960275112484, "AIA": 89.10251102176373, "COK": 89.10251102176373, "MSR": 89.10251102176373, "NIU": 89.10251102176373}}, "upperIntervals": {"2020": {"ASM": 95.59040247375708, "ATG": 94.05453375654042, "ABW": 96.0091039268462, "BHS": 95.59040247375708, "BRB": 94.51498857472367, "BLZ": 94.63379645074804, "VGB": 95.59212129901982, "CPV": 94.9589214330536, "COM": 94.37965873884602, "CUB": 96.48312206903242, "CUW": 95.19160660427401, "DMA": 94.37965873884602, "DOM": 96.13333852566916, "FJI": 94.05453375654042, "PYF": 96.00738510158345, "GRD": 94.05453375654042, "GUM": 95.59040247375708, "GNB": 94.63379645074804, "GUY": 94.05453375654042, "HTI": 96.13333852566916, "JAM": 96.13333852566916, "KIR": 94.37965873884602, "MDV": 94.18357463507807, "MHL": 95.64593347698235, "MUS": 94.99696690061188, "FSM": 95.64593347698235, "NRU": 95.22895084915598, "NCL": 96.00738510158345, "MNP": 95.59040247375708, "PLW": 95.64593347698235, "PNG": 95.77497435552, "PRI": 96.72620211806492, "KNA": 94.05453375654042, "LCA": 94.41598538114152, "VCT": 94.41770420640427, "WSM": 95.97105845928795, "STP": 94.05453375654042, "SYC": 94.41598538114152, "SGP": 96.30971741089267, "SXM": 96.00738510158345, "SLB": 94.63379645074804, "SUR": 94.18357463507807, "TLS": 94.05453375654042, "TON": 95.64593347698235, "TTO": 96.00738510158345, "TUV": 94.18357463507807, "VIR": 96.48487196530968, "VUT": 94.63379645074804, "AIA": 95.22895084915598, "COK": 95.22895084915598, "MSR": 95.22895084915598, "NIU": 95.22895084915598}}, "lowerIntervals": {"2020": {"ASM": 84.46888041006528, "ATG": 84.46888041006528, "ABW": 84.46888041006528, "BHS": 84.46888041006528, "BRB": 84.46888041006528, "BLZ": 88.52315615417999, "VGB": 84.46888041006528, "CPV": 88.52315615417999, "COM": 84.46888041006528, "CUB": 84.46888041006528, "CUW": 84.46888041006528, "DMA": 84.46888041006528, "DOM": 88.52315615417999, "FJI": 84.46888041006528, "PYF": 84.46888041006528, "GRD": 84.46888041006528, "GUM": 84.46888041006528, "GNB": 86.31590045841216, "GUY": 84.46888041006528, "HTI": 86.31590045841216, "JAM": 88.52315615417999, "KIR": 84.46888041006528, "MDV": 84.46888041006528, "MHL": 84.46888041006528, "MUS": 88.52315615417999, "FSM": 84.46888041006528, "NRU": 84.46888041006528, "NCL": 84.46888041006528, "MNP": 84.46888041006528, "PLW": 84.46888041006528, "PNG": 84.46888041006528, "PRI": 88.52315615417999, "KNA": 84.46888041006528, "LCA": 84.46888041006528, "VCT": 84.46888041006528, "WSM": 84.46888041006528, "STP": 84.46888041006528, "SYC": 84.46888041006528, "SGP": 84.46888041006528, "SXM": 84.46888041006528, "SLB": 88.52315615417999, "SUR": 84.46888041006528, "TLS": 84.46888041006528, "TON": 84.46888041006528, "TTO": 84.46888041006528, "TUV": 84.46888041006528, "VIR": 84.46888041006528, "VUT": 88.52315615417999, "AIA": 84.46888041006528, "COK": 84.46888041006528, "MSR": 84.46888041006528, "NIU": 84.46888041006528}}, "categoryImportances": {"2020": {"Economic Policy & Debt": 0.20379850947181552, "Private Sector & Trade": 0.7921408997267017, "Financial": 0.004060590801482762}}, "featureImportances": {"2020": {"wdi2-NY.GDP.MKTP.PP.CD": 0.004603193736635121, "wdi2-NY.GNP.MKTP.PP.KD": 0.09407302417292365, "mvi-wdi-BX.TRF.PWKR.DT.GD.ZS": 0.004060590801482762, "wdi-BX.TRF.PWKR.CD.DT": 0.08563331335504512, "wdi-BX.TRF.PWKR.DT.GD.ZS": 0.019488978207211634, "wdi-IC.CUS.DURS.EX": 0.43895228277204107, "wdi-IC.ELC.OUTG": 0.04881055311479203, "wdi-IC.ELC.OUTG.ZS": 0.20919194682378858, "wdi-IC.FRM.BKWC.ZS": 0.08030498370141076, "wdi-IC.FRM.BNKS.ZS": 0.014881133314669281}}, "performance": {"2020": 0.027019277534703}}