{"data": {"2020": {"ASM": 14.067430340070095, "ATG": 14.624207447695753, "ABW": 14.018604160796919, "BHS": 15.065611868576074, "BRB": 10.8488055612722, "BLZ": 15.346031433697775, "VGB": 10.420936455524286, "CPV": 10.066277980376544, "COM": 13.091961752293177, "CUB": 12.636113661055518, "CUW": 13.221159658494607, "DMA": 13.172011092116874, "DOM": 13.607900412403968, "FJI": 15.065596823052855, "PYF": 16.645349867195492, "GRD": 13.131798475562007, "GUM": 16.48691191794623, "GNB": 12.897547381215194, "GUY": 13.538667701827622, "HTI": 13.125365089905618, "JAM": 14.501842055957939, "KIR": 10.949011173644275, "MDV": 15.762924864364138, "MHL": 10.96889927791019, "MUS": 17.523020567714788, "FSM": 11.823999076240664, "NRU": 9.680112428742211, "NCL": 16.645349867195492, "MNP": 14.067430340070095, "PLW": 10.30562436883074, "PNG": 18.035998288392666, "PRI": 12.426319430203757, "KNA": 17.809048145179148, "LCA": 17.857181889120465, "VCT": 14.576416684399767, "WSM": 12.918766381408767, "STP": 17.390841979716384, "SYC": 17.789435169806072, "SGP": 11.706729113048508, "SXM": 14.145198698737381, "SLB": 17.65273170033145, "SUR": 18.926973667623418, "TLS": 12.71853179050774, "TON": 15.346015975583121, "TTO": 15.32536339275247, "TUV": 15.814712112084832, "VIR": 12.780115649032773, "VUT": 13.02753746341168, "AIA": 12.032796941093823, "COK": 12.032796941093823, "MSR": 12.032796941093823, "NIU": 12.032796941093823}}, "upperIntervals": {"2020": {"ASM": 18.500100075616057, "ATG": 18.066323423848218, "ABW": 19.811455516440663, "BHS": 16.476924095449633, "BRB": 19.122762821923615, "BLZ": 16.872400615723343, "VGB": 15.880826830795227, "CPV": 16.401017788031304, "COM": 16.235114248203743, "CUB": 17.600441769457152, "CUW": 19.396235073295028, "DMA": 16.564978897419095, "DOM": 16.424313521701226, "FJI": 18.066323423848218, "PYF": 19.61783642132475, "GRD": 18.054356533998515, "GUM": 17.95922483151657, "GNB": 15.337598742296253, "GUY": 18.066323423848218, "HTI": 12.720499581840416, "JAM": 14.016733008917614, "KIR": 14.931491404956692, "MDV": 21.03455928717706, "MHL": 19.40820196314473, "MUS": 16.79479677201047, "FSM": 19.40820196314473, "NRU": 17.155940826212298, "NCL": 19.61783642132475, "MNP": 18.500100075616057, "PLW": 19.40820196314473, "PNG": 18.156737996528076, "PRI": 17.54675143242125, "KNA": 18.066323423848218, "LCA": 18.394219602715317, "VCT": 17.359594127025105, "WSM": 19.40820196314473, "STP": 17.341404896857057, "SYC": 18.394219602715317, "SGP": 18.468058850498767, "SXM": 19.811455516440663, "SLB": 16.885010214753237, "SUR": 21.03455928717706, "TLS": 17.097616267647112, "TON": 19.40820196314473, "TTO": 18.735632396011756, "TUV": 20.432939273805104, "VIR": 17.600441769457152, "VUT": 16.885010214753237, "AIA": 17.155940826212298, "COK": 17.155940826212298, "MSR": 17.155940826212298, "NIU": 17.155940826212298}}, "lowerIntervals": {"2020": {"ASM": 14.566844744149446, "ATG": 9.736639333675992, "ABW": 14.797908461046685, "BHS": 9.736639333675992, "BRB": 8.544755502736093, "BLZ": 10.9943706064542, "VGB": 8.523647507174106, "CPV": 10.9943706064542, "COM": 11.829569948042662, "CUB": 8.542985044177728, "CUW": 8.5374261230449, "DMA": 10.9943706064542, "DOM": 10.9943706064542, "FJI": 10.9943706064542, "PYF": 9.891210197010015, "GRD": 9.736639333675992, "GUM": 12.266696700003546, "GNB": 11.998049289755295, "GUY": 10.9943706064542, "HTI": 11.829569948042662, "JAM": 10.9943706064542, "KIR": 11.829569948042662, "MDV": 9.736639333675992, "MHL": 8.548060202870085, "MUS": 9.164468282815609, "FSM": 10.740318016977083, "NRU": 8.532188601837364, "NCL": 9.891210197010015, "MNP": 14.566844744149446, "PLW": 8.526629680704536, "PNG": 10.570258499179555, "PRI": 8.526338464456375, "KNA": 9.736639333675992, "LCA": 9.736639333675992, "VCT": 10.208464402797073, "WSM": 11.829569948042662, "STP": 10.738737840892185, "SYC": 9.736639333675992, "SGP": 8.55031442386892, "SXM": 12.191358241155914, "SLB": 9.736639333675992, "SUR": 9.736639333675992, "TLS": 11.829569948042662, "TON": 10.9943706064542, "TTO": 9.736639333675992, "TUV": 9.736639333675992, "VIR": 8.542985044177728, "VUT": 11.998049289755295, "AIA": 9.736639333675992, "COK": 9.736639333675992, "MSR": 9.736639333675992, "NIU": 9.736639333675992}}, "categoryImportances": {"2020": {"Economic Policy & Debt": 0.16460627022984964, "Private Sector & Trade": 0.7719609248931664, "Financial": 0.06343280487698391}}, "featureImportances": {"2020": {"wdi2-NY.GDP.MKTP.PP.CD": 0.011034908176398166, "wdi2-NY.GNP.MKTP.PP.KD": 0.002105747298442563, "mvi-wdi-BX.TRF.PWKR.DT.GD.ZS": 0.06343280487698391, "wdi-BX.TRF.PWKR.CD.DT": 0.020801441519149536, "wdi-BX.TRF.PWKR.DT.GD.ZS": 0.13066417323585938, "wdi-IC.CUS.DURS.EX": 0.008595955767717272, "wdi-IC.ELC.OUTG": 0.34536031091241004, "wdi-IC.ELC.OUTG.ZS": 0.37677337073362976, "wdi-IC.FRM.BKWC.ZS": 0.0026589483393283887, "wdi-IC.FRM.BNKS.ZS": 0.03857233914008094}}}