{"data": {"2020": {"ASM": 44.95813576375373, "ATG": 32.345374700540766, "ABW": 30.483258389659472, "BHS": 42.36717317077388, "BRB": 41.80321103457338, "BLZ": 32.11036740031655, "VGB": 25.644853654107884, "CPV": 30.263333033264402, "COM": 35.26074524934071, "CUB": 32.50913944373811, "CUW": 27.834527892883308, "DMA": 32.13392850844234, "DOM": 31.227178889331505, "FJI": 31.351474109993127, "PYF": 41.596773861992034, "GRD": 29.78635427051448, "GUM": 44.94354346586994, "GNB": 32.859550394424886, "GUY": 31.25599859952499, "HTI": 28.40364539689173, "JAM": 34.96552227623857, "KIR": 33.47630440410669, "MDV": 32.67098999465881, "MHL": 21.50191461636978, "MUS": 35.42413558352929, "FSM": 25.693379284582285, "NRU": 24.47068290315603, "NCL": 41.596773861992034, "MNP": 44.95813576375373, "PLW": 21.79598181984925, "PNG": 25.619781518894936, "PRI": 30.640043191730438, "KNA": 30.921475086229858, "LCA": 45.54697419085989, "VCT": 35.00549826115572, "WSM": 25.953318323985123, "STP": 33.93713373920126, "SYC": 45.488972666661255, "SGP": 41.43307066963847, "SXM": 37.013625470710046, "SLB": 35.12788552874445, "SUR": 31.930499849849348, "TLS": 32.79501405189023, "TON": 25.356708506382265, "TTO": 40.1994212921885, "TUV": 32.48130921459536, "VIR": 35.46725501624378, "VUT": 35.677513243897714, "AIA": 31.17546721399995, "COK": 31.17546721399995, "MSR": 31.17546721399995, "NIU": 31.17546721399995}}, "upperIntervals": {"2020": {"ASM": 51.724977851297496, "ATG": 45.50733759938571, "ABW": 50.36447785099749, "BHS": 49.801077069470466, "BRB": 51.16157706977047, "BLZ": 49.801077069470466, "VGB": 45.50733759938571, "CPV": 45.50733759938571, "COM": 45.50733759938571, "CUB": 49.801077069470466, "CUW": 49.801077069470466, "DMA": 49.801077069470466, "DOM": 49.801077069470466, "FJI": 45.50733759938571, "PYF": 51.724977851297496, "GRD": 49.801077069470466, "GUM": 51.724977851297496, "GNB": 45.50733759938571, "GUY": 45.50733759938571, "HTI": 45.50733759938571, "JAM": 49.801077069470466, "KIR": 45.50733759938571, "MDV": 45.50733759938571, "MHL": 45.50733759938571, "MUS": 50.36447785099749, "FSM": 45.50733759938571, "NRU": 45.50733759938571, "NCL": 51.724977851297496, "MNP": 51.724977851297496, "PLW": 45.50733759938571, "PNG": 45.50733759938571, "PRI": 45.50733759938571, "KNA": 45.50733759938571, "LCA": 51.16157706977047, "VCT": 49.801077069470466, "WSM": 45.50733759938571, "STP": 45.50733759938571, "SYC": 51.16157706977047, "SGP": 51.16157706977047, "SXM": 50.36447785099749, "SLB": 45.50733759938571, "SUR": 45.50733759938571, "TLS": 45.50733759938571, "TON": 45.50733759938571, "TTO": 51.16157706977047, "TUV": 45.50733759938571, "VIR": 49.801077069470466, "VUT": 45.50733759938571, "AIA": 45.50733759938571, "COK": 45.50733759938571, "MSR": 45.50733759938571, "NIU": 45.50733759938571}}, "lowerIntervals": {"2020": {"ASM": 31.291319603097897, "ATG": 23.440453169835052, "ABW": 25.115272095462863, "BHS": 27.842119679724867, "BRB": 24.556487923389167, "BLZ": 27.112455007691267, "VGB": 25.60595089758507, "CPV": 27.162671501061425, "COM": 27.45970466531508, "CUB": 25.575580213167335, "CUW": 22.415435439732924, "DMA": 27.083356637265894, "DOM": 28.78428570180524, "FJI": 27.083356637265894, "PYF": 25.58291077712501, "GRD": 24.377832541782666, "GUM": 29.48468290735211, "GNB": 26.626468300815077, "GUY": 27.162671501061425, "HTI": 25.863370731702204, "JAM": 28.78428570180524, "KIR": 26.79570466531508, "MDV": 25.055978293786605, "MHL": 22.918823861369077, "MUS": 23.700336713627564, "FSM": 23.50851856322118, "NRU": 25.575580213167335, "NCL": 25.58291077712501, "MNP": 31.291319603097897, "PLW": 22.754468900787394, "PNG": 24.752231544212506, "PRI": 25.575580213167335, "KNA": 24.377832541782666, "LCA": 25.400373974356615, "VCT": 22.652110840016668, "WSM": 27.33535451353491, "STP": 23.920944205331857, "SYC": 25.398424948737254, "SGP": 27.590333519424053, "SXM": 26.659799889114883, "SLB": 24.457147405578205, "SUR": 25.448641442107412, "TLS": 26.932613938128576, "TON": 26.326506318753253, "TTO": 25.448641442107412, "TUV": 23.045840995894885, "VIR": 25.575580213167335, "VUT": 26.626468300815077, "AIA": 27.842119679724867, "COK": 27.842119679724867, "MSR": 27.842119679724867, "NIU": 27.842119679724867}}, "categoryImportances": {"2020": {"Economic Policy & Debt": 0.2433146126482769, "Private Sector & Trade": 0.7141951181020558, "Financial": 0.0424902692496673}}, "featureImportances": {"2020": {"wdi2-NY.GDP.MKTP.PP.CD": 0.02344162431604114, "wdi2-NY.GNP.MKTP.PP.KD": 0.16414320305465363, "mvi-wdi-BX.TRF.PWKR.DT.GD.ZS": 0.0424902692496673, "wdi-BX.TRF.PWKR.CD.DT": 0.05067507233601679, "wdi-BX.TRF.PWKR.DT.GD.ZS": 0.005054712941565321, "wdi-IC.CUS.DURS.EX": 0.04924981657372838, "wdi-IC.ELC.OUTG": 0.14445050438793625, "wdi-IC.ELC.OUTG.ZS": 0.06452509949652105, "wdi-IC.FRM.BKWC.ZS": 0.0868145866242208, "wdi-IC.FRM.BNKS.ZS": 0.36915511101964943}}, "performance": {"2020": 0.2268475481870554}}