{"data": {"2020": {"ASM": 2.0515182875750018, "ATG": 5.573144071447664, "ABW": 2.917582533672465, "BHS": 2.4324252260219383, "BRB": 1.6084524399697848, "BLZ": 6.992062310256929, "VGB": 4.0028671800385585, "CPV": 3.610904041071818, "COM": 14.700273998051406, "CUB": 0.20750626429126173, "CUW": 1.3558497559330893, "DMA": 7.108755049590195, "DOM": 2.621004987159119, "FJI": 7.436707824601383, "PYF": 3.1725949466125094, "GRD": 3.472941552385821, "GUM": 2.454707411896198, "GNB": 10.611545053810499, "GUY": 7.349678542572974, "HTI": 11.830877574853213, "JAM": 6.992062310256929, "KIR": 14.052707204852625, "MDV": 5.023802326461938, "MHL": 5.886924584873633, "MUS": 3.1864002578964525, "FSM": 10.469495849777807, "NRU": 2.5869508620809856, "NCL": 3.1725949466125094, "MNP": 2.0515182875750018, "PLW": 3.437616299259413, "PNG": 12.95613411402451, "PRI": 0.2720421727312019, "KNA": 7.185924365086842, "LCA": 2.7975307255999997, "VCT": 3.038911049156257, "WSM": 14.686815441257444, "STP": 9.11543900347682, "SYC": 2.776828312799728, "SGP": 0.35057598809977997, "SXM": 2.952870115814117, "SLB": 8.957129145461307, "SUR": 6.7078728979541955, "TLS": 10.57617560018229, "TON": 12.53179090605053, "TTO": 2.952323433230376, "TUV": 7.7392776058179535, "VIR": 0.18875345227255336, "VUT": 11.62812739922994, "AIA": 8.88806744659223, "COK": 8.88806744659223, "MSR": 8.88806744659223, "NIU": 8.88806744659223}}, "upperIntervals": {"2020": {"ASM": 9.65069453003513, "ATG": 9.761909464696332, "ABW": 10.632983489466673, "BHS": 9.720863522145025, "BRB": 9.686278624280002, "BLZ": 10.337649642653234, "VGB": 10.439834602028684, "CPV": 10.34311149095967, "COM": 12.833947105819936, "CUB": 9.686278624280002, "CUW": 9.686278624280002, "DMA": 10.515070258533788, "DOM": 10.337649642653234, "FJI": 10.515070258533788, "PYF": 10.627521641160238, "GRD": 11.120126255201233, "GUM": 10.846576255279716, "GNB": 14.783672339638171, "GUY": 10.515070258533788, "HTI": 14.74613092171854, "JAM": 10.337649642653234, "KIR": 12.748473542898536, "MDV": 9.686278624280002, "MHL": 9.686278624280002, "MUS": 9.579027000509347, "FSM": 14.031954421293571, "NRU": 9.686278624280002, "NCL": 10.627521641160238, "MNP": 9.65069453003513, "PLW": 9.686278624280002, "PNG": 12.067253090161119, "PRI": 9.508858008399452, "KNA": 9.756447616389897, "LCA": 9.756447616389897, "VCT": 10.515070258533788, "WSM": 12.833947105819936, "STP": 12.054942654427043, "SYC": 9.756447616389897, "SGP": 9.686278624280002, "SXM": 9.65069453003513, "SLB": 13.965944635779765, "SUR": 12.051948519349613, "TLS": 12.871488523739567, "TON": 12.872247414537851, "TTO": 9.686278624280002, "TUV": 9.757159991201254, "VIR": 9.686278624280002, "VUT": 14.726246778300899, "AIA": 9.686278624280002, "COK": 9.686278624280002, "MSR": 9.686278624280002, "NIU": 9.686278624280002}}, "lowerIntervals": {"2020": {"ASM": 1.139934057541057, "ATG": 1.3248556873021649, "ABW": 1.3194905279607014, "BHS": 1.3248556873021649, "BRB": 0.9164795054857469, "BLZ": 1.3248556873021649, "VGB": 1.1436665778739263, "CPV": 1.1436665778739263, "COM": 1.1436665778739263, "CUB": 0.28371685573820005, "CUW": 0.4639879834013477, "DMA": 1.3248556873021649, "DOM": 1.3248556873021649, "FJI": 1.1436665778739263, "PYF": 1.3226053230438175, "GRD": 1.3248556873021649, "GUM": 1.325172611554683, "GNB": 1.1436665778739263, "GUY": 1.1436665778739263, "HTI": 1.1436665778739263, "JAM": 1.3248556873021649, "KIR": 1.1436665778739263, "MDV": 1.134278434035362, "MHL": 1.1436665778739263, "MUS": 1.317989189650254, "FSM": 1.1436665778739263, "NRU": 1.1381157949780916, "NCL": 1.3226053230438175, "MNP": 1.139934057541057, "PLW": 1.1381157949780916, "PNG": 1.134278434035362, "PRI": 0.32186357116635655, "KNA": 1.1436665778739263, "LCA": 1.3248556873021649, "VCT": 1.3248556873021649, "WSM": 1.1436665778739263, "STP": 1.1436665778739263, "SYC": 1.3248556873021649, "SGP": 0.7949355139372596, "SXM": 1.1373667690301916, "SLB": 1.1436665778739263, "SUR": 1.134278434035362, "TLS": 1.1436665778739263, "TON": 1.1436665778739263, "TTO": 1.3248556873021649, "TUV": 1.134278434035362, "VIR": 0.28298383037275, "VUT": 1.1436665778739263, "AIA": 1.1436665778739263, "COK": 1.1436665778739263, "MSR": 1.1436665778739263, "NIU": 1.1436665778739263}}, "categoryImportances": {"2020": {"Economic Policy & Debt": 0.12446905506821898, "Private Sector & Trade": 0.7872267016361433, "Financial": 0.08830424329563781}}, "featureImportances": {"2020": {"wdi2-NY.GDP.MKTP.PP.CD": 0.06634102396584585, "wdi2-NY.GNP.MKTP.PP.KD": 0.01387825066962689, "mvi-wdi-BX.TRF.PWKR.DT.GD.ZS": 0.08830424329563781, "wdi-BX.TRF.PWKR.CD.DT": 0.018562464304510747, "wdi-BX.TRF.PWKR.DT.GD.ZS": 0.02568731612823549, "wdi-IC.CUS.DURS.EX": 0.07158900839260511, "wdi-IC.ELC.OUTG.ZS": 0.03367274797768046, "wdi-IC.FRM.BKWC.ZS": 0.20696984680493233, "wdi-IC.FRM.BNKS.ZS": 0.012372263587268275, "wdi-IC.FRM.BRIB.ZS": 0.4626228348736571}}}