{"data": {"2020": {"ASM": 3894577617.473657, "ATG": 114834213.5746544, "ABW": 263416216.02764165, "BHS": 91972815.22344942, "BRB": 213672098.03212222, "BLZ": 290528886.21475834, "VGB": 402024222.3201675, "CPV": -160223265.12900406, "COM": -51086457.281255506, "CUB": 2726329522.843417, "CUW": 2987699427.1960053, "DMA": -366669311.73368293, "DOM": 157520409.2632284, "FJI": 418427456.2549781, "PYF": 3347959532.893421, "GRD": 224732461.18482625, "GUM": 3043033319.8341336, "GNB": 356957092.50223976, "GUY": 343178040.3625053, "HTI": 10299186.005261213, "JAM": -34161519.760958865, "KIR": 54368048.41047361, "MDV": 44684807.41978963, "MHL": 2485223100.831949, "MUS": 154663157.31923285, "FSM": 2363839307.588147, "NRU": 3282331061.649844, "NCL": 1843387318.4161608, "MNP": 3069688285.5195184, "PLW": 2262654119.016847, "PNG": 230871312.0507269, "PRI": 668077653.2341903, "KNA": 47850000.0, "LCA": 107666372.39241052, "VCT": 309800957.72896457, "WSM": 298705063.7635213, "STP": 98490238.08023728, "SYC": -213762314.1227256, "SGP": -515311690.69378495, "SXM": 3639045884.250756, "SLB": 67845472.70724739, "SUR": 51868111.62198974, "TLS": 188801124.8690924, "TON": 786094915.6090792, "TTO": 11919202.910281489, "TUV": -65526357.535748705, "VIR": 3870301548.970687, "VUT": 304372278.28643703, "AIA": 3300137201.4205756, "COK": 3300137201.4205756, "MSR": 3300137201.4205756, "NIU": 3300137201.4205756}}, "upperIntervals": {"2020": {"ASM": 5271016998.499649, "ATG": 4233513324.194767, "ABW": 4233513324.194767, "BHS": 4233513324.194767, "BRB": 4233513324.194767, "BLZ": 4298217547.27518, "VGB": 4298217547.27518, "CPV": 4233513324.194767, "COM": 4233513324.194767, "CUB": 5568544945.996754, "CUW": 4996417495.993854, "DMA": 4298217547.27518, "DOM": 4233513324.194767, "FJI": 4233513324.194767, "PYF": 5595476766.324419, "GRD": 4233513324.194767, "GUM": 5580795409.278529, "GNB": 4233513324.194767, "GUY": 4233513324.194767, "HTI": 4233513324.194767, "JAM": 4233513324.194767, "KIR": 4233513324.194767, "MDV": 4233513324.194767, "MHL": 5591511929.827746, "MUS": 4233513324.194767, "FSM": 5575378792.401811, "NRU": 5568544945.996754, "NCL": 5652333478.763999, "MNP": 5580795409.278529, "PLW": 5587629255.683586, "PNG": 4233513324.194767, "PRI": 4233513324.194767, "LCA": 4233513324.194767, "VCT": 4233513324.194767, "WSM": 4233513324.194767, "STP": 4233513324.194767, "SYC": 4298217547.27518, "SGP": 4298217547.27518, "SXM": 5274969483.407143, "SLB": 4233513324.194767, "SUR": 4298217547.27518, "TLS": 4233513324.194767, "TON": 4233513324.194767, "TTO": 4233513324.194767, "TUV": 4233513324.194767, "VIR": 4931713272.913441, "VUT": 4233513324.194767, "AIA": 6003527603.287352, "COK": 6003527603.287352, "MSR": 6003527603.287352, "NIU": 6003527603.287352}}, "lowerIntervals": {"2020": {"ASM": 165768579.3585751, "ATG": 59340785.72754014, "ABW": 184646949.31886584, "BHS": 54959886.62008455, "BRB": 47540060.58929392, "BLZ": 103994413.64769872, "VGB": 292458570.96863496, "CPV": 65396166.38383018, "COM": 15161847.631264178, "CUB": 205372418.5151111, "CUW": 189758994.73857048, "DMA": 104651055.91148521, "DOM": 42904319.44045199, "FJI": 55933846.556560434, "PYF": 204868201.58032155, "GRD": 59340785.72754014, "GUM": 204157936.34031004, "GNB": 63270378.71843351, "GUY": 20213140.307386443, "HTI": 57624863.002842076, "JAM": 61137617.41605727, "KIR": 12363989.08913123, "MDV": 47540060.58929392, "MHL": 190585951.68048403, "MUS": 68146463.29102337, "FSM": 190585951.68048403, "NRU": 205372418.5151111, "NCL": 204992424.0604477, "MNP": 204157936.34031004, "PLW": 190585951.68048403, "PNG": 29903646.204152275, "PRI": 42163491.80998198, "LCA": 48575379.74611423, "VCT": 29903646.204152275, "WSM": 36407146.90740889, "STP": 11849975.649608528, "SYC": 170173554.1936906, "SGP": 279830275.7712034, "SXM": 152622250.10054246, "SLB": 50495284.873933196, "SUR": 60544111.95821056, "TLS": 47684722.01641575, "TON": 190564857.36411145, "TTO": 42644118.12877376, "TUV": 20213140.307386443, "VIR": 204157936.34031004, "VUT": 71679845.46686274, "AIA": 205372418.5151111, "COK": 205372418.5151111, "MSR": 205372418.5151111, "NIU": 205372418.5151111}}, "categoryImportances": {"2020": {"Economic Policy & Debt": 0.9904421507372315, "Infrastructure": 0.005502234940836892, "Financial Sector": 0.002987535605839084, "Financial": 0.0010680787160923379}}, "featureImportances": {"2020": {"wdi2-NE.EXP.GNFS.CN": 0.007331711805648963, "mvi-wdi-BX.TRF.PWKR.DT.GD.ZS": 0.0010680787160923379, "wdi-BX.TRF.PWKR.CD.DT": 0.8920493691146756, "wdi-BX.TRF.PWKR.DT.GD.ZS": 0.00039894193833150444, "wdi-IT.NET.SECR.P6": 0.005502234940836892, "wdi2-NY.GDP.DEFL.KD.ZG": 0.002987535605839084, "wdi2-NY.GDP.MKTP.CD": 0.06717442591006927, "wdi2-NY.GDP.MKTP.KD.ZG": 0.004492860754669193, "wdi2-NY.GDP.MKTP.PP.CD": 0.009957899610600585, "wdi2-NY.GDP.MKTP.PP.KD": 0.009036941603236558}}}