{"data": {"2020": {"ASM": -39432124444.42138, "ATG": 223770908.7129767, "ABW": 11933541451.926142, "BHS": 94565911189.41086, "BRB": 6260000.0, "BLZ": 740675943837.5035, "VGB": 271633644216.42944, "CPV": -16785778775.385908, "COM": 14550770676.58402, "CUB": -51759474139.67981, "CUW": 1732724043745.726, "DMA": 193264811300.13068, "DOM": 87033173215.9966, "FJI": -115524079845.41634, "PYF": 11933541451.926142, "GRD": -3218092517.3207803, "GUM": -51662748752.7181, "GNB": 3947396913.2923017, "GUY": 14554139194.003733, "HTI": 9543540755.397839, "JAM": 45170000.0, "KIR": 9543540755.397839, "MDV": -8432701046.815222, "MHL": 25179287972.301342, "MUS": 310770000.0, "FSM": -7122853926.975561, "NRU": -46448140223.22366, "NCL": 412309327779.0442, "MNP": -46448140223.22366, "PLW": 75496709236.08649, "PNG": 0.0, "PRI": -55159572933.55824, "KNA": 359147436982.55206, "LCA": -3218092517.3207803, "VCT": 3950765430.7120194, "WSM": 479294632180.9235, "STP": 9543540755.397839, "SYC": -33805787599.77946, "SGP": 2736887439762.506, "SXM": -46448140223.22366, "SLB": 8801219943.643148, "SUR": 160093376262.17563, "TLS": 9339530664.509298, "TON": -8432701046.815222, "TTO": -3218092517.3207803, "TUV": -121946551010.06017, "VIR": -32778551799.687668, "VUT": -20524006902.63948, "AIA": 1849303446013.9346, "COK": 1849303446013.9346, "MSR": 1849303446013.9346, "NIU": 1849303446013.9346}}, "upperIntervals": {"2020": {"ASM": 3002548928536.3667, "ATG": 1938330815964.393, "ABW": 976128328146.8156, "BHS": 1864263819835.8809, "BLZ": 1964963819835.8809, "VGB": 1964963819835.8809, "CPV": 1864263819835.8809, "COM": 1864263819835.8809, "CUB": 2992410122933.5645, "CUW": 1298764576490.3748, "DMA": 1140274309761.1035, "DOM": 1864263819835.8809, "FJI": 1864263819835.8809, "PYF": 1864263819835.8809, "GRD": 976128328146.8156, "GUM": 1864263819835.8809, "GNB": 1864263819835.8809, "GUY": 976128328146.8156, "HTI": 1864263819835.8809, "KIR": 1864263819835.8809, "MDV": 1864263819835.8809, "MHL": 1864263819835.8809, "FSM": 1864263819835.8809, "NRU": 1864263819835.8809, "NCL": 1039574309761.1036, "MNP": 1864263819835.8809, "PLW": 1719191113019.5205, "PRI": 3002548928536.3667, "KNA": 1864263819835.8809, "LCA": 976128328146.8156, "VCT": 976128328146.8156, "WSM": 1746897952602.3704, "STP": 1864263819835.8809, "SYC": 1964963819835.8809, "SGP": 3007227652825.8896, "SXM": 1720858585388.0305, "SLB": 1864263819835.8809, "SUR": 1864263819835.8809, "TLS": 1864263819835.8809, "TON": 1864263819835.8809, "TTO": 1047209039422.1382, "TUV": 1864263819835.8809, "VIR": 3002548928536.3667, "VUT": 1864263819835.8809, "AIA": 1918390053843.3042, "COK": 1918390053843.3042, "MSR": 1918390053843.3042, "NIU": 1918390053843.3042}}, "lowerIntervals": {"2020": {"ASM": 307002288363.2906, "ATG": 720994.0051559086, "ABW": 3986994.00515591, "BHS": 16285858.757120244, "BLZ": 10112688.28404391, "VGB": -964087.8001766641, "CPV": 25219929.29874251, "COM": 13783437.140376987, "CUB": 21953929.29874251, "CUW": 307003197286.96686, "DMA": 3986994.00515591, "DOM": 25219929.29874251, "FJI": 25219929.29874251, "PYF": 10366075.544043912, "GRD": 3986994.00515591, "GUM": 5611850.344043913, "GNB": 18644820.353453346, "GUY": 19300146.085666172, "HTI": 18644820.353453346, "KIR": 4001390.3440439096, "MDV": 19300146.085666172, "MHL": 3549109.9001567094, "FSM": 3986994.00515591, "NRU": 847709.9001567091, "NCL": 10366075.544043912, "MNP": 3549109.9001567094, "PLW": 3549109.9001567094, "PRI": 21953929.29874251, "KNA": 3549109.9001567094, "LCA": 8487831.94515591, "VCT": 3986994.00515591, "WSM": 307005644523.5106, "STP": 6724539.33875474, "SYC": 3986994.00515591, "SGP": 307016313129.29877, "SXM": -2418290.0998432916, "SLB": 19300146.085666172, "SUR": 25219929.29874251, "TLS": 25219929.29874251, "TON": 3986994.00515591, "TTO": 21953929.29874251, "TUV": 3549109.9001567094, "VIR": 307003197286.96686, "VUT": 10112688.28404391, "AIA": 25219929.29874251, "COK": 25219929.29874251, "MSR": 25219929.29874251, "NIU": 25219929.29874251}}, "categoryImportances": {"2020": {"Infrastructure": 0.01992211948294998, "Economic Policy & Debt": 0.00184656042155542, "Health": 0.01249137096068789, "Environment": 0.9657399491348065}}, "featureImportances": {"2020": {"wdi2-NE.DAB.TOTL.CN": 0.0006599262478842379, "wdi2-NY.GDY.TOTL.KN": 0.0011866341736711822, "wdi2-SP.POP.GROW": 0.011751310444945023, "wdi2-SP.POP.TOTL": 0.000740060515742867, "wdi2-SP.RUR.TOTL": 0.005841606716455279, "wdi2-SP.RUR.TOTL.ZS": 0.014216226984941741, "wdi2-SP.URB.GROW": 0.0009707217759561263, "wdi2-SP.URB.TOTL": 0.8317451149978355, "wdi2-SP.URB.TOTL.IN.ZS": 0.11296627865961784, "wdi-IT.NET.SECR.P6": 0.01992211948294998}}}