{"data": {"2010": {"ASM": 5865.328744313411, "ATG": 6434.581684915175, "ABW": 1904.5027203627856, "BHS": 2928.255918999345, "BRB": 2401.226443060483, "BLZ": 1049.235963126654, "VGB": 4112.324151813342, "CPV": 687.5345613625378, "COM": 741.2419528058272, "CUB": 1099.502727, "CUW": 13710.07982, "DMA": 972.2231213841452, "DOM": 776.6891312, "FJI": 907.8149343305016, "PYF": 2696.4163112001665, "GRD": 1156.5047091144177, "GUM": 8079.133088876492, "GNB": 297.9846110281809, "GUY": 1024.1387934658296, "HTI": 381.5912809, "JAM": 951.409447, "KIR": 1053.9738551056337, "MDV": 1926.6190085328344, "MHL": 2495.4306120438523, "MUS": 1053.452495, "FSM": 1551.968131049067, "NRU": 9654.19815357392, "NCL": 3215.524340110967, "MNP": 8296.203508802677, "PLW": 8133.358357072787, "PNG": 524.4828335783379, "PRI": 5159.199875548086, "KNA": 2243.733525354152, "LCA": 1572.3668893147328, "VCT": 1445.2513872488294, "WSM": 761.7546809712082, "STP": 709.8003935579211, "SYC": 1837.555532146238, "SGP": 5006.620992, "SXM": 4656.6244747112405, "SLB": 336.4974885514965, "SUR": 1355.643079, "TLS": 576.7100611106944, "TON": 1356.5185414667544, "TTO": 15108.68701, "TUV": 5228.078840521733, "VIR": 10797.669053239975, "VUT": 652.1315776123989, "AIA": 2627.237277449296, "COK": 2627.237277449296, "MSR": 2627.237277449296, "NIU": 2627.237277449296}, "2011": {"ASM": 2682.9876285934565, "ATG": 4465.257297223963, "ABW": 1343.3312159580407, "BHS": 1899.950303391782, "BRB": 1900.5734908936388, "BLZ": 1095.5155715046094, "VGB": 1187.3488763433345, "CPV": 742.7737108452748, "COM": 100.1864297852918, "CUB": 1032.819507, "CUW": 16064.05182, "DMA": 1071.192133940457, "DOM": 781.4695667, "FJI": 1126.8392692785687, "PYF": 3684.06497103846, "GRD": 177.6158470093227, "GUM": 4929.717977460593, "GNB": 70.98639906467639, "GUY": 984.5089998459822, "HTI": 389.0863854, "JAM": 1009.348066, "KIR": 389.5267486482, "MDV": 908.6132589574604, "MHL": 473.4524476333179, "MUS": 1053.50989, "FSM": 1640.231755557401, "NRU": 2985.572937942461, "NCL": 5456.614110907702, "MNP": 5120.838673302277, "PLW": 5577.097334493292, "PNG": 568.2501960159415, "PRI": 2971.3386742708594, "KNA": 505.2153359282053, "LCA": 1213.096783382871, "VCT": 1194.6140127673073, "WSM": 686.4688706629249, "STP": 279.6954475700434, "SYC": 1713.9575837359516, "SGP": 5069.171794, "SXM": 1043.337967358115, "SLB": 232.1713417093837, "SUR": 1305.553116, "TLS": 306.62659124207823, "TON": 445.3607470504903, "TTO": 14775.95459, "TUV": 2326.4989841825177, "VIR": 8569.652356849136, "VUT": 636.2649237118461, "AIA": 2265.9224803340435, "COK": 2265.9224803340435, "MSR": 2265.9224803340435, "NIU": 2265.9224803340435}, "2012": {"ASM": 1265.962382670949, "ATG": 6637.944583699402, "ABW": 1401.357961933115, "BHS": 1738.5413484202995, "BRB": 2461.4896256191523, "BLZ": 543.311871150583, "VGB": 1576.833303561215, "CPV": 1218.8145041656976, "COM": 577.9996511237661, "CUB": 1065.342603, "CUW": 13395.36979, "DMA": 1668.7375425967257, "DOM": 815.3903426, "FJI": 432.3056913636767, "PYF": 660.1053014128648, "GRD": 825.4837066985777, "GUM": 7920.213475185338, "GNB": 382.3026059835285, "GUY": 657.1942078914316, "HTI": 397.2574369, "JAM": 974.4645561, "KIR": 1716.82163260248, "MDV": 1344.1169744410015, "MHL": 1537.9941750930589, "MUS": 1067.780253, "FSM": 1723.1486011272923, "NRU": 7585.713872487222, "NCL": 2665.72632441437, "MNP": 6421.256208975959, "PLW": 6310.079932554925, "PNG": 429.43556439209743, "PRI": 2452.1456347544413, "KNA": 1630.4186769459218, "LCA": 1709.2375347832658, "VCT": 1861.5259951915864, "WSM": 637.4800082921442, "STP": 573.2698260902786, "SYC": 2130.235228594537, "SGP": 4898.330465, "SXM": 7560.28935550526, "SLB": 421.0169441959964, "SUR": 1440.39967, "TLS": 834.6089521294182, "TON": 1634.8407403193796, "TTO": 14312.42462, "TUV": 5967.414551102235, "VIR": 1988.912714694172, "VUT": 450.5493975650121, "AIA": 2095.9239615132733, "COK": 2095.9239615132733, "MSR": 2095.9239615132733, "NIU": 2095.9239615132733}, "2013": {"ASM": 4968.643070353698, "ATG": 6128.842457787235, "ABW": 1991.93232808426, "BHS": 5778.635170852203, "BRB": 5983.03191745207, "BLZ": 904.1780203964134, "VGB": 5770.488709048292, "CPV": 666.7996094518182, "COM": 363.4101006831605, "CUB": 1022.160344, "CUW": 11727.50972, "DMA": 1685.8751591688572, "DOM": 759.6938007, "FJI": 489.22899235366674, "PYF": 1499.9626049718172, "GRD": 2574.84642932422, "GUM": 8802.709639514758, "GNB": 228.67668793310244, "GUY": 919.6260646561634, "HTI": 394.0233862, "JAM": 1006.698126, "KIR": 4660.118550382564, "MDV": 5050.450932443131, "MHL": 3248.0146883703624, "MUS": 1094.72587, "FSM": 4720.405249246784, "NRU": 6010.606243293833, "NCL": 2436.6829416206515, "MNP": 7791.843535737824, "PLW": 6450.764593953673, "PNG": 455.3519926375228, "PRI": 7572.503829610408, "KNA": 2821.53703893738, "LCA": 4767.020933828163, "VCT": 2225.98320634315, "WSM": 959.5918320082428, "STP": 440.9339147152639, "SYC": 5355.410503026692, "SGP": 4880.40607, "SXM": 7368.35183117769, "SLB": 220.5448266774468, "SUR": 1264.239578, "TLS": 508.8225215537085, "TON": 2486.528885893291, "TTO": 14478.84921, "TUV": 5813.116883815384, "VIR": 6359.351436460256, "VUT": 540.1701812840042, "AIA": 1773.1964089695928, "COK": 1773.1964089695928, "MSR": 1773.1964089695928, "NIU": 1773.1964089695928}}, "upperIntervals": {"2010": {"ASM": 6061.101133721028, "ATG": 7074.792682887744, "ABW": 2649.5517252006744, "BHS": 2550.144461739633, "BRB": 2138.694678193424, "BLZ": 1776.9444883230567, "VGB": 3436.5406386175914, "CPV": 1470.7776969665183, "COM": 1770.208215566519, "DMA": 1701.5225639280814, "FJI": 1776.9444883230567, "PYF": 2674.741223346549, "GRD": 1429.9611741273352, "GUM": 7917.821029207923, "GNB": 1320.4403258987688, "GUY": 1770.282184674213, "KIR": 1777.53198954496, "MDV": 1927.233691242016, "MHL": 3439.2182633652483, "FSM": 1774.1774011492653, "NRU": 12089.290016988149, "NCL": 3924.146482405359, "MNP": 7542.253726998114, "PLW": 8775.693786179376, "PNG": 1617.660817364433, "PRI": 3800.902091906817, "KNA": 1886.518643939859, "LCA": 1777.53198954496, "VCT": 1784.1942931938036, "WSM": 1477.4400006153617, "STP": 1470.7776969665183, "SYC": 1172.474837750873, "SXM": 6625.935686451369, "SLB": 1751.2401978264254, "TLS": 1686.408638816773, "TON": 1480.9664918722688, "TUV": 6923.182752611115, "VIR": 12745.32121898228, "VUT": 1776.9444883230567, "AIA": 2617.8542638418467, "COK": 2617.8542638418467, "MSR": 2617.8542638418467, "NIU": 2617.8542638418467}, "2011": {"ASM": 4269.725496288099, "ATG": 7475.434776030507, "ABW": 2556.3478390967907, "BHS": 3092.374472672642, "BRB": 3781.46739700839, "BLZ": 2148.3425152664704, "VGB": 2927.4358161599453, "CPV": 2686.3349792898, "COM": 1801.1536657038805, "DMA": 2628.3951459610284, "FJI": 1667.7536735493036, "PYF": 2729.583047889543, "GRD": 1283.2955505204066, "GUM": 7518.48264529991, "GNB": 1738.7241398812191, "GUY": 1684.9420648446935, "KIR": 2915.240595231526, "MDV": 1745.1945432836649, "MHL": 2096.9491999832, "FSM": 3787.7469678056295, "NRU": 5226.577296848254, "NCL": 4407.135204013483, "MNP": 7611.419893035184, "PLW": 7666.858292483643, "PNG": 1700.7408586739946, "PRI": 3443.9118577063764, "KNA": 2165.641979563661, "LCA": 2930.755899690765, "VCT": 2917.606170944598, "WSM": 2557.46915904928, "STP": 2544.2898476370424, "SYC": 3115.0901328923865, "SXM": 2146.9088735176065, "SLB": 1828.973116193019, "TLS": 1665.5418592573735, "TON": 3071.503737992237, "TUV": 4069.534142869945, "VIR": 13288.842547121772, "VUT": 1826.0812631573567, "AIA": 2282.9142189575628, "COK": 2282.9142189575628, "MSR": 2282.9142189575628, "NIU": 2282.9142189575628}, "2012": {"ASM": 4959.947346642819, "ATG": 11369.351304982849, "ABW": 5426.007646258516, "BHS": 2727.080530829116, "BRB": 5433.103425386961, "BLZ": 1600.3133212500743, "VGB": 5727.903276345588, "CPV": 3794.163080679898, "COM": 2281.9722772028585, "DMA": 4207.161079622756, "FJI": 1600.3133212500743, "PYF": 3257.6933023974857, "GRD": 4118.588357648248, "GUM": 12159.758815145991, "GNB": 1655.1760757500754,