{"data": {"2020": {"ASM": 7.964014293696901, "ATG": 4.11944873334134, "ABW": 1.813807093046895, "BHS": 6.979384247033023, "BRB": 0.225145032, "BLZ": 34.737704919109724, "VGB": 31.680469283504465, "CPV": 5.3879424862665095, "COM": 6.042250435468242, "CUB": 12.59656320858245, "CUW": 9.649891701245032, "DMA": 2.2567849077960855, "DOM": 11.709172143188031, "FJI": 0.6274598045084323, "PYF": -0.4639447578390578, "GRD": 5.14041059152595, "GUM": 7.904055993027338, "GNB": 6.302263881621433, "GUY": 1.9570636310285028, "HTI": 10.275167217819606, "JAM": 0.386032742, "KIR": 8.178815893141259, "MDV": 2.9000270206858643, "MHL": 3.295652156413539, "MUS": 5.045286958, "FSM": 8.196169274777075, "NRU": 7.599137701445286, "NCL": 2.1301994110310383, "MNP": 6.353414880086799, "PLW": 3.716514375763272, "PNG": 11.59321584470916, "PRI": 7.723416382078628, "KNA": 4.981682861587121, "LCA": 4.786195048149467, "VCT": 0.8979544358237675, "WSM": 8.488190517832203, "STP": 9.188248185449568, "SYC": 2.4910979110877864, "SGP": 38.76864796476275, "SXM": 9.282161678731775, "SLB": 4.95162213190568, "SUR": 2.091482610230887, "TLS": 1.9544390892460106, "TON": 8.131559979301866, "TTO": 0.4247988805899647, "TUV": 3.440779019675753, "VIR": 13.52892030840964, "VUT": 4.011442879382415, "AIA": 77.42059651846023, "COK": 77.42059651846023, "MSR": 77.42059651846023, "NIU": 77.42059651846023}}, "upperIntervals": {"2020": {"ASM": 59.3926550686833, "ATG": 65.57471559364727, "ABW": 79.60663843920562, "BHS": 71.45522959835962, "BLZ": 58.66804312195442, "VGB": 72.22641332140047, "CPV": 62.019746754920895, "COM": 42.659167841229895, "CUB": 53.90517116037715, "CUW": 75.52561229606351, "DMA": 76.44627022196724, "DOM": 66.6106959829665, "FJI": 64.35316350138024, "PYF": 71.43687187590331, "GRD": 73.75035315662896, "GUM": 69.77540227915517, "GNB": 56.93277083182227, "GUY": 56.583247823806765, "HTI": 60.28809194973593, "KIR": 89.28848058304312, "MDV": 58.664425637007234, "MHL": 71.79025362145175, "FSM": 64.93569501239578, "NRU": 71.71068871120777, "NCL": 78.98993363659801, "MNP": 71.37566468811565, "PLW": 103.23091828807632, "PNG": 42.659167841229895, "PRI": 54.50639923146765, "KNA": 56.77626246643973, "LCA": 58.18351023276725, "VCT": 81.18062476320996, "WSM": 54.99523614190083, "STP": 67.49715024219431, "SYC": 65.67332828720147, "SGP": 68.15319849894702, "SXM": 78.08802204731273, "SLB": 45.536268635362674, "SUR": 62.9214982048258, "TLS": 54.32299922832425, "TON": 62.42206685036642, "TTO": 71.89545807726819, "TUV": 92.64380170095677, "VIR": 50.942607706383605, "VUT": 57.55216096299664, "AIA": 94.35761771493998, "COK": 94.35761771493998, "MSR": 94.35761771493998, "NIU": 94.35761771493998}}, "lowerIntervals": {"2020": {"ASM": 0.14507606029118675, "ATG": 1.1282122220538557, "ABW": 0.18915791534471882, "BHS": 0.218851366130829, "BLZ": 1.2765734305301548, "VGB": 0.18915791534471882, "CPV": 0.7721026965720034, "COM": 1.8059835957009938, "CUB": 1.1331354472573765, "CUW": 0.210696163325632, "DMA": 0.9964835475907856, "DOM": 1.1570752842738425, "FJI": 0.5882166479268829, "PYF": 0.1220414053466781, "GRD": 0.18915791534471882, "GUM": 0.10929862719597669, "GNB": 1.19948896111522, "GUY": 2.794921172362386, "HTI": 0.30743249016540425, "KIR": 0.1939558768051819, "MDV": 0.34746271603656226, "MHL": 6.604228873297748, "FSM": 0.18410586952263852, "NRU": 6.602303105974931, "NCL": 0.1463399422888217, "MNP": 0.13211397066272912, "PLW": 0.20902110674121455, "PNG": 4.17600323305013, "PRI": 1.078763022796164, "KNA": 0.15823501462495132, "LCA": 1.1219524545781032, "VCT": 0.12312253395301022, "WSM": 1.3355140106163848, "STP": 0.19840238207906125, "SYC": 0.7198510036943961, "SGP": 1.73554746806326, "SXM": 0.20196669167592451, "SLB": 3.4441680866626365, "SUR": 0.3959869343646392, "TLS": 1.251461925466603, "TON": 0.6082161509387132, "TTO": 2.0029253451943534, "TUV": 0.20709533941839814, "VIR": 0.1815595761579794, "VUT": 3.3499523117364363, "AIA": 14.10403785443936, "COK": 14.10403785443936, "MSR": 14.10403785443936, "NIU": 14.10403785443936}}, "categoryImportances": {"2020": {"Infrastructure": 0.18543114002952732, "Economic Policy & Debt": 0.029449241592979628, "Social Protection & Labor": 0.016783207847940948, "Health": 0.07170056726368977, "Environment": 0.6966358432658623}}, "featureImportances": {"2020": {"wdi2-NE.DAB.TOTL.CN": 0.00287696919924093, "wdi2-NY.GDY.TOTL.KN": 0.0265722723937387, "wdi-IT.NET.SECR.P6": 0.18543114002952732, "wdi2-SM.POP.REFG.OR": 0.016783207847940948, "wdi2-SP.POP.GROW": 0.04269655204328102, "wdi2-SP.POP.TOTL": 0.02900401522040875, "wdi2-SP.RUR.TOTL": 0.021592218219941842, "wdi2-SP.RUR.TOTL.ZS": 0.09291142934602985, "wdi2-SP.URB.GROW": 0.011034744776912722, "wdi2-SP.URB.TOTL": 0.5710974509229778}}}