{"data": {"2020": {"ASM": 48.71772652565044, "ATG": 68.08471898275081, "ABW": 67.63448512985181, "BHS": 64.66899593401926, "BRB": 45.206388357263386, "BLZ": 72.05920959306879, "VGB": 44.39051422096579, "CPV": 67.7647575568013, "COM": 76.61829785646101, "CUB": 26.598978974014493, "CUW": 32.31127938050987, "DMA": 70.6537532500441, "DOM": 62.14942698170002, "FJI": 73.348343378078, "PYF": 68.00396576559358, "GRD": 69.28971541011389, "GUM": 57.84646042592727, "GNB": 89.10978587314074, "GUY": 72.06676443802186, "HTI": 71.17412094445216, "JAM": 63.66195894308104, "KIR": 68.23769667763334, "MDV": 62.81770178909494, "MHL": 56.68488675590686, "MUS": 65.19791298467688, "FSM": 61.85031843418353, "NRU": 50.495786510736245, "NCL": 68.00396576559358, "MNP": 48.71772652565044, "PLW": 58.59876330186316, "PNG": 71.6803387910317, "PRI": 28.471488972665785, "KNA": 67.98102885292626, "LCA": 71.87178003111657, "VCT": 67.12971358805997, "WSM": 68.95488408527939, "STP": 84.77753483226, "SYC": 71.9180809361168, "SGP": 36.48666984652036, "SXM": 48.88329753827389, "SLB": 90.15244212912039, "SUR": 74.21712154022708, "TLS": 83.19593208914557, "TON": 82.43489782239364, "TTO": 72.07807790719305, "TUV": 68.18477678481489, "VIR": 25.921670176812377, "VUT": 85.48598460666507, "AIA": 58.65169720515051, "COK": 58.65169720515051, "MSR": 58.65169720515051, "NIU": 58.65169720515051}}, "upperIntervals": {"2020": {"ASM": 77.22968040344331, "ATG": 89.67602100755715, "ABW": 89.67602100755715, "BHS": 77.22968040344331, "BRB": 89.67602100755715, "BLZ": 87.2150089740642, "VGB": 77.22968040344331, "CPV": 90.64160104154774, "COM": 89.67602100755715, "CUB": 77.22968040344331, "CUW": 89.67602100755715, "DMA": 89.67602100755715, "DOM": 78.69827618477197, "FJI": 89.67602100755715, "PYF": 89.67602100755715, "GRD": 89.67602100755715, "GUM": 77.22968040344331, "GNB": 90.64160104154774, "GUY": 89.67602100755715, "HTI": 82.12486825225551, "JAM": 78.69827618477197, "KIR": 89.67602100755715, "MDV": 91.891810382348, "MHL": 89.67602100755715, "MUS": 87.2150089740642, "FSM": 89.67602100755715, "NRU": 77.22968040344331, "NCL": 89.67602100755715, "MNP": 77.22968040344331, "PLW": 89.67602100755715, "PNG": 91.891810382348, "PRI": 78.69827618477197, "KNA": 89.67602100755715, "LCA": 89.67602100755715, "VCT": 89.67602100755715, "WSM": 89.67602100755715, "STP": 89.67602100755715, "SYC": 89.67602100755715, "SGP": 77.22968040344331, "SXM": 89.67602100755715, "SLB": 90.64160104154774, "SUR": 91.891810382348, "TLS": 89.67602100755715, "TON": 89.67602100755715, "TTO": 89.67602100755715, "TUV": 91.891810382348, "VIR": 77.22968040344331, "VUT": 90.64160104154774, "AIA": 77.22968040344331, "COK": 77.22968040344331, "MSR": 77.22968040344331, "NIU": 77.22968040344331}}, "lowerIntervals": {"2020": {"ASM": 40.01756218878245, "ATG": 40.01756218878245, "ABW": 40.01756218878245, "BHS": 40.01756218878245, "BRB": 37.367178913013184, "BLZ": 40.01756218878245, "VGB": 40.01756218878245, "CPV": 40.01756218878245, "COM": 40.01756218878245, "CUB": 25.86744812408922, "CUW": 28.23902590435498, "DMA": 40.01756218878245, "DOM": 40.01756218878245, "FJI": 40.01756218878245, "PYF": 40.01756218878245, "GRD": 40.01756218878245, "GUM": 40.01756218878245, "GNB": 40.01756218878245, "GUY": 40.01756218878245, "HTI": 40.01756218878245, "JAM": 40.01756218878245, "KIR": 40.01756218878245, "MDV": 46.174546553426, "MHL": 40.01756218878245, "MUS": 40.01756218878245, "FSM": 40.01756218878245, "NRU": 40.01756218878245, "NCL": 40.01756218878245, "MNP": 40.01756218878245, "PLW": 40.01756218878245, "PNG": 46.174546553426, "PRI": 25.809052308045825, "KNA": 40.01756218878245, "LCA": 40.01756218878245, "VCT": 40.01756218878245, "WSM": 40.01756218878245, "STP": 40.01756218878245, "SYC": 40.01756218878245, "SGP": 36.63011366499871, "SXM": 40.01756218878245, "SLB": 40.01756218878245, "SUR": 46.174546553426, "TLS": 40.01756218878245, "TON": 40.01756218878245, "TTO": 40.01756218878245, "TUV": 46.174546553426, "VIR": 25.42088193874675, "VUT": 40.01756218878245, "AIA": 40.01756218878245, "COK": 40.01756218878245, "MSR": 40.01756218878245, "NIU": 40.01756218878245}}, "categoryImportances": {"2020": {"Economic Policy & Debt": 0.13357036217663087, "Private Sector & Trade": 0.839521756964515, "Financial": 0.02690788085885406}}, "featureImportances": {"2020": {"wdi2-NY.GDP.MKTP.PP.CD": 0.04016892590015178, "wdi2-NY.GNP.MKTP.PP.KD": 0.03304149110878116, "mvi-wdi-BX.TRF.PWKR.DT.GD.ZS": 0.02690788085885406, "wdi-BX.TRF.PWKR.CD.DT": 0.044823078291536145, "wdi-BX.TRF.PWKR.DT.GD.ZS": 0.01553686687616179, "wdi-IC.CUS.DURS.EX": 0.21283938624284282, "wdi-IC.ELC.OUTG": 0.42681211877119574, "wdi-IC.FRM.BKWC.ZS": 0.004355871706621338, "wdi-IC.FRM.BNKS.ZS": 0.15876999723586763, "wdi-IC.FRM.BRIB.ZS": 0.03674438300798755}}}