{"data": {"2020": {"ASM": 3.8121354076252634, "ATG": 18.50003763806236, "ABW": 11.797769987359109, "BHS": -0.8123189366816743, "BRB": 15.0, "BLZ": 423.23205967965805, "VGB": 397.45197178031975, "CPV": 34.389030150166654, "COM": 23.384768306223805, "CUB": 80.47341021800568, "CUW": 2352.716839843378, "DMA": 15.298232460555438, "DOM": 72.2974540383681, "FJI": 37.54313078961812, "PYF": 9.460880153320128, "GRD": 15.400099566884942, "GUM": 13.211569764355028, "GNB": 44.1331979335461, "GUY": 11.495712278127195, "HTI": 38.45734809472316, "JAM": 89.0, "KIR": 29.912817164141977, "MDV": 25.997870559050753, "MHL": 10.7091652718728, "MUS": 93.0, "FSM": 59.21532349706989, "NRU": 16.475407543864765, "NCL": 8.951528562837874, "MNP": 9.503673819292557, "PLW": 9.248758673081394, "PNG": 117.51253682125623, "PRI": 83.9317015437227, "KNA": 20.197826754546004, "LCA": 30.821932590577614, "VCT": 7.590256507946099, "WSM": 28.82236469143286, "STP": 24.614062783698646, "SYC": 40.0, "SGP": 459.0, "SXM": 8.394138172051234, "SLB": 24.956879426997407, "SUR": 13.258194949194337, "TLS": 70.14132547545584, "TON": 34.43498891696241, "TTO": 85.53606177107388, "TUV": 35.81767270059683, "VIR": 15.869141335743041, "VUT": 40.74414241167604, "AIA": 1977.9164338811167, "COK": 1977.9164338811167, "MSR": 1977.9164338811167, "NIU": 1977.9164338811167}}, "upperIntervals": {"2020": {"ASM": 1105.7215204127708, "ATG": 1626.7064930636693, "ABW": 958.7511198611885, "BHS": 1120.8644247734987, "BLZ": 354.61310963070173, "VGB": -112.79387499887031, "CPV": 1979.043005392101, "COM": 1437.4885737029067, "CUB": 738.5504947900469, "CUW": 1695.759553666422, "DMA": 542.9225203408829, "DOM": 1437.4885737029067, "FJI": 1437.4340084513838, "PYF": 1340.5915242722085, "GRD": 1544.6266631873257, "GUM": 1120.8644247734987, "GNB": 1437.4885737029067, "GUY": 981.4937340138531, "HTI": 1437.4885737029067, "KIR": 1437.4885737029067, "MDV": 1989.655741558704, "MHL": 1664.6626552097664, "FSM": 1437.4885737029067, "NRU": 1605.2761450077312, "NCL": 1088.262363428357, "MNP": 931.6573901960286, "PLW": 766.9255727637958, "PNG": 1437.4885737029067, "PRI": 710.2301792684291, "KNA": 1882.1643314317425, "LCA": 992.4594953315278, "VCT": 722.5893029733895, "WSM": 1207.4899033522122, "STP": 1979.043005392101, "SXM": 942.4414790024229, "SLB": 1979.043005392101, "SUR": 1766.6799872489125, "TLS": 1979.043005392101, "TON": 1766.6799872489125, "TTO": 1315.6800841525721, "TUV": 1437.4885737029067, "VIR": 383.0252162457897, "VUT": 1437.4885737029067, "AIA": 2137.126945302131, "COK": 2137.126945302131, "MSR": 2137.126945302131, "NIU": 2137.126945302131}}, "lowerIntervals": {"2020": {"ASM": 42.30068091251536, "ATG": 145.1372831477963, "ABW": 24.55041194435012, "BHS": 48.725827819099266, "BLZ": 92.98550922942233, "VGB": 20.52736642498642, "CPV": 41.86446485825282, "COM": 146.58597104090404, "CUB": 50.07138512461984, "CUW": 56.38273070809167, "DMA": 18.07788181538032, "DOM": 45.61674805113634, "FJI": 37.63420287831131, "PYF": 42.35920298959494, "GRD": 32.39852992661902, "GUM": 175.6827353574709, "GNB": 35.7986974494983, "GUY": 147.26995448460917, "HTI": 44.6767742616657, "KIR": 150.51284632922878, "MDV": 30.761020720680605, "MHL": 11.688093125345231, "FSM": 226.27799367197056, "NRU": 11.711430320088217, "NCL": 43.05234373840596, "MNP": 26.167199682540495, "PLW": 11.615690076515188, "PNG": 161.29267915659022, "PRI": 14.231693773647015, "KNA": 31.815607484987467, "LCA": 173.410509782114, "VCT": 44.40417387648869, "WSM": 318.7647086404065, "STP": 41.55734935608369, "SXM": 33.071688653708016, "SLB": 35.95621382483663, "SUR": 29.136665770124033, "TLS": 149.248509808772, "TON": 73.38855152641081, "TTO": 22.98390561708966, "TUV": 14.74106796750854, "VIR": 33.14786683073221, "VUT": 186.93021753900027, "AIA": 542.475453963675, "COK": 542.475453963675, "MSR": 542.475453963675, "NIU": 542.475453963675}}, "categoryImportances": {"2020": {"Infrastructure": 0.06027873268183793, "Economic Policy & Debt": 0.001984660521269152, "Social Protection & Labor": 0.008432615355388251, "Health": 0.8534621149489319, "Environment": 0.07584187649257283}}, "featureImportances": {"2020": {"wdi2-NE.DAB.TOTL.CN": 6.306727797970131e-05, "wdi2-NY.GDY.TOTL.KN": 0.001921593243289451, "wdi-IT.NET.SECR.P6": 0.06027873268183793, "wdi2-SM.POP.REFG.OR": 0.008432615355388251, "wdi2-SP.POP.GROW": 0.0003756045010581995, "wdi2-SP.POP.TOTL": 0.8530865104478736, "wdi2-SP.RUR.TOTL": 0.028298005709196446, "wdi2-SP.RUR.TOTL.ZS": 0.0012923609808581445, "wdi2-SP.URB.GROW": 0.002570566954753233, "wdi2-SP.URB.TOTL": 0.04368094284776501}}}