{"data": {"2020": {"ASM": 2.1461931823924996, "ATG": 1.9113054110472887, "ABW": 1.8106461419646038, "BHS": 2.880800526831086, "BRB": 1.5508004044543058, "BLZ": 1.7445104451138285, "VGB": 2.1627935410475088, "CPV": 1.7523981159416695, "COM": 1.9035387934919075, "CUB": 1.6830163750140905, "CUW": 1.586512848519754, "DMA": 1.9072550402261177, "DOM": 2.7875560715322942, "FJI": 1.9136449610331434, "PYF": 1.7987364904748, "GRD": 1.9125511525170533, "GUM": 2.9665717032757692, "GNB": 1.5877283373313027, "GUY": 1.9173057787338603, "HTI": 2.7970964048624714, "JAM": 2.7567412151807913, "KIR": 1.7008059212180537, "MDV": 1.9061121251379962, "MHL": 2.00962963274455, "MUS": 1.7310833978382378, "FSM": 1.8540298028285522, "NRU": 2.279465719202232, "NCL": 1.7987364904748, "MNP": 2.1461931823924996, "PLW": 2.017782594256766, "PNG": 1.4695934768179286, "PRI": 1.717750478862348, "KNA": 1.8777542158657, "LCA": 1.9162731463608318, "VCT": 1.9065866122472586, "WSM": 1.5352325754858434, "STP": 1.7915503649704205, "SYC": 1.9127222272335058, "SGP": 2.119613086588152, "SXM": 1.8435755806573846, "SLB": 1.6584998520104444, "SUR": 1.8664146269547741, "TLS": 1.8072109760706758, "TON": 1.5742162918596752, "TTO": 1.8091936127067703, "TUV": 1.8087940042203488, "VIR": 1.68483003443255, "VUT": 1.7265524159291314, "AIA": 2.3941757792793856, "COK": 2.3941757792793856, "MSR": 2.3941757792793856, "NIU": 2.3941757792793856}}, "upperIntervals": {"2020": {"ASM": 3.2059408668410985, "ATG": 3.2059408668410985, "ABW": 3.2059408668410985, "BHS": 3.2059408668410985, "BRB": 3.2059408668410985, "BLZ": 3.130342853346893, "VGB": 3.2059408668410985, "CPV": 2.9533946584319577, "COM": 3.136382415484145, "CUB": 3.2059408668410985, "CUW": 3.2059408668410985, "DMA": 3.2059408668410985, "DOM": 2.9533946584319577, "FJI": 3.2059408668410985, "PYF": 3.2059408668410985, "GRD": 3.2059408668410985, "GUM": 3.2059408668410985, "GNB": 2.508392175312659, "GUY": 3.2059408668410985, "HTI": 2.9533946584319577, "JAM": 2.9533946584319577, "KIR": 3.2059408668410985, "MDV": 3.2059408668410985, "MHL": 3.2059408668410985, "MUS": 3.130342853346893, "FSM": 3.2059408668410985, "NRU": 3.2059408668410985, "NCL": 3.2059408668410985, "MNP": 3.2059408668410985, "PLW": 3.2059408668410985, "PNG": 3.2059408668410985, "PRI": 3.137899324568684, "KNA": 3.2059408668410985, "LCA": 3.2059408668410985, "VCT": 3.2059408668410985, "WSM": 3.2059408668410985, "STP": 2.783247717818489, "SYC": 3.2059408668410985, "SGP": 3.2059408668410985, "SXM": 3.2059408668410985, "SLB": 2.6946199888939852, "SUR": 3.2059408668410985, "TLS": 2.783247717818489, "TON": 3.196661248174707, "TTO": 3.2059408668410985, "TUV": 3.2059408668410985, "VIR": 3.2059408668410985, "VUT": 2.51767179397905, "AIA": 3.2059408668410985, "COK": 3.2059408668410985, "MSR": 3.2059408668410985, "NIU": 3.2059408668410985}}, "lowerIntervals": {"2020": {"ASM": 1.9021196140407783, "ATG": 1.7994382357767467, "ABW": 1.2184552391064563, "BHS": 1.9086252598234037, "BRB": 1.7986219438845612, "BLZ": 1.7953862210064078, "VGB": 1.9086252598234037, "CPV": 1.7929325899941213, "COM": 1.7961683128722747, "CUB": 1.7314772202853461, "CUW": 1.2378750973890618, "DMA": 1.7953520209800888, "DOM": 1.9021196140407783, "FJI": 1.7994382357767467, "PYF": 1.2184552391064563, "GRD": 1.7994382357767467, "GUM": 1.9021196140407783, "GNB": 1.7962025128985932, "GUY": 1.7994382357767467, "HTI": 1.9021196140407783, "JAM": 2.080363503694492, "KIR": 1.7961683128722747, "MDV": 1.5727947519998262, "MHL": 1.2257771767812675, "MUS": 1.7921162981019354, "FSM": 1.2257771767812675, "NRU": 1.9086252598234037, "NCL": 1.2184552391064563, "MNP": 1.9021196140407783, "PLW": 1.224960884889082, "PNG": 1.000622821982539, "PRI": 1.727988368291464, "KNA": 1.7994382357767467, "LCA": 1.7986219438845612, "VCT": 1.7986219438845612, "WSM": 1.2225072538767956, "STP": 1.7998459061892664, "SYC": 1.7986219438845612, "SGP": 1.9086252598234037, "SXM": 1.2184552391064563, "SLB": 1.796610183311113, "SUR": 1.5727947519998262, "TLS": 1.7994382357767467, "TON": 1.2257771767812675, "TTO": 1.224960884889082, "TUV": 1.5727947519998262, "VIR": 1.7144516081350514, "VUT": 1.796610183311113, "AIA": 1.9086252598234037, "COK": 1.9086252598234037, "MSR": 1.9086252598234037, "NIU": 1.9086252598234037}}, "categoryImportances": {"2020": {"Economic Policy & Debt": 0.3935662355740926, "Private Sector & Trade": 0.5952090715474655, "Financial": 0.011224692878441965}}, "featureImportances": {"2020": {"wdi2-NY.GDP.MKTP.PP.CD": 0.042382457140566064, "wdi2-NY.GNP.MKTP.PP.KD": 0.03218840158849505, "mvi-wdi-BX.TRF.PWKR.DT.GD.ZS": 0.011224692878441965, "wdi-BX.TRF.PWKR.CD.DT": 0.31198798460287436, "wdi-BX.TRF.PWKR.DT.GD.ZS": 0.007007392242157109, "wdi-IC.CUS.DURS.EX": 0.017969351619454153, "wdi-IC.ELC.OUTG": 0.04588861644455766, "wdi-IC.ELC.OUTG.ZS": 0.47296100636222044, "wdi-IC.FRM.BKWC.ZS": 0.00998960117128774, "wdi-IC.FRM.BNKS.ZS": 0.04840049594994541}}}