{"data": {"2020": {"ASM": 62.64641256537701, "ATG": 49.242831124845935, "ABW": 62.30779687744799, "BHS": 60.096750024200524, "BRB": 34.50005805945635, "BLZ": 33.26482710815416, "VGB": 47.43479270506719, "CPV": 27.602253627995065, "COM": 56.29289452563106, "CUB": 25.665205902601937, "CUW": 25.926387352234116, "DMA": 55.216616087413385, "DOM": 32.813149139148436, "FJI": 52.191712572455465, "PYF": 64.65450659335764, "GRD": 52.99745474083173, "GUM": 66.54742624306462, "GNB": 31.58716197865512, "GUY": 52.191712572455465, "HTI": 28.255939751911715, "JAM": 33.742107119173006, "KIR": 52.30401755613282, "MDV": 43.813895667251444, "MHL": 45.59737195028474, "MUS": 35.42940911210585, "FSM": 48.17386381062055, "NRU": 45.96505983879722, "NCL": 64.65450659335764, "MNP": 62.64641256537701, "PLW": 46.56781815631655, "PNG": 54.89207877231025, "PRI": 28.556446400879402, "KNA": 54.46578503826145, "LCA": 60.64854814861953, "VCT": 58.74652539838876, "WSM": 56.072840083723456, "STP": 62.63045522260729, "SYC": 60.1179903350721, "SGP": 29.778184183393048, "SXM": 60.753492915670066, "SLB": 26.943714108896184, "SUR": 52.3254845028315, "TLS": 58.818039759016905, "TON": 54.52358438166072, "TTO": 58.17635311699306, "TUV": 45.14029887318454, "VIR": 25.639903305278594, "VUT": 29.63493490320914, "AIA": 50.48726785009731, "COK": 50.48726785009731, "MSR": 50.48726785009731, "NIU": 50.48726785009731}}, "upperIntervals": {"2020": {"ASM": 69.89166742721845, "ATG": 66.8118498626539, "ABW": 56.79408038350596, "BHS": 66.8118498626539, "BRB": 66.8118498626539, "BLZ": 46.14404392855815, "VGB": 66.8118498626539, "CPV": 46.14404392855815, "COM": 66.8118498626539, "CUB": 66.8118498626539, "CUW": 66.8118498626539, "DMA": 66.8118498626539, "DOM": 47.17105268254196, "FJI": 66.8118498626539, "PYF": 66.41060467648676, "GRD": 66.8118498626539, "GUM": 69.89166742721845, "GNB": 53.03692481600312, "GUY": 66.8118498626539, "HTI": 53.03692481600312, "JAM": 47.17105268254196, "KIR": 66.8118498626539, "MDV": 66.8118498626539, "MHL": 66.8118498626539, "MUS": 43.323416438559505, "FSM": 66.8118498626539, "NRU": 66.8118498626539, "NCL": 66.41060467648676, "MNP": 69.89166742721845, "PLW": 66.8118498626539, "PNG": 66.8118498626539, "PRI": 46.14404392855815, "KNA": 66.8118498626539, "LCA": 60.68431528176143, "VCT": 60.65097432022369, "WSM": 66.8118498626539, "STP": 66.8118498626539, "SYC": 60.68431528176143, "SGP": 66.8118498626539, "SXM": 66.41060467648676, "SLB": 53.03692481600312, "SUR": 66.8118498626539, "TLS": 66.8118498626539, "TON": 66.8118498626539, "TTO": 66.8118498626539, "TUV": 66.8118498626539, "VIR": 66.8118498626539, "VUT": 53.03692481600312, "AIA": 66.8118498626539, "COK": 66.8118498626539, "MSR": 66.8118498626539, "NIU": 66.8118498626539}}, "lowerIntervals": {"2020": {"ASM": 39.192057297529814, "ATG": 38.45976603140281, "ABW": 38.45976603140281, "BHS": 39.192057297529814, "BRB": 38.45976603140281, "BLZ": 28.179091716353472, "VGB": 39.192057297529814, "CPV": 28.168708127091303, "COM": 38.44938244214063, "CUB": 31.341916975742617, "CUW": 30.79833531576884, "DMA": 38.44938244214063, "DOM": 28.90099939321829, "FJI": 38.45976603140281, "PYF": 38.45976603140281, "GRD": 38.45976603140281, "GUM": 39.192057297529814, "GNB": 28.179091716353472, "GUY": 38.45976603140281, "HTI": 28.90099939321829, "JAM": 28.90099939321829, "KIR": 38.44938244214063, "MDV": 26.823268091705838, "MHL": 38.45976603140281, "MUS": 28.179091716353472, "FSM": 38.45976603140281, "NRU": 39.192057297529814, "NCL": 38.45976603140281, "MNP": 39.192057297529814, "PLW": 38.45976603140281, "PNG": 26.823268091705838, "PRI": 29.0936356235177, "KNA": 38.45976603140281, "LCA": 38.45976603140281, "VCT": 38.45976603140281, "WSM": 38.44938244214063, "STP": 38.45976603140281, "SYC": 38.45976603140281, "SGP": 35.684083883090565, "SXM": 38.45976603140281, "SLB": 28.179091716353472, "SUR": 26.823268091705838, "TLS": 38.45976603140281, "TON": 38.45976603140281, "TTO": 38.45976603140281, "TUV": 26.823268091705838, "VIR": 31.341916975742617, "VUT": 28.179091716353472, "AIA": 39.192057297529814, "COK": 39.192057297529814, "MSR": 39.192057297529814, "NIU": 39.192057297529814}}, "categoryImportances": {"2020": {"Economic Policy & Debt": 0.275350051747685, "Private Sector & Trade": 0.7161925890810544, "Financial": 0.008457359171260536}}, "featureImportances": {"2020": {"wdi2-NY.GDP.MKTP.PP.CD": 0.014755504301849097, "wdi2-NY.GNP.MKTP.PP.KD": 0.23202959912881027, "mvi-wdi-BX.TRF.PWKR.DT.GD.ZS": 0.008457359171260536, "wdi-BX.TRF.PWKR.CD.DT": 0.01650303404140283, "wdi-BX.TRF.PWKR.DT.GD.ZS": 0.012061914275622782, "wdi-IC.CUS.DURS.EX": 0.03505880994556309, "wdi-IC.ELC.OUTG": 0.0819553771094559, "wdi-IC.ELC.OUTG.ZS": 0.5312557126927616, "wdi-IC.FRM.BKWC.ZS": 0.01788293966645413, "wdi-IC.FRM.BNKS.ZS": 0.05003974966681967}}}