{"data": {"2020": {"ASM": 5.072472961657126, "ATG": 5.747412944364643, "ABW": 8.635245429760078, "BHS": 6.334123067766418, "BRB": 5.161528300288011, "BLZ": 7.657219324652732, "VGB": 2.4066621131941015, "CPV": 3.9829143399615528, "COM": 4.286783692392852, "CUB": 2.23436126120904, "CUW": 2.4584599676308465, "DMA": 4.379816682178425, "DOM": 2.7246380563259884, "FJI": 7.650380812177173, "PYF": 6.338381124038818, "GRD": 7.422282831311987, "GUM": 6.386419861951415, "GNB": 5.632131774215054, "GUY": 6.023578965609252, "HTI": 4.231748861122438, "JAM": 3.3840290043202192, "KIR": 4.27318066840467, "MDV": 7.169018172316634, "MHL": 5.528554037570605, "MUS": 8.004980657299194, "FSM": 8.295541990585054, "NRU": 2.1928909150472378, "NCL": 6.338381124038818, "MNP": 4.900480011341742, "PLW": 4.960662576553967, "PNG": 10.213988220234967, "PRI": 2.5994698550456743, "KNA": 7.360872081210483, "LCA": 7.4980437735743575, "VCT": 7.529218352588125, "WSM": 4.56891228035137, "STP": 7.515435863993375, "SYC": 7.703619836299473, "SGP": 1.8738622795557864, "SXM": 5.047490221979457, "SLB": 7.936617783891796, "SUR": 8.369215129260851, "TLS": 4.872438793595787, "TON": 8.31414907360294, "TTO": 6.947272551585337, "TUV": 9.381666200499687, "VIR": 2.2264206369556843, "VUT": 3.906152945892551, "AIA": 5.240978969189929, "COK": 5.240978969189929, "MSR": 5.240978969189929, "NIU": 5.240978969189929}}, "upperIntervals": {"2020": {"ASM": 7.84034777940652, "ATG": 8.46562961852468, "ABW": 8.6144894061701, "BHS": 7.610350343825501, "BRB": 8.46562961852468, "BLZ": 5.765647962351035, "VGB": 7.84034777940652, "CPV": 5.006875348736818, "COM": 8.555921607636455, "CUB": 7.84034777940652, "CUW": 8.46562961852468, "DMA": 8.512750526883172, "DOM": 6.190833194035657, "FJI": 5.797840933391877, "PYF": 8.4812825727739, "GRD": 8.584048279665064, "GUM": 7.967920750018467, "GNB": 8.550773552322765, "GUY": 8.644413791038106, "HTI": 7.908837550280695, "JAM": 8.136641038279667, "KIR": 8.512750526883172, "MDV": 10.60750846224139, "MHL": 8.46562961852468, "MUS": 8.68792956588134, "FSM": 8.512750526883172, "NRU": 7.84034777940652, "NCL": 8.4812825727739, "MNP": 7.84034777940652, "PLW": 8.46562961852468, "PNG": 10.60750846224139, "PRI": 7.8943779225308885, "KNA": 8.4812825727739, "LCA": 8.46562961852468, "VCT": 8.512750526883172, "WSM": 8.512750526883172, "STP": 7.531155461194651, "SYC": 7.489855184468877, "SGP": 7.84034777940652, "SXM": 8.46562961852468, "SLB": 7.553446951943455, "SUR": 10.60750846224139, "TLS": 5.043699047475128, "TON": 7.54697754005437, "TTO": 8.46562961852468, "TUV": 10.60750846224139, "VIR": 7.84034777940652, "VUT": 8.550773552322765, "AIA": 7.886170041338236, "COK": 7.886170041338236, "MSR": 7.886170041338236, "NIU": 7.886170041338236}}, "lowerIntervals": {"2020": {"ASM": 3.994724793344465, "ATG": 2.982377927894085, "ABW": 4.0069142146811, "BHS": 3.052345834196992, "BRB": 2.982377927894085, "BLZ": 3.052345834196992, "VGB": 1.7848759961645702, "CPV": 1.3000670152911677, "COM": 1.30224999357812, "CUB": 1.7848759961645702, "CUW": 1.7848759961645702, "DMA": 1.3022607468419536, "DOM": 1.6412467075462542, "FJI": 3.052345834196992, "PYF": 4.0069142146811, "GRD": 3.052345834196992, "GUM": 4.0069142146811, "GNB": 2.60565971528239, "GUY": 2.982377927894085, "HTI": 1.3006059695721355, "JAM": 1.3016461605717786, "KIR": 1.3022607468419536, "MDV": 3.052345834196992, "MHL": 4.0069142146811, "MUS": 3.052345834196992, "FSM": 4.0069142146811, "NRU": 1.7844588251319162, "NCL": 4.0069142146811, "MNP": 3.9950457303153972, "PLW": 3.9950457303153972, "PNG": 3.052345834196992, "PRI": 1.1007454793160154, "KNA": 3.052345834196992, "LCA": 3.052345834196992, "VCT": 3.052345834196992, "WSM": 1.675415532065879, "STP": 3.052345834196992, "SYC": 3.052345834196992, "SGP": 1.1007454793160154, "SXM": 4.0069142146811, "SLB": 3.052345834196992, "SUR": 2.982377927894085, "TLS": 2.607290692303013, "TON": 4.0069142146811, "TTO": 3.052345834196992, "TUV": 3.052345834196992, "VIR": 1.7848759961645702, "VUT": 2.606454184982542, "AIA": 4.0069142146811, "COK": 4.0069142146811, "MSR": 4.0069142146811, "NIU": 4.0069142146811}}, "categoryImportances": {"2020": {"Economic Policy & Debt": 0.3706457425353436, "Private Sector & Trade": 0.5991526187530668, "Financial": 0.03020163871158953}}, "featureImportances": {"2020": {"wdi2-NY.GDP.MKTP.PP.CD": 0.027287578868981328, "wdi2-NY.GNP.MKTP.PP.KD": 0.03028385026541223, "mvi-wdi-BX.TRF.PWKR.DT.GD.ZS": 0.03020163871158953, "wdi-BM.GSR.ROYL.CD": 0.08429794407372841, "wdi-BM.TRF.PWKR.CD.DT": 0.006962351723865916, "wdi-BX.GSR.ROYL.CD": 0.013757281827979816, "wdi-BX.PEF.TOTL.CD.WD": 0.04125864901850678, "wdi-BX.TRF.PWKR.CD.DT": 0.04036183506760677, "wdi-BX.TRF.PWKR.DT.GD.ZS": 0.1264362516892623, "wdi-IC.CUS.DURS.EX": 0.5991526187530668}}}