{"data": {"2020": {"ASM": 21.316462188572974, "ATG": 22.95412882949279, "ABW": 15.816073563014859, "BHS": 15.941725577554074, "BRB": 29.13049979604738, "BLZ": 20.751541536418973, "VGB": 14.519242657928157, "CPV": 26.7062837886308, "COM": 28.02231053666782, "CUB": 20.284051774904526, "CUW": 15.831780078319976, "DMA": 32.139144996226655, "DOM": 11.756587604431646, "FJI": 21.128381470460177, "PYF": 32.32483119993036, "GRD": 30.781155488612544, "GUM": 23.821824382746723, "GNB": 19.09448636806184, "GUY": 31.99443485013965, "HTI": 21.928069836553526, "JAM": 19.494409323539376, "KIR": 30.375298821234043, "MDV": 16.790453656419587, "MHL": 23.586668168977052, "MUS": 22.844750818662884, "FSM": 23.14228390889032, "NRU": 15.248225694439654, "NCL": 26.50656696090884, "MNP": 15.266754512763033, "PLW": 29.250605365930067, "PNG": 31.937511802596923, "PRI": 35.05732873521779, "KNA": 23.99837921084973, "LCA": 23.610989583382135, "VCT": 31.812959045365677, "WSM": 34.77067495923604, "STP": 25.498447276643972, "SYC": 25.47879794274489, "SGP": 9.7731428674363, "SXM": 18.1442010287623, "SLB": 22.525295643732328, "SUR": 31.84478313500903, "TLS": 18.496803274379303, "TON": 32.83148395252838, "TTO": 20.78554018131266, "TUV": 24.85576594367019, "VIR": 26.162951996162708, "VUT": 17.97228683621673, "AIA": 12.957425961415169, "COK": 12.957425961415169, "MSR": 12.957425961415169, "NIU": 12.957425961415169}}, "upperIntervals": {"2020": {"ASM": 28.81387158344556, "ATG": 29.909140575835824, "ABW": 28.176235306434958, "BHS": 29.21292036765734, "BRB": 30.456672249022763, "BLZ": 26.959524457463335, "VGB": 24.260525406003538, "CPV": 33.35256583263086, "COM": 33.39830313257181, "CUB": 27.3301714223563, "CUW": 24.02442756167309, "DMA": 27.67919597878596, "DOM": 25.14210748729672, "FJI": 30.33103497583862, "PYF": 32.31257220770863, "GRD": 30.271797610445024, "GUM": 29.170792230210942, "GNB": 32.090217744625896, "GUY": 33.3719806633615, "HTI": 30.223724777578397, "JAM": 29.124717117551874, "KIR": 29.854359158970066, "MDV": 30.35510516379505, "MHL": 28.296421284624667, "MUS": 30.28495986317955, "FSM": 27.950141453412623, "NRU": 25.096032374637645, "NCL": 26.89534591275968, "MNP": 27.026944461018125, "PLW": 31.864793069251395, "PNG": 32.85559047618181, "PRI": 33.607977152684676, "KNA": 27.574596357571384, "LCA": 30.35510516379505, "VCT": 30.35510516379505, "WSM": 33.46390948626343, "STP": 32.952037957636286, "SYC": 24.037224384001494, "SGP": 24.260525406003538, "SXM": 29.808704407453863, "SLB": 31.908733352356524, "SUR": 27.4405431439495, "TLS": 32.004583634431995, "TON": 33.1160816585718, "TTO": 30.333805698137912, "TUV": 32.22824406152788, "VIR": 25.731821195881082, "VUT": 31.908733352356524, "AIA": 20.76976874497428, "COK": 20.76976874497428, "MSR": 20.76976874497428, "NIU": 20.76976874497428}}, "lowerIntervals": {"2020": {"ASM": 14.282201534917974, "ATG": 15.73077183334362, "ABW": 10.987766002272693, "BHS": 7.496151001759682, "BRB": 15.64913474621288, "BLZ": 9.642655557076154, "VGB": 8.557414317901397, "CPV": 15.872655412165937, "COM": 12.46148199137155, "CUB": 14.814691961128766, "CUW": 11.59608933770275, "DMA": 15.64359513892164, "DOM": 9.824276313009232, "FJI": 12.938946389803498, "PYF": 15.035271803491586, "GRD": 15.80201381248693, "GUM": 9.870651824647428, "GNB": 8.545524519389181, "GUY": 15.460978028738982, "HTI": 11.59147344361958, "JAM": 9.69764879060375, "KIR": 14.63189897866011, "MDV": 6.3327480017596836, "MHL": 13.950361637360757, "MUS": 15.796474205195686, "FSM": 11.808739288019414, "NRU": 10.58943093920794, "NCL": 12.914971599555223, "MNP": 10.72012961916306, "PLW": 13.901126229461982, "PNG": 12.10701774526746, "PRI": 12.299623574399773, "KNA": 14.591086652022781, "LCA": 11.772638106061926, "VCT": 15.39527565688692, "WSM": 12.79697816782825, "STP": 12.46148199137155, "SYC": 15.714837118064949, "SGP": 7.399565415588742, "SXM": 10.830786778226845, "SLB": 9.319089869880239, "SUR": 15.725232226052377, "TLS": 6.687212247863775, "TON": 12.10701774526746, "TTO": 15.881532915893846, "TUV": 14.667537525952802, "VIR": 15.449497724674547, "VUT": 7.022708424320473, "AIA": 10.583906820275672, "COK": 10.583906820275672, "MSR": 10.583906820275672, "NIU": 10.583906820275672}}, "categoryImportances": {"2020": {"Economic Policy & Debt": 0.12653213837692548, "Infrastructure": 0.03493977583436874, "Social Protection & Labor": 0.8385280857887057}}, "featureImportances": {"2020": {"wdi2-NE.DAB.TOTL.CN": 0.01850660171204231, "wdi2-NE.EXP.GNFS.CN": 0.04019021658684213, "wdi-BX.TRF.PWKR.CD.DT": 0.06783532007804104, "wdi-IT.NET.SECR.P6": 0.03493977583436874, "wdi2-SL.EMP.TOTL.SP.ZS": 0.5132928717816828, "wdi2-SL.TLF.CACT.FE.NE.ZS": 0.08441047630272343, "wdi2-SL.TLF.CACT.FM.NE.ZS": 0.03890879544620714, "wdi2-SL.TLF.CACT.MA.NE.ZS": 0.08355959431471405, "wdi2-SL.TLF.CACT.ZS": 0.054495357586958705, "wdi2-SL.TLF.TOTL.IN": 0.06386099035641953}}}