{"data": {"2010": {"ASM": -1.982316402954076, "ATG": -2.993908593149442, "ABW": -3.233307376, "BHS": 19.86448241, "BRB": -2.270820696, "BLZ": -6.459314401, "VGB": -1.5134505616029483, "CPV": 24.63613295, "COM": 4.767257615, "CUB": 6.567949134066633, "CUW": -0.1077565623361723, "DMA": 4.761118816460847, "DOM": 15.44523379, "FJI": 9.638105099, "PYF": 33.76519445830691, "GRD": -3.514317651325875, "GUM": 6.318021803424546, "GNB": -8.657381591, "GUY": 9.144875891918888, "HTI": 18.64974336, "JAM": 10.00422065, "KIR": 10.17034388, "MDV": 11.04128104883807, "MHL": 1.0191020354957154, "MUS": 0.328330013, "FSM": 4.560954555976629, "NRU": -4.177000684527117, "NCL": 13.734970198515995, "MNP": 1.840325634638169, "PLW": 6.185287154259965, "PNG": 18.24008697459693, "PRI": 13.627623594876178, "KNA": -1.3684516853113238, "LCA": 3.981862611343996, "VCT": -4.4919448206637576, "WSM": 10.119478760083762, "STP": 4.007310034510043, "SYC": 8.402030325, "SGP": 39.9173988, "SXM": -2.080698724767329, "SLB": 16.299148200925575, "SUR": 24.50986436, "TLS": 6.699282993282, "TON": 4.515333282, "TTO": 26.40491050910272, "TUV": -0.0529254081109267, "VIR": 1.250259430968817, "VUT": 15.93041795, "AIA": 8.335476622835127, "COK": 8.335476622835127, "MSR": 8.335476622835127, "NIU": 8.335476622835127}, "2011": {"ASM": -5.69064661240168, "ATG": -7.640174011082033, "ABW": -10.47069151, "BHS": 17.34957383, "BRB": -8.498185137, "BLZ": -5.081599339, "VGB": -2.298832451931932, "CPV": 24.22763258, "COM": 1.540913989, "CUB": 2.585452032673786, "CUW": -8.802100617231911, "DMA": 6.8540336195958895, "DOM": 14.063083, "FJI": 7.374893451, "PYF": 17.596250027710898, "GRD": -7.035166890964797, "GUM": -4.23948833919336, "GNB": 5.515575721, "GUY": 6.466146751640107, "HTI": 14.3828372, "JAM": 5.302654591, "KIR": 6.839846675, "MDV": 1.2990075607245897, "MHL": -6.125018035895103, "MUS": -2.01704732, "FSM": 5.743345662584952, "NRU": -9.543771312505722, "NCL": 14.005841079897548, "MNP": -2.808155618896986, "PLW": -2.7650662018469987, "PNG": 15.54459647463878, "PRI": 12.33173219334069, "KNA": -4.7594007371771365, "LCA": 5.004700925665451, "VCT": -7.359006088054788, "WSM": 8.855734097833082, "STP": 6.516849360760535, "SYC": -1.430404441, "SGP": 39.1040852, "SXM": -13.281108510392542, "SLB": 3.577205708277538, "SUR": 7.907461714833903, "TLS": 6.043611962019291, "TON": 7.413025112, "TTO": 17.831385145466452, "TUV": -7.3623328336100835, "VIR": -7.155891623241416, "VUT": 16.60484452, "AIA": 8.154022181272229, "COK": 8.154022181272229, "MSR": 8.154022181272229, "NIU": 8.154022181272229}, "2012": {"ASM": -1.2529048087072894, "ATG": -0.5464715245630596, "ABW": -3.438339021, "BHS": 19.14069402, "BRB": -3.137336342, "BLZ": -3.39380282, "VGB": 1.446882602292277, "CPV": 18.89242099, "COM": 2.281699373, "CUB": 6.62005973719438, "CUW": 0.9331158802707528, "DMA": 13.758955731454876, "DOM": 14.49955342, "FJI": 7.250704546, "PYF": 24.797406759557777, "GRD": 1.7897000661644302, "GUM": 8.237148619575777, "GNB": -3.546615803, "GUY": 2.53662747513438, "HTI": 9.91135686, "JAM": 7.831659338, "KIR": 18.02912317, "MDV": 1.2660212287614645, "MHL": -5.144579984732385, "MUS": 1.989491352, "FSM": 13.139992803080087, "NRU": 3.881523927751517, "NCL": 15.305989261120947, "MNP": 4.009676937118458, "PLW": 0.9279664632356668, "PNG": 7.509713151932629, "PRI": 9.895658081232003, "KNA": 3.644843663673876, "LCA": 15.927914243398332, "VCT": 0.0835799398131544, "WSM": 17.381064150994007, "STP": 14.954466724117577, "SYC": 1.140306447, "SGP": 37.58543198, "SXM": -2.2949359854416502, "SLB": 7.107595998904781, "SUR": 16.892770126607704, "TLS": 5.620247329981925, "TON": 9.213685535, "TTO": 16.585011974702642, "TUV": 2.6671364442997256, "VIR": 5.572892026406704, "VUT": 15.05208229, "AIA": 9.233130366285083, "COK": 9.233130366285083, "MSR": 9.233130366285083, "NIU": 9.233130366285083}, "2013": {"ASM": -4.587456918037471, "ATG": 0.8488776463960004, "ABW": 0.415180178, "BHS": 19.40119088, "BRB": -3.801900804, "BLZ": -3.405708515, "VGB": 2.007760314970617, "CPV": 19.16886878, "COM": -0.6215127858129067, "CUB": 6.85975489152208, "CUW": 4.76017518069685, "DMA": 6.129582179722574, "DOM": 15.09420339, "FJI": 10.10356413, "PYF": 14.442726333074614, "GRD": 0.824256688707204, "GUM": 19.45768412676554, "GNB": -5.041902581, "GUY": 9.597363233311247, "HTI": 7.062569901, "JAM": 8.400811433, "KIR": 17.79938211, "MDV": 0.2037647230491899, "MHL": 4.556007879056968, "MUS": 3.903739197, "FSM": 12.350315527671146, "NRU": 2.876387144513599, "NCL": 16.341118615875995, "MNP": 0.4648831926510853, "PLW": 10.389696785347072, "PNG": 5.1642485102594025, "PRI": 11.348391879272484, "KNA": 1.129853964360612, "LCA": 4.765997189174476, "VCT": 0.670729253058164, "WSM": 9.904206139149164, "STP": 5.720515618420459, "SYC": 14.4198191, "SGP": 35.47888684, "SXM": 0.3575492296233508, "SLB": 0.3046583569153543, "SUR": 0.0575385210710699, "TLS": 3.558540704783168, "TON": 4.05794331460864, "TTO": 17.93324774279151, "TUV": 0.9789624807744928, "VIR": 17.310350105064597, "VUT": 20.95426161, "AIA": 8.699354529627552, "COK": 8.699354529627552, "MSR": 8.699354529627552, "NIU": 8.699354529627552}, "2014": {"ASM": 11.60690913170182, "ATG": 15.580152588380232, "ABW": 4.511939153, "BHS": 16.24972496, "BRB": -2.445410574, "BLZ": -1.50104105, "VGB": 11.23061129810799, "CPV": 16.71230307, "COM": -0.415167239, "CUB": 7.471288674403748, "CUW": 19.87647176778118, "DMA": 18.21704054302384, "DOM": 16.40404188, "FJI": 13.14449214, "PYF": 12.906629281419526, "GRD": 16.47551665044723, "GUM": 7.109544571664638, "GNB": 6.038456211, "GUY": 4.639045845552285, "HTI": 5.293503683, "JAM": 10.62218114, "KIR": 34.51360001, "MDV": 20.21543785, "MHL": 6.650267941775033, "MUS": 3.669108714, "FSM": 2.33469327080628, "NRU": 4.744129193593125, "NCL": 6.479035832055861, "MNP": 10.51931630451875, "PLW": 8.983094716935515, "PNG": 21.465748769783733, "PRI": 9.851352140812857, "KNA": 16.455524455070982, "LCA": 18.11786789081109, "VCT": 10.8427988032964, "WSM": 2.238653504522175, "STP": 4.228508178159527, "SYC": 9.10774978, "SGP": 36.58513705, "SXM": 12.119932254136604, "SLB": 1.1009446045038045, "SUR": 13.77738852643632, "TLS": 12.203420471399356, "TON": 4.1288871956626165, "TTO": 12.570025415429829, "TUV": -7.291334084231755, "VIR": 16.850652536246354, "VUT": 27.10907846, "AIA": 9.536843698876044, "COK": 9.536843698876044, "MSR": 9.536843698876044, "NIU": 9.536843698876044}}, "upperIntervals": {"2010": {"ASM": 26.40543083229597, "ATG": 26.105014228201576, "VGB": 26.05935566386173, "CUB": 20.288213849897254, "CUW": 20.087830194348747, "DMA": 25.389862722398377, "PYF": 34.823544372702656, "GRD": 26.105014228201576, "GUM": 25.24917413117666, "GUY": 26.39896978992672, "MDV": 33.647004665413334, "MHL": 26.506798778186152, "FSM": 28.013353649438343, "NRU": 30.187658101252424, "NCL": 26.844234811638223, "MNP": 27.281553935490884, "PLW": 28.79218758814305, "PNG": 29.278172094766056, "PRI": 25.667695104348915, "KNA": 26.65103956473172, "LCA": 26.105014228201576, "VCT": 26.40543083229597, "WSM": 27.7567379959642, "STP": 25.389862722398377, "SXM": 25.667695104348915, "SLB": 27.144651415732625, "TLS": 21.49020628561524, "TTO": 26.77450716966493, "TUV": 22.602101542794948, "VIR": 25.53907026539686, "AIA": 20.087830194348747, "COK": 20.087830194348747, "MSR": 20.087830194348747, "NIU": 20.087830194348747}, "2011": {"ASM": 27.546368434854543, "ATG": 29.022965146205543, "VGB": 23.08441868261594, "CUB": 17.45786000164377, "CUW": 23.34135459394076, "DMA": 23.38356537017713, "PYF": 34.932915645056404, "GRD": 29.322111833766733, "GUM": 20.29898025106244, "GUY": 24.37758277894422, "MDV": 32.652503500911585, "MHL": 23.217524973185256, "FSM": 25.29874881115417, "NRU": 27.300415842007936, "NCL": 9.387743447576744, "MNP": 28.977302929766736, "PLW": 2.291181795233314, "PNG": 20.650414500025928, "PRI": 29.322111833766733, "KNA": 30.34412471556913, "LCA": 29.21752486520554, "VCT": 27.74092815385454, "WSM": 29.88139745499536, "STP": 23.38356537017713,