{"data": {"2010": {"ASM": -3.210095947, "ATG": 1.53514888822619, "ABW": -0.0191673371732638, "BHS": -0.505114031, "BRB": 1.7428356876913793, "BLZ": 2.681874026, "VGB": -0.1509958147336208, "CPV": -2.435565074, "COM": -0.529687133, "CUB": 7.862627313, "CUW": 2.020327440692973, "DMA": 1.915192401856531, "DOM": 5.567957312, "FJI": 2.905027819373312, "PYF": 0.1572165484067035, "GRD": 1.4369506074988665, "GUM": -0.94257574, "GNB": 9.842037345, "GUY": 2.716531705534253, "HTI": -4.825503842, "JAM": -1.748616223, "KIR": -3.747890973, "MDV": 1.6375349504286152, "MHL": -0.749653765, "MUS": 2.392438234, "FSM": 0.4691401383660601, "NRU": -1.011267510238247, "NCL": 2.076024699144328, "MNP": 3.53715061, "PLW": -1.41708955, "PNG": 1.2995003649336048, "PRI": 1.962186325, "KNA": 1.7556996990523324, "LCA": 1.6581523342395652, "VCT": 1.538512853200508, "WSM": 1.6837226371905594, "STP": 1.1571079392168775, "SYC": 2.0200689391515634, "SGP": 2.51815867, "SXM": 1.6755970336481736, "SLB": 4.158636528499034, "SUR": 0.9845735745674576, "TLS": 1.966650046, "TON": 0.1305798623658596, "TTO": 2.811322568800438, "TUV": 0.0644302760241742, "VIR": 1.226320454, "VUT": 0.285555455, "AIA": 2.2667117717278904, "COK": 2.2667117717278904, "MSR": 2.2667117717278904, "NIU": 2.2667117717278904}, "2011": {"ASM": -4.50589169, "ATG": 3.0301997353939343, "ABW": 2.531186946084392, "BHS": -3.314291285, "BRB": 2.4120040321316947, "BLZ": 2.190646376, "VGB": 0.2979179270838157, "CPV": 0.890561813, "COM": 2.100831866, "CUB": 1.302779634, "CUW": 2.7642893910003665, "DMA": 2.777087223189198, "DOM": 3.075293706, "FJI": 2.916230466958792, "PYF": 3.017796039913132, "GRD": 2.6032124895507383, "GUM": 1.251826464, "GNB": -5.194986935, "GUY": 1.4300575031765417, "HTI": 2.976874624, "JAM": 3.255887791, "KIR": 4.663617042, "MDV": 2.566849957386209, "MHL": 4.138959253, "MUS": 2.34058601, "FSM": 2.2727711988527903, "NRU": 0.513962058959917, "NCL": 1.9341421355164257, "MNP": -3.092654259, "PLW": 4.185682477, "PNG": -1.5091927027132204, "PRI": 2.702095358, "KNA": 2.12394036410705, "LCA": 2.481305893113529, "VCT": 2.643151170855836, "WSM": 3.3083171299466563, "STP": 0.8342125857718748, "SYC": 2.3670071099225747, "SGP": 1.815639462, "SXM": 0.3458355732778603, "SLB": 0.9739860351035664, "SUR": 1.9695930529860373, "TLS": -0.553566817, "TON": 2.909987770093161, "TTO": 3.411826197888008, "TUV": 2.113617035652009, "VIR": -0.81513214, "VUT": 0.126359643, "AIA": 2.240836892893465, "COK": 2.240836892893465, "MSR": 2.240836892893465, "NIU": 2.240836892893465}, "2012": {"ASM": -2.401662395, "ATG": 1.8944672831723264, "ABW": 2.0137067810622225, "BHS": 2.684787949, "BRB": 2.185955650350985, "BLZ": -1.083178532, "VGB": -1.063480008786339, "CPV": 2.044094841, "COM": 1.809156987, "CUB": 3.066875651, "CUW": -0.2914349777895496, "DMA": 2.915114225923553, "DOM": 0.691881496, "FJI": 0.828175488308297, "PYF": 4.059980152944675, "GRD": 2.074507614874638, "GUM": 3.559494313, "GNB": -2.715861117, "GUY": 1.1929031266599917, "HTI": -0.133497823, "JAM": -1.548240659, "KIR": -0.124962002, "MDV": 3.201672582538581, "MHL": 1.509930697, "MUS": 2.456302631, "FSM": 1.6448468300157597, "NRU": 0.0227180186537618, "NCL": 1.7265390517578063, "MNP": 1.670697324, "PLW": 8.028610113, "PNG": 2.847157417203644, "PRI": 3.660387384, "KNA": 1.875292136415844, "LCA": 1.401155703381145, "VCT": 1.877616010995108, "WSM": 2.5893815043884683, "STP": 1.6073149075476796, "SYC": 1.8197318696081928, "SGP": 1.209619096, "SXM": 2.313765660790008, "SLB": 1.046734947515938, "SUR": 0.2180733333281938, "TLS": 1.416401675, "TON": 1.7216537388108664, "TTO": 2.9506347774579336, "TUV": 3.476573779634729, "VIR": -3.193026564, "VUT": 0.37034458, "AIA": 2.7712343980810585, "COK": 2.7712343980810585, "MSR": 2.7712343980810585, "NIU": 2.7712343980810585}, "2013": {"ASM": 4.671652749, "ATG": 1.097527218124522, "ABW": 1.738993527979254, "BHS": -2.987019649, "BRB": -1.2201639106348643, "BLZ": 2.639997912, "VGB": 2.145941523870712, "CPV": 0.50603517, "COM": 0.939353541, "CUB": 4.921560428, "CUW": 0.8938609082916281, "DMA": 0.7799195092059613, "DOM": 1.029599561, "FJI": 2.190886721300215, "PYF": -0.8418709706939668, "GRD": 1.5615603559154958, "GUM": 0.388348616, "GNB": -0.965690553, "GUY": 1.1635360612672694, "HTI": 3.327958132, "JAM": -1.262740739, "KIR": 2.030543154, "MDV": -0.0119307058526674, "MHL": 7.111372604, "MUS": 2.412342868, "FSM": 5.057067946793607, "NRU": 2.49552833063248, "NCL": 0.5376957903619648, "MNP": 7.096870194, "PLW": 2.619542368, "PNG": 6.36162109384584, "PRI": 2.860499512, "KNA": 2.0372618466386183, "LCA": 1.804825998041644, "VCT": 0.8936557585034294, "WSM": 0.7895990471958249, "STP": 5.727998234202103, "SYC": -2.6248643765379502, "SGP": 1.163806227, "SXM": -0.4116488677419934, "SLB": 1.6615123099962812, "SUR": 2.446371272401194, "TLS": 3.297938411, "TON": 1.4518180049763572, "TTO": 3.9530163642891742, "TUV": 1.6790431686965266, "VIR": -2.348814459, "VUT": 0.665652273, "AIA": 2.893961315917285, "COK": 2.893961315917285, "MSR": 2.893961315917285, "NIU": 2.893961315917285}, "2014": {"ASM": 2.364046172, "ATG": 2.438021627404358, "ABW": 2.459496068881267, "BHS": 3.751387614, "BRB": 0.96718527464533, "BLZ": -1.219461142, "VGB": 2.2455631283087625, "CPV": -0.087370953, "COM": -0.889705536, "CUB": 4.360775756, "CUW": 0.6411368470998632, "DMA": 2.4431243747727898, "DOM": 4.095254261, "FJI": 1.9299431469508657, "PYF": 2.2183938453334746, "GRD": -0.1373792355314902, "GUM": 0.033683842, "GNB": -6.645626629, "GUY": 1.8063720923982325, "HTI": -1.026427535, "JAM": -1.412695479, "KIR": 2.974325883, "MDV": 2.4286319008746684, "MHL": -4.566461469, "MUS": 2.444351461, "FSM": 0.9846632040729644, "NRU": 1.459328376246225, "NCL": 1.978762116238772, "MNP": 6.244737734, "PLW": 1.796207739, "PNG": 1.0845037975541123, "PRI": -1.52207756, "KNA": 2.426109429906211, "LCA": 2.4173719960238467, "VCT": 2.391150078899986, "WSM": 1.7718195833664705, "STP": 3.255108749739668, "SYC": 5.183003372550598, "SGP": 2.268370241, "SXM": 2.272892749099823, "SLB": 0.9807804997565004, "SUR": 1.4835106831602245, "TLS": 3.699643315, "TON": 2.453558646535439, "TTO": 2.064384999025343, "TUV": -0.3575288470178911, "VIR": -0.210285974, "VUT": 1.137426634, "AIA": 1.6882305393834578, "COK": 1.6882305393834578, "MSR": 1.6882305393834578, "NIU": 1.6882305393834578}}, "upperIntervals": {"2010": {"ATG": 3.62511195860926, "ABW": 2.103302415271349, "BRB": 3.6730561862110567, "VGB": 1.3741437321685446, "CUW": 3.453223887885438, "DMA": 3.63692722591047, "FJI": 3.907010284606732, "PYF": 1.4920282061036536, "GRD": 2.2803060634358743, "GUY": 3.8392725666203074, "MDV": 2.8986207943972544, "FSM": 2.2117848626263883, "NRU": 2.103302415271349, "NCL": 3.604798279378029, "PNG": 2.6673951726016303, "KNA": 2.2117848626263883, "LCA": 3.614880978705876, "VCT": 3.62511195860926, "WSM": 3.562356292469942, "STP": 3.2771835901168367, "SYC": 3.6057332302954648, "SXM": 3.528444778555431, "SLB": 5.429323631998762, "SUR": 3.63831344253168, "TON": 2.0826064084291063, "TTO": 3.9123709926552657, "TUV": 2.125013770659414, "AIA": 2.9203421299175845, "COK": 2.9203421299175845, "MSR": 2.9203421299175845, "NIU": 2.9203421299175845}, "2011": {"ATG": 4.013295197506379, "ABW": 3.547422699906821, "BRB": 3.6069375664092047, "VGB": 1.355280696037823, "CUW": 3.546043045994881, "DMA": 3.46673567390806, "FJI": 3.6695608340635424, "PYF": 2.9335217419431268, "GRD": 3.3564226141988, "GUY": 2.842413097086612, "MDV": 2.5971931624723505, "FSM": 3.444884247305804, "NRU": 1.919165677638031, "NCL": 2.956728545443817, "PNG": 2.655633477064298, "KNA": 3.7176373393784647, "LCA": 3.3622928820968627, "VCT": 3.3330875728263907, "WSM": 4.247850722696093, "STP": 3.650498717754812, "SYC": 3.793739639456592, "SXM": 1.7433862358178835, "SLB": 4.025579264453968, "SUR": 3.0535996974730257, "TON": 3.976955851051199, "TTO": 4.428404801189892, "TUV": 3.3012575082196, "AIA": 3.3622483643169923, "COK": 3.3622483643169923, "MSR": 3.3622483643169923, "NIU": 3.3622483643169923},