{"data": {"2020": {"ASM": 57.246551047146916, "ATG": 57.34634042309003, "ABW": 60.40507565992381, "BHS": 61.39551102887559, "BRB": 57.511993925064914, "BLZ": 56.60732926189791, "VGB": 62.91725675213485, "CPV": 52.17661695022484, "COM": 53.13131808433239, "CUB": 62.47768545587245, "CUW": 57.176883106158094, "DMA": 48.104075409572054, "DOM": 58.76743087957091, "FJI": 63.060000752966054, "PYF": 57.206713586857994, "GRD": 58.707808901255376, "GUM": 60.65161328998894, "GNB": 48.27909653322598, "GUY": 64.86088162127776, "HTI": 50.52211091283871, "JAM": 57.85354836007077, "KIR": 49.69563660577582, "MDV": 61.22822711174205, "MHL": 59.752268093403195, "MUS": 57.99615655059911, "FSM": 57.60801673424888, "NRU": 60.88499653912628, "NCL": 57.856829778907205, "MNP": 60.77399593727765, "PLW": 56.53824569665918, "PNG": 53.602408792899226, "PRI": 61.347405013766306, "KNA": 55.72100494437958, "LCA": 63.48350184052503, "VCT": 58.32018205124342, "WSM": 57.591572390629075, "STP": 59.815157855541685, "SYC": 55.72759932358982, "SGP": 60.04585600670361, "SXM": 60.46620089057921, "SLB": 53.291082638980015, "SUR": 56.885379232898565, "TLS": 53.551239405973476, "TON": 59.74046558358208, "TTO": 59.79713849892719, "TUV": 54.16224255887068, "VIR": 61.99683222257439, "VUT": 53.62464754912123, "AIA": 58.88609176321474, "COK": 58.88609176321474, "MSR": 58.88609176321474, "NIU": 58.88609176321474}}, "upperIntervals": {"2020": {"ASM": 62.634249966327985, "ATG": 59.10476639907948, "ABW": 62.58576104095336, "BHS": 62.939047550221076, "BRB": 62.594043871017504, "BLZ": 59.703957784150404, "VGB": 63.61909540088783, "CPV": 61.92385265613346, "COM": 61.92385265613346, "CUB": 63.080074493634, "CUW": 62.58576104095336, "DMA": 59.04337304899663, "DOM": 62.02503141172154, "FJI": 61.14465185381948, "PYF": 62.39652503253798, "GRD": 60.555516310979684, "GUM": 62.695222626605585, "GNB": 62.0309181385411, "GUY": 63.91324439680811, "HTI": 61.91796592931391, "JAM": 62.02503141172154, "KIR": 61.92385265613346, "MDV": 62.70110935342514, "MHL": 62.594043871017504, "MUS": 62.594043871017504, "FSM": 61.92385265613346, "NRU": 62.40402849997868, "NCL": 62.5807942958038, "MNP": 62.57987431413382, "PLW": 62.12158475761892, "PNG": 62.12158475761892, "PRI": 62.338396950630866, "KNA": 62.58576104095336, "LCA": 62.74720217555516, "VCT": 62.20375967620208, "WSM": 59.571458727166075, "STP": 61.92385265613346, "SYC": 60.51610471367681, "SGP": 62.70961970184828, "SXM": 62.837868794632996, "SLB": 58.96877004524682, "SUR": 62.58576104095336, "TLS": 62.0309181385411, "TON": 62.40149177768754, "TTO": 62.40991522679823, "TUV": 61.92385265613346, "VIR": 62.61083704950478, "VUT": 62.0309181385411, "AIA": 62.82369923774931, "COK": 62.82369923774931, "MSR": 62.82369923774931, "NIU": 62.82369923774931}}, "lowerIntervals": {"2020": {"ASM": 54.58133577609884, "ATG": 54.3852228725716, "ABW": 57.523570620369064, "BHS": 56.86518015499251, "BRB": 55.71467543935172, "BLZ": 56.21130090597503, "VGB": 57.58208487651263, "CPV": 51.953770407699125, "COM": 49.27581810253015, "CUB": 56.9747974318473, "CUW": 57.350581294336855, "DMA": 47.5370370545274, "DOM": 56.31418052732711, "FJI": 57.523570620369064, "PYF": 53.74758169124351, "GRD": 56.33105680493298, "GUM": 56.86518015499251, "GNB": 48.36617765980067, "GUY": 56.81556927795406, "HTI": 48.99684621876794, "JAM": 56.333903658890044, "KIR": 49.2374296249815, "MDV": 57.523570620369064, "MHL": 57.523570620369064, "MUS": 55.780066872561335, "FSM": 54.14517423357991, "NRU": 57.523570620369064, "NCL": 55.49030723324455, "MNP": 57.523570620369064, "PLW": 54.41582652778247, "PNG": 51.402706920840856, "PRI": 54.323875420496826, "KNA": 54.246641166041755, "LCA": 57.523570620369064, "VCT": 54.31687689811851, "WSM": 52.084455690535634, "STP": 55.50289006254671, "SYC": 54.391837273707026, "SGP": 58.6935411842991, "SXM": 57.523570620369064, "SLB": 53.01795130208241, "SUR": 54.65702638190176, "TLS": 54.59055843521094, "TON": 55.29130095503449, "TTO": 57.523570620369064, "TUV": 53.909169162625375, "VIR": 57.3777062253395, "VUT": 53.44540087551211, "AIA": 57.58208487651263, "COK": 57.58208487651263, "MSR": 57.58208487651263, "NIU": 57.58208487651263}}, "categoryImportances": {"2020": {"Economic Policy & Debt": 0.010704217073984505, "Infrastructure": 0.004363269929652158, "Social Protection & Labor": 0.9849325129963633}}, "featureImportances": {"2020": {"wdi2-NE.DAB.TOTL.CN": 0.004506268426845906, "wdi2-NE.EXP.GNFS.CN": 0.0012228731713297076, "wdi-BX.TRF.PWKR.CD.DT": 0.004975075475808892, "wdi-IT.NET.SECR.P6": 0.004363269929652158, "wdi2-SL.EMP.TOTL.SP.FE.NE.ZS": 0.03063880445089228, "wdi2-SL.EMP.TOTL.SP.MA.NE.ZS": 0.06283725278704852, "wdi2-SL.EMP.TOTL.SP.NE.ZS": 0.4385687810913867, "wdi2-SL.EMP.TOTL.SP.ZS": 0.01764976268219985, "wdi2-SL.TLF.CACT.FE.NE.ZS": 0.42845056793660113, "wdi2-SL.TLF.CACT.FM.NE.ZS": 0.0067873440482349315}}, "performance": {"2020": 0.0416884372822156}}