{"data": {"2020": {"ASM": 14651561110.145609, "ATG": 3973166559.572979, "ABW": 2319399598.5073867, "BHS": 8417405685.346048, "BRB": 4009379776.782795, "BLZ": 277612344.0, "VGB": 11935552791.673443, "CPV": 586167989.8, "COM": 18183540937.31856, "CUB": 106901798342.26599, "CUW": 13618919785.034843, "DMA": 11652573266.794678, "DOM": 18138799575.0, "FJI": 961202992.7, "PYF": 32097031740.137558, "GRD": 4341099884.140177, "GUM": 140290293879.70383, "GNB": 13926802128.603565, "GUY": 70623499088.6276, "HTI": 12910541267.106874, "JAM": 14287429929.536352, "KIR": 1947798242.5613332, "MDV": 23141110823.727413, "MHL": 23788118823.223248, "MUS": 3871513749.0362883, "FSM": 16402667610.333263, "NRU": 4507219344.739782, "NCL": 47092794447.17075, "MNP": 82746860489.0129, "PLW": 3911868449.5214653, "PNG": 16402667610.333263, "PRI": 113822688711.79901, "KNA": 12500676095.79249, "LCA": 12261451701.755901, "VCT": 14030945854.752798, "WSM": 14144001732.040464, "STP": 1340884986.7985795, "SYC": 84923133.59, "SGP": 137000000000.0, "SXM": 91364696036.50688, "SLB": 105160185.3, "SUR": 12286977571.188765, "TLS": 8727378552.842718, "TON": 3058546625.399537, "TTO": 11985692752.551641, "TUV": 23788118823.223248, "VIR": 106941217254.94925, "VUT": 13441032218.558468, "AIA": 92219151139.87555, "COK": 918556500.2553787, "MSR": 79448136537.59117, "NIU": 650188327.7990559}}, "upperIntervals": {"2020": {"ASM": 117430627760.31964, "ATG": 117430627760.31964, "ABW": 117430627760.31964, "BHS": 117430627760.31964, "BRB": 117430627760.31964, "VGB": 117430627760.31964, "COM": 117430627760.31964, "CUB": 121782987498.04166, "CUW": 117430627760.31964, "DMA": 117430627760.31964, "PYF": 117430627760.31964, "GRD": 117430627760.31964, "GUM": 117430627760.31964, "GNB": 117430627760.31964, "GUY": 117430627760.31964, "HTI": 117430627760.31964, "JAM": 117430627760.31964, "KIR": 117430627760.31964, "MDV": 117430627760.31964, "MHL": 117430627760.31964, "MUS": 117430627760.31964, "FSM": 117430627760.31964, "NRU": 117430627760.31964, "NCL": 117430627760.31964, "MNP": 117430627760.31964, "PLW": 117430627760.31964, "PNG": 117430627760.31964, "PRI": 234037056234.93698, "KNA": 117430627760.31964, "LCA": 117430627760.31964, "VCT": 117430627760.31964, "WSM": 117430627760.31964, "STP": 117430627760.31964, "SXM": 233313511977.3272, "SUR": 117430627760.31964, "TLS": 82533959951.52754, "TON": 117430627760.31964, "TTO": 117430627760.31964, "TUV": 117430627760.31964, "VIR": 117430627760.31964, "VUT": 117430627760.31964, "AIA": 121782987498.04166, "COK": 117430627760.31964, "MSR": 121782987498.04166, "NIU": 117430627760.31964}}, "lowerIntervals": {"2020": {"ASM": 4871769871.411569, "ATG": 3932167232.254534, "ABW": 26562369050.759293, "BHS": 1223619755.7459786, "BRB": 2661877877.600187, "VGB": 4871769871.411569, "COM": 4871769871.411569, "CUB": 4871769871.411569, "CUW": 4871769871.411569, "DMA": 4871769871.411569, "PYF": 4871769871.411569, "GRD": 2670270600.249582, "GUM": 4871769871.411569, "GNB": 4871769871.411569, "GUY": 4871769871.411569, "HTI": 4871769871.411569, "JAM": 4871769871.411569, "KIR": 2610954792.4193673, "MDV": 4871769871.411569, "MHL": 4871769871.411569, "MUS": 2661877877.600187, "FSM": 4871769871.411569, "NRU": 3635780553.9182324, "NCL": 4871769871.411569, "MNP": 4871769871.411569, "PLW": 2670270600.249582, "PNG": 4871769871.411569, "PRI": 4871769871.411569, "KNA": 4871769871.411569, "LCA": 4871769871.411569, "VCT": 4871769871.411569, "WSM": 4871769871.411569, "STP": 446977271.20824134, "SXM": 4871769871.411569, "SUR": 4871769871.411569, "TLS": 282311747.63407964, "TON": 318232062.90944076, "TTO": 4871769871.411569, "TUV": 4871769871.411569, "VIR": 4871769871.411569, "VUT": 4871769871.411569, "AIA": 4871769871.411569, "COK": 1718815491.8122365, "MSR": 4871769871.411569, "NIU": 530195111.08248323}}, "categoryImportances": {"2020": {"Economic Policy & Debt": 1.0}}, "featureImportances": {"2020": {"wdi2-NE.DAB.TOTL.CN": 0.02233352431734279, "wdi-BG.GSR.NFSV.GD.ZS": 0.0432090306887986, "wdi-BM.GSR.CMCP.ZS": 0.0036636490007914317, "wdi-BM.GSR.FCTY.CD": 0.014430539792145482, "wdi-BM.GSR.GNFS.CD": 0.06053923612656851, "wdi-BM.GSR.INSF.ZS": 0.04536366543998195, "wdi-BM.GSR.MRCH.CD": 0.5381868034943578, "wdi-BM.GSR.NFSV.CD": 0.22612384111914086, "wdi-BM.GSR.TOTL.CD": 0.027236750768027444, "wdi-BM.GSR.TRAN.ZS": 0.018912959252845245}}}