{"data": {"2010": {"ASM": 4.080742179376029, "ATG": 5.735098377138347, "ABW": 13.414013129529268, "BHS": 19.72838789, "BRB": -2.494091983, "BLZ": -6.826039978, "VGB": 15.216855259533752, "CPV": 24.04357647, "COM": 2.737771528, "CUB": 5.618823416922927, "CUW": -7.681317513479357, "DMA": 0.9386115019122124, "DOM": 15.09621787, "FJI": 8.788592518, "PYF": 21.1665620474299, "GRD": 0.1663104242333064, "GUM": 7.810066036721341, "GNB": -11.16693311, "GUY": 12.019123933304554, "HTI": 17.17953118, "JAM": 9.735982359, "KIR": -2.9340996120320337, "MDV": 17.83944894823911, "MHL": 3.6923947522986578, "MUS": 0.150606371, "FSM": 4.595566631415195, "NRU": -6.052486189351454, "NCL": 12.33436801080084, "MNP": 15.177873766630976, "PLW": 10.819983704432438, "PNG": 19.010933069574023, "PRI": 9.757399711704483, "KNA": 10.082912120099172, "LCA": 0.5090782841514954, "VCT": 6.750225896495477, "WSM": 7.572244951443304, "STP": -4.841943132699647, "SYC": 16.97066382597112, "SGP": 39.85755938, "SXM": -4.477497129325402, "SLB": 8.816224015670523, "SUR": 24.24736036, "TLS": 2.657627907612909, "TON": 4.002997353, "TTO": 16.195688894302712, "TUV": 7.033233842234023, "VIR": 8.953557874126851, "VUT": 13.09223838, "AIA": 8.872696536095727, "COK": 8.872696536095727, "MSR": 8.872696536095727, "NIU": 8.872696536095727}, "2011": {"ASM": 6.5308380744300045, "ATG": 6.831591964962607, "ABW": 7.490552534822145, "BHS": 17.21462498, "BRB": -8.732832573, "BLZ": -5.434788759, "VGB": 13.677155272766642, "CPV": 23.6586637, "COM": -0.36554212, "CUB": 2.707556396679756, "CUW": -1.2975272539420672, "DMA": 5.814040039628889, "DOM": 13.70007525, "FJI": 6.583519932, "PYF": 28.7612704188806, "GRD": 5.3353542471489765, "GUM": 7.30320746204217, "GNB": 3.208454086, "GUY": 9.149596578877627, "HTI": 12.02839195, "JAM": 5.022448096, "KIR": 3.481401923156524, "MDV": 15.33609690942708, "MHL": -2.422618240386656, "MUS": -2.190521631, "FSM": 8.316092072770884, "NRU": 1.032843152447828, "NCL": 19.898599345162783, "MNP": 8.719168027123736, "PLW": 17.043235168040606, "PNG": 4.979347077412144, "PRI": 17.34427747892013, "KNA": 7.322333934783739, "LCA": 4.7731683283228765, "VCT": 11.07173740318744, "WSM": 4.747092633219895, "STP": 11.69706105156207, "SYC": 38.89622506869765, "SGP": 39.04129045, "SXM": -8.460867088093485, "SLB": 9.74814948972002, "SUR": 14.821866408263327, "TLS": -2.946751938378233, "TON": 6.936682548, "TTO": 19.818177231643496, "TUV": 1.921360182077955, "VIR": 13.399805213800509, "VUT": 13.79727751, "AIA": 6.554484891073419, "COK": 6.554484891073419, "MSR": 6.554484891073419, "NIU": 6.554484891073419}, "2012": {"ASM": 13.428754501333689, "ATG": 11.488886180233475, "ABW": 16.15771693634667, "BHS": 19.01079604, "BRB": -3.361171169, "BLZ": -3.748176373, "VGB": 12.985238332227574, "CPV": 18.3005712, "COM": 0.454628596, "CUB": -0.0072446067956313, "CUW": 5.639716778985446, "DMA": 10.999518381027114, "DOM": 14.10535799, "FJI": 6.529303555, "PYF": 28.50949332827232, "GRD": 10.833531632730084, "GUM": 19.52877348647015, "GNB": -5.860470405, "GUY": 6.709785530450145, "HTI": 7.544068806, "JAM": 7.572234501, "KIR": 15.255114370295871, "MDV": 13.905070517279665, "MHL": 1.0146079665147931, "MUS": 1.823157595, "FSM": 17.63440852414298, "NRU": 8.01065373234618, "NCL": 15.784474184800375, "MNP": 16.227209263476635, "PLW": 18.44166605103892, "PNG": 10.153281964698431, "PRI": 11.964979776822272, "KNA": 15.80338216467036, "LCA": 10.955605648936931, "VCT": 12.98180000923849, "WSM": 14.175928681370484, "STP": 10.724967614059056, "SYC": 30.934694318003835, "SGP": 37.51875188, "SXM": 2.6439394202771447, "SLB": 26.78687167640528, "SUR": 24.51785579039909, "TLS": 1.862170004058676, "TON": 8.747062215, "TTO": 13.389698792688293, "TUV": 10.462414403139544, "VIR": 20.765112256374668, "VUT": 12.14794666, "AIA": 8.163496467279256, "COK": 8.163496467279256, "MSR": 8.163496467279256, "NIU": 8.163496467279256}, "2013": {"ASM": 11.313730790689366, "ATG": 9.19356146365043, "ABW": 10.934713218470533, "BHS": 19.26436328, "BRB": -4.049675023, "BLZ": -3.760064186, "VGB": 16.371639067439308, "CPV": 18.57792825, "COM": 0.4787090829207633, "CUB": 5.577964822375975, "CUW": -1.929077254076975, "DMA": 3.656218952737979, "DOM": 14.680428, "FJI": 9.475688283, "PYF": 26.650666033051703, "GRD": 7.633641283714269, "GUM": 15.924326693537154, "GNB": -7.388060633, "GUY": 12.169355738652552, "HTI": 4.697275624, "JAM": 8.139932633, "KIR": 14.008861330216698, "MDV": 14.438683868567292, "MHL": 11.22735410032049, "MUS": 3.750878031, "FSM": 11.861688749693675, "NRU": -2.657830297589519, "NCL": 21.41488774988524, "MNP": 13.688552414647, "PLW": 24.623258634901028, "PNG": 9.577790945673216, "PRI": 19.31594905762149, "KNA": 6.5978641391176485, "LCA": 8.353796175499994, "VCT": 6.966901540000223, "WSM": 6.6067628215457095, "STP": 8.396311085648609, "SYC": 27.706799636056928, "SGP": 35.40843322, "SXM": -0.1400825379028075, "SLB": 11.361054903107496, "SUR": 0.6666916912373828, "TLS": 5.968437880636365, "TON": 0.223939649247611, "TTO": 16.36042284830277, "TUV": -0.8548108632745277, "VIR": 18.25278096368105, "VUT": 18.23320022, "AIA": 6.183578043928648, "COK": 6.183578043928648, "MSR": 6.183578043928648, "NIU": 6.183578043928648}, "2014": {"ASM": 14.795120499137012, "ATG": 17.128517667151428, "ABW": 18.072820935038813, "BHS": 16.10655642, "BRB": -2.679468055, "BLZ": -1.849247633, "VGB": 11.863093653111836, "CPV": 16.10494252, "COM": -2.167389921, "CUB": 4.249471296547973, "CUW": 11.806254691608594, "DMA": 11.772232278185337, "DOM": 16.00054634, "FJI": 12.57384823, "PYF": 12.077175094682, "GRD": 19.80399191634792, "GUM": 8.649174879207612, "GNB": 3.820494145, "GUY": 12.180820829537025, "HTI": 2.965506331, "JAM": 10.33536772, "KIR": 11.288994253993277, "MDV": 20.08276791, "MHL": 8.52267375158578, "MUS": 3.509190333, "FSM": 12.63649421347132, "NRU": 15.742186302822878, "NCL": 16.003275019917684, "MNP": 23.909385193751035, "PLW": 8.85317199191779, "PNG": 17.64219180451449, "PRI": 20.15383989760614, "KNA": 20.0622035674842, "LCA": 23.57152204682544, "VCT": 18.56846601598805, "WSM": 14.46809615349989, "STP": 5.89093246567882, "SYC": 25.133180013638498, "SGP": 36.51437467, "SXM": 4.794958423048245, "SLB": 5.434393717009487, "SUR": 13.596731826216782, "TLS": 17.405145463288644, "TON": 3.8672880989062937, "TTO": 11.48545386782859, "TUV": 16.56227633263936, "VIR": 18.247020645073672, "VUT": 24.43855308, "AIA": 7.213888518112779, "COK": 7.213888518112779, "MSR": 7.213888518112779, "NIU": 7.213888518112779}}, "upperIntervals": {"2010": {"ASM": 25.91377316650457, "ATG": 27.327188290629856, "ABW": 25.27714189561465, "VGB": 27.447804651930447, "CUB": 22.26382936274608, "CUW": 22.26382936274608, "DMA": 23.56105818620513, "PYF": 29.89269749962144, "GRD": 25.91377316650457, "GUM": 26.83491159589626, "GUY": 24.98393516118127, "KIR": 24.99547494827813, "MDV": 29.061705538595305, "MHL": 25.813988059798422, "FSM": 24.99547494827813, "NRU": 25.75932942550872, "NCL": 25.34743042861973, "MNP": 29.225775753927657, "PLW": 27.843377967555448, "PNG": 26.78184719069273, "PRI": 25.34743042861973, "KNA": 27.418333006915645, "LCA": 25.91377316650457, "VCT": 25.91377316650457, "WSM": 26.78184719069273, "STP": 23.56105818620513, "SYC": 31.47366499453598, "SXM": 25.34743042861973, "SLB": 25.34743042861973, "TLS": 24.05020160516068, "TTO": 25.34743042861973, "TUV": 25.023971318769146, "VIR": 30.422286297229668, "AIA": 22.26382936274608, "COK": 22.26382936274608, "MSR": 22.26382936274608, "NIU": 22.26382936274608}, "2011": {"ASM": 26.89081892297736, "ATG": 26.237527195381247, "ABW": 28.04427730762384, "VGB": 22.46871048626388, "CUB": 17.975814671923317, "CUW": 18.4412371022652, "DMA": 22.90675205003689, "PYF": 35.88788227228975, "GRD": 26.43914523841663, "GUM": 22.561411071396144, "GUY": 26.88418810614018, "KIR": 17.52063300457266, "MDV": 32.914255856066255, "MHL": 18.10860468326393, "FSM": 22.55329588082717, "NRU": 23.24135925163238, "NCL": 16.945524784661817, "MNP": 28.572527203606484,