{"data": {"2020": {"ASM": 43.562991565115674, "ATG": 40.74882909130453, "ABW": 47.392794981576394, "BHS": 42.70436641697941, "BRB": 44.43707474120612, "BLZ": 38.30102623313715, "VGB": 54.42883363869049, "CPV": 33.8439371083935, "COM": 35.9817222755427, "CUB": 53.13119006052007, "CUW": 45.19270366497768, "DMA": 30.507309683239267, "DOM": 43.567334718434424, "FJI": 48.597429182947614, "PYF": 35.182755532532205, "GRD": 44.32593422648508, "GUM": 44.54097448773457, "GNB": 30.07099043471318, "GUY": 54.414269329231274, "HTI": 31.976961841802833, "JAM": 43.44764686687123, "KIR": 31.13215247984425, "MDV": 44.879074204827205, "MHL": 46.80978499140947, "MUS": 43.09189029089085, "FSM": 36.51259541867558, "NRU": 46.1563607461552, "NCL": 39.73717048202697, "MNP": 51.13629795643867, "PLW": 41.63898040363126, "PNG": 31.58995893013238, "PRI": 48.45387936163507, "KNA": 44.22456903480813, "LCA": 49.961654962195226, "VCT": 40.451844715000654, "WSM": 35.969850025795274, "STP": 44.449433288307105, "SYC": 44.22902708465293, "SGP": 51.533981811758146, "SXM": 46.77391882029663, "SLB": 32.14878120702398, "SUR": 41.363822908200234, "TLS": 36.71654697449417, "TON": 39.901646261471576, "TTO": 46.73810469339681, "TUV": 37.37443597045302, "VIR": 52.273194251226904, "VUT": 36.834166553391256, "AIA": 47.624659561925405, "COK": 47.624659561925405, "MSR": 47.624659561925405, "NIU": 47.624659561925405}}, "upperIntervals": {"2020": {"ASM": 50.74208133356414, "ATG": 50.74208133356414, "ABW": 50.74208133356414, "BHS": 50.91425629591293, "BRB": 50.74208133356414, "BLZ": 51.24031061168962, "VGB": 54.5651893461493, "CPV": 50.74208133356414, "COM": 50.74208133356414, "CUB": 53.65292993214024, "CUW": 50.74208133356414, "DMA": 50.74208133356414, "DOM": 50.74208133356414, "FJI": 52.0466292592539, "PYF": 50.74208133356414, "GRD": 50.74208133356414, "GUM": 50.74208133356414, "GNB": 52.965160675880064, "GUY": 54.94322237860827, "HTI": 50.74208133356414, "JAM": 50.74208133356414, "KIR": 50.74208133356414, "MDV": 51.32366719446458, "MHL": 50.74208133356414, "MUS": 50.74208133356414, "FSM": 50.74208133356414, "NRU": 50.74208133356414, "NCL": 50.74208133356414, "MNP": 52.39700101656137, "PLW": 50.74208133356414, "PNG": 50.74208133356414, "PRI": 50.74208133356414, "KNA": 50.74208133356414, "LCA": 51.55138453589719, "VCT": 50.74208133356414, "WSM": 50.74208133356414, "STP": 51.55294872948444, "SYC": 50.74208133356414, "SGP": 53.7146663486491, "SXM": 50.74208133356414, "SLB": 53.4258694147989, "SUR": 50.74208133356414, "TLS": 51.32366719446458, "TON": 50.74208133356414, "TTO": 50.74208133356414, "TUV": 50.74208133356414, "VIR": 53.223696698276754, "VUT": 52.965160675880064, "AIA": 50.74208133356414, "COK": 50.74208133356414, "MSR": 50.74208133356414, "NIU": 50.74208133356414}}, "lowerIntervals": {"2020": {"ASM": 40.20287868721419, "ATG": 40.060921972534146, "ABW": 41.80918950476693, "BHS": 42.834927758406586, "BRB": 40.93244791064379, "BLZ": 37.021194318429714, "VGB": 45.1171893742362, "CPV": 35.542192376212796, "COM": 36.84242444445985, "CUB": 43.179702756427055, "CUW": 41.8177054113977, "DMA": 31.09791587470279, "DOM": 40.74908416918409, "FJI": 40.87069818092511, "PYF": 36.74554872250279, "GRD": 41.80918950476693, "GUM": 40.90408824819443, "GNB": 32.20181968967338, "GUY": 42.05211785061324, "HTI": 33.15137094913836, "JAM": 40.94026715336805, "KIR": 35.556467007778636, "MDV": 42.79966889210348, "MHL": 41.80918950476693, "MUS": 40.93244791064379, "FSM": 37.08740515352553, "NRU": 41.06478145542705, "NCL": 37.59555356675363, "MNP": 42.27748760133619, "PLW": 40.93633814992216, "PNG": 35.815581601596456, "PRI": 38.971469544570226, "KNA": 40.92518457950182, "LCA": 41.661588420203486, "VCT": 40.07851535645767, "WSM": 36.4447878792875, "STP": 38.403996917192245, "SYC": 40.92518457950182, "SGP": 45.83577992470682, "SXM": 41.80918950476693, "SLB": 33.136524761924704, "SUR": 39.46989754775781, "TLS": 37.08612658525303, "TON": 38.203829217719395, "TTO": 41.80529926548856, "TUV": 39.54763982398023, "VIR": 43.179702756427055, "VUT": 37.093073851409955, "AIA": 41.07718760133619, "COK": 41.07718760133619, "MSR": 41.07718760133619, "NIU": 41.07718760133619}}, "categoryImportances": {"2020": {"Economic Policy & Debt": 0.00904653077649021, "Infrastructure": 0.01277130343971401, "Social Protection & Labor": 0.9781821657837958}}, "featureImportances": {"2020": {"wdi2-NE.DAB.TOTL.CN": 0.00044247665004927474, "wdi-BX.TRF.PWKR.CD.DT": 0.008604054126440934, "wdi-IT.NET.SECR.P6": 0.01277130343971401, "wdi2-SL.EMP.TOTL.SP.MA.NE.ZS": 0.013300248629202083, "wdi2-SL.EMP.TOTL.SP.NE.ZS": 0.4263424689028966, "wdi2-SL.EMP.TOTL.SP.ZS": 0.004636380717631153, "wdi2-SL.TLF.CACT.FE.NE.ZS": 0.40979047829828713, "wdi2-SL.TLF.CACT.FM.NE.ZS": 0.10474570259027889, "wdi2-SL.TLF.CACT.MA.NE.ZS": 0.006830281501311417, "wdi2-SL.TLF.CACT.NE.ZS": 0.012536605144188426}}}