{"data": {"2010": {"ASM": 7.914136135327029, "ATG": 5.790309868889506, "ABW": 1.724835085523904, "BHS": 4.115934810817337, "BRB": 1.9220214761071013, "BLZ": 3.754528764, "VGB": 5.991904246750559, "CPV": 1.264213184, "COM": 1.6602472751263695, "CUB": 12.763702157960807, "CUW": 8.510879651287059, "DMA": 2.317677980935412, "DOM": 4.225192533, "FJI": 5.969135802, "PYF": 2.0584642464001552, "GRD": 2.2247400661868024, "GUM": 8.285321168408379, "GNB": 9.832987564, "GUY": 4.447818264, "HTI": 0.0, "JAM": 2.592130782, "KIR": 2.2448576534966374, "MDV": 1.7319941796521523, "MHL": 2.236223411527829, "MUS": 0.610134712, "FSM": 2.0937649021491063, "NRU": 5.715965205291901, "NCL": 4.683624571339658, "MNP": 10.697716630984113, "PLW": 6.402356011867061, "PNG": 1.767676768, "PRI": 3.92799447514159, "KNA": 2.216323749396648, "LCA": 2.1824791670358143, "VCT": 2.217622095792864, "WSM": 3.165401225318876, "STP": 2.072633970470797, "SYC": 2.13432172, "SGP": 32.20089702, "SXM": 7.634649553959842, "SLB": 6.0398087149795225, "SUR": 4.384975138592972, "TLS": 2.466261682, "TON": 2.162859620316638, "TTO": 1.865389667, "TUV": 5.807936262253032, "VIR": 6.74763161135755, "VUT": 2.7302269391071663, "AIA": 7.714462686693063, "COK": 7.714462686693063, "MSR": 7.714462686693063, "NIU": 7.714462686693063}, "2011": {"ASM": 4.2719542929206655, "ATG": 3.4023270552414884, "ABW": 4.162021145744654, "BHS": 2.6697580628190085, "BRB": 1.892609088023126, "BLZ": 3.576856148, "VGB": 7.26407120274362, "CPV": 1.572052402, "COM": 4.002965719202765, "CUB": 7.0722319066151424, "CUW": 19.76875552964421, "DMA": 3.141239546807216, "DOM": 3.780833111, "FJI": 5.879180151, "PYF": 2.672457773591389, "GRD": 1.0311264686969184, "GUM": 12.36629654476485, "GNB": 8.756951433, "GUY": 4.106142823, "HTI": 0.0, "JAM": 2.846919086, "KIR": 4.516730230410628, "MDV": 1.56458464423941, "MHL": 2.0531558873562634, "MUS": 0.631770768, "FSM": 2.71631569821757, "NRU": 4.584777908403155, "NCL": 5.547984519057169, "MNP": 8.111706909275387, "PLW": 3.5564973995283453, "PNG": 1.812983919, "PRI": 12.733049223400563, "KNA": 3.243047048202143, "LCA": 1.8909819031009, "VCT": 1.5690312558298776, "WSM": 2.9916268031741544, "STP": 1.5041014158482715, "SYC": 2.354255784, "SGP": 32.62851079, "SXM": 7.641275881290214, "SLB": 3.664275421656606, "SUR": 5.2995228560038905, "TLS": 1.478041757, "TON": 2.3241681987604164, "TTO": 1.889588378, "TUV": 1.4322191405084153, "VIR": 8.789152566092932, "VUT": 3.8624522351297936, "AIA": 5.9025363981158, "COK": 5.9025363981158, "MSR": 5.9025363981158, "NIU": 5.9025363981158}, "2012": {"ASM": 10.17720775974582, "ATG": 2.821357271583365, "ABW": 2.630298719060911, "BHS": 2.7023339355017293, "BRB": 4.005500826095906, "BLZ": 3.458892045, "VGB": 19.732712486436707, "CPV": 1.60227033, "COM": 5.768280089115319, "CUB": 4.945721514577097, "CUW": 2.831335193171149, "DMA": 3.100552029972587, "DOM": 3.246661528, "FJI": 5.397148676, "PYF": 3.904293981663599, "GRD": 2.81745775414089, "GUM": 10.305869468584742, "GNB": 17.98782944, "GUY": 3.752052635, "HTI": 0.0, "JAM": 3.059333198, "KIR": 2.611302362756681, "MDV": 2.8665398063090577, "MHL": 2.361796010788538, "MUS": 0.624976596, "FSM": 2.625175921543402, "NRU": 2.4206981990371057, "NCL": 5.860793033954569, "MNP": 26.10370521957206, "PLW": 2.8739301670585213, "PNG": 2.317281592, "PRI": 17.054812982538035, "KNA": 2.166451212788661, "LCA": 2.9937842223764743, "VCT": 2.570523176699763, "WSM": 2.9552127797016445, "STP": 2.356279672938587, "SYC": 2.426404996, "SGP": 31.4036001, "SXM": 2.5657706535250107, "SLB": 3.7883991836088007, "SUR": 5.3750473717061, "TLS": 2.224383744, "TON": 2.685947321882593, "TTO": 2.6547742, "TUV": 2.789411787033257, "VIR": 14.33264447125119, "VUT": 2.021450961581748, "AIA": 5.453480779603704, "COK": 5.453480779603704, "MSR": 5.453480779603704, "NIU": 5.453480779603704}, "2013": {"ASM": 1.485882814895884, "ATG": 4.217582172389281, "ABW": 2.756751394729396, "BHS": 3.1986034549051348, "BRB": 3.933796106993753, "BLZ": 3.770705196, "VGB": 21.45729634932937, "CPV": 1.566938972, "COM": 3.288298462047233, "CUB": 10.44413974923062, "CUW": 2.4141667872526584, "DMA": 2.591560384307196, "DOM": 3.458436363, "FJI": 5.107398568, "PYF": 3.9328917477661296, "GRD": 2.657198638149973, "GUM": 10.99859655352587, "GNB": 15.76263465, "GUY": 3.910239627, "HTI": 0.0, "JAM": 3.257266244, "KIR": 2.4064843619944973, "MDV": 7.26464790990616, "MHL": 1.9898696749382023, "MUS": 0.782334593, "FSM": 2.531978304694454, "NRU": 2.651412907563187, "NCL": 5.285072955202524, "MNP": 21.210554162064494, "PLW": 3.433146035537078, "PNG": 1.790376442, "PRI": 1.7959605504179774, "KNA": 2.154311642190411, "LCA": 3.316352954679325, "VCT": 2.557667870190585, "WSM": 2.898029741361242, "STP": 2.9493576125142376, "SYC": 2.742894911, "SGP": 27.60095825, "SXM": 1.4437030104260804, "SLB": 4.3154262459525725, "SUR": 4.094735412622224, "TLS": 2.360879285, "TON": 2.556118071855079, "TTO": 1.977659189, "TUV": 2.0792856830035262, "VIR": 2.234081809614552, "VUT": 3.960165516575473, "AIA": 5.988226161550909, "COK": 5.988226161550909, "MSR": 5.988226161550909, "NIU": 5.988226161550909}, "2014": {"ASM": 15.231711845708189, "ATG": 8.532373140976778, "ABW": 3.6793557865118656, "BHS": 2.628456960832778, "BRB": 10.509277335346898, "BLZ": 3.757900943, "VGB": 16.310501446153154, "CPV": 1.773926341, "COM": 8.059474312128165, "CUB": 7.277636096306709, "CUW": 3.065154221830323, "DMA": 3.6879287461090495, "DOM": 3.83419269, "FJI": 5.294486122, "PYF": 3.658437968015394, "GRD": 4.026073525777919, "GUM": 19.73951679063697, "GNB": 8.2486363, "GUY": 4.089110024, "HTI": 0.0, "JAM": 3.208053272, "KIR": 4.746185146781586, "MDV": 7.058629796148377, "MHL": 5.048108757619557, "MUS": 0.655648817, "FSM": 6.885172206253588, "NRU": 7.676642933934412, "NCL": 8.782341849721757, "MNP": 15.17629663633149, "PLW": 10.466769954731497, "PNG": 1.789827876, "PRI": 10.28679900906467, "KNA": 4.1831774909072985, "LCA": 5.518075159052341, "VCT": 3.469809593455563, "WSM": 3.675769607202455, "STP": 7.129477717096393, "SYC": 6.810717373, "SGP": 23.86905697, "SXM": 7.022487946941557, "SLB": 6.80898071370874, "SUR": 6.1989268273812295, "TLS": 1.844582814, "TON": 6.335068673375299, "TTO": 2.178167305, "TUV": 6.711924429550324, "VIR": 3.637378730964525, "VUT": 4.127189186060473, "AIA": 6.0397145229183975, "COK": 6.0397145229183975, "MSR": 6.0397145229183975, "NIU": 6.0397145229183975}}, "upperIntervals": {"2010": {"ASM": 13.661714932856864, "ATG": 9.96148904163587, "ABW": 10.810578388147183, "BHS": 15.243613092860777, "BRB": 11.903862527912944, "VGB": 17.999215693374964, "COM": 11.611690518157625, "CUB": 13.053877151187496, "CUW": 17.851809556724334, "DMA": 6.16999499644839, "PYF": 8.456173599284972, "GRD": 10.003290888263308, "GUM": 13.426676184560195, "KIR": 13.37740920980584, "MDV": 10.471402268995243, "MHL": 11.531295144627752, "FSM": 13.400911483150134, "NRU": 9.878742927588371, "NCL": 11.799958623609523, "MNP": 19.256905688112024, "PLW": 10.205890282774488, "PRI": 11.8158038542396, "KNA": 11.6897763816973, "LCA": 13.445804330442703, "VCT": 12.72913633993177, "WSM": 5.579746812189529, "STP": 10.08986007394054, "SXM": 12.523094029232189, "SLB": 11.355198010914808, "SUR": 4.199427285573382, "TON": 10.586645828388772, "TUV": 9.703321747433106, "VIR": 15.60362335504256, "VUT": 8.035001576326875, "AIA": 8.771815944471628, "COK": 8.771815944471628, "MSR": 8.771815944471628, "NIU": 8.771815944471628}, "2011": {"ASM": 20.670258958242904, "ATG": 18.013806526443346, "ABW": 13.716569259083045, "BHS": 17.9895854486429, "BRB": 17.9895854486429, "VGB": 17.101801636622405, "COM": 18.79900819404289, "CUB": 15.084108900177402, "CUW": 15.903593347777395, "DMA": 12.362150438583049, "PYF": 12.362150438583049, "GRD": 17.9895854486429, "GUM": 20.670258958242904, "KIR": 20.90922137270885, "MDV": 18.79900819404289, "MHL": 20.90922137270885, "FSM": 16.1676427188224, "NRU": 20.90922137270885, "NCL": 12.362150438583049, "MNP": 20.670258958242904, "PLW": 20.90922137270885,