{"data": {"2020": {"ASM": 27837102187612.285, "ATG": 1584923492503.8882, "ABW": 229600650340.72018, "BHS": 3363788701369.2314, "BRB": 137109698663.73184, "BLZ": 1925427111.0, "VGB": 436992992994.1278, "CPV": 125000000000.0, "COM": 1665369905833.0227, "CUB": 474296228449.98914, "CUW": 471051385878.75165, "DMA": 3323634754096.342, "DOM": 1990000000000.0, "FJI": 28029454030464.586, "PYF": 128788583144729.61, "GRD": 120300318703.43011, "GUM": 27908795515071.605, "GNB": 503000000000.0, "GUY": 27971404631030.062, "HTI": 720000000000.0, "JAM": 714000000000.0, "KIR": 120000398365.71445, "MDV": 127768781618.69307, "MHL": 176164615863.2224, "MUS": 225000000000.0, "FSM": 142686436326.3642, "NRU": 1508175140387.179, "NCL": 5111758004484.328, "MNP": 27908795515071.605, "PLW": 12183059655.083733, "PNG": 1735994715938.224, "PRI": 10201400000.0, "KNA": 59185584940.94104, "LCA": 57547918527527.36, "VCT": 56391699865506.7, "WSM": 67807007696.736626, "STP": 4394197330354.042, "SYC": 12486117986.475973, "SGP": 394980115511.6786, "SXM": 27979083857001.156, "SLB": 11189000000.0, "SUR": 136546600622.12454, "TLS": 3758147466523.5664, "TON": 12537799352.657598, "TTO": 3363788701369.2314, "TUV": 128802437847.02547, "VIR": 471060392963.83014, "VUT": 60264000000.0, "AIA": 135567024153391.67, "COK": 135567024153391.67, "MSR": 135567024153391.67, "NIU": 135567024153391.67}}, "upperIntervals": {"2020": {"ASM": 27772045154165.168, "ATG": 4458227189841.291, "ABW": 4458227189841.291, "BHS": 6284809555743.07, "BRB": 4458227189841.291, "VGB": 4458227189841.291, "COM": 9694043950801.322, "CUB": 4458227189841.291, "CUW": 4468893593642.666, "DMA": 4458227189841.291, "FJI": 26722603242893.445, "PYF": 751344715641487.0, "GRD": 4458227189841.291, "GUM": 27651517049622.773, "GUY": 26331410083907.676, "KIR": 4458227189841.291, "MDV": 4458227189841.291, "MHL": 4468893593642.666, "FSM": 4458227189841.291, "NRU": 4468893593642.666, "NCL": 5785943401337.824, "MNP": 27651517049622.773, "PLW": 4468893593642.666, "PNG": 9997857189332.262, "KNA": 4458227189841.291, "LCA": 69646751062544.086, "VCT": 63912576618944.02, "WSM": 4458227189841.291, "STP": 6186003251879.528, "SYC": 4458227189841.291, "SGP": 4187352541494.76, "SXM": 27064922498253.53, "SUR": 4458227189841.291, "TLS": 11489262094045.008, "TON": 4458227189841.291, "TTO": 5938310739350.246, "TUV": 4458227189841.291, "VIR": 4468893593642.666, "AIA": 1356598998395425.5, "COK": 1356598998395425.5, "MSR": 1356598998395425.5, "NIU": 1356598998395425.5}}, "lowerIntervals": {"2020": {"ASM": 1375375005984.3901, "ATG": 743012773150.4899, "ABW": 265868537720.29343, "BHS": 887840116592.2471, "BRB": 305739405732.6136, "VGB": 397543110746.7552, "COM": 751580332775.749, "CUB": 399430142085.881, "CUW": 398513907374.9585, "DMA": 670004204160.0398, "FJI": 744429395394.4633, "PYF": 1162635556501.0837, "GRD": 203170088702.87027, "GUM": 1369095822438.1802, "GUY": 605183620520.5829, "KIR": 82368254941.98112, "MDV": 148966461963.71097, "MHL": 111180896468.93805, "FSM": 135919039344.81714, "NRU": 768954625913.095, "NCL": 1159435137926.2893, "MNP": 1370730560412.433, "PLW": 54408069820.89335, "PNG": 726937986656.0437, "KNA": 39432925859.42189, "LCA": 879868018512.0667, "VCT": 630108481194.5745, "WSM": 63940675148.53697, "STP": 605604975437.793, "SYC": 51855037938.62596, "SGP": 298437700386.9973, "SXM": 1369095891246.75, "SUR": 281334440997.8555, "TLS": 690283955330.5446, "TON": 21015847058.179222, "TTO": 825744812806.963, "TUV": 111048030855.65048, "VIR": 398031814413.479, "AIA": 1170797031335.1245, "COK": 1170797031335.1245, "MSR": 1170797031335.1245, "NIU": 1170797031335.1245}}, "categoryImportances": {"2020": {"Economic Policy & Debt": 0.9641118564122289, "Financial Sector": 0.035888143587770836}}, "featureImportances": {"2020": {"wdi2-NE.DAB.TOTL.CN": 0.0008363032482084679, "wdi2-NY.GDY.TOTL.KN": 0.8625158552711929, "wdi2-NE.CON.TOTL.KD.ZG": 0.04354672298700586, "wdi2-NY.GDP.DEFL.KD.ZG": 0.016765320474237306, "wdi2-NY.GDP.DEFL.KD.ZG.AD": 0.0016485979894119117, "wdi2-NY.GDP.DEFL.ZS": 0.012447434708489323, "wdi2-NY.GDP.DEFL.ZS.AD": 0.005026790415632297, "wdi2-NY.GDP.MKTP.CD": 0.05620919267942247, "wdi2-NY.GDP.MKTP.CN": 0.0005530863643370077, "wdi2-NY.GDP.MKTP.CN.AD": 0.00045069586206215976}}}