{"data": {"2020": {"ASM": 31.022694515204424, "ATG": 43.213681752957235, "ABW": 44.769760517625706, "BHS": 47.72414871556854, "BRB": 33.36269827994262, "BLZ": 46.621865282905055, "VGB": 53.84361512178022, "CPV": 42.24394226147964, "COM": 44.35678066746787, "CUB": 50.93314484912596, "CUW": 42.427010386329826, "DMA": 24.03903065473511, "DOM": 43.14795769919437, "FJI": 44.8999153854252, "PYF": 41.26112361002469, "GRD": 45.49931771579528, "GUM": 42.81462224836692, "GNB": 30.18758769188567, "GUY": 55.53088118489493, "HTI": 38.39342322389345, "JAM": 44.89506892613221, "KIR": 33.73119550086382, "MDV": 39.0413003388593, "MHL": 44.96816246162228, "MUS": 38.57320191235073, "FSM": 46.560811989566886, "NRU": 42.793660411440214, "NCL": 41.520619007090744, "MNP": 41.9220401254897, "PLW": 38.95527512202698, "PNG": 47.23926570148305, "PRI": 43.79011368608075, "KNA": 36.12952235734971, "LCA": 44.1458095930678, "VCT": 38.62967836214137, "WSM": 46.74995453638097, "STP": 51.764269187889234, "SYC": 31.83579537234836, "SGP": 36.50007542901967, "SXM": 32.924846862187216, "SLB": 44.529820932059216, "SUR": 44.383422986212665, "TLS": 44.35678066746787, "TON": 47.37448519810493, "TTO": 44.74149544168969, "TUV": 33.168671528512036, "VIR": 47.824499933699826, "VUT": 43.887004199245084, "AIA": 42.50206814081132, "COK": 42.50206814081132, "MSR": 42.50206814081132, "NIU": 42.50206814081132}}, "upperIntervals": {"2020": {"ASM": 48.62282705485944, "ATG": 48.55871078358932, "ABW": 48.536623551138945, "BHS": 49.92752705485944, "BRB": 48.55094714100994, "BLZ": 50.005838191591465, "VGB": 54.65540436236586, "CPV": 48.55871078358932, "COM": 49.85565189039227, "CUB": 54.2675405461127, "CUW": 48.536623551138945, "DMA": 48.544387193718336, "DOM": 49.91976816166239, "FJI": 49.84788824781289, "PYF": 48.63059069743882, "GRD": 48.55094714100994, "GUM": 49.92752705485944, "GNB": 48.55871078358932, "GUY": 56.09708251138141, "HTI": 48.63059069743882, "JAM": 48.62282705485944, "KIR": 48.55871078358932, "MDV": 48.55094714100994, "MHL": 48.55094714100994, "MUS": 48.55094714100994, "FSM": 48.55871078358932, "NRU": 49.92752705485944, "NCL": 48.61626710756782, "MNP": 48.60850346498843, "PLW": 48.55094714100994, "PNG": 49.85565189039227, "PRI": 48.62282705485944, "KNA": 48.536623551138945, "LCA": 49.88926194997306, "VCT": 48.55094714100994, "WSM": 49.88926669935539, "STP": 51.32017728529857, "SYC": 48.536623551138945, "SGP": 48.77301335605863, "SXM": 48.584561949973065, "SLB": 49.85565189039227, "SUR": 48.536623551138945, "TLS": 49.85565189039227, "TON": 49.88926669935539, "TTO": 48.55094714100994, "TUV": 48.55094714100994, "VIR": 49.92752705485944, "VUT": 49.85565189039227, "AIA": 48.60850346498843, "COK": 48.60850346498843, "MSR": 48.60850346498843, "NIU": 48.60850346498843}}, "lowerIntervals": {"2020": {"ASM": 26.581740632043303, "ATG": 32.83542732130383, "ABW": 35.1024488108757, "BHS": 35.64451367232212, "BRB": 28.586814366931865, "BLZ": 36.25772203530628, "VGB": 41.95562372796988, "CPV": 29.901403109522878, "COM": 35.011801182244426, "CUB": 35.268194524248756, "CUW": 35.63331101432645, "DMA": 25.067576501376276, "DOM": 35.639550638530125, "FJI": 36.18884606591269, "PYF": 33.553553617067706, "GRD": 34.82416349084076, "GUM": 35.639550638530125, "GNB": 27.401633272873095, "GUY": 40.65241946320778, "HTI": 32.14005585938192, "JAM": 35.64451367232212, "KIR": 27.304803548906353, "MDV": 29.972636300042037, "MHL": 35.1024488108757, "MUS": 31.24404762898759, "FSM": 35.11365146887137, "NRU": 35.90676483732645, "NCL": 35.64451367232212, "MNP": 35.63331101432645, "PLW": 30.978124752924554, "PNG": 33.811465560375794, "PRI": 35.906585208947625, "KNA": 32.40199591067506, "LCA": 35.1024488108757, "VCT": 29.97245667166322, "WSM": 35.35502569429151, "STP": 34.737332320798004, "SYC": 27.67723288006098, "SGP": 35.90676111082812, "SXM": 30.21521064863588, "SLB": 34.46077536311118, "SUR": 34.82416349084076, "TLS": 35.011801182244426, "TON": 35.64451367232212, "TTO": 35.63331101432645, "TUV": 27.331990916055002, "VIR": 35.63331101432645, "VUT": 34.559224163453045, "AIA": 35.63331101432645, "COK": 35.63331101432645, "MSR": 35.63331101432645, "NIU": 35.63331101432645}}, "categoryImportances": {"2020": {"Economic Policy & Debt": 0.019295961301544356, "Infrastructure": 0.01438610601335264, "Social Protection & Labor": 0.9663179326851029}}, "featureImportances": {"2020": {"wdi2-NE.DAB.TOTL.CN": 0.0016713056556364285, "wdi2-NE.EXP.GNFS.CN": 0.0028481944926037265, "wdi-BX.TRF.PWKR.CD.DT": 0.0147764611533042, "wdi-IT.NET.SECR.P6": 0.01438610601335264, "wdi2-SL.EMP.1524.SP.FE.NE.ZS": 0.053613830920975165, "wdi2-SL.EMP.1524.SP.MA.NE.ZS": 0.31102978344125465, "wdi2-SL.EMP.1524.SP.NE.ZS": 0.5874718828291654, "wdi2-SL.EMP.TOTL.SP.FE.NE.ZS": 0.008037839815342474, "wdi2-SL.EMP.TOTL.SP.MA.NE.ZS": 0.003229394919750516, "wdi2-SL.EMP.TOTL.SP.NE.ZS": 0.00293520075861472}}, "performance": {"2020": 0.0944229499308091}}