{"data": {"2010": {"ASM": -11.05193076, "ATG": 8.550541583609299, "ABW": 7.161630945335936, "BHS": -0.3916354, "BRB": 5.0311443971719605, "BLZ": 10.85680059, "VGB": 2.6615180607421496, "CPV": 8.255928719, "COM": -3.000000071, "CUB": 35.66993239, "CUW": 1.829442368713548, "DMA": -0.1619308309959965, "DOM": 18.70320816, "FJI": 8.669783138213221, "PYF": 5.959038583423042, "GRD": 0.6465233592629824, "GUM": 0.241712707, "GNB": 7.344647494, "GUY": 9.017396499401254, "HTI": 24.78665185, "JAM": -4.892798107, "KIR": -8.162356186, "MDV": 9.609320950266948, "MHL": 9.450420553, "MUS": 9.230019602, "FSM": 1.8580695160057767, "NRU": 1.5444047958749398, "NCL": 11.4617495677161, "MNP": 4.474272931, "PLW": 0.935993544, "PNG": 12.54348286947477, "PRI": 8.892239074190103, "KNA": 7.6083834888689, "LCA": 0.3937380066303623, "VCT": 0.0647432307535418, "WSM": 0.979774860028098, "STP": 9.345155288307662, "SYC": -1.2657831620594369, "SGP": 16.30672172, "SXM": 2.5826686994436643, "SLB": 44.28985507, "SUR": 8.118533542643062, "TLS": -1.941137976, "TON": -4.377078247465152, "TTO": 3.9415905024611, "TUV": -1.6193391456216502, "VIR": -7.805568664, "VUT": -0.003039606, "AIA": 10.962614781917049, "COK": 10.962614781917049, "MSR": 10.962614781917049, "NIU": 10.962614781917049}, "2011": {"ASM": -7.035928144, "ATG": 3.642442832041977, "ABW": -2.7615820511080216, "BHS": 7.465524049, "BRB": 3.482316229829285, "BLZ": 12.15445771, "VGB": 2.716263265630892, "CPV": 4.686368632, "COM": 5.900000005, "CUB": 1.027257933, "CUW": 2.892826310831543, "DMA": 7.643830892835031, "DOM": 0.112526633, "FJI": 9.330556816478357, "PYF": 6.282376089613734, "GRD": -0.9035980971345194, "GUM": 3.47915949, "GNB": -0.544794152, "GUY": 5.626386782315165, "HTI": -1.668501668, "JAM": 4.684016392, "KIR": 12.35786312, "MDV": 6.734688716736583, "MHL": -7.313817771, "MUS": 6.228937235, "FSM": 8.883073193753173, "NRU": 1.070131080584067, "NCL": 7.247899450800653, "MNP": -2.355460385, "PLW": 7.114375818, "PNG": 7.279297167407357, "PRI": 5.7769096700184965, "KNA": -2.640109603753982, "LCA": 4.246498312769292, "VCT": -0.1971888436292523, "WSM": 7.633325349835117, "STP": 4.478040639491743, "SYC": 3.258820204973798, "SGP": 5.687543064, "SXM": 6.9735247787985095, "SLB": -6.528726396, "SUR": 6.6868021106814135, "TLS": 13.1689358, "TON": 7.517455312045452, "TTO": 5.682673120807672, "TUV": 1.944125101635051, "VIR": -13.06306306, "VUT": -0.003039698, "AIA": 7.984321341165437, "COK": 7.984321341165437, "MSR": 7.984321341165437, "NIU": 7.984321341165437}, "2012": {"ASM": 4.025764895, "ATG": 1.8494690087834849, "ABW": -12.470662372518738, "BHS": -3.875373735, "BRB": 7.222742138822865, "BLZ": 1.743889788, "VGB": 1.907733818754801, "CPV": -7.831241776, "COM": 15.70000003, "CUB": -2.104097453, "CUW": -29.085204835732835, "DMA": -7.283911218447375, "DOM": 1.522897919, "FJI": 0.6127687223608368, "PYF": -6.961371634215486, "GRD": 4.231931419870328, "GUM": 1.098535286, "GNB": -24.48924782, "GUY": 12.695143044302222, "HTI": -7.785959596, "JAM": -5.068856243, "KIR": 12.73131813, "MDV": 12.25874637127384, "MHL": 0.611471724, "MUS": 1.379477443, "FSM": -12.10471234217473, "NRU": 5.747734648673272, "NCL": 4.064089790765497, "MNP": 4.824561404, "PLW": 9.737668415, "PNG": 2.258941639614652, "PRI": 10.306364545089256, "KNA": -28.56390562778456, "LCA": 5.640333927914379, "VCT": -6.668670782336162, "WSM": -10.091956393201482, "STP": -11.162212114902754, "SYC": 2.2980296978200254, "SGP": 2.581912244, "SXM": 3.991015895, "SLB": 0.75220288, "SUR": 5.567684133987235, "TLS": -9.448174626, "TON": 6.01120911399091, "TTO": 14.099341325269158, "TUV": 1.6059820943024796, "VIR": -78.2030146, "VUT": -0.003039791, "AIA": 5.9975747586309405, "COK": 5.9975747586309405, "MSR": 5.9975747586309405, "NIU": 5.9975747586309405}, "2013": {"ASM": 4.179566563, "ATG": 2.7432188945535154, "ABW": 2.5785157621804573, "BHS": -2.253133172, "BRB": 2.9702493164388004, "BLZ": 10.51754998, "VGB": 2.95906435792512, "CPV": -6.35733441, "COM": 3.100000009, "CUB": 6.077745784, "CUW": -0.5297370630121631, "DMA": 2.4915337290466826, "DOM": -2.185870441, "FJI": 4.984280387045046, "PYF": -2.708131577966805, "GRD": 5.1239543103395775, "GUM": 7.046427395, "GNB": -1.425570006, "GUY": 3.838797095837044, "HTI": 8.068696581, "JAM": 2.46369495, "KIR": 9.682146908, "MDV": 0.8127859338061618, "MHL": 12.20090555, "MUS": -0.527681655, "FSM": 1.785234262842199, "NRU": 9.771595131204322, "NCL": 5.893860717505106, "MNP": 9.414225941, "PLW": 1.761827223, "PNG": 4.215706023447752, "PRI": -2.1582299616385754, "KNA": -1.6192281520020395, "LCA": 0.9144553460313224, "VCT": 2.530701349265428, "WSM": 5.028545480309199, "STP": 4.465014771713081, "SYC": 1.2699396, "SGP": 6.512569072, "SXM": 9.852134906, "SLB": 10.92150171, "SUR": 3.644588688350087, "TLS": -26.9878888, "TON": 3.952040783380991, "TTO": 1.0136742498738651, "TUV": 3.6578914645792735, "VIR": -10.26472177, "VUT": 6.456712062, "AIA": 2.717093542225073, "COK": 2.717093542225073, "MSR": 2.717093542225073, "NIU": 2.717093542225073}, "2014": {"ASM": 11.88707281, "ATG": 9.709264485684214, "ABW": 6.3898578761839655, "BHS": 12.68088205, "BRB": 3.736821355412652, "BLZ": 3.484990851, "VGB": 9.708809592888588, "CPV": 11.04839721, "COM": 5.400000034, "CUB": -1.522055259, "CUW": 3.701477752877105, "DMA": 17.82259669463942, "DOM": 4.776261411, "FJI": 0.6657532285907951, "PYF": 6.808098115102163, "GRD": 6.440803484036573, "GUM": 2.214703168, "GNB": 30.45533765, "GUY": 1.6771858244278943, "HTI": -1.37306056, "JAM": -0.122673786, "KIR": 11.36014181, "MDV": 1.7219698377684762, "MHL": -6.412157724, "MUS": 3.561067767, "FSM": 7.476044732562521, "NRU": -3.8088156945544873, "NCL": 1.5160067604411325, "MNP": 6.309751434, "PLW": 11.57800185, "PNG": -1.6173919573588889, "PRI": -0.6119168705954198, "KNA": 8.20924733300798, "LCA": 7.188265259909756, "VCT": 6.266514542368476, "WSM": 18.184324902642704, "STP": 7.817592809753053, "SYC": 17.11270837, "SGP": 2.768513217, "SXM": 9.628957451, "SLB": -1.557692308, "SUR": 5.448283899279754, "TLS": 11.58616694, "TON": 9.679657588856212, "TTO": 2.335340465747005, "TUV": 5.546491576624925, "VIR": 11.01745936, "VUT": 0.19988578, "AIA": 5.389177050498247, "COK": 5.389177050498247, "MSR": 5.389177050498247, "NIU": 5.389177050498247}}, "upperIntervals": {"2010": {"ATG": 27.762012200737008, "ABW": 28.493944055750124, "BRB": 27.54676258952764, "VGB": 19.97332090056632, "CUW": 23.481036485586053, "DMA": 28.4129366473669, "FJI": 27.383878242332, "PYF": 27.13481690408086, "GRD": 25.91335509132928, "GUY": 19.67526778937833, "MDV": 19.67526778937833, "FSM": 29.64449897725481, "NRU": 28.077540009490573, "NCL": 21.210309791718466, "PNG": 22.13955282923507, "PRI": 23.32648529146106, "KNA": 24.926749783168347, "LCA": 17.33096508237364, "VCT": 29.56349156887158, "WSM": 26.004191908978584, "STP": 25.91335509132928, "SYC": 28.493944055750124, "SXM": 21.291317200101687, "SUR": 30.7208941508685, "TON": 29.64449897725481, "TTO": 19.232581372186864, "TUV": 29.64449897725481, "AIA": 19.47148045891594, "COK": 19.47148045891594, "MSR": 19.47148045891594, "NIU": 19.47148045891594}, "2011": {"ATG": 32.484318015664094, "ABW": 33.201502508691, "BRB": 33.744359621073365, "VGB": 20.48968779390187, "CUW": 32.54171684736763, "DMA": 32.484318015664094, "FJI": 28.8082258256265, "PYF": 24.391594108156863, "GRD": 32.5466526574804, "GUY": 17.41267032924702, "MDV": 24.19340743388747, "FSM": 28.785988084203225, "NRU": 29.98369504779618, "NCL": 20.950489437832644, "PNG": 21.43309280816019, "PRI": 18.392127968656165, "KNA": 29.26651055476926, "LCA": 25.67247383318328, "VCT": 32.484318015664094, "WSM": 28.8381716609102, "STP": 29.26651055476926, "SYC": 30.065909889991133, "SXM": 25.21539222783955, "SUR": 21.59977944496328, "TON": 27.056801041875044, "TTO": 21.03254490628424, "TUV": 29.86676649885517, "AIA": 16.84753019843556, "COK": 16.84753019843556, "MSR": 16.84753019843556, "NIU": 16.84753019843556}, "2012": {"ATG": 21.74768136190443, "ABW": 12.789265395467426,