{"data": {"2020": {"ASM": 12.406612237667295, "ATG": 15.005267787975804, "ABW": 8.447338779733908, "BHS": 8.3939127934991, "BRB": 9.784228130833904, "BLZ": 9.66714884963144, "VGB": 5.802674741279343, "CPV": 17.588619106659053, "COM": 21.4567396774664, "CUB": 11.765623692833131, "CUW": 8.774837374973343, "DMA": 11.338821939858777, "DOM": 7.3351694940188565, "FJI": 17.957368391386556, "PYF": 20.948979336697505, "GRD": 14.784683649395019, "GUM": 9.774290958621352, "GNB": 9.069619528500189, "GUY": 16.15565448779551, "HTI": 12.594574405556738, "JAM": 7.072964025460014, "KIR": 17.94737038878382, "MDV": 7.562649314543257, "MHL": 15.036773051529284, "MUS": 13.125258747315689, "FSM": 13.72293220259011, "NRU": 14.170238488337551, "NCL": 10.946474268035676, "MNP": 8.017862715536921, "PLW": 15.023902094724523, "PNG": 20.140015022870504, "PRI": 38.715269315847934, "KNA": 10.68580421368882, "LCA": 9.742207059440592, "VCT": 16.862337512515598, "WSM": 21.59450660314804, "STP": 20.124455076531962, "SYC": 7.709152220114352, "SGP": 4.279749580625778, "SXM": 8.219173638245563, "SLB": 8.9485151562133, "SUR": 11.9838236823871, "TLS": 18.405210913704668, "TON": 21.492029699051777, "TTO": 13.082604168375358, "TUV": 17.23954864643234, "VIR": 11.815702070750469, "VUT": 9.133291502029186, "AIA": 5.9722215835555055, "COK": 5.9722215835555055, "MSR": 5.9722215835555055, "NIU": 5.9722215835555055}}, "upperIntervals": {"2020": {"ASM": 14.045052469427713, "ATG": 18.718273447895193, "ABW": 14.928284207224047, "BHS": 12.01243425106673, "BRB": 14.235803343613366, "BLZ": 12.776462490557671, "VGB": 9.328013783088215, "CPV": 17.551242337222853, "COM": 18.081255626037976, "CUB": 12.925772911411812, "CUW": 7.921316185898918, "DMA": 17.427422891607073, "DOM": 16.707172457178444, "FJI": 15.45999610651586, "PYF": 19.67485394059688, "GRD": 11.332424904409011, "GUM": 14.56646723314607, "GNB": 14.232577074115905, "GUY": 17.197193204153084, "HTI": 15.856604459433882, "JAM": 11.700265989778522, "KIR": 17.103147842927925, "MDV": 13.85611390321132, "MHL": 13.372361428877303, "MUS": 12.656041054564824, "FSM": 17.651286471315736, "NRU": 10.45418480010102, "NCL": 8.1986831382253, "MNP": 9.523591703688092, "PLW": 13.155970171491797, "PNG": 17.169749905195594, "PRI": 33.10686248210821, "KNA": 6.495998943469968, "LCA": 13.601258324656172, "VCT": 16.621968028845288, "WSM": 18.38765211751625, "STP": 17.070357334236498, "SYC": 6.495921081549303, "SGP": 9.329049081774857, "SXM": 13.265821999526393, "SLB": 13.737143593767305, "SUR": 13.720101349510637, "TLS": 14.712709860251351, "TON": 18.171324357159126, "TTO": 12.416024216541846, "TUV": 16.235543644830017, "VIR": 12.265099083901177, "VUT": 14.022931892029233, "AIA": 9.61625808808322, "COK": 9.61625808808322, "MSR": 9.61625808808322, "NIU": 9.61625808808322}}, "lowerIntervals": {"2020": {"ASM": 4.605611827337124, "ATG": 2.6519910055163356, "ABW": 2.7221010055163344, "BHS": 4.30995415697664, "BRB": 4.605611827337124, "BLZ": 6.4837753089469, "VGB": 4.514999703221951, "CPV": 4.605611827337124, "COM": 4.605611827337124, "CUB": 3.2637762998521604, "CUW": 4.605611827337124, "DMA": 4.605611827337124, "DOM": 3.513518551497462, "FJI": 7.0103330200419, "PYF": 4.605611827337124, "GRD": 4.605611827337124, "GUM": 4.605611827337124, "GNB": 3.4943322181272536, "GUY": 4.605611827337124, "HTI": 4.5114717059879395, "JAM": 4.5114717059879395, "KIR": 2.7221010055163344, "MDV": 2.4005062492553675, "MHL": 2.7221010055163344, "MUS": 4.605611827337124, "FSM": 2.7221010055163344, "NRU": 4.5114717059879395, "NCL": 4.605611827337124, "MNP": 4.605611827337124, "PLW": 2.7221010055163344, "PNG": 2.7221010055163344, "PRI": 3.132518105510204, "KNA": 2.7221010055163344, "LCA": 2.7221010055163344, "VCT": 2.7221010055163344, "WSM": 4.605611827337124, "STP": 2.7221010055163344, "SYC": 2.644039016950952, "SGP": 3.674865182896864, "SXM": 2.7221010055163344, "SLB": 2.20001409524901, "SUR": 2.7221010055163344, "TLS": 4.302407571098656, "TON": 4.605611827337124, "TTO": 4.605611827337124, "TUV": 2.7221010055163344, "VIR": 3.513518551497462, "VUT": 3.5050641486982657, "AIA": 4.281066135528042, "COK": 4.281066135528042, "MSR": 4.281066135528042, "NIU": 4.281066135528042}}, "categoryImportances": {"2020": {"Economic Policy & Debt": 0.14510601577040183, "Infrastructure": 0.10437878611402518, "Social Protection & Labor": 0.7505151981155729}}, "featureImportances": {"2020": {"wdi2-NE.DAB.TOTL.CN": 0.013165070604736887, "wdi-BX.TRF.PWKR.CD.DT": 0.04584258756323885, "wdi-IT.NET.SECR": 0.033428864451675165, "wdi-IT.NET.SECR.P6": 0.07094992166235002, "wdi2-PA.NUS.PPP": 0.0860983576024261, "wdi2-SL.EMP.TOTL.SP.ZS": 0.6104973535371613, "wdi2-SL.TLF.CACT.FE.NE.ZS": 0.012873113266610538, "wdi2-SL.TLF.CACT.FM.NE.ZS": 0.06672152397468195, "wdi2-SL.TLF.CACT.MA.NE.ZS": 0.05422709254209271, "wdi2-SL.TLF.CACT.ZS": 0.0061961147950265}}}