{"data": {"2020": {"ASM": 3.7334110217666487, "ATG": 8.29357539637499, "ABW": 4.651475243555998, "BHS": 5.9598057935348985, "BRB": 2.999313553402151, "BLZ": 9.94624166177237, "VGB": 7.8551684183730135, "CPV": 7.376359985675133, "COM": 13.65419177164621, "CUB": 5.152051976365553, "CUW": 6.914490430585954, "DMA": 11.398117542147086, "DOM": 10.683908, "FJI": 8.458863151536411, "PYF": 3.823692808078459, "GRD": 7.029738691920459, "GUM": 3.7089045841921946, "GNB": 3.8858548052176056, "GUY": 8.421414210252552, "HTI": 4.110938082563046, "JAM": 8.265226932458692, "KIR": 8.746860390204734, "MDV": 5.99191306583873, "MHL": 14.43369879630793, "MUS": 4.535415454157849, "FSM": 8.296070512108871, "NRU": 10.776425741097613, "NCL": 8.015872705542249, "MNP": 3.4027778411564897, "PLW": 7.115974149451114, "PNG": 12.491073881023874, "PRI": 4.883327453084274, "KNA": 8.975315814861258, "LCA": 8.162859327944, "VCT": 8.922887074985399, "WSM": 8.212915561123248, "STP": 12.47613975884691, "SYC": 8.425664222836316, "SGP": 3.311032, "SXM": 3.9747411335105713, "SLB": 15.660401386815996, "SUR": 8.49985629270236, "TLS": 9.596468140303129, "TON": 8.210697163946204, "TTO": 2.769437067014458, "TUV": 11.73967810402231, "VIR": 4.011521599004852, "VUT": 9.487649221753545, "AIA": 6.52553714317618, "COK": 6.52553714317618, "MSR": 6.52553714317618, "NIU": 6.52553714317618}}, "upperIntervals": {"2020": {"ASM": 12.183579315925513, "ATG": 11.31655769111488, "ABW": 12.152914909866428, "BHS": 12.152914909866428, "BRB": 12.176942671274666, "BLZ": 12.152914909866428, "VGB": 8.840308591292505, "CPV": 10.694842737903393, "COM": 11.89891843365265, "CUB": 10.734532467304803, "CUW": 12.152914909866428, "DMA": 12.181713744528135, "FJI": 12.152914909866428, "PYF": 13.312234446355664, "GRD": 11.052274524237589, "GUM": 7.734105750824571, "GNB": 8.020170538529456, "GUY": 12.219003235903479, "HTI": 6.807330420314203, "JAM": 10.718870499311631, "KIR": 10.074556041628917, "MDV": 6.801696888233598, "MHL": 14.74038867586643, "MUS": 12.152914909866428, "FSM": 12.152914909866428, "NRU": 13.312234446355664, "NCL": 13.312234446355664, "MNP": 10.694842737903393, "PLW": 13.312234446355664, "PNG": 10.807042470489808, "PRI": 10.84913676513937, "KNA": 11.058911168888436, "LCA": 11.062417992083521, "VCT": 12.526947035828236, "WSM": 12.152914909866428, "STP": 6.503985783969894, "SYC": 10.694842737903393, "SXM": 13.312234446355664, "SLB": 13.647157465414242, "SUR": 10.694842737903393, "TLS": 10.694842737903393, "TON": 12.152914909866428, "TTO": 8.129673308529838, "TUV": 13.312234446355664, "VIR": 12.152914909866428, "VUT": 12.152914909866428, "AIA": 12.176942671274666, "COK": 12.176942671274666, "MSR": 12.176942671274666, "NIU": 12.176942671274666}}, "lowerIntervals": {"2020": {"ASM": 3.903807706036994, "ATG": 3.903807706036994, "ABW": 3.903807706036994, "BHS": 3.975685328399777, "BRB": 3.903807706036994, "BLZ": 3.975685328399777, "VGB": 3.975685328399777, "CPV": 3.903807706036994, "COM": 3.7720482942994566, "CUB": 3.975685328399777, "CUW": 3.975685328399777, "DMA": 3.975685328399777, "FJI": 3.903807706036994, "PYF": 3.903807706036994, "GRD": 3.903807706036994, "GUM": 3.2758184331775206, "GNB": 3.2438284777844153, "GUY": 3.299655859997449, "HTI": 3.299655859997449, "JAM": 3.9150148710843826, "KIR": 3.903807706036994, "MDV": 3.3882129853400578, "MHL": 4.601010097403106, "MUS": 3.975685328399777, "FSM": 3.903807706036994, "NRU": 4.601010097403106, "NCL": 3.975685328399777, "MNP": 3.903807706036994, "PLW": 4.601010097403106, "PNG": 3.9150148710843826, "PRI": 2.4196934218134034, "KNA": 3.903807706036994, "LCA": 3.903807706036994, "VCT": 3.903807706036994, "WSM": 3.903807706036994, "STP": 3.903807706036994, "SYC": 3.975685328399777, "SXM": 4.601010097403106, "SLB": 3.903807706036994, "SUR": 3.975685328399777, "TLS": 3.903807706036994, "TON": 3.903807706036994, "TTO": 3.327426199024665, "TUV": 4.601010097403106, "VIR": 3.903807706036994, "VUT": 3.903807706036994, "AIA": 3.6973111706495123, "COK": 3.6973111706495123, "MSR": 3.6973111706495123, "NIU": 3.6973111706495123}}, "categoryImportances": {"2020": {"Environment": 0.3205654591534066, "Financial Sector": 0.019458707216020884, "Public Sector": 0.5856348444289823, "Infrastructure": 0.06804766656371763, "Education": 0.006293322637872558}}, "featureImportances": {"2020": {"wdi-FM.AST.DOMS.CN": 0.019458707216020884, "wdi-EN.URB.LCTY": 0.10003012082052731, "wdi-EN.URB.LCTY.UR.ZS": 0.2205353383328793, "wdi-HD.HCI.OVRL": 0.04770940126654459, "wdi-HD.HCI.OVRL.LB": 0.265202821785998, "wdi-HD.HCI.OVRL.UB": 0.27272262137643966, "wdi-IT.NET.SECR": 0.02837979721560007, "wdi-IT.NET.SECR.P6": 0.03966786934811756, "wdi2-SE.PRM.AGES": 0.002975556855811081, "wdi2-SE.PRM.DURS": 0.003317765782061477}}}