{"data": {"2020": {"ASM": 430690343.8435725, "ATG": 388346305.36166024, "ABW": -33119757.293316383, "BHS": 150298823.7303623, "BRB": 911748.1243059009, "BLZ": 276796735.82110304, "VGB": 3007857968.4046254, "CPV": 188031390.4008173, "COM": 68520485.0092358, "CUB": -31418454.921597302, "CUW": 817323008.9464753, "DMA": 257050352.82426468, "DOM": 14684363.773840206, "FJI": 133848930.29144782, "PYF": 83274171.21656738, "GRD": 1691392853.2486362, "GUM": 142883646.51753896, "GNB": 152246261.22375745, "GUY": -23584012.0402712, "HTI": 51096853.37140448, "JAM": 420845455.76084965, "KIR": 582994513.2838717, "MDV": 82256486.8955222, "MHL": 862981348.4691565, "MUS": 49644563.32178556, "FSM": 715537712.32545, "NRU": 431847269.32449526, "NCL": 209652576.73468682, "MNP": 326015323.4984319, "PLW": 584652077.0319018, "PNG": -78320509.70306706, "PRI": 56561118.02036584, "KNA": 100635130.21272868, "LCA": 27711505.64562102, "VCT": 65578012.55833385, "WSM": 81163771.29858328, "STP": 188031390.4008173, "SYC": 1414397111.9236977, "SGP": 311825003.360486, "SXM": -108517703.68775441, "SLB": 126374741.156498, "SUR": 113343103.5952445, "TLS": 198735030.22910294, "TON": -8117571.669896416, "TTO": 173377658.47876516, "TUV": 850421855.3100315, "VIR": 104770295.79372412, "VUT": 126374741.156498, "AIA": 10663752395.189043, "COK": 10663752395.189043, "MSR": 10663752395.189043, "NIU": 10663752395.189043}}, "upperIntervals": {"2020": {"ASM": 4857265294.339257, "ATG": 4857265294.339257, "ABW": 4857265294.339257, "BHS": 4857265294.339257, "BRB": 4857265294.339257, "BLZ": 9448929575.964443, "VGB": 9455452187.654772, "CPV": 4857265294.339257, "COM": 4857265294.339257, "CUB": 4857265294.339257, "CUW": 4857265294.339257, "DMA": 6183383403.346126, "DOM": 4857265294.339257, "FJI": 4857265294.339257, "PYF": 4857265294.339257, "GRD": 4857265294.339257, "GUM": 4857265294.339257, "GNB": 4857265294.339257, "GUY": 4857265294.339257, "HTI": 4857265294.339257, "JAM": 4857265294.339257, "KIR": 4958457475.108535, "MDV": 4857265294.339257, "MHL": 4668028043.556628, "MUS": 4857265294.339257, "FSM": 4945002026.664157, "NRU": 4857265294.339257, "NCL": 4857265294.339257, "MNP": 4857265294.339257, "PLW": 4857265294.339257, "PNG": 4857265294.339257, "PRI": 4857265294.339257, "KNA": 4857265294.339257, "LCA": 4857265294.339257, "VCT": 4857265294.339257, "WSM": 4857265294.339257, "STP": 4857265294.339257, "SYC": 9548106651.534218, "SGP": 9451024322.370949, "SXM": 4857265294.339257, "SLB": 4857265294.339257, "SUR": 4857265294.339257, "TLS": 4857265294.339257, "TON": 4857265294.339257, "TTO": 4857265294.339257, "TUV": 4948173696.65409, "VIR": 4857265294.339257, "VUT": 4857265294.339257, "AIA": 10352971030.793941, "COK": 10352971030.793941, "MSR": 10352971030.793941, "NIU": 10352971030.793941}}, "lowerIntervals": {"2020": {"ASM": 74972560.67317355, "ATG": 96265663.64882669, "ABW": 27071562.390850287, "BHS": 121615851.7963644, "BRB": 30599572.15972302, "BLZ": 40047924.33976191, "VGB": 291467726.1780498, "CPV": 39525891.645403646, "COM": 40213061.66552677, "CUB": 64747687.35732791, "CUW": 135903441.8474025, "DMA": 141906642.50336137, "DOM": 22565136.48779229, "FJI": 36307039.7442553, "PYF": 70512945.53696302, "GRD": 106613650.04579014, "GUM": 148902018.9000254, "GNB": 88513949.01650764, "GUY": -4621382.912009996, "HTI": 84685396.74221797, "JAM": 101606940.42310846, "KIR": 115698149.10635534, "MDV": 194924615.85678792, "MHL": 132303441.84740256, "MUS": 11090858.541712428, "FSM": 115010979.08623222, "NRU": 117394087.1850839, "NCL": 58024955.869063124, "MNP": 135903441.8474025, "PLW": 90085830.60955898, "PNG": 44234771.495406285, "PRI": 32449486.23188498, "KNA": 61235291.71098305, "LCA": 146452121.88682103, "VCT": 143423824.34232503, "WSM": 24489850.659916773, "STP": 34611101.66552677, "SYC": 110660050.81255879, "SGP": 85031166.7521484, "SXM": 90093561.27482443, "SLB": 91813949.01650764, "SUR": 45269554.502119154, "TLS": 113870228.93964885, "TON": 41669554.50211917, "TTO": 39402926.22703137, "TUV": 115010979.08623222, "VIR": 69632231.60455999, "VUT": 91813949.01650764, "AIA": 135903441.8474025, "COK": 135903441.8474025, "MSR": 135903441.8474025, "NIU": 135903441.8474025}}, "categoryImportances": {"2020": {"Environment": 0.03452155505411846, "Financial Sector": 0.013125634103588864, "Infrastructure": 0.4878243687349343, "Education": 0.00017036412043218812, "Gender": 0.05430305220514157, "Social Protection & Labor": 0.4100550257817846}}, "featureImportances": {"2020": {"wdi-FM.AST.DOMS.CN": 0.013125634103588864, "wdi-EN.URB.LCTY.UR.ZS": 0.03452155505411846, "wdi-IT.NET.SECR.P6": 0.4878243687349343, "wdi2-SE.PRM.DURS": 0.00016462551371281583, "wdi2-SE.SEC.DURS": 5.738606719372272e-06, "wdi2-SG.GEN.PARL.ZS": 0.05430305220514157, "wdi2-SL.EMP.TOTL.SP.ZS": 0.004440430505209908, "wdi2-SL.TLF.CACT.ZS": 0.014441800885912716, "wdi2-SL.TLF.TOTL.IN": 0.3876761742749722, "wdi2-SL.UEM.TOTL.ZS": 0.0034966201156897744}}}