{"data": {"2020": {"ASM": 62178779840.81253, "ATG": 801413034.6305789, "ABW": 405322364508.4983, "BHS": 61063304053.25383, "BRB": 1016947103639.0435, "BLZ": 452052239.9, "VGB": 61207018006.517685, "CPV": 21923418964.784607, "COM": 623861996923.5668, "CUB": 27730212919946.785, "CUW": 714313837126.4796, "DMA": 61188945878.38158, "DOM": 714419313047.1185, "FJI": 1167040000.0, "PYF": 61386777905.0904, "GRD": 63522688510.87508, "GUM": 7209594339227.383, "GNB": 121000000000.0, "GUY": 1512431708827.0999, "HTI": 133000000000.0, "JAM": 418000000000.0, "KIR": 131664514124.47798, "MDV": 411063304760.76764, "MHL": 405322364508.4983, "MUS": 58903000000.0, "FSM": 3020267148402.617, "NRU": 399059847724.37134, "NCL": 7209594339227.383, "MNP": 22837234947.293205, "PLW": 405322364508.4983, "PNG": 3951336282248.7637, "PRI": 20391880990.667736, "KNA": 405322364508.4983, "LCA": 62407590796.36725, "VCT": 60178233222.89735, "WSM": 132784441096.53133, "STP": 1788947694883.5002, "SYC": 16965452284.319477, "SGP": 83777800000.0, "SXM": 7209594339227.383, "SLB": 1606295247872.2966, "SUR": 410559351770.2806, "TLS": 1690295936597.023, "TON": 397803719389.9992, "TTO": 53315094274.1471, "TUV": 397416989407.62115, "VIR": 376215085890.409, "VUT": 405197206733.24866, "AIA": 57913363630.33625, "COK": 59270526668.72282, "MSR": 57913363630.33625, "NIU": 59270526668.72282}}, "upperIntervals": {"2020": {"ASM": 3639228778650.927, "ATG": 2773296715743.0425, "ABW": 2773296715743.0425, "BHS": 2773296715743.0425, "BRB": 2773296715743.0425, "VGB": 2773296715743.0425, "CPV": 2773296715743.0425, "COM": 3204809261453.136, "CUB": 102501316120296.16, "CUW": 2773296715743.0425, "DMA": 2773296715743.0425, "DOM": 2773296715743.0425, "PYF": 2773296715743.0425, "GRD": 2773296715743.0425, "GUM": 3751383419279.3374, "GUY": 2032905180659.0298, "KIR": 3204809261453.136, "MDV": 2773296715743.0425, "MHL": 2773296715743.0425, "FSM": 3106645333865.109, "NRU": 3639228778650.927, "NCL": 3751383419279.3374, "MNP": 2773296715743.0425, "PLW": 3107368506159.0547, "PNG": 3624971535916.1504, "PRI": 2773296715743.0425, "KNA": 2773296715743.0425, "LCA": 2773296715743.0425, "VCT": 3107368506159.0547, "WSM": 2773296715743.0425, "STP": 3204809261453.136, "SYC": 2773296715743.0425, "SXM": 3751383419279.3374, "SLB": 2773296715743.0425, "SUR": 2773296715743.0425, "TLS": 2773296715743.0425, "TON": 2773296715743.0425, "TTO": 2773296715743.0425, "TUV": 3204809261453.136, "VIR": 2773296715743.0425, "VUT": 2773296715743.0425, "AIA": 2773296715743.0425, "COK": 2773296715743.0425, "MSR": 2773296715743.0425, "NIU": 2773296715743.0425}}, "lowerIntervals": {"2020": {"ASM": 32467133519.05752, "ATG": 520375113.4943572, "ABW": 32476846819.03466, "BHS": 32476846819.03466, "BRB": 43411247201.44715, "VGB": 43549305416.86775, "CPV": 31056196677.700363, "COM": 32592095512.29463, "CUB": 43651607683.22029, "CUW": 43651607683.22029, "DMA": 32479467287.051807, "DOM": 43651607683.22029, "PYF": 43549305416.86775, "GRD": 32476157668.854305, "GUM": 43549305416.86775, "GUY": 43651607683.22029, "KIR": 43549305416.86775, "MDV": 32330086583.86444, "MHL": 43549305416.86775, "FSM": 43549305416.86775, "NRU": 44001499365.7446, "NCL": 43549305416.86775, "MNP": 20089130826.619156, "PLW": 43549305416.86775, "PNG": 32515277526.159443, "PRI": 25594136231.556534, "KNA": 32476157668.854305, "LCA": 32339799883.84158, "VCT": 32476157668.854305, "WSM": 32476157668.854305, "STP": 32431237634.577095, "SYC": 2246366079.3233805, "SXM": 43411247201.44715, "SLB": 32431237634.577095, "SUR": 32480156437.232162, "TLS": 32524198367.45202, "TON": 32476157668.854305, "TTO": 32592095512.29463, "TUV": 43549305416.86775, "VIR": 43549305416.86775, "VUT": 32467133519.05752, "AIA": 43651607683.22029, "COK": 43651607683.22029, "MSR": 43651607683.22029, "NIU": 43651607683.22029}}, "categoryImportances": {"2020": {"Financial Sector": 0.48075781725553063, "Infrastructure": 4.1728739514455665e-05, "Economic Policy & Debt": 0.518655848005819, "Profile": 2.347831553195886e-05, "Finance": 0.0005211276836038386}}, "featureImportances": {"2020": {"wdi-FM.AST.DOMS.CN": 0.48075781725553063, "key-wdi2-NE.TRD.GNFS.ZS": 0.00017514347272769014, "key-wdi2-NY.GDP.DEFL.KD.ZG": 0.0003111915118852983, "key-wdi2-NY.GDP.MKTP.KD.ZG": 3.479269899085011e-05, "key-wdi2-SP.POP.TOTL": 2.347831553195886e-05, "wdi-IT.NET.SECR": 2.3441612616057056e-05, "wdi-IT.NET.SECR.P6": 1.828712689839861e-05, "wdi2-NE.CON.GOVT.CN": 0.5098261788308786, "wdi2-NE.CON.GOVT.ZS": 7.900891779527398e-05, "wdi2-NE.CON.PRVT.CN": 0.00875066025714525}}}