{"data": {"2020": {"ASM": -22524956824946.26, "ATG": 99364256153.99107, "ABW": 31396148916.289345, "BHS": 47454323490.33716, "BRB": 19504102436.673504, "BLZ": 18630902014.49869, "VGB": 12651946783.728277, "CPV": 18630902014.49869, "COM": 30177288640.41097, "CUB": -4267703726.977482, "CUW": 5696347466.749257, "DMA": 6738855534.882846, "DOM": 54906526600.0, "FJI": -102521952551.57025, "PYF": -83453912172.76085, "GRD": -150702824869.70853, "GUM": -106740453110.56618, "GNB": 6738855534.882846, "GUY": 68842562757.41182, "HTI": -120861788462.56433, "JAM": 1517620000.0, "KIR": 6738855534.882846, "MDV": 6738855534.882846, "MHL": 5696347466.749257, "MUS": 6738855534.882846, "FSM": 6738855534.882846, "NRU": 3464936720.114986, "NCL": -89463418260.63998, "MNP": 21654316650.78146, "PLW": 13418619681.100729, "PNG": 62065302309.04106, "PRI": 8000000.0, "KNA": 6738855534.882846, "LCA": 422605988773.3186, "VCT": 91234383638.5831, "WSM": 6738855534.882846, "STP": 21654316650.78146, "SYC": 17585635847.889664, "SGP": 4670700000.0, "SXM": -191754622469.56015, "SLB": -132000000.0, "SUR": 4598075327.447343, "TLS": -70736753204.4694, "TON": 6738855534.882846, "TTO": 47454323490.33716, "TUV": 6738855534.882846, "VIR": 13418619681.100729, "VUT": 692000000.0, "AIA": 3593818925496.2266, "COK": 3593818925496.2266, "MSR": 3593818925496.2266, "NIU": 3593818925496.2266}}, "upperIntervals": {"2020": {"ASM": 3364274528509.3506, "ATG": 428017081342.2866, "ABW": 226166302888.90482, "BHS": 226166302888.90482, "BRB": 226166302888.90482, "BLZ": 62527745257.03111, "VGB": 101011616933.24358, "CPV": 62527745257.03111, "COM": 234323774565.11703, "CUB": 62527745257.03111, "CUW": 62527745257.03111, "DMA": 62527745257.03111, "FJI": 815911744973.9308, "PYF": 3364274528509.3506, "GRD": 3375622597141.706, "GUM": 3364274528509.3506, "GNB": 62527745257.03111, "GUY": 23525304177.68042, "HTI": 62527745257.03111, "KIR": 62527745257.03111, "MDV": 62527745257.03111, "MHL": 62527745257.03111, "MUS": 62527745257.03111, "FSM": 62527745257.03111, "NRU": 70685216933.24336, "NCL": 3364274528509.3506, "MNP": 62527745257.03111, "PLW": 62527745257.03111, "PNG": 226166302888.90482, "KNA": 62527745257.03111, "LCA": 505379041248.09314, "VCT": 226166302888.90482, "WSM": 62527745257.03111, "STP": 226166302888.90482, "SYC": 226166302888.90482, "SXM": 815911744973.9308, "SUR": 432997432111.90076, "TLS": 3405948997141.706, "TON": 62527745257.03111, "TTO": 256492702888.905, "TUV": 62527745257.03111, "VIR": 62527745257.03111, "AIA": 4221502538784.051, "COK": 4221502538784.051, "MSR": 4221502538784.051, "NIU": 4221502538784.051}}, "lowerIntervals": {"2020": {"ASM": -22409696074056.93, "ATG": -3800800536.193879, "ABW": 3031207339.8903275, "BHS": 111643967.5800919, "BRB": 71093731.35508387, "BLZ": -1674563795.517019, "VGB": -20874107695.311096, "CPV": -1674563795.517019, "COM": 111643967.5800919, "CUB": 111643967.5800919, "CUW": -783054306.0159148, "DMA": -1674563795.517019, "FJI": -14745242867.221888, "PYF": -4837363419757.111, "GRD": -3832958940794.1235, "GUM": -6509202152193.205, "GNB": -2427940236.3980184, "GUY": -775706992.7201881, "HTI": -11031622770336.459, "KIR": -1674563795.517019, "MDV": -55147336545.49706, "MHL": 42709810.88042635, "MUS": -1674563795.517019, "FSM": -1674563795.517019, "NRU": -660803346986.3403, "NCL": -6509202152193.205, "MNP": -20014924414.535698, "PLW": -2909291046.692775, "PNG": 111643967.5800919, "KNA": -1674563795.517019, "LCA": 23996732888.47569, "VCT": 111643967.5800919, "WSM": -1919555307.0065668, "STP": -1110442451231.8923, "SYC": -988829914485.4601, "SXM": -6484718544273.988, "SUR": -13666964493249.062, "TLS": -12959035104.124777, "TON": -3042195259.368062, "TTO": 111643967.5800919, "TUV": -1674563795.517019, "VIR": 589579557.3201606, "AIA": -677876164706.9553, "COK": -677876164706.9553, "MSR": -677876164706.9553, "NIU": -677876164706.9553}}, "categoryImportances": {"2020": {"Economic Policy & Debt": 0.9987437048949803, "Financial Sector": 0.0012562951050196457}}, "featureImportances": {"2020": {"wdi2-NE.DAB.TOTL.CN": 0.3340172986274571, "wdi2-NY.GDY.TOTL.KN": 0.0025516011145867833, "wdi2-NE.CON.TOTL.CN": 0.32761799982533707, "wdi2-NE.CON.TOTL.ZS": 0.00017263785835201399, "wdi2-NY.GDP.DEFL.KD.ZG": 0.0005807634275865713, "wdi2-NY.GDP.DEFL.KD.ZG.AD": 0.0005261536558602167, "wdi2-NY.GDP.DEFL.ZS": 5.0432175808278376e-06, "wdi2-NY.GDP.DEFL.ZS.AD": 0.0001443348039920299, "wdi2-NY.GDP.MKTP.CN": 0.2640580509909406, "wdi2-NY.GDP.MKTP.CN.AD": 0.07032611647830675}}}