{"data": {"2020": {"ASM": -192611832.21426657, "ATG": 3154969.4105014624, "ABW": 312870530.37303686, "BHS": 313597450.64777964, "BRB": 3242678.892629923, "BLZ": 328372389.5897012, "VGB": 36424759.3519237, "CPV": 5598198.416808959, "COM": 88130726.30463429, "CUB": 103296659.30889578, "CUW": -30398570.139405068, "DMA": 169759953.68485078, "DOM": 125003920.2842107, "FJI": 7000000.0, "PYF": 19950932.394778855, "GRD": -41371113.686732754, "GUM": 200771234.81249672, "GNB": 20360407.30503024, "GUY": 2043863.6691355966, "HTI": -4551216.416251975, "JAM": 15000000.0, "KIR": -2824363.1653696815, "MDV": 3000000.0, "MHL": 3242678.892629923, "MUS": 3242678.892629923, "FSM": 15485946.203452637, "NRU": 78186592.14621298, "NCL": 244762720.41500255, "MNP": 99883348.50672814, "PLW": 7000000.0, "PNG": 256152747.42065835, "PRI": 78098882.66408454, "KNA": 40460236.888634674, "LCA": 54548701.909791164, "VCT": 111568792.98499528, "WSM": 13130426.6792736, "STP": 293249037.9327055, "SYC": 43339924.24948548, "SGP": 74000000.0, "SXM": 128067103.86057058, "SLB": -8106613.867618507, "SUR": 26249775.237205524, "TLS": 88526767.7742024, "TON": 7000000.0, "TTO": 5598198.416808959, "TUV": 5598198.416808959, "VIR": 189594526.24905613, "VUT": 22231473.06416015, "AIA": 1400394839.3817127, "COK": 1400394839.3817127, "MSR": 1400394839.3817127, "NIU": 1400394839.3817127}}, "upperIntervals": {"2020": {"ASM": 676731715.1718208, "ATG": 206889217.06399545, "ABW": 215606684.00894886, "BHS": 463438239.6449095, "BRB": 211087397.84083298, "BLZ": 259355621.59058255, "VGB": 289265904.18259573, "CPV": 211087397.84083298, "COM": 221203077.56014362, "CUB": 215606684.00894886, "CUW": 679683990.0056729, "DMA": 215606684.00894886, "DOM": 466390514.4787618, "PYF": 208135123.00698066, "GRD": 215606684.00894886, "GUM": 676731715.1718208, "GNB": 224155352.39399588, "GUY": 212654409.1750965, "HTI": 211087397.84083298, "KIR": 208144803.35225847, "MHL": 216504165.68946797, "MUS": 211087397.84083298, "FSM": 206889217.06399545, "NRU": 347902549.2999299, "NCL": 208135123.00698066, "MNP": 676731715.1718208, "PNG": 221203077.56014362, "PRI": 679683990.0056729, "KNA": 211087397.84083298, "LCA": 208135123.00698066, "VCT": 208135123.00698066, "WSM": 211087397.84083298, "STP": 221203077.56014362, "SYC": 246287667.0374197, "SXM": 348035318.36204237, "SLB": 224155352.39399588, "SUR": 215606684.00894886, "TLS": 225722363.72825924, "TTO": 211087397.84083298, "TUV": 211087397.84083298, "VIR": 679683990.0056729, "VUT": 224155352.39399588, "AIA": 4309160267.53169, "COK": 4309160267.53169, "MSR": 4309160267.53169, "NIU": 4309160267.53169}}, "lowerIntervals": {"2020": {"ASM": 2032572.981321592, "ATG": 2062572.981321592, "ABW": 2032572.981321592, "BHS": 2032572.981321592, "BRB": 2032572.981321592, "BLZ": 1167018.5128156885, "VGB": 2032572.981321592, "CPV": 1073697.4013215913, "COM": 999997.9161215912, "CUB": 1607240.5393215916, "CUW": 1422572.981321592, "DMA": 2032572.981321592, "DOM": 2032572.981321592, "PYF": 2032572.981321592, "GRD": 2032572.981321592, "GUM": 2032572.981321592, "GNB": 999997.9161215912, "GUY": 2792572.981321591, "HTI": 999997.9161215912, "KIR": 2253040.539321591, "MHL": 1073697.4013215913, "MUS": 2032572.981321592, "FSM": 2032572.981321592, "NRU": 2032572.981321592, "NCL": 2032572.981321592, "MNP": 2032572.981321592, "PNG": 2032572.981321592, "PRI": 2032572.981321592, "KNA": 1073697.4013215913, "LCA": 2032572.981321592, "VCT": 2032572.981321592, "WSM": 2032572.981321592, "STP": 999997.9161215912, "SYC": 2032572.981321592, "SXM": 2032572.981321592, "SLB": 648364.9593215912, "SUR": 2032572.981321592, "TLS": 2792572.981321591, "TTO": 2032572.981321592, "TUV": 1073697.4013215913, "VIR": 2032572.981321592, "VUT": 1073697.4013215913, "AIA": 2032572.981321592, "COK": 2032572.981321592, "MSR": 2032572.981321592, "NIU": 2032572.981321592}}, "categoryImportances": {"2020": {"Infrastructure": 0.03391458273211162, "Economic Policy & Debt": 0.014103059366037899, "Gender": 0.05949598313135009, "Health": 0.13089624897633217, "Environment": 0.7615901257941684}}, "featureImportances": {"2020": {"wdi2-NE.DAB.TOTL.CN": 0.004464207296351806, "wdi2-NY.GDY.TOTL.KN": 0.009638852069686092, "wdi2-SP.POP.GROW": 0.005182918553849415, "wdi2-SP.POP.TOTL": 0.12571333042248276, "wdi-IT.NET.SECR.P6": 0.03391458273211162, "wdi2-SG.GEN.PARL.ZS": 0.05949598313135009, "wdi2-SP.RUR.TOTL": 0.17155486540992534, "wdi2-SP.RUR.TOTL.ZS": 0.01064032301034911, "wdi2-SP.URB.GROW": 0.003963783571377908, "wdi2-SP.URB.TOTL": 0.575431153802516}}}