{"data": {"2020": {"ASM": 250015.481043509, "ATG": 79924.25573687801, "ABW": 32070.8476690675, "BHS": 447329.08882598684, "BRB": 11423.728057496464, "BLZ": 245174.7530099291, "VGB": 190608.94836145124, "CPV": 135068.4795436543, "COM": 532630.6930503597, "CUB": 25657.632845826054, "CUW": 50037.25959804375, "DMA": 590257.3362358805, "DOM": 378432.7489194181, "FJI": 85428.1263162058, "PYF": 20866.22634281553, "GRD": 125459.47214365704, "GUM": 201771.22799427935, "GNB": 389794.80792476586, "GUY": 11303.194570485994, "HTI": 7900.0, "JAM": 177249.68798868795, "KIR": 71366.92663750867, "MDV": 373140.20010139234, "MHL": 1584448.4208368878, "MUS": 112850.9596849076, "FSM": 25275746.463816814, "NRU": 24309.93134173879, "NCL": 140.0, "MNP": 376768.5492588999, "PLW": 5790.484747116972, "PNG": 14000.0, "PRI": 2312799.4976179353, "KNA": 121496.2698038064, "LCA": 230233.18656637194, "VCT": 36948.487271047336, "WSM": 44862.37201402806, "STP": 205492.4355074831, "SYC": 123383.17948788393, "SGP": 560318.6669900594, "SXM": 355412.2079481464, "SLB": 296414.3668301604, "SUR": 127888.31972941071, "TLS": 329612.10682200146, "TON": 34103.58762820944, "TTO": 19152.776537842397, "TUV": 1565408.9156717171, "VIR": 11073.451325427974, "VUT": 203474.4301113255, "AIA": 2654297.6568605006, "COK": 2654297.6568605006, "MSR": 2654297.6568605006, "NIU": 2654297.6568605006}}, "upperIntervals": {"2020": {"ASM": 2252726.1266457015, "ATG": 2225143.2690464095, "ABW": 2225143.2690464095, "BHS": 3782380.188164658, "BRB": 2332718.1175374324, "BLZ": 2500096.4996331036, "VGB": 2252726.1266457015, "CPV": 2080101.1696739167, "COM": 2769874.092105745, "CUB": 2247479.5517695863, "CUW": 2246712.388513143, "DMA": 2246712.388513143, "DOM": 2477760.216909927, "FJI": 2247479.5517695863, "PYF": 3535541.7880834118, "GRD": 2080101.1696739167, "GUM": 4334211.954125577, "GNB": 2296756.2922022305, "GUY": 1857083.573492118, "JAM": 2557955.940571894, "KIR": 2225143.2690464095, "MDV": 1578562.2634050883, "MHL": 2080101.1696739167, "MUS": 2247479.5517695863, "FSM": 9064301.558349654, "NRU": 1662110.405538318, "MNP": 3739364.708054008, "PLW": 1662110.405538318, "PRI": 3589119.4676753795, "KNA": 1662110.405538318, "LCA": 3164454.36579962, "VCT": 1963747.455831907, "WSM": 2630659.364001046, "STP": 2045765.9883131953, "SYC": 2080101.1696739167, "SGP": 1653219.6674737618, "SXM": 3739364.708054008, "SLB": 1471049.7262100924, "SUR": 2225143.2690464095, "TLS": 2557955.940571894, "TON": 2592182.721170457, "TTO": 2247479.5517695863, "TUV": 2666355.1109969425, "VIR": 2246712.388513143, "VUT": 1884731.1108344907, "AIA": 4514339.607043921, "COK": 4514339.607043921, "MSR": 4514339.607043921, "NIU": 4514339.607043921}}, "lowerIntervals": {"2020": {"ASM": 5381.3346353444595, "ATG": 36208.73743420446, "ABW": 28750.2783381594, "BHS": 69430.80099721768, "BRB": 54905.676748678125, "BLZ": 153336.11176633456, "VGB": 8406.81198695029, "CPV": 91240.76525033444, "COM": 47910.92062323349, "CUB": 50195.71221549576, "CUW": 31184.784948749104, "DMA": 5793.264029587954, "DOM": 5684.621488322464, "FJI": 121890.00995203448, "PYF": 17773.153123991262, "GRD": 34014.40508764002, "GUM": 79882.7818911994, "GNB": 97750.36071530482, "GUY": 164.4565110748528, "JAM": 5575.65249033118, "KIR": 6585.185653279086, "MDV": 141956.12401185502, "MHL": 5793.264029587954, "MUS": 90939.953984395, "FSM": 6570.060265514421, "NRU": 613.8002773929594, "MNP": 8406.81198695029, "PLW": 4566.623485010192, "PRI": 182873.93224207987, "KNA": 28553.36514091367, "LCA": 51682.74043595089, "VCT": 19733.03402998611, "WSM": 94234.80313898127, "STP": 17773.153123991262, "SYC": 36208.73743420446, "SGP": 44957.551499325375, "SXM": 8406.81198695029, "SLB": 173066.53033859777, "SUR": 121387.48317322825, "TLS": 92721.21472276912, "TON": 51685.19935901631, "TTO": 30358.986007630167, "TUV": 5793.264029587954, "VIR": 30344.109947971217, "VUT": 172956.0687564109, "AIA": 8127.271450562557, "COK": 8127.271450562557, "MSR": 8127.271450562557, "NIU": 8127.271450562557}}, "categoryImportances": {"2020": {"Economic Policy & Debt": 0.08927471640899243, "Social Protection & Labor": 0.8064486619801673, "Health": 0.1042766216108403}}, "featureImportances": {"2020": {"wdi2-NE.DAB.TOTL.CN": 0.08927471640899243, "wdi2-SP.POP.GROW": 0.017322994663950715, "wdi2-SP.POP.TOTL": 0.017541743877977533, "wdi2-SL.EMP.TOTL.SP.ZS": 0.015866499987000557, "wdi2-SL.TLF.CACT.ZS": 0.05724053704036965, "wdi2-SL.TLF.TOTL.IN": 0.7245227985215102, "wdi2-SL.UEM.TOTL.ZS": 0.008818826431286798, "wdi2-SP.POP.0004.FE.5Y": 0.04416001386140007, "wdi2-SP.POP.0004.MA.5Y": 0.014742301734115998, "wdi2-SP.POP.0014.FE.IN": 0.010509567473395971}}, "performance": {"2020": 0.1396588313349557}}