{"data": {"2020": {"ASM": 26.916977122251907, "ATG": 35.084039494981056, "ABW": 35.3465785271316, "BHS": 42.845170485305026, "BRB": 26.568409033447335, "BLZ": 39.51203521141817, "VGB": 49.62758146773548, "CPV": 35.72819471572776, "COM": 44.156520350202086, "CUB": 47.84550136063819, "CUW": 33.42230370915041, "DMA": 21.010049513413364, "DOM": 45.14066348906908, "FJI": 43.305291243888576, "PYF": 36.06441244436738, "GRD": 35.59658569379576, "GUM": 35.97875278529779, "GNB": 27.158407062114204, "GUY": 52.56412268781602, "HTI": 36.25073244030799, "JAM": 36.636574640707025, "KIR": 30.961319625445444, "MDV": 30.86174632799583, "MHL": 40.52681819749613, "MUS": 30.47566219322746, "FSM": 40.492131328735205, "NRU": 44.54218320091275, "NCL": 37.15016956704193, "MNP": 34.920729445990716, "PLW": 29.15585487719143, "PNG": 41.95554140618847, "PRI": 43.600056335872054, "KNA": 29.775463379328315, "LCA": 41.076286564292076, "VCT": 33.243260232959884, "WSM": 43.30115837573458, "STP": 46.62733343515537, "SYC": 26.062716060607087, "SGP": 31.708082308188867, "SXM": 30.126761490353587, "SLB": 43.33205706381336, "SUR": 35.60549198946598, "TLS": 44.584783663131574, "TON": 43.27371778317845, "TTO": 37.02933554885015, "TUV": 27.74089022920306, "VIR": 43.508636579673485, "VUT": 43.31997073618641, "AIA": 39.033655802265734, "COK": 39.033655802265734, "MSR": 39.033655802265734, "NIU": 39.033655802265734}}, "upperIntervals": {"2020": {"ASM": 45.285987010809905, "ATG": 44.072266543842915, "ABW": 44.072266543842915, "BHS": 44.27857298866152, "BRB": 44.072266543842915, "BLZ": 44.130493574293496, "VGB": 51.568357157418106, "CPV": 45.43323807586947, "COM": 45.98331910584628, "CUB": 46.67200430773184, "CUW": 44.072266543842915, "DMA": 44.072266543842915, "DOM": 46.56022860486553, "FJI": 47.06890211816166, "PYF": 44.072266543842915, "GRD": 44.072266543842915, "GUM": 44.072266543842915, "GNB": 45.27432354876227, "GUY": 52.37149981562753, "HTI": 45.07391980616315, "JAM": 45.558787466436584, "KIR": 44.98771507765879, "MDV": 44.27857298866152, "MHL": 44.072266543842915, "MUS": 44.072266543842915, "FSM": 45.443779458001515, "NRU": 45.04551500229556, "NCL": 44.072266543842915, "MNP": 44.072266543842915, "PLW": 44.072266543842915, "PNG": 44.072266543842915, "PRI": 44.44549323892157, "KNA": 44.072266543842915, "LCA": 44.36613161890412, "VCT": 45.56469016865607, "WSM": 44.072266543842915, "STP": 47.05726239435852, "SYC": 44.072266543842915, "SGP": 44.336800019112104, "SXM": 44.072266543842915, "SLB": 46.74524884007786, "SUR": 44.072266543842915, "TLS": 46.26992757694974, "TON": 44.072266543842915, "TTO": 45.51004020180915, "TUV": 45.37421329682263, "VIR": 44.74946143205173, "VUT": 44.587143078965326, "AIA": 44.072266543842915, "COK": 44.072266543842915, "MSR": 44.072266543842915, "NIU": 44.072266543842915}}, "lowerIntervals": {"2020": {"ASM": 25.15450057590937, "ATG": 25.0232317602758, "ABW": 25.084285840084952, "BHS": 28.71888885257856, "BRB": 25.186067899560886, "BLZ": 28.676839748273217, "VGB": 28.71888885257856, "CPV": 28.71888885257856, "COM": 28.71888885257856, "CUB": 28.71888885257856, "CUW": 28.71888885257856, "DMA": 17.264917677448466, "DOM": 28.71888885257856, "FJI": 28.687208910924575, "PYF": 28.71888885257856, "GRD": 25.065280864581148, "GUM": 28.71888885257856, "GNB": 25.147352640995503, "GUY": 28.71888885257856, "HTI": 28.71888885257856, "JAM": 28.71888885257856, "KIR": 24.72948984916838, "MDV": 25.084285840084952, "MHL": 25.084285840084952, "MUS": 28.71888885257856, "FSM": 25.084285840084952, "NRU": 28.71888885257856, "NCL": 28.71888885257856, "MNP": 28.71888885257856, "PLW": 25.084285840084952, "PNG": 25.084285840084952, "PRI": 28.71888885257856, "KNA": 25.084285840084952, "LCA": 25.084285840084952, "VCT": 25.084285840084952, "WSM": 28.699883877074747, "STP": 25.084285840084952, "SYC": 24.697809907514397, "SGP": 28.71888885257856, "SXM": 25.084285840084952, "SLB": 25.05260589843097, "SUR": 25.084285840084952, "TLS": 28.71888885257856, "TON": 28.71888885257856, "TTO": 28.71888885257856, "TUV": 24.72948984916838, "VIR": 28.71888885257856, "VUT": 25.084285840084952, "AIA": 28.71888885257856, "COK": 28.71888885257856, "MSR": 28.71888885257856, "NIU": 28.71888885257856}}, "categoryImportances": {"2020": {"Economic Policy & Debt": 0.008285765832986718, "Infrastructure": 0.013743966890278587, "Social Protection & Labor": 0.9779702672767346}}, "featureImportances": {"2020": {"wdi2-NE.DAB.TOTL.CN": 0.004396242296997908, "wdi2-NE.EXP.GNFS.CN": 0.00038951542533615865, "wdi-BX.TRF.PWKR.CD.DT": 0.0035000081106526517, "wdi-IT.NET.SECR.P6": 0.013743966890278587, "wdi2-SL.EMP.1524.SP.FE.NE.ZS": 0.003215030010005429, "wdi2-SL.EMP.1524.SP.NE.ZS": 0.9242811736589922, "wdi2-SL.EMP.TOTL.SP.FE.NE.ZS": 0.016275614458295066, "wdi2-SL.EMP.TOTL.SP.MA.NE.ZS": 0.00974371650963131, "wdi2-SL.EMP.TOTL.SP.NE.ZS": 0.0015098222866048176, "wdi2-SL.EMP.TOTL.SP.ZS": 0.02294491035320582}}}