{"data": {"2010": {"ASM": 21.54978247480017, "ATG": 3.769804785, "ABW": -6.629829657, "BHS": 16.71813192, "BRB": -6.753601184, "BLZ": -6.631621602, "VGB": 26.842501793359045, "CPV": 21.00193542, "COM": 4.362059535, "CUB": 6.872240532863849, "CUW": 20.724482866219304, "DMA": 0.2121007492326904, "DOM": 14.75937332, "FJI": 6.980167156, "PYF": 1.6365470918319802, "GRD": -0.165546820858671, "GUM": 24.09062086562349, "GNB": -9.234431883, "GUY": 6.957226059566549, "HTI": 18.32604097, "JAM": 5.519472726, "KIR": 4.803075078, "MDV": 4.423624820403306, "MHL": 16.08237265, "MUS": -1.923724084, "FSM": 11.742982505611486, "NRU": 5.416566756246797, "NCL": 6.497766100353456, "MNP": 24.714915167897782, "PLW": 7.651678158, "PNG": 14.893459686725672, "PRI": -1.5455114894947262, "KNA": 0.6744524017419147, "LCA": 13.780511010538971, "VCT": 4.946283136489387, "WSM": 0.4522447904043607, "STP": 1.6120106060220418, "SYC": 6.183797974, "SGP": 37.67929692, "SXM": 29.373407904527003, "SLB": 0.9801940278406106, "SUR": 38.57867829, "TLS": 66.78251349, "TON": 2.469802487, "TTO": 6.977378813868661, "TUV": 7.270749649360788, "VIR": 35.77007235803794, "VUT": 11.47953107, "AIA": 10.799457129935677, "COK": 10.799457129935677, "MSR": 10.799457129935677, "NIU": 10.799457129935677}, "2011": {"ASM": 13.772056545952928, "ATG": 1.040362206, "ABW": -13.00309859, "BHS": 14.05694728, "BRB": -12.50610448, "BLZ": -3.962132536, "VGB": 24.35827980472642, "CPV": 20.51731467, "COM": 1.036935895, "CUB": 9.563620295443082, "CUW": 2.633471593, "DMA": -1.4888476826714865, "DOM": 13.43574084, "FJI": 4.659350497, "PYF": 3.2905605003687493, "GRD": -2.323486228878867, "GUM": 25.22698395806011, "GNB": 4.878284279, "GUY": 10.707213808873137, "HTI": 13.87993761, "JAM": 0.739036657, "KIR": 1.388146682, "MDV": -6.028402875227422, "MHL": 14.98052512, "MUS": -4.213179979, "FSM": 5.031300252984088, "NRU": 9.22390304288528, "NCL": -3.914245896170216, "MNP": 17.375110994599588, "PLW": 6.923364698, "PNG": 13.871930152689377, "PRI": 15.037041806167982, "KNA": -6.251500939478866, "LCA": 10.867123762357991, "VCT": 2.1462896240125384, "WSM": -2.936287698127291, "STP": -6.776468838520622, "SYC": -3.864500475, "SGP": 36.80070385, "SXM": 17.646700632510548, "SLB": 6.038651704284379, "SUR": 2.102318704782708, "TLS": 74.12587891, "TON": 5.200416353, "TTO": 2.7988727754107185, "TUV": 12.220922943188649, "VIR": 18.59729416463312, "VUT": 12.21476804, "AIA": 24.507409524276405, "COK": 24.507409524276405, "MSR": 24.507409524276405, "NIU": 24.507409524276405}, "2012": {"ASM": 8.048084457950715, "ATG": -2.502297844, "ABW": -8.567879555, "BHS": 15.863272, "BRB": -7.003662014, "BLZ": -4.544424598, "VGB": 17.904384140748267, "CPV": 15.09682578, "COM": 2.060906429, "CUB": 6.946106414100162, "CUW": 0.278225971, "DMA": 0.36041802442362, "DOM": 13.94261706, "FJI": 4.697972755, "PYF": 4.129456816215396, "GRD": -1.1121857841674228, "GUM": 14.887910555306853, "GNB": -4.136650263, "GUY": 10.519045805075525, "HTI": 9.395815315, "JAM": 3.231776492, "KIR": 12.48274808, "MDV": 0.0938105645785153, "MHL": 8.277921635, "MUS": -0.230731743, "FSM": 8.878963641859267, "NRU": 22.8839198289082, "NCL": -2.973026911076015, "MNP": 21.86479812229428, "PLW": 5.415501887, "PNG": 18.84126535594157, "PRI": 8.574710485079073, "KNA": -3.1319770497916246, "LCA": 12.529874706418012, "VCT": 7.676556155570724, "WSM": 9.344727637715712, "STP": -1.9943874394668155, "SYC": -0.266239571, "SGP": 35.25607213, "SXM": 17.775887384697207, "SLB": 7.195423875224915, "SUR": 14.27374196686913, "TLS": 67.15245462, "TON": 6.965255295, "TTO": 22.787852095074605, "TUV": 22.2498858311966, "VIR": 5.979707501734102, "VUT": 10.69166426, "AIA": 21.176979120242663, "COK": 21.176979120242663, "MSR": 21.176979120242663, "NIU": 21.176979120242663}, "2013": {"ASM": -3.0258731547612503, "ATG": -2.419874234, "ABW": -5.413501749, "BHS": 16.44637972, "BRB": -8.082198827, "BLZ": -5.735395838, "VGB": 26.46843826150627, "CPV": 15.24958408, "COM": 7.730141043353644, "CUB": 10.150319326140638, "CUW": 0.8918365046538208, "DMA": -5.619257999824286, "DOM": 14.49250815, "FJI": 7.528630014, "PYF": 0.9014860394507372, "GRD": -17.076350038134176, "GUM": 4.169428800385318, "GNB": -5.392544821, "GUY": 2.617877988925054, "HTI": 6.62388613, "JAM": 4.124383033, "KIR": 12.24418574, "MDV": 7.907415856303145, "MHL": 8.912503933, "MUS": 1.410680857, "FSM": 6.450998477390743, "NRU": 28.459478491452924, "NCL": 8.370856071338057, "MNP": 27.40474569179662, "PLW": 4.293898766, "PNG": 11.823363234345944, "PRI": 12.942017070227454, "KNA": -1.4196686744384956, "LCA": 7.616658091774509, "VCT": -8.314565663989974, "WSM": 3.431307847512179, "STP": -2.028347007276352, "SYC": 12.17030146, "SGP": 33.34194471, "SXM": 26.19308576339145, "SLB": 1.9843001605427948, "SUR": 4.507408710785278, "TLS": 59.59976997, "TON": 2.1677940774137414, "TTO": 13.127493507330964, "TUV": 28.586192764422496, "VIR": 1.3727734550214223, "VUT": 16.60511005, "AIA": 11.723749122566828, "COK": 11.723749122566828, "MSR": 11.723749122566828, "NIU": 11.723749122566828}, "2014": {"ASM": 11.680781949465793, "ATG": 16.51819659, "ABW": -0.516573826, "BHS": 13.15520628, "BRB": -7.289706889, "BLZ": -4.833700038, "VGB": 28.50909099045593, "CPV": 12.80063311, "COM": -0.616351598, "CUB": 11.28363360404163, "CUW": 9.186173466048428, "DMA": 4.304602738388678, "DOM": 15.80069471, "FJI": 10.62123773, "PYF": 10.782244593237074, "GRD": 7.897112995188422, "GUM": 5.977357105420564, "GNB": 5.713345837, "GUY": 12.83232932767645, "HTI": 5.124044894, "JAM": 6.427847117, "KIR": 28.9975384, "MDV": 17.73791718, "MHL": 13.69010801, "MUS": -0.074062363, "FSM": 8.874176610253869, "NRU": 19.436645057280504, "NCL": 2.8426481312207, "MNP": 12.555081950464082, "PLW": 5.422528775, "PNG": 5.717741844198932, "PRI": 9.609265154248424, "KNA": 13.69303274217314, "LCA": 11.380215812982836, "VCT": 1.2580999073406558, "WSM": 8.642986274041007, "STP": 2.261905408521298, "SYC": 6.406962674, "SGP": 34.45236841, "SXM": 24.444147611999128, "SLB": 7.573394799728534, "SUR": 11.55487851354778, "TLS": 43.46123937, "TON": 8.290775841039212, "TTO": 19.31813468314036, "TUV": 21.70386414404109, "VIR": 18.04597591552308, "VUT": 23.02402105, "AIA": 12.244564245070276, "COK": 12.244564245070276, "MSR": 12.244564245070276, "NIU": 12.244564245070276}}, "upperIntervals": {"2010": {"ASM": 23.42330705024156, "VGB": 15.204138498580717, "CUB": 17.976671669578796, "CUW": 15.173256817793764, "DMA": 16.033851968480743, "PYF": 20.28304879278556, "GRD": 14.320019465937852, "GUM": 21.121078104256924, "GUY": 19.55582636973691, "MDV": 15.326936424322522, "FSM": 4.209219748784757, "NRU": 35.20880479980194, "NCL": 18.51362765497253, "MNP": 23.594937291095533, "PNG": 25.573334196568748, "PRI": 18.040963757532964, "KNA": 7.966853386663644, "LCA": 17.03616505911562, "VCT": 8.62870930208716, "WSM": 18.97753526454472, "STP": 7.107006765054326, "SXM": 37.374068721245976, "SLB": 8.893254348169902, "TTO": 21.283988142971523, "TUV": 50.43123468357464, "VIR": 29.98143106943165, "AIA": 16.70693310085288, "COK": 16.70693310085288, "MSR": 16.70693310085288, "NIU": 16.70693310085288}, "2011": {"ASM": 21.0259827985856, "VGB": 14.452142168843883, "CUB": 20.01557098848638, "DMA": 14.149415780926567, "PYF": 14.601214457253157, "GRD": 13.834132712525909, "GUM": 20.137884588171666, "GUY": 17.961929284674405, "MDV": 13.930080871214416, "FSM": 15.107604150470836, "NRU": 13.588321807331075, "NCL": 12.911772979603125, "MNP": 18.57536211603671, "PNG": 24.587038362884453, "PRI": 18.652979454896563, "KNA": 11.845578191044744, "LCA": 15.811890576590416, "VCT": 15.242339114425526, "WSM": 7.739423608030892, "STP": 9.793866996166512, "SXM": 65.30564460557197, "SLB": 15.533417091603535, "SUR": 18.25701788472012, "TTO": 19.53153811576696, "TUV": 62.83240646397159, "VIR": 9.202105036357596, "AIA": 27.21978113334209, "COK": 27.21978113334209, "MSR": 27.21978113334209, "NIU": 27.21978113334209}, "2012": {"ASM": 26.103210255187, "VGB": 26.26013820416796,