{"data": {"2020": {"ASM": 21241940485643.7, "ATG": 1285662741371.3677, "ABW": 1381156273813.0562, "BHS": 3568965873841.567, "BRB": 92296175016.98013, "BLZ": 1491579533.0, "VGB": 464960348458.84937, "CPV": 95940980500.0, "COM": 1483612645480.8757, "CUB": 518553237334.78424, "CUW": 468209614543.93555, "DMA": 132329606377.71967, "DOM": 1770000000000.0, "FJI": 17258049649056.564, "PYF": 105697922101797.31, "GRD": 76467460481.05629, "GUM": 18625679616372.277, "GNB": 418000000000.0, "GUY": 1541383182309.891, "HTI": 655000000000.0, "JAM": 603000000000.0, "KIR": 172383601948.16013, "MDV": 167712081662.0332, "MHL": 92296175016.98013, "MUS": 183000000000.0, "FSM": 1751693605945.9836, "NRU": 910096741681.1115, "NCL": 20807151189845.734, "MNP": 56963199252615.06, "PLW": 97612594789.52756, "PNG": 4055618587604.5005, "PRI": 8484400000.0, "KNA": 62753929157.93401, "LCA": 95646364502527.27, "VCT": 96140193733938.72, "WSM": 94802472983.77649, "STP": 3706806241964.1636, "SYC": 25498886918.20501, "SGP": 155000000000.0, "SXM": 18653693809136.016, "SLB": 707995385951.8846, "SUR": 202687019905.32974, "TLS": 8178176015819.023, "TON": 54335187902.69308, "TTO": 3857410561967.762, "TUV": 180939028678.2809, "VIR": 445445060293.6813, "VUT": 1628902494808.4043, "AIA": 104270669139561.97, "COK": 104270669139561.97, "MSR": 104270669139561.97, "NIU": 104270669139561.97}}, "upperIntervals": {"2020": {"ASM": 21499370524370.977, "ATG": 2167523491077.2683, "ABW": 2167523491077.2683, "BHS": 5679826845431.583, "BRB": 2167523491077.2683, "VGB": 2167523491077.2683, "COM": 2159291510589.532, "CUB": 2167523491077.2683, "CUW": 2167523491077.2683, "DMA": 2167523491077.2683, "FJI": 15266561564097.738, "PYF": 355610073067160.94, "GRD": 2167913172481.9197, "GUM": 20880534703214.156, "GUY": 2167523491077.2683, "KIR": 2167523491077.2683, "MDV": 2167523491077.2683, "MHL": 2167523491077.2683, "FSM": 2167523491077.2683, "NRU": 2167523491077.2683, "NCL": 20782144507845.086, "MNP": 71299792011909.48, "PLW": 2167523491077.2683, "PNG": 5959082628828.072, "KNA": 2167523491077.2683, "LCA": 355610073067160.94, "VCT": 355610073067160.94, "WSM": 2167523491077.2683, "STP": 5346344607781.097, "SYC": 2167523491077.2683, "SXM": 21248782151409.973, "SLB": 4451362800462.024, "SUR": 2167523491077.2683, "TLS": 8345230715552.117, "TON": 2167523491077.2683, "TTO": 3721845639712.589, "TUV": 2167523491077.2683, "VIR": 2167523491077.2683, "VUT": 6826819087861.402, "AIA": 105850073067160.86, "COK": 105850073067160.86, "MSR": 105850073067160.86, "NIU": 105850073067160.86}}, "lowerIntervals": {"2020": {"ASM": 2520429325057.1963, "ATG": 420137442733.7014, "ABW": 651635730971.5925, "BHS": 895920489150.1958, "BRB": 63640733983.11322, "VGB": 271591188020.53894, "COM": 588390842111.1111, "CUB": 492393506368.82275, "CUW": 357827295790.994, "DMA": 143664512864.58868, "FJI": 596937045294.6614, "PYF": 2435492674386.0938, "GRD": 63124158746.29146, "GUM": 2431828800305.835, "GUY": 651635730971.5925, "KIR": 169842044625.34924, "MDV": 128164158388.87244, "MHL": 70425532445.50568, "FSM": 742463682593.9736, "NRU": 517394790295.2298, "NCL": 2482211213626.283, "MNP": 2431438385564.9062, "PLW": 65328061411.2409, "PNG": 1466711062697.9138, "KNA": 53486834449.27693, "LCA": 2431438385564.9062, "VCT": 2435492674386.0938, "WSM": 60279161805.74748, "STP": 943413309429.7812, "SYC": 44084487604.77215, "SXM": 2431577927466.2876, "SLB": 186732084598.64487, "SUR": 215853723965.85217, "TLS": 1466711062697.9138, "TON": 30049022811.23643, "TTO": 895530074409.2673, "TUV": 110665194171.92151, "VIR": 353364839999.5886, "VUT": 209558499295.65018, "AIA": 2435102259645.166, "COK": 2435102259645.166, "MSR": 2435102259645.166, "NIU": 2435102259645.166}}, "categoryImportances": {"2020": {"Economic Policy & Debt": 1.0}}, "featureImportances": {"2020": {"wdi2-NE.DAB.TOTL.CN": 0.0004646890506122697, "wdi2-NY.GDY.TOTL.KN": 0.0008465972998437691, "wdi2-NE.CON.GOVT.CN": 7.577934131599227e-05, "wdi2-NE.CON.GOVT.KD.ZG": 0.05978090353149469, "wdi2-NE.CON.GOVT.KN": 0.0001371058091737777, "wdi2-NE.CON.GOVT.ZS": 8.987187771762478e-06, "wdi2-NE.CON.PRVT.CN": 0.13205266067323293, "wdi2-NE.CON.PRVT.CN.AD": 0.7058788448280512, "wdi2-NE.CON.PRVT.KD.ZG": 0.08941368584986026, "wdi2-NE.CON.PRVT.PP.KD": 0.011340746428643316}}}