{"data": {"2020": {"ASM": 215.68498810573715, "ATG": 106.28308742016665, "ABW": 105.00924198248656, "BHS": 143.6243740489447, "BRB": 144.3835490981258, "BLZ": 147.3854275, "VGB": 109.38999038688081, "CPV": 114.6877492, "COM": 162.71649299124908, "CUB": 109.29392683873586, "CUW": 134.19481686990184, "DMA": 142.09326986440877, "DOM": 179.7066175, "FJI": 132.43494345724713, "PYF": 135.9514096249564, "GRD": 130.70142120137524, "GUM": 273.3097137616315, "GNB": 158.1156961, "GUY": 224.337609624891, "HTI": 191.7565364, "JAM": 250.3159131, "KIR": 123.63571270380855, "MDV": 146.29987743706883, "MHL": 109.04237235550289, "MUS": 173.1411092, "FSM": 148.81183396258137, "NRU": 101.62539908944373, "NCL": 240.2013498348671, "MNP": 113.4541753212158, "PLW": 101.62539908944373, "PNG": 126.72501759669878, "PRI": 717.2588232, "KNA": 107.88027146048209, "LCA": 143.6243740489447, "VCT": 146.05998866941547, "WSM": 146.88611795177295, "STP": 128.7562790375605, "SYC": 118.9769726431165, "SGP": 131.9521134750493, "SXM": 280.89396901722137, "SLB": 116.7638854, "SUR": 106.83161689253654, "TLS": 123.13122372548253, "TON": 110.38831817260825, "TTO": 118.2229448114182, "TUV": 119.78954037731127, "VIR": 115.28527256936859, "VUT": 138.4013536, "AIA": 129.8896352401835, "COK": 129.8896352401835, "MSR": 129.8896352401835, "NIU": 129.8896352401835}}, "upperIntervals": {"2020": {"ASM": 252.987973311807, "ATG": 204.9253180959578, "ABW": 198.75227648835693, "BHS": 286.485645771848, "BRB": 230.4236724903407, "VGB": 205.2819321618037, "COM": 221.79519487004976, "CUB": 205.2819321618037, "CUW": 205.2819321618037, "DMA": 247.91181148848858, "FJI": 205.00123239645902, "PYF": 286.5615600723492, "GRD": 243.58405278426665, "GUM": 242.42555687904672, "GUY": 268.9214641531558, "KIR": 241.30781817901268, "MDV": 204.74771468901133, "MHL": 199.2864939611493, "FSM": 244.52228279762505, "NRU": 199.2864939611493, "NCL": 252.2441897218481, "MNP": 242.42555687904672, "PLW": 199.2864939611493, "PNG": 221.79519487004976, "KNA": 225.18886089609822, "LCA": 286.79980104233795, "VCT": 286.485645771848, "WSM": 235.31237997835828, "STP": 239.1759865335623, "SYC": 198.9298798953034, "SGP": 119.85924222897991, "SXM": 1388.491236286025, "SUR": 204.74771468901133, "TLS": 239.86069883947303, "TON": 1387.484097937719, "TTO": 222.49871210225461, "TUV": 204.74771468901133, "VIR": 205.42573882972883, "AIA": 286.7053667402743, "COK": 286.7053667402743, "MSR": 286.7053667402743, "NIU": 286.7053667402743}}, "lowerIntervals": {"2020": {"ASM": 104.76145078566873, "ATG": 108.23462391277315, "ABW": 102.65293380786424, "BHS": 106.75833524616304, "BRB": 108.06228587474047, "VGB": 104.66636207832701, "COM": 107.76879736740321, "CUB": 104.8748255411597, "CUW": 132.23776457520955, "DMA": 108.40517713566788, "FJI": 104.08438917874768, "PYF": 105.44932001577078, "GRD": 106.47738992012049, "GUM": 111.39188554887369, "GUY": 117.95714772474594, "KIR": 106.35782211905693, "MDV": 106.79359909305386, "MHL": 104.31805238918793, "FSM": 115.65346853346543, "NRU": 104.17819591243293, "NCL": 114.66459384442003, "MNP": 111.3819561372496, "PLW": 104.17819591243293, "PNG": 114.24583626096548, "KNA": 105.08873497034583, "LCA": 107.06952862937086, "VCT": 109.28927781560502, "WSM": 107.05825653555999, "STP": 103.95822593478897, "SYC": 107.97638087879406, "SGP": 105.57084626413004, "SXM": 116.39991349585733, "SUR": 106.43177524160154, "TLS": 105.52052642930359, "TON": 105.9083067142011, "TTO": 105.6671333042895, "TUV": 110.92490077999953, "VIR": 105.6757519488575, "AIA": 118.49885197606778, "COK": 118.49885197606778, "MSR": 118.49885197606778, "NIU": 118.49885197606778}}, "categoryImportances": {"2020": {"Economic Policy & Debt": 1.0}}, "featureImportances": {"2020": {"wdi2-NE.DAB.TOTL.CN": 0.013620399796391288, "wdi2-NY.GDY.TOTL.KN": 0.0038293329070839487, "wdi2-NE.CON.TOTL.CD": 0.009747763054567671, "wdi2-NE.CON.TOTL.CN": 0.00471532372774647, "wdi2-NE.CON.TOTL.KD.ZG": 0.07779588366481145, "wdi2-NE.CON.TOTL.KN": 0.01077391569611454, "wdi2-NE.CON.TOTL.ZS": 0.28890773618178234, "wdi2-NE.DAB.TOTL.CD": 0.017790149041540904, "wdi2-NE.DAB.TOTL.KN": 0.00691012170400543, "wdi2-NE.DAB.TOTL.ZS": 0.5659093742259559}}, "performance": {"2020": 0.1075127503953801}}