{"paris-127": {"data": {"2019": {"BHS": 70.52141927, "BRB": 22.217415, "COM": 21.91523593, "GNB": 27.27607379, "HTI": 33.88029066, "PNG": 26.42875524, "WSM": 18.08472625, "STP": 29.30593586, "SYC": 10.91175519, "SLB": 31.1852181, "TLS": 23.82498973, "TTO": 19.75043522, "TON": 25.9024844}, "recentValue": {"BHS": 70.52141927, "BRB": 22.217415, "COM": 21.91523593, "GNB": 27.27607379, "HTI": 33.88029066, "PNG": 26.42875524, "WSM": 18.08472625, "STP": 29.30593586, "SYC": 10.91175519, "SLB": 31.1852181, "TLS": 23.82498973, "TTO": 19.75043522, "TON": 25.9024844}, "recentYear": {"BHS": "2019", "BRB": "2019", "COM": "2019", "GNB": "2019", "HTI": "2019", "PNG": "2019", "WSM": "2019", "STP": "2019", "SYC": "2019", "SLB": "2019", "TLS": "2019", "TTO": "2019", "TON": "2019"}}, "def": "This indicator assesses the systematic use of statistical knowledge with statistical terms and indicators in national policy documents. It is a composite indicator consisting of 4 sub-indices that aim to reflect the relevance of statistical evidence. It comprises four main dimensions: i) Basic consideration; ii) Diagnosis and quantification; iii) Statistical Analysis; iv) Disaggregation. ", "name": "", "source": "PARIS21", "dataset": "PARIS21", "category": "Politics and Power", "subcategory": "None", "link": "", "dim": "None", "priority": "1.0", "units": "quantity score"}, "confidenceIntervals": {"2019": {"GNB": 2.727607379, "STP": 4.186562265714286, "TTO": 19.75043522}, "recentValue": {"COM": 21.91523593, "GNB": 3.89658197, "WSM": 4.5211815625, "STP": 2.930593586, "TTO": 4.937608805}}, "featureImportances": {"indicators": {"key-ndgain-nd-readiness": 0.32, "unicef-cm2": 0.527, "wdi2-SH.CON.1524.FE.ZS": 0.205, "wdi2-SE.XPD.TERT.ZS": 0.585, "hdr-164406": 0.169, "ohi-sp-score": 0.79, "wdi2-SE.SEC.CUAT.UP.MA.ZS": 0.729, "unicef-e18": 0.95, "wdi-DC.DAC.FINL.CD": 0.772, "unicef-e22": 0.344}, "categories": {"Urinary diseases and male infertility": 0.022, "Acute hepatitis": 0.812, "Economic Wellbeing": 0.09, "Unintentional injuries": 0.99}}}