{"data": {"2010": {"ATG": 24.51367058314881, "ABW": 22.49571406393156, "BHS": 15.593156258055195, "BMU": 26.28502536243583, "BHR": 12.33359436, "BRB": 15.605781715109543, "BLZ": 19.53952700881473, "VGB": 18.958249707149086, "CPV": 20.002718237324377, "CYM": 35.09770476681275, "COM": 35.075365075536425, "CUB": 3.8249694, "CUW": 35.61643836, "DMA": 18.55700752522489, "DOM": 30.93375065, "FJI": 20.143428159159864, "GRD": 19.708078109688703, "GNB": 54.76974547281156, "GUY": 21.13021808400691, "HTI": 51.67464115, "JAM": 26.83982684, "KIR": 33.56267983672256, "MDV": 17.80535554561768, "MHL": 22.437280488161363, "MUS": 25.13661202, "FSM": 28.47912092318193, "NRU": 20.53567291816492, "PLW": 19.156318379314808, "PNG": 33.386087067510026, "WSM": 21.76124098560969, "STP": 36.05427468380943, "SYC": 17.01511605783958, "SGP": 15.8762421, "SXM": 14.265739850382095, "SLB": 37.433992385272745, "KNA": 22.96080386844939, "VCT": 25.266215504566272, "LCA": 24.078267043628184, "SUR": 38.23529412, "TLS": 20.74423604602013, "TTO": 14.32408236, "TON": 17.742516550039554, "TUV": 35.15834908116591, "TCA": 29.891132909002707, "VUT": 22.832874133672764, "AIA": 26.46668803259935, "COK": 26.46668803259935, "MSR": 26.46668803259935, "NIU": 26.46668803259935, "TKL": 26.46668803259935}, "2011": {"ATG": 26.80571608163314, "ABW": 22.27040258979378, "BHS": 27.118670209159724, "BMU": 23.1278651237075, "BHR": 11.5760657, "BRB": 20.31581835769305, "BLZ": 31.52950281537549, "VGB": 24.195881854136765, "CPV": 18.38828311093802, "CYM": 24.21371027323429, "COM": 30.599477538973133, "CUB": 4.098085321, "CUW": 28.54545455, "DMA": 23.45144023105918, "DOM": 31.34020619, "FJI": 31.457889091293183, "GRD": 23.086919231891244, "GNB": 45.5207752140151, "GUY": 21.31151822063176, "HTI": 51.40186916, "JAM": 25.17099863, "KIR": 36.72624741616792, "MDV": 20.22229944086366, "MHL": 27.67478269115616, "MUS": 25.54945055, "FSM": 23.27573330800668, "NRU": 27.14757815063449, "PLW": 15.194502328577542, "PNG": 30.36717365777132, "WSM": 24.992919501268645, "STP": 31.97601274885484, "SYC": 19.90699714425651, "SGP": 16.15318785, "SXM": 26.664405458374805, "SLB": 36.88981179955714, "KNA": 21.422080158434746, "VCT": 25.449866326789568, "LCA": 19.48679606521777, "SUR": 31.84357542, "TLS": 24.218778532303755, "TTO": 14.34352518, "TON": 25.301730456052976, "TUV": 29.177104979290515, "TCA": 21.217646559084983, "VUT": 29.120256499880167, "AIA": 22.324891723798704, "COK": 22.324891723798704, "MSR": 22.324891723798704, "NIU": 22.324891723798704, "TKL": 22.324891723798704}, "2012": {"ATG": 22.689520711910525, "ABW": 22.4641803446546, "BHS": 21.75932743580484, "BMU": 22.473512989693592, "BHR": 12.188578, "BRB": 22.473512989693592, "BLZ": 34.57723829356536, "VGB": 24.5385863827712, "CPV": 28.587480048283584, "CYM": 23.72925938045738, "COM": 37.80315102349791, "CUB": 4.161205767, "CUW": 23.34801762, "DMA": 25.692385465311027, "DOM": 33.14944835, "FJI": 47.96517528505254, "GRD": 24.611262276320257, "GNB": 47.88964066731177, "GUY": 38.2882776024047, "HTI": 46.15384615, "JAM": 22.70742358, "KIR": 24.71394044842302, "MDV": 23.767689898908746, "MHL": 28.49156731951814, "MUS": 25.73726542, "FSM": 16.489694750475298, "NRU": 23.92140199778556, "PLW": 19.796364883699624, "PNG": 45.25956213941398, "WSM": 33.71837237419097, "STP": 38.86272490183939, "SYC": 23.345989245266484, "SGP": 15.9921671, "SXM": 24.57499954336293, "SLB": 51.04532743397676, "KNA": 20.01009918009868, "VCT": 22.98935004427753, "LCA": 23.67420177987617, "SUR": 34.32835821, "TLS": 27.612400133576205, "TTO": 14.1107078, "TON": 24.808332006718945, "TUV": 28.266671092367773, "TCA": 24.37526887537292, "VUT": 40.37547794211668, "AIA": 20.59234898888589, "COK": 20.59234898888589, "MSR": 20.59234898888589, "NIU": 20.59234898888589, "TKL": 20.59234898888589}, "2013": {"ATG": 27.992310600956657, "ABW": 27.558763581553464, "BHS": 15.998574063188515, "BMU": 24.319875367262814, "BHR": 11.66902405, "BRB": 23.73386629812796, "BLZ": 37.38914207647691, "VGB": 29.37804874352169, "CPV": 30.867711336043083, "CYM": 26.62206406849599, "COM": 43.02873188202088, "CUB": 4.21481985, "CUW": 24.26303855, "DMA": 25.23357052991566, "DOM": 28.89791772, "FJI": 40.625348741377415, "GRD": 22.938081270833525, "GNB": 49.18400636038546, "GUY": 31.8195463252789, "HTI": 41.47465438, "JAM": 22.67759563, "KIR": 25.39079882618415, "MDV": 25.246233686417668, "MHL": 27.367000040228795, "MUS": 25.58746736, "FSM": 20.58236417552782, "NRU": 18.870803896340465, "PLW": 22.352479308328675, "PNG": 46.59995899507898, "WSM": 41.17166685650631, "STP": 47.29346210700953, "SYC": 24.9380894321134, "SGP": 15.37629758, "SXM": 30.97531514559295, "SLB": 51.29249286746534, "KNA": 29.272655270734543, "VCT": 25.248235843186155, "LCA": 24.3467264494226, "SUR": 31.47208122, "TLS": 27.86039610628401, "TTO": 13.9869281, "TON": 28.87486519632732, "TUV": 33.6996248259592, "TCA": 30.29029864000105, "VUT": 45.82434059601553, "AIA": 24.99133750419101, "COK": 24.99133750419101, "MSR": 24.99133750419101, "NIU": 24.99133750419101, "TKL": 24.99133750419101}, "2014": {"ATG": 30.02747061276205, "ABW": 24.400125845310907, "BHS": 25.6154354814828, "BMU": 34.89874543786914, "BHR": 11.45166723, "BRB": 29.466496807167257, "BLZ": 40.62243660558438, "VGB": 36.05744078980738, "CPV": 26.81532719006988, "CYM": 35.935811310409875, "COM": 50.178193524429865, "CUB": 4.278438031, "CUW": 22.94736842, "DMA": 28.732200218844884, "DOM": 26.32398754, "FJI": 37.64454694071035, "GRD": 27.873868267781543, "GNB": 56.97646183994353, "GUY": 24.433465129055, "HTI": 42.39130435, "JAM": 24.26778243, "KIR": 31.42259905964812, "MDV": 32.22166154297757, "MHL": 22.339502203832087, "MUS": 25.50505051, "FSM": 29.28445309282584, "NRU": 29.6352873950538, "PLW": 22.50586093647229, "PNG": 35.69536998841279, "WSM": 27.369420405897763, "STP": 39.10074519541772, "SYC": 28.0062669197664, "SGP": 15.18093557, "SXM": 31.422515598001976, "SLB": 54.16821768523814, "KNA": 29.79645302796169, "VCT": 29.732222326952208, "LCA": 28.050810496724537, "SUR": 33.66834171, "TLS": 25.512381793599022, "TTO": 13.78716071, "TON": 33.2657920328768, "TUV": 33.50143110857466, "TCA": 27.408184434735137, "VUT": 50.11389569502443, "AIA": 26.681513831059128, "COK": 26.681513831059128, "MSR": 26.681513831059128, "NIU": 26.681513831059128, "TKL": 26.681513831059128}}, "upperIntervals": {"2010": {"ATG": 37.2015493056089, "ABW": 35.18359278639165, "BHS": 28.28103498051528, "BMU": 38.97290408489592, "BRB": 28.293660437569628, "BLZ": 32.227405731274814, "VGB": 31.64612842960917, "CPV": 32.690596959784465, "CYM": 47.78558348927283, "COM": 47.76324379799651, "DMA": 31.24488624768497, "FJI": 32.83130688161995, "GRD": 32.39595683214879, "GNB": 67.45762419527165, "GUY": 33.818096806467, "KIR": 46.25055855918264, "MDV": 30.493234268077764, "MHL": 35.12515921062145, "FSM": 41.16699964564202, "NRU": 33.223551640625004, "PLW": 31.84419710177489, "PNG": 46.07396578997011, "WSM": 34.44911970806978, "STP": 48.74215340626952, "SYC": 29.70299478029967, "SXM": 26.95361857284218, "SLB": 50.12187110773283, "KNA": 35.64868259090947, "VCT": 37.95409422702636, "LCA": 36.76614576608827, "TLS": 33.432114768480226, "TON": 30.43039527249964, "TUV": 47.84622780362599, "TCA": 42.57901163146279, "VUT": 35.52075285613285, "AIA": 39.15456675505944, "COK": 39.15456675505944, "MSR": 39.15456675505944, "NIU": 39.15456675505944, "TKL": 39.15456675505944}, "2011": {"ATG": 42.496388992655824, "ABW": 37.96107550081646, "BHS": 42.809343120182405, "BMU": 38.81853803473018, "BRB": 36.006491268715735, "BLZ": 47.220175726398175, "VGB": 39.886554765159445, "CPV": 34.0789560219607, "CYM": 39.90438318425697, "COM": 46.29015044999581, "DMA": 39.14211314208186, "FJI": 47.14856200231586, "GRD": 38.777592142913925, "GNB": 61.21144812503778, "GUY": 37.00219113165444, "KIR": 52.4169203271906, "MDV": 35.91297235188634, "MHL": 43.36545560217884, "FSM": 38.966406219029366, "NRU": 42.838251061657175, "PLW": 30.885175239600223, "PNG": 46.057846568794005,