{"data": {"2015": {"ATG": 27972077.271019105, "ABW": 3823418.5392942782, "BHS": 44751386.68903893, "BMU": 38937763.2232549, "BHR": 41760959.60253001, "BRB": 30041660.679486163, "BLZ": 20640225.312437948, "VGB": 5151253.731919651, "CPV": 50139999.39, "CYM": 25778386.61512081, "COM": 13921110.553223794, "CUB": 50000.00075, "CUW": 8731622.2540204, "DMA": 35585102.13160512, "DOM": 23273806.14843463, "FJI": 6268988.487279795, "GRD": 32292498.895302337, "GNB": 13850000.38, "GUY": 3608488.0022127554, "HTI": -12321481.801369663, "JAM": 7772344.657004948, "KIR": 20565251.85295572, "MDV": 7972386.532947806, "MHL": 38309936.71173666, "MUS": 32127377.033544693, "FSM": 30785886.48874256, "NRU": 29452641.34790043, "PLW": 31682259.80583233, "PNG": -8311750.384034374, "WSM": 28876078.17830493, "STP": 24860000.61, "SYC": 27988562.37455404, "SGP": 3301608.3375758384, "SXM": 15840136.220735485, "SLB": 13045656.012133414, "KNA": 31353728.61334804, "VCT": 32087652.487321835, "LCA": 36951264.2238414, "SUR": 14263930.356736392, "TLS": 12970000.27, "TTO": 26318561.2101296, "TON": 35999767.58308488, "TUV": 43730291.80387148, "TCA": 16785359.854212206, "VUT": 25566013.89590899, "AIA": 17518473.929649085, "COK": 17518473.929649085, "MSR": 17518473.929649085, "NIU": 17518473.929649085, "TKL": 17518473.929649085}}, "upperIntervals": {"2015": {"ATG": 79887414.69991192, "ABW": 55738755.96818709, "BHS": 96666724.11793175, "BMU": 90853100.65214773, "BHR": 93676297.03142282, "BRB": 81956998.10837898, "BLZ": 72555562.74133076, "VGB": 57066591.16081247, "CYM": 77693724.04401362, "COM": 65836447.98211661, "CUW": 60646959.682913214, "DMA": 87500439.56049794, "DOM": 75189143.57732745, "FJI": 58184325.91617261, "GRD": 84207836.32419515, "GUY": 55523825.43110557, "HTI": 39593855.62752315, "JAM": 59687682.08589776, "KIR": 72480589.28184852, "MDV": 59887723.96184062, "MHL": 90225274.14062949, "MUS": 84042714.46243751, "FSM": 82701223.91763537, "NRU": 81367978.77679324, "PLW": 83597597.23472515, "PNG": 43603587.04485844, "WSM": 80791415.60719773, "SYC": 79903899.80344686, "SGP": 55216945.76646865, "SXM": 67755473.6496283, "SLB": 64960993.44102623, "KNA": 83269066.04224086, "VCT": 84002989.91621464, "LCA": 88866601.65273422, "SUR": 66179267.785629205, "TTO": 78233898.63902241, "TON": 87915105.0119777, "TUV": 95645629.2327643, "TCA": 68700697.28310502, "VUT": 77481351.3248018, "AIA": 69433811.3585419, "COK": 69433811.3585419, "MSR": 69433811.3585419, "NIU": 69433811.3585419, "TKL": 69433811.3585419}}, "lowerIntervals": {"2015": {"ATG": -13469615.235599402, "ABW": -37618273.96732423, "BHS": 3309694.182420425, "BMU": -2503929.2833636105, "BHR": 319267.09591150284, "BRB": -11400031.827132344, "BLZ": -20801467.19418056, "VGB": -36290438.77469885, "CYM": -15663305.891497698, "COM": -27520581.95339471, "CUW": -32710070.252598107, "DMA": -5856590.375013389, "DOM": -18167886.35818388, "FJI": -35172704.01933871, "GRD": -9149193.61131617, "GUY": -37833204.50440575, "HTI": -53763174.307988174, "JAM": -33669347.84961356, "KIR": -20876440.6536628, "MDV": -33469305.973670702, "MHL": -3131755.7948818505, "MUS": -9314315.473073814, "FSM": -10655806.01787595, "NRU": -11989051.158718076, "PLW": -9759432.700786175, "PNG": -49753442.89065288, "WSM": -12565614.328313582, "SYC": -13453130.13206447, "SGP": -38140084.16904267, "SXM": -25601556.285883024, "SLB": -28396036.49448509, "KNA": -10087963.89327047, "VCT": -9354040.019296672, "LCA": -4490428.282777108, "SUR": -27177762.149882115, "TTO": -15123131.296488917, "TON": -5441924.923533626, "TUV": 2288599.2972529754, "TCA": -24656332.6524063, "VUT": -15875678.610709518, "AIA": -23923218.576969422, "COK": -23923218.576969422, "MSR": -23923218.576969422, "NIU": -23923218.576969422, "TKL": -23923218.576969422}}, "categoryImportances": {"2015": {"Environment": 776794418520064.0, "Economic Policy & Debt": 6904027725843456.0}}, "featureImportances": {"2015": {"wdi2-NY.GDP.MKTP.PP.KD": 1135257981059072.0, "wdi-AG.LND.TOTL.K2": 755834252206080.0, "wdi-AG.SRF.TOTL.K2": 20960166313984.0, "wdi-DC.DAC.DEUL.CD": 497049646088192.0, "wdi-DC.DAC.FRAL.CD": 2541545618948096.0, "wdi-DC.DAC.ITAL.CD": 169386058636288.0, "wdi-DC.DAC.JPNL.CD": 1965926714851328.0, "wdi-DC.DAC.TOTL.CD": 93500265971712.0, "wdi-DC.DAC.USAL.CD": 91108459204608.0, "wdi-DT.NFL.UNCF.CD": 410252981084160.0}}, "performance": {"2015": 0.1504704811400342}}