{"data": {"2010": {"ATG": 4.677425248888819, "ABW": 6.472104943473796, "BHS": 5.9076565272536685, "BMU": 15.42175203031417, "BHR": 0.861393892, "BRB": 5.002907845188474, "BLZ": 5.024201083083431, "VGB": 3.5026692560720294, "CPV": 4.151908337626522, "CYM": 9.869465465794445, "COM": 6.199330528153467, "CUB": 1.897184823, "CUW": 4.337899543, "DMA": 4.907985919468271, "DOM": 7.824726135, "FJI": 2.360457629458887, "GRD": 4.288846068740377, "GNB": 9.422489808180362, "GUY": 3.515874581325188, "HTI": 10.04784689, "JAM": 4.04040404, "KIR": 8.317624098167803, "MDV": 5.493935067606256, "MHL": 3.072215194642555, "MUS": 4.644808743, "FSM": 9.949994739075889, "NRU": 2.0493211339582533, "PLW": 2.027408785900615, "PNG": 7.532096464160907, "WSM": 3.976591420586328, "STP": 5.521770525222995, "SYC": 3.966986116629205, "SGP": 1.445347787, "SXM": 4.068722023529265, "SLB": 8.764199201607004, "KNA": 8.496658624500094, "VCT": 6.862873340177949, "LCA": 6.049565594471744, "SUR": 3.529411765, "TLS": 5.727245927380499, "TTO": 1.88003581, "TON": 5.154131603535923, "TUV": 4.070145088850257, "TCA": 10.72887087857365, "VUT": 5.838890082396637, "AIA": 9.901880900864429, "COK": 9.901880900864429, "MSR": 9.901880900864429, "NIU": 9.901880900864429, "TKL": 9.901880900864429}, "2011": {"ATG": 3.9175714617859896, "ABW": 8.95545652132453, "BHS": 7.041597143353364, "BMU": 9.203199850432762, "BHR": 0.860383262, "BRB": 6.317699771984324, "BLZ": 4.409117038380152, "VGB": 5.744018471947452, "CPV": 4.915898505798904, "CYM": 5.779327430533966, "COM": 5.871686050977726, "CUB": 2.183406114, "CUW": 3.454545455, "DMA": 5.891590340912058, "DOM": 7.113402062, "FJI": 3.6050506525050015, "GRD": 4.727794096440508, "GNB": 8.041891768160278, "GUY": 4.621943305440855, "HTI": 9.813084112, "JAM": 3.830369357, "KIR": 11.149428732184226, "MDV": 4.54061660661347, "MHL": 4.090308431408893, "MUS": 4.67032967, "FSM": 7.772800958708442, "NRU": 3.625408861414929, "PLW": 2.375878392961779, "PNG": 6.080527081206976, "WSM": 3.7344678641896896, "STP": 6.549048466975968, "SYC": 3.297187797661762, "SGP": 1.3478819, "SXM": 7.863200005004625, "SLB": 5.839433560627411, "KNA": 8.803091910752103, "VCT": 5.556283206558712, "LCA": 4.799544768747993, "SUR": 3.351955307, "TLS": 5.409901564140231, "TTO": 1.708633094, "TON": 5.829601458797457, "TUV": 5.401367136236376, "TCA": 2.567253516610592, "VUT": 8.823589442707789, "AIA": 9.790130966052294, "COK": 9.790130966052294, "MSR": 9.790130966052294, "NIU": 9.790130966052294, "TKL": 9.790130966052294}, "2012": {"ATG": 6.464240663459439, "ABW": 8.677766000133326, "BHS": 8.735234775377123, "BMU": 4.823299283293764, "BHR": 0.881563818, "BRB": 8.836932835643678, "BLZ": 5.208061945640838, "VGB": 3.2833836206843565, "CPV": 2.904771960941563, "CYM": 6.537091168938661, "COM": 2.0340922125811205, "CUB": 2.096985583, "CUW": 2.863436123, "DMA": 3.5257865244723066, "DOM": 7.02106319, "FJI": 3.868068467213765, "GRD": 5.027411778007406, "GNB": 2.7065304069544966, "GUY": 3.4360016655850423, "HTI": 3.846153846, "JAM": 4.366812227, "KIR": 8.814402116085631, "MDV": 6.860420493383172, "MHL": 2.289342499271409, "MUS": 4.557640751, "FSM": 3.361133549269065, "NRU": 2.1196488424001774, "PLW": 0.5799188708337747, "PNG": 7.510438865656349, "WSM": 1.825711276575873, "STP": 4.758942234545593, "SYC": 1.2023129871275426, "SGP": 1.34899913, "SXM": 7.259482920972492, "SLB": 5.38120281597793, "KNA": 5.53588741888377, "VCT": 8.313607016979953, "LCA": 5.760482256816113, "SUR": 3.482587065, "TLS": 3.1501323398971266, "TTO": 1.497277677, "TON": 5.654539422597979, "TUV": 4.810091601183512, "TCA": 3.0629001733013426, "VUT": 5.361181455879625, "AIA": 8.509376876952173, "COK": 8.509376876952173, "MSR": 8.509376876952173, "NIU": 8.509376876952173, "TKL": 8.509376876952173}, "2013": {"ATG": 5.66765367804202, "ABW": 6.345595400362227, "BHS": 2.0511473109018654, "BMU": 3.3740895881100164, "BHR": 0.884016973, "BRB": 7.265560284580035, "BLZ": 3.4226647330459903, "VGB": 3.636109649256243, "CPV": 4.332122436216459, "CYM": 6.169165257870469, "COM": 6.137300002595179, "CUB": 2.175390891, "CUW": 2.947845805, "DMA": 6.304636729615672, "DOM": 7.262569832, "FJI": 3.421104682750632, "GRD": 5.604656453019615, "GNB": 6.087379079289424, "GUY": 3.911285710404077, "HTI": 5.99078341, "JAM": 3.68852459, "KIR": 9.160177877455135, "MDV": 5.109962283758809, "MHL": 4.548446841045308, "MUS": 4.699738903, "FSM": 3.983336575182721, "NRU": 2.858051461035379, "PLW": 0.4122011647459951, "PNG": 6.341243963693209, "WSM": 3.031469301339044, "STP": 4.737911256208301, "SYC": 6.019639268883524, "SGP": 1.405709343, "SXM": 8.378669034258152, "SLB": 5.593557704598414, "KNA": 5.941470141491604, "VCT": 8.84557016014968, "LCA": 5.040351066234947, "SUR": 4.060913706, "TLS": 3.356778569280911, "TTO": 2.309368192, "TON": 6.579797668065363, "TUV": 2.8858869156553246, "TCA": 2.055025744798701, "VUT": 6.270598891441385, "AIA": 9.514519272184906, "COK": 9.514519272184906, "MSR": 9.514519272184906, "NIU": 9.514519272184906, "TKL": 9.514519272184906}, "2014": {"ATG": 2.984712808013519, "ABW": 4.12959339984476, "BHS": 4.385543339276259, "BMU": 12.621935096959112, "BHR": 0.842034355, "BRB": 4.955730407244627, "BLZ": 5.936389293584231, "VGB": 7.104149134662792, "CPV": 3.808677660267049, "CYM": 6.722470370624162, "COM": 6.1736183579734245, "CUB": 2.173174873, "CUW": 2.736842105, "DMA": 4.422213566043843, "DOM": 7.580477674, "FJI": 5.73608260892763, "GRD": 3.093389952263024, "GNB": 5.023811885040507, "GUY": 3.786805014273796, "HTI": 3.985507246, "JAM": 3.626220363, "KIR": 6.663223544011085, "MDV": 8.839229106879541, "MHL": 3.619559534745472, "MUS": 4.545454545, "FSM": 3.884202309832802, "NRU": 3.1334975921065737, "PLW": 1.5724955183938345, "PNG": 6.53432902491573, "WSM": 3.03577377898544, "STP": 4.224164254891851, "SYC": 5.573521271826321, "SGP": 1.3239188, "SXM": 3.5016550249231364, "SLB": 5.026549492236773, "KNA": 5.939932914854648, "VCT": 5.005728120564585, "LCA": 3.672188613134107, "SUR": 3.51758794, "TLS": 3.088804204681947, "TTO": 1.680310211, "TON": 8.579792921805968, "TUV": 4.624853598407088, "TCA": 4.006679977094028, "VUT": 7.635864098243706, "AIA": 9.101697412009113, "COK": 9.101697412009113, "MSR": 9.101697412009113, "NIU": 9.101697412009113, "TKL": 9.101697412009113}}, "upperIntervals": {"2010": {"ATG": 14.24459651063544, "ABW": 16.039276205220414, "BHS": 15.474827789000289, "BMU": 24.98892329206079, "BRB": 14.570079106935092, "BLZ": 14.591372344830049, "VGB": 13.069840517818648, "CPV": 13.719079599373142, "CYM": 19.436636727541064, "COM": 15.766501789900088, "DMA": 14.47515718121489, "FJI": 11.927628891205506, "GRD": 13.856017330486996, "GNB": 18.98966106992698, "GUY": 13.083045843071806, "KIR": 17.88479535991442, "MDV": 15.061106329352874, "MHL": 12.639386456389174, "FSM": 19.517166000822503, "NRU": 11.616492395704872, "PLW": 11.594580047647234, "PNG": 17.099267725907527, "WSM": 13.543762682332948, "STP": 15.088941786969611, "SYC": 13.534157378375824, "SXM": 13.635893285275884, "SLB": 18.331370463353625, "KNA": 18.063829886246715, "VCT": 16.430044601924568, "LCA": 15.616736856218363, "TLS": 15.29441718912712, "TON": 14.721302865282542, "TUV": 13.637316350596876, "TCA": 20.296042140320267, "VUT": 15.406061344143255, "AIA": 19.46905216261105, "COK": 19.46905216261105, "MSR": 19.46905216261105, "NIU": 19.46905216261105, "TKL": 19.46905216261105}, "2011": {"ATG": 12.99205921808245, "ABW": 18.02994427762099, "BHS": 16.116084899649824, "BMU": 18.277687606729224, "BRB": 15.392187528280784, "BLZ": 13.483604794676612, "VGB": 14.818506228243912, "CPV": 13.990386262095363, "CYM": 14.853815186830426, "COM": 14.946173807274183, "DMA": 14.966078097208516, "FJI": 12.67953840880146, "GRD": 13.802281852736968, "GNB": 17.11637952445674, "GUY": 13.696431061737314, "KIR": 20.22391648848069, "MDV": 13.615104362909928, "MHL": 13.164796187705353, "FSM": 16.8472887150049, "NRU": 12.699896617711389, "PLW": 11.450366149258238, "PNG": 15.155014837503437, "WSM": 12.808955620486149,