{"data": {"2020": {"ASM": 44.30048595250528, "ATG": 28.644815152071555, "ABW": 33.19077508082031, "BHS": 42.30748034030422, "BRB": 44.14955074347595, "BLZ": 35.17560982419735, "VGB": 28.933242310233243, "CPV": 33.19077508082031, "COM": 25.189730007752853, "CUB": 26.63251180053521, "CUW": 26.63251180053521, "DMA": 35.17560982419735, "DOM": 35.17560982419735, "FJI": 35.17560982419735, "PYF": 46.28532069588232, "GRD": 35.17560982419735, "GUM": 46.28532069588232, "GNB": 25.189730007752853, "GUY": 35.17560982419735, "HTI": 26.15709953865238, "JAM": 35.17560982419735, "KIR": 25.189730007752853, "MDV": 38.7541739281733, "MHL": 26.63251180053521, "MUS": 35.17560982419735, "FSM": 24.17226479527535, "NRU": 31.178471729283956, "NCL": 46.28532069588232, "MNP": 44.30048595250528, "PLW": 31.178471729283956, "PNG": 20.643770079004117, "PRI": 28.493879943042234, "KNA": 35.17560982419735, "LCA": 46.28532069588232, "VCT": 35.17560982419735, "WSM": 25.189730007752853, "STP": 20.643770079004117, "SYC": 37.76152041155547, "SGP": 39.603590814727205, "SXM": 40.322645596927174, "SLB": 20.643770079004117, "SUR": 36.76116831597224, "TLS": 25.189730007752853, "TON": 25.189730007752853, "TTO": 39.75452602375653, "TUV": 19.626304866526613, "VIR": 26.63251180053521, "VUT": 25.189730007752853, "AIA": 34.530951510817694, "COK": 34.530951510817694, "MSR": 34.530951510817694, "NIU": 34.530951510817694}}, "upperIntervals": {"2020": {"ASM": 63.77059138495311, "ATG": 48.11492058451938, "ABW": 52.66088051326814, "BHS": 61.77758577275205, "BRB": 63.61965617592378, "BLZ": 54.645715256645175, "VGB": 48.40334774268107, "CPV": 52.66088051326814, "COM": 44.65983544020068, "CUB": 46.102617232983036, "CUW": 46.102617232983036, "DMA": 54.645715256645175, "DOM": 54.645715256645175, "FJI": 54.645715256645175, "PYF": 65.75542612833014, "GRD": 54.645715256645175, "GUM": 65.75542612833014, "GNB": 44.65983544020068, "GUY": 54.645715256645175, "HTI": 45.627204971100205, "JAM": 54.645715256645175, "KIR": 44.65983544020068, "MDV": 58.224279360621125, "MHL": 46.102617232983036, "MUS": 54.645715256645175, "FSM": 43.64237022772318, "NRU": 50.64857716173178, "NCL": 65.75542612833014, "MNP": 63.77059138495311, "PLW": 50.64857716173178, "PNG": 40.113875511451944, "PRI": 47.96398537549006, "KNA": 54.645715256645175, "LCA": 65.75542612833014, "VCT": 54.645715256645175, "WSM": 44.65983544020068, "STP": 40.113875511451944, "SYC": 57.231625844003304, "SGP": 59.073696247175036, "SXM": 59.792751029375, "SLB": 40.113875511451944, "SUR": 56.231273748420065, "TLS": 44.65983544020068, "TON": 44.65983544020068, "TTO": 59.224631456204364, "TUV": 39.09641029897444, "VIR": 46.102617232983036, "VUT": 44.65983544020068, "AIA": 54.001056943265525, "COK": 54.001056943265525, "MSR": 54.001056943265525, "NIU": 54.001056943265525}}, "lowerIntervals": {"2020": {"ASM": 28.945174146503636, "ATG": 13.289503346069914, "ABW": 17.835463274818668, "BHS": 26.952168534302576, "BRB": 28.794238937474308, "BLZ": 19.82029801819571, "VGB": 13.577930504231603, "CPV": 17.835463274818668, "COM": 9.834418201751213, "CUB": 11.277199994533568, "CUW": 11.277199994533568, "DMA": 19.82029801819571, "DOM": 19.82029801819571, "FJI": 19.82029801819571, "PYF": 30.93000888988068, "GRD": 19.82029801819571, "GUM": 30.93000888988068, "GNB": 9.834418201751213, "GUY": 19.82029801819571, "HTI": 10.801787732650737, "JAM": 19.82029801819571, "KIR": 9.834418201751213, "MDV": 23.39886212217166, "MHL": 11.277199994533568, "MUS": 19.82029801819571, "FSM": 8.816952989273709, "NRU": 15.823159923282315, "NCL": 30.93000888988068, "MNP": 28.945174146503636, "PLW": 15.823159923282315, "PNG": 5.288458273002476, "PRI": 13.138568137040593, "KNA": 19.82029801819571, "LCA": 30.93000888988068, "VCT": 19.82029801819571, "WSM": 9.834418201751213, "STP": 5.288458273002476, "SYC": 22.406208605553832, "SGP": 24.248279008725564, "SXM": 24.967333790925533, "SLB": 5.288458273002476, "SUR": 21.4058565099706, "TLS": 9.834418201751213, "TON": 9.834418201751213, "TTO": 24.399214217754892, "TUV": 4.270993060524972, "VIR": 11.277199994533568, "VUT": 9.834418201751213, "AIA": 19.175639704816053, "COK": 19.175639704816053, "MSR": 19.175639704816053, "NIU": 19.175639704816053}}, "categoryImportances": {"2020": {"Economic Policy & Debt": 156.45718583464622, "Private Sector & Trade": 154.9192199409008, "Financial": 29.719805240631104}}, "featureImportances": {"2020": {"wdi2-NY.GDP.MKTP.PP.CD": 7.029868960380554, "wdi2-NY.GNP.MKTP.PP.KD": 149.42731687426567, "mvi-wdi-BX.TRF.PWKR.DT.GD.ZS": 29.719805240631104, "wdi-BX.TRF.PWKR.CD.DT": 0.0, "wdi-BX.TRF.PWKR.DT.GD.ZS": 0.0, "wdi-IC.CUS.DURS.EX": 0.0, "wdi-IC.ELC.OUTG": 4.1163310110569, "wdi-IC.ELC.OUTG.ZS": 10.713485062122345, "wdi-IC.FRM.BKWC.ZS": 69.58679342269897, "wdi-IC.FRM.BNKS.ZS": 70.50261044502258}}, "performance": {"2020": 0.250320468607177}}