{"data": {"2020": {"ASM": 11.879632602372633, "ATG": 20.34023612335143, "ABW": 11.879632602372633, "BHS": 15.877073257601923, "BRB": 12.008426051462994, "BLZ": 15.877073257601923, "VGB": 11.879632602372633, "CPV": 11.879632602372633, "COM": 15.267726290863495, "CUB": 20.34023612335143, "CUW": 20.34023612335143, "DMA": 15.877073257601923, "DOM": 15.877073257601923, "FJI": 15.877073257601923, "PYF": 15.877073257601923, "GRD": 11.879632602372633, "GUM": 15.877073257601923, "GNB": 15.267726290863495, "GUY": 15.877073257601923, "HTI": 20.02704033647357, "JAM": 15.877073257601923, "KIR": 12.965587281777918, "MDV": 20.34023612335143, "MHL": 20.34023612335143, "MUS": 16.005866706692288, "FSM": 11.879632602372633, "NRU": 19.721522217223, "NCL": 15.877073257601923, "MNP": 11.879632602372633, "PLW": 19.721522217223, "PNG": 23.72832981184227, "PRI": 20.34023612335143, "KNA": 15.877073257601923, "LCA": 23.718962872452288, "VCT": 15.877073257601923, "WSM": 15.267726290863495, "STP": 23.72832981184227, "SYC": 24.337676778580718, "SGP": 20.34023612335143, "SXM": 11.879632602372633, "SLB": 23.72832981184227, "SUR": 24.337676778580718, "TLS": 15.267726290863495, "TON": 15.267726290863495, "TTO": 20.34023612335143, "TUV": 20.34023612335143, "VIR": 20.34023612335143, "VUT": 15.267726290863495, "AIA": 11.879632602372633, "COK": 11.879632602372633, "MSR": 11.879632602372633, "NIU": 11.879632602372633}}, "upperIntervals": {"2020": {"ASM": 26.298442660180605, "ATG": 34.759046181159405, "ABW": 26.298442660180605, "BHS": 30.295883315409895, "BRB": 26.427236109270968, "BLZ": 30.295883315409895, "VGB": 26.298442660180605, "CPV": 26.298442660180605, "COM": 29.686536348671467, "CUB": 34.759046181159405, "CUW": 34.759046181159405, "DMA": 30.295883315409895, "DOM": 30.295883315409895, "FJI": 30.295883315409895, "PYF": 30.295883315409895, "GRD": 26.298442660180605, "GUM": 30.295883315409895, "GNB": 29.686536348671467, "GUY": 30.295883315409895, "HTI": 34.44585039428154, "JAM": 30.295883315409895, "KIR": 27.38439733958589, "MDV": 34.759046181159405, "MHL": 34.759046181159405, "MUS": 30.424676764500262, "FSM": 26.298442660180605, "NRU": 34.14033227503097, "NCL": 30.295883315409895, "MNP": 26.298442660180605, "PLW": 34.14033227503097, "PNG": 38.147139869650246, "PRI": 34.759046181159405, "KNA": 30.295883315409895, "LCA": 38.13777293026026, "VCT": 30.295883315409895, "WSM": 29.686536348671467, "STP": 38.147139869650246, "SYC": 38.75648683638869, "SGP": 34.759046181159405, "SXM": 26.298442660180605, "SLB": 38.147139869650246, "SUR": 38.75648683638869, "TLS": 29.686536348671467, "TON": 29.686536348671467, "TTO": 34.759046181159405, "TUV": 34.759046181159405, "VIR": 34.759046181159405, "VUT": 29.686536348671467, "AIA": 26.298442660180605, "COK": 26.298442660180605, "MSR": 26.298442660180605, "NIU": 26.298442660180605}}, "lowerIntervals": {"2020": {"ASM": 0.6506005957273047, "ATG": 9.111204116706103, "ABW": 0.6506005957273047, "BHS": 4.648041250956595, "BRB": 0.7793940448176659, "BLZ": 4.648041250956595, "VGB": 0.6506005957273047, "CPV": 0.6506005957273047, "COM": 4.038694284218167, "CUB": 9.111204116706103, "CUW": 9.111204116706103, "DMA": 4.648041250956595, "DOM": 4.648041250956595, "FJI": 4.648041250956595, "PYF": 4.648041250956595, "GRD": 0.6506005957273047, "GUM": 4.648041250956595, "GNB": 4.038694284218167, "GUY": 4.648041250956595, "HTI": 8.79800832982824, "JAM": 4.648041250956595, "KIR": 1.7365552751325897, "MDV": 9.111204116706103, "MHL": 9.111204116706103, "MUS": 4.77683470004696, "FSM": 0.6506005957273047, "NRU": 8.492490210577673, "NCL": 4.648041250956595, "MNP": 0.6506005957273047, "PLW": 8.492490210577673, "PNG": 12.49929780519694, "PRI": 9.111204116706103, "KNA": 4.648041250956595, "LCA": 12.48993086580696, "VCT": 4.648041250956595, "WSM": 4.038694284218167, "STP": 12.49929780519694, "SYC": 13.10864477193539, "SGP": 9.111204116706103, "SXM": 0.6506005957273047, "SLB": 12.49929780519694, "SUR": 13.10864477193539, "TLS": 4.038694284218167, "TON": 4.038694284218167, "TTO": 9.111204116706103, "TUV": 9.111204116706103, "VIR": 9.111204116706103, "VUT": 4.038694284218167, "AIA": 0.6506005957273047, "COK": 0.6506005957273047, "MSR": 0.6506005957273047, "NIU": 0.6506005957273047}}, "categoryImportances": {"2020": {"Economic Policy & Debt": 0.0, "Private Sector & Trade": 56.51832574605942, "Financial": 90.06992396712303}}, "featureImportances": {"2020": {"wdi2-NY.GDP.MKTP.PP.CD": 0.0, "wdi2-NY.GNP.MKTP.PP.KD": 0.0, "mvi-wdi-BX.TRF.PWKR.DT.GD.ZS": 90.06992396712303, "wdi-BX.TRF.PWKR.CD.DT": 0.0, "wdi-BX.TRF.PWKR.DT.GD.ZS": 0.0, "wdi-IC.CUS.DURS.EX": 0.0, "wdi-IC.ELC.OUTG": 0.0, "wdi-IC.ELC.OUTG.ZS": 20.45953893661499, "wdi-IC.FRM.BKWC.ZS": 18.87718489766121, "wdi-IC.FRM.BNKS.ZS": 17.18160191178322}}, "performance": {"2020": 0.3347160067957669}}