{"data": {"2015": {"ATG": 0.0658059965920355, "ABW": 0.0658059965920355, "BHS": 0.0658059965920355, "BMU": 0.0658059965920355, "BHR": 0.0658059965920355, "BRB": 0.0658059965920355, "BLZ": 0.0658059965920355, "VGB": 0.0658059965920355, "CPV": 0.0658059965920355, "CYM": 0.0658059965920355, "COM": 0.0658059965920355, "CUB": 0.0658059965920355, "CUW": 0.0658059965920355, "DMA": 0.0658059965920355, "DOM": 0.0658059965920355, "FJI": 0.0658059965920355, "GRD": 0.0658059965920355, "GNB": 0.0658059965920355, "GUY": 0.0658059965920355, "HTI": 0.0658059965920355, "JAM": 0.0658059965920355, "KIR": 0.0658059965920355, "MDV": 0.0658059965920355, "MHL": 0.0658059965920355, "MUS": 0.0658059965920355, "FSM": 0.0658059965920355, "NRU": 0.0658059965920355, "PLW": 0.0658059965920355, "PNG": 0.0658059965920355, "WSM": 0.0658059965920355, "STP": 0.0658059965920355, "SYC": 0.0658059965920355, "SGP": 0.0658059965920355, "SXM": 0.0658059965920355, "SLB": 0.0658059965920355, "KNA": 0.0658059965920355, "VCT": 0.0658059965920355, "LCA": 0.0658059965920355, "SUR": 0.0658059965920355, "TLS": 0.0658059965920355, "TTO": 0.0658059965920355, "TON": 0.0658059965920355, "TUV": 0.0658059965920355, "TCA": 0.0658059965920355, "VUT": 0.0658059965920355, "AIA": 0.0658059965920355, "COK": 0.0658059965920355, "MSR": 0.0658059965920355, "NIU": 0.0658059965920355, "TKL": 0.0658059965920355}}, "upperIntervals": {"2015": {"ATG": 0.1954864332503307, "ABW": 0.1954864332503307, "BHS": 0.1954864332503307, "BMU": 0.1954864332503307, "BHR": 0.1954864332503307, "BRB": 0.1954864332503307, "BLZ": 0.1954864332503307, "VGB": 0.1954864332503307, "CPV": 0.1954864332503307, "CYM": 0.1954864332503307, "COM": 0.1954864332503307, "CUB": 0.1954864332503307, "CUW": 0.1954864332503307, "DMA": 0.1954864332503307, "DOM": 0.1954864332503307, "FJI": 0.1954864332503307, "GRD": 0.1954864332503307, "GNB": 0.1954864332503307, "GUY": 0.1954864332503307, "HTI": 0.1954864332503307, "JAM": 0.1954864332503307, "KIR": 0.1954864332503307, "MDV": 0.1954864332503307, "MHL": 0.1954864332503307, "MUS": 0.1954864332503307, "FSM": 0.1954864332503307, "NRU": 0.1954864332503307, "PLW": 0.1954864332503307, "PNG": 0.1954864332503307, "WSM": 0.1954864332503307, "STP": 0.1954864332503307, "SYC": 0.1954864332503307, "SGP": 0.1954864332503307, "SXM": 0.1954864332503307, "SLB": 0.1954864332503307, "KNA": 0.1954864332503307, "VCT": 0.1954864332503307, "LCA": 0.1954864332503307, "SUR": 0.1954864332503307, "TLS": 0.1954864332503307, "TTO": 0.1954864332503307, "TON": 0.1954864332503307, "TUV": 0.1954864332503307, "TCA": 0.1954864332503307, "VUT": 0.1954864332503307, "AIA": 0.1954864332503307, "COK": 0.1954864332503307, "MSR": 0.1954864332503307, "NIU": 0.1954864332503307, "TKL": 0.1954864332503307}}, "lowerIntervals": {"2015": {"ATG": -0.0007216637492064, "ABW": -0.0007216637492064, "BHS": -0.0007216637492064, "BMU": -0.0007216637492064, "BHR": -0.0007216637492064, "BRB": -0.0007216637492064, "BLZ": -0.0007216637492064, "VGB": -0.0007216637492064, "CPV": -0.0007216637492064, "CYM": -0.0007216637492064, "COM": -0.0007216637492064, "CUB": -0.0007216637492064, "CUW": -0.0007216637492064, "DMA": -0.0007216637492064, "DOM": -0.0007216637492064, "FJI": -0.0007216637492064, "GRD": -0.0007216637492064, "GNB": -0.0007216637492064, "GUY": -0.0007216637492064, "HTI": -0.0007216637492064, "JAM": -0.0007216637492064, "KIR": -0.0007216637492064, "MDV": -0.0007216637492064, "MHL": -0.0007216637492064, "MUS": -0.0007216637492064, "FSM": -0.0007216637492064, "NRU": -0.0007216637492064, "PLW": -0.0007216637492064, "PNG": -0.0007216637492064, "WSM": -0.0007216637492064, "STP": -0.0007216637492064, "SYC": -0.0007216637492064, "SGP": -0.0007216637492064, "SXM": -0.0007216637492064, "SLB": -0.0007216637492064, "KNA": -0.0007216637492064, "VCT": -0.0007216637492064, "LCA": -0.0007216637492064, "SUR": -0.0007216637492064, "TLS": -0.0007216637492064, "TTO": -0.0007216637492064, "TON": -0.0007216637492064, "TUV": -0.0007216637492064, "TCA": -0.0007216637492064, "VUT": -0.0007216637492064, "AIA": -0.0007216637492064, "COK": -0.0007216637492064, "MSR": -0.0007216637492064, "NIU": -0.0007216637492064, "TKL": -0.0007216637492064}}, "categoryImportances": {"2015": {"Indicators": 0.0, "Financial Sector": 0.0, "Financial": 0.0}}, "featureImportances": {"2015": {"wdi-FM.AST.DOMS.CN": 0.0, "mvi-wdi-BX.KLT.DINV.WD.GD.ZS": 0.0, "mvi-wdi-BX.TRF.PWKR.DT.GD.ZS": 0.0, "ndgain-id_econ_01-raw": 0.0, "ndgain-id_econ_01-score": 0.0, "ndgain-id_ecos_01-raw": 0.0, "ndgain-id_ecos_01-score": 0.0, "ndgain-id_ecos_02-raw": 0.0, "ndgain-id_ecos_02-score": 0.0, "ndgain-id_ecos_05-raw": 0.0}}, "performance": {"2015": 0.2208714157563366}}