{"data": {"2020": {"ASM": 3.6646657108962093, "ATG": 3.879307397261733, "ABW": 2.2609761645161983, "BHS": 3.6052331980468124, "BRB": -0.42008726694332266, "BLZ": 5.47690603923983, "VGB": 0.26742450927143435, "CPV": 2.2777860440204423, "COM": 11.620823157626667, "CUB": 0.6345933488739774, "CUW": -0.7690961975060344, "DMA": 6.848404522334857, "DOM": 2.2337347149517854, "FJI": 6.848404522334857, "PYF": 3.6052331980468124, "GRD": 3.6492845271154692, "GUM": 5.008922744426826, "GNB": 11.620823157626667, "GUY": 5.47690603923983, "HTI": 7.1762931305416675, "JAM": 3.622043077551058, "KIR": 11.620823157626667, "MDV": 2.0244444355729647, "MHL": 1.9588599851614228, "MUS": 1.02747043201535, "FSM": 5.8320360970110485, "NRU": 2.0229017114732506, "NCL": 3.6052331980468124, "MNP": 3.6646657108962093, "PLW": 0.6192121650932403, "PNG": 9.995983066084156, "PRI": -0.8064720122644067, "KNA": 6.848404522334857, "LCA": 1.9803931065043072, "VCT": 3.6052331980468124, "WSM": 11.620823157626667, "STP": 9.995983066084156, "SYC": 1.9803931065043072, "SGP": 0.5650264708306201, "SXM": 2.2609761645161983, "SLB": 9.995983066084156, "SUR": 5.223564430792351, "TLS": 11.620823157626667, "TON": 11.620823157626667, "TTO": 0.6361360729736932, "TUV": 5.578694488563569, "VIR": 0.6345933488739774, "VUT": 11.620823157626667, "AIA": 6.917133453049192, "COK": 6.917133453049192, "MSR": 6.917133453049192, "NIU": 6.917133453049192}}, "upperIntervals": {"2020": {"ASM": 16.23497138094632, "ATG": 16.449613067311844, "ABW": 14.831281834566308, "BHS": 16.175538868096922, "BRB": 12.150218403106788, "BLZ": 18.04721170928994, "VGB": 12.837730179321545, "CPV": 14.848091714070552, "COM": 24.191128827676778, "CUB": 13.204899018924088, "CUW": 11.801209472544077, "DMA": 19.418710192384967, "DOM": 14.804040385001896, "FJI": 19.418710192384967, "PYF": 16.175538868096922, "GRD": 16.21959019716558, "GUM": 17.579228414476937, "GNB": 24.191128827676778, "GUY": 18.04721170928994, "HTI": 19.746598800591777, "JAM": 16.19234874760117, "KIR": 24.191128827676778, "MDV": 14.594750105623076, "MHL": 14.529165655211534, "MUS": 13.597776102065462, "FSM": 18.40234176706116, "NRU": 14.593207381523362, "NCL": 16.175538868096922, "MNP": 16.23497138094632, "PLW": 13.18951783514335, "PNG": 22.56628873613427, "PRI": 11.763833657785703, "KNA": 19.418710192384967, "LCA": 14.550698776554418, "VCT": 16.175538868096922, "WSM": 24.191128827676778, "STP": 22.56628873613427, "SYC": 14.550698776554418, "SGP": 13.135332140880731, "SXM": 14.831281834566308, "SLB": 22.56628873613427, "SUR": 17.79387010084246, "TLS": 24.191128827676778, "TON": 24.191128827676778, "TTO": 13.206441743023804, "TUV": 18.14900015861368, "VIR": 13.204899018924088, "VUT": 24.191128827676778, "AIA": 19.487439123099303, "COK": 19.487439123099303, "MSR": 19.487439123099303, "NIU": 19.487439123099303}}, "lowerIntervals": {"2020": {"ASM": -3.259214102298538, "ATG": -3.0445724159330143, "ABW": -4.662903648678549, "BHS": -3.318646615147935, "BRB": -7.34396708013807, "BLZ": -1.4469737739549178, "VGB": -6.656455303923313, "CPV": -4.646093769174305, "COM": 4.6969433444319195, "CUB": -6.28928646432077, "CUW": -7.692976010700782, "DMA": -0.0754752908598908, "DOM": -4.6901450982429616, "FJI": -0.0754752908598908, "PYF": -3.318646615147935, "GRD": -3.274595286079278, "GUM": -1.9149570687679214, "GNB": 4.6969433444319195, "GUY": -1.4469737739549178, "HTI": 0.2524133173469201, "JAM": -3.3018367356436893, "KIR": 4.6969433444319195, "MDV": -4.899435377621783, "MHL": -4.965019828033324, "MUS": -5.896409381179398, "FSM": -1.091843716183699, "NRU": -4.900978101721497, "NCL": -3.318646615147935, "MNP": -3.259214102298538, "PLW": -6.304667648101507, "PNG": 3.0721032528894083, "PRI": -7.730351825459154, "KNA": -0.0754752908598908, "LCA": -4.94348670669044, "VCT": -3.318646615147935, "WSM": 4.6969433444319195, "STP": 3.0721032528894083, "SYC": -4.94348670669044, "SGP": -6.358853342364127, "SXM": -4.662903648678549, "SLB": 3.0721032528894083, "SUR": -1.7003153824023967, "TLS": 4.6969433444319195, "TON": 4.6969433444319195, "TTO": -6.287743740221054, "TUV": -1.3451853246311787, "VIR": -6.28928646432077, "VUT": 4.6969433444319195, "AIA": -0.006746360145555741, "COK": -0.006746360145555741, "MSR": -0.006746360145555741, "NIU": -0.006746360145555741}}, "categoryImportances": {"2020": {"Economic Policy & Debt": 9.31704307347536, "Private Sector & Trade": 124.86731930822134, "Financial": 6.123805657029152}}, "featureImportances": {"2020": {"wdi2-NY.GDP.MKTP.PP.CD": 0.11749999970197678, "wdi2-NY.GNP.MKTP.PP.KD": 4.207156002521515, "mvi-wdi-BX.TRF.PWKR.DT.GD.ZS": 6.123805657029152, "wdi-BX.TRF.PWKR.CD.DT": 4.992387071251869, "wdi-BX.TRF.PWKR.DT.GD.ZS": 0.0, "wdi-IC.CUS.DURS.EX": 13.296336635947227, "wdi-IC.ELC.OUTG.ZS": 6.894365914165974, "wdi-IC.FRM.BKWC.ZS": 64.7924957498908, "wdi-IC.FRM.BNKS.ZS": 0.5152700021862984, "wdi-IC.FRM.BRIB.ZS": 39.368851006031036}}, "performance": {"2020": 0.6530859907949856}}