{"data": {"2015": {"ATG": 10.958878933516823, "ABW": 11.227691086250395, "BHS": 13.570902655697054, "BMU": 13.51663818490966, "BHR": 13.675477707305706, "BRB": 11.091945917198812, "BLZ": 9.112510669162152, "VGB": 12.92799626535598, "CPV": 9.7, "CYM": 10.93795376191409, "COM": 9.63616152065416, "CUB": 9.850048149463989, "CUW": 11.091945917198812, "DMA": 9.514832502945174, "DOM": 9.3, "FJI": 9.81525053283786, "GRD": 8.980308103041565, "GNB": 9.535702365009238, "GUY": 9.437397081337489, "HTI": 10.449107042731248, "JAM": 10.135631636916562, "KIR": 9.514832502945174, "MDV": 10.693166686346787, "MHL": 9.63616152065416, "MUS": 12.97946861740381, "FSM": 8.980308103041565, "NRU": 11.354323708542328, "PLW": 9.52680236204305, "PNG": 8.770200753406227, "WSM": 9.599014259794211, "STP": 9.168042861996952, "SYC": 10.958878933516823, "SGP": 10.965238696855131, "SXM": 10.837087929927298, "SLB": 9.112510669162152, "KNA": 10.771144174561435, "VCT": 10.88620504988512, "LCA": 9.052906054360394, "SUR": 8.16897032444, "TLS": 9.112510669162152, "TTO": 11.42701688068711, "TON": 11.4, "TUV": 9.587430454264002, "TCA": 11.227691086250395, "VUT": 9.28295680682896, "AIA": 9.336901254674656, "COK": 9.336901254674656, "MSR": 9.336901254674656, "NIU": 9.336901254674656, "TKL": 9.336901254674656}}, "upperIntervals": {"2015": {"ATG": 13.621764536861082, "ABW": 13.890576689594656, "BHS": 16.23378825904131, "BMU": 16.179523788253917, "BHR": 16.338363310649967, "BRB": 13.754831520543071, "BLZ": 11.775396272506413, "VGB": 15.59088186870024, "CYM": 13.600839365258349, "COM": 12.299047123998418, "CUB": 12.512933752808248, "CUW": 13.754831520543071, "DMA": 12.177718106289433, "FJI": 12.47813613618212, "GRD": 11.643193706385825, "GNB": 12.198587968353497, "GUY": 12.100282684681746, "HTI": 13.111992646075509, "JAM": 12.79851724026082, "KIR": 12.177718106289433, "MDV": 13.356052289691048, "MHL": 12.299047123998418, "MUS": 15.64235422074807, "FSM": 11.643193706385825, "NRU": 14.017209311886589, "PLW": 12.189687965387307, "PNG": 11.433086356750486, "WSM": 12.261899863138472, "STP": 11.830928465341213, "SYC": 13.621764536861082, "SGP": 13.62812430019939, "SXM": 13.499973533271556, "SLB": 11.775396272506413, "KNA": 13.434029777905696, "VCT": 13.54909065322938, "LCA": 11.715791657704653, "SUR": 10.83185592778426, "TLS": 11.775396272506413, "TTO": 14.08990248403137, "TUV": 12.25031605760826, "TCA": 13.890576689594656, "VUT": 11.94584241017322, "AIA": 11.999786858018917, "COK": 11.999786858018917, "MSR": 11.999786858018917, "NIU": 11.999786858018917, "TKL": 11.999786858018917}}, "lowerIntervals": {"2015": {"ATG": 7.570059925899233, "ABW": 7.838872078632807, "BHS": 10.182083648079464, "BMU": 10.12781917729207, "BHR": 10.286658699688116, "BRB": 7.703126909581222, "BLZ": 5.723691661544562, "VGB": 9.539177257738393, "CYM": 7.5491347542964995, "COM": 6.247342513036569, "CUB": 6.461229141846399, "CUW": 7.703126909581222, "DMA": 6.126013495327584, "FJI": 6.42643152522027, "GRD": 5.591489095423976, "GNB": 6.146883357391648, "GUY": 6.048578073719897, "HTI": 7.060288035113658, "JAM": 6.746812629298972, "KIR": 6.126013495327584, "MDV": 7.304347678729199, "MHL": 6.247342513036569, "MUS": 9.59064960978622, "FSM": 5.591489095423976, "NRU": 7.965504700924738, "PLW": 6.13798335442546, "PNG": 5.381381745788637, "WSM": 6.210195252176623, "STP": 5.779223854379362, "SYC": 7.570059925899233, "SGP": 7.576419689237541, "SXM": 7.448268922309708, "SLB": 5.723691661544562, "KNA": 7.382325166943847, "VCT": 7.49738604226753, "LCA": 5.664087046742804, "SUR": 4.78015131682241, "TLS": 5.723691661544562, "TTO": 8.038197873069521, "TUV": 6.198611446646412, "TCA": 7.838872078632807, "VUT": 5.89413779921137, "AIA": 5.948082247057066, "COK": 5.948082247057066, "MSR": 5.948082247057066, "NIU": 5.948082247057066, "TKL": 5.948082247057066}}, "categoryImportances": {"2015": {"Environment": 18.627384177409112, "Economic Policy & Debt": 4.785678885877132, "Financial": 1.5137418676167727}}, "featureImportances": {"2015": {"wdi2-NY.GDP.MKTP.CN": 0.2900935988873243, "mvi-wdi-BX.KLT.DINV.WD.GD.ZS": 0.8096044957637787, "mvi-wdi-BX.TRF.PWKR.DT.GD.ZS": 0.704137371852994, "wdi-AG.LND.TOTL.K2": 0.7510545738041401, "wdi-AG.SRF.TOTL.K2": 0.0823221514001488, "wdi-BX.KLT.DINV.CD.WD": 0.9026956325396897, "wdi-BX.KLT.DINV.WD.GD.ZS": 0.0, "wdi-BX.TRF.PWKR.CD.DT": 3.5928896544501185, "wdi-BX.TRF.PWKR.DT.GD.ZS": 0.0, "wdi-EG.ELC.ACCS.RU.ZS": 17.794007452204823}}, "performance": {"2015": 0.1381062583538692}}