{"data": {"2015": {"ATG": 17.703841357248404, "ABW": 17.703841357248404, "BHS": 17.703841357248404, "BMU": 17.703841357248404, "BHR": 17.703841357248404, "BRB": 17.703841357248404, "BLZ": 17.703841357248404, "VGB": 17.703841357248404, "CPV": 17.703841357248404, "CYM": 17.703841357248404, "COM": 17.703841357248404, "CUB": 17.703841357248404, "CUW": 17.703841357248404, "DMA": 17.703841357248404, "DOM": 11.88292775, "FJI": 17.703841357248404, "GRD": 17.703841357248404, "GNB": 17.703841357248404, "GUY": 17.703841357248404, "HTI": 17.703841357248404, "JAM": 17.703841357248404, "KIR": 17.703841357248404, "MDV": 17.703841357248404, "MHL": 17.703841357248404, "MUS": 17.703841357248404, "FSM": 17.703841357248404, "NRU": 17.703841357248404, "PLW": 17.703841357248404, "PNG": 17.703841357248404, "WSM": 17.703841357248404, "STP": 17.703841357248404, "SYC": 17.703841357248404, "SGP": 17.703841357248404, "SXM": 17.703841357248404, "SLB": 17.703841357248404, "KNA": 17.703841357248404, "VCT": 17.703841357248404, "LCA": 17.703841357248404, "SUR": 17.703841357248404, "TLS": 17.703841357248404, "TTO": 17.703841357248404, "TON": 17.703841357248404, "TUV": 17.703841357248404, "TCA": 17.703841357248404, "VUT": 17.703841357248404, "AIA": 17.703841357248404, "COK": 17.703841357248404, "MSR": 17.703841357248404, "NIU": 17.703841357248404, "TKL": 17.703841357248404}}, "upperIntervals": {"2015": {"ATG": 52.35365986326401, "ABW": 52.35365986326401, "BHS": 52.35365986326401, "BMU": 52.35365986326401, "BHR": 52.35365986326401, "BRB": 52.35365986326401, "BLZ": 52.35365986326401, "VGB": 52.35365986326401, "CPV": 52.35365986326401, "CYM": 52.35365986326401, "COM": 52.35365986326401, "CUB": 52.35365986326401, "CUW": 52.35365986326401, "DMA": 52.35365986326401, "FJI": 52.35365986326401, "GRD": 52.35365986326401, "GNB": 52.35365986326401, "GUY": 52.35365986326401, "HTI": 52.35365986326401, "JAM": 52.35365986326401, "KIR": 52.35365986326401, "MDV": 52.35365986326401, "MHL": 52.35365986326401, "MUS": 52.35365986326401, "FSM": 52.35365986326401, "NRU": 52.35365986326401, "PLW": 52.35365986326401, "PNG": 52.35365986326401, "WSM": 52.35365986326401, "STP": 52.35365986326401, "SYC": 52.35365986326401, "SGP": 52.35365986326401, "SXM": 52.35365986326401, "SLB": 52.35365986326401, "KNA": 52.35365986326401, "VCT": 52.35365986326401, "LCA": 52.35365986326401, "SUR": 52.35365986326401, "TLS": 52.35365986326401, "TTO": 52.35365986326401, "TON": 52.35365986326401, "TUV": 52.35365986326401, "TCA": 52.35365986326401, "VUT": 52.35365986326401, "AIA": 52.35365986326401, "COK": 52.35365986326401, "MSR": 52.35365986326401, "NIU": 52.35365986326401, "TKL": 52.35365986326401}}, "lowerIntervals": {"2015": {"ATG": -10.025964432325615, "ABW": -10.025964432325615, "BHS": -10.025964432325615, "BMU": -10.025964432325615, "BHR": -10.025964432325615, "BRB": -10.025964432325615, "BLZ": -10.025964432325615, "VGB": -10.025964432325615, "CPV": -10.025964432325615, "CYM": -10.025964432325615, "COM": -10.025964432325615, "CUB": -10.025964432325615, "CUW": -10.025964432325615, "DMA": -10.025964432325615, "FJI": -10.025964432325615, "GRD": -10.025964432325615, "GNB": -10.025964432325615, "GUY": -10.025964432325615, "HTI": -10.025964432325615, "JAM": -10.025964432325615, "KIR": -10.025964432325615, "MDV": -10.025964432325615, "MHL": -10.025964432325615, "MUS": -10.025964432325615, "FSM": -10.025964432325615, "NRU": -10.025964432325615, "PLW": -10.025964432325615, "PNG": -10.025964432325615, "WSM": -10.025964432325615, "STP": -10.025964432325615, "SYC": -10.025964432325615, "SGP": -10.025964432325615, "SXM": -10.025964432325615, "SLB": -10.025964432325615, "KNA": -10.025964432325615, "VCT": -10.025964432325615, "LCA": -10.025964432325615, "SUR": -10.025964432325615, "TLS": -10.025964432325615, "TTO": -10.025964432325615, "TON": -10.025964432325615, "TUV": -10.025964432325615, "TCA": -10.025964432325615, "VUT": -10.025964432325615, "AIA": -10.025964432325615, "COK": -10.025964432325615, "MSR": -10.025964432325615, "NIU": -10.025964432325615, "TKL": -10.025964432325615}}, "categoryImportances": {"2015": {"Economic Policy & Debt": 0.0, "Profile": 0.0, "Climate": 0.0, "Finance": 0.0, "MVI": 0.0}}, "featureImportances": {"2015": {"wdi2-NE.DAB.TOTL.CN": 0.0, "key-mvi-wdi-BX.KLT.DINV.WD.GD.ZS": 0.0, "key-mvi-wdi-BX.TRF.PWKR.DT.GD.ZS": 0.0, "key-ndgain-nd-gain": 0.0, "key-ndgain-nd-readiness": 0.0, "key-ndgain-nd-vulnerability": 0.0, "key-wdi-AG.SRF.TOTL.K2": 0.0, "key-wdi-BN.CAB.XOKA.GD.ZS": 0.0, "key-wdi-BX.KLT.DINV.CD.WD": 0.0, "key-wdi-BX.TRF.PWKR.DT.GD.ZS": 0.0}}, "performance": {"2015": 0.930614178647141}}