{"data": {"2015": {"ATG": 38.81886511084669, "ABW": 37.79426517220049, "BHS": 36.63677112322826, "BMU": 36.63677112322826, "BHR": 40.31355885081695, "BRB": 35.142077383258005, "BLZ": 9.281427261625568, "VGB": 40.31355885081695, "CPV": 10.45230961, "CYM": 42.30699921, "COM": 11.763711974469777, "CUB": 11.212279658087946, "CUW": 21.740843554236296, "DMA": 23.478861239886115, "DOM": 14.49662018, "FJI": 13.750505358297897, "GRD": 14.175878218077052, "GNB": 15.913243588378004, "GUY": 16.761297573846942, "HTI": 12.20395086982544, "JAM": 16.50743628398683, "KIR": 11.789744476347384, "MDV": 21.704954881968884, "MHL": 11.789744476347384, "MUS": 13.358672791454133, "FSM": 11.8974101402832, "NRU": 16.592842983508056, "PLW": 18.93928946428934, "PNG": 16.01272768221383, "WSM": 10.46632052610375, "STP": 13.629972433507948, "SYC": 33.69796219561758, "SGP": 40.07247925, "SXM": 38.94836266495001, "SLB": 11.351504355714097, "KNA": 36.08784248916363, "VCT": 14.42869058110806, "LCA": 14.175878218077052, "SUR": 10.233733685220033, "TLS": 15.71994544712223, "TTO": 39.12700945047158, "TON": 29.9874028518142, "TUV": 12.878486769711028, "TCA": 35.142077383258005, "VUT": 10.914685017661506, "AIA": 14.70570775282999, "COK": 14.70570775282999, "MSR": 14.70570775282999, "NIU": 14.70570775282999, "TKL": 14.70570775282999}}, "upperIntervals": {"2015": {"ATG": 57.25756421847487, "ABW": 56.23296427982866, "BHS": 55.07547023085644, "BMU": 55.07547023085644, "BHR": 58.75225795844513, "BRB": 53.58077649088618, "BLZ": 27.72012636925374, "VGB": 58.75225795844513, "COM": 30.202411082097942, "CUB": 29.65097876571612, "CUW": 40.17954266186447, "DMA": 41.91756034751428, "FJI": 32.18920446592607, "GRD": 32.61457732570523, "GNB": 34.35194269600618, "GUY": 35.19999668147511, "HTI": 30.64264997745361, "JAM": 34.946135391615, "KIR": 30.228443583975555, "MDV": 40.143653989597055, "MHL": 30.228443583975555, "MUS": 31.7973718990823, "FSM": 30.336109247911374, "NRU": 35.03154209113623, "PLW": 37.37798857191751, "PNG": 34.451426789842, "WSM": 28.90501963373192, "STP": 32.06867154113612, "SYC": 52.13666130324575, "SXM": 57.38706177257818, "SLB": 29.790203463342262, "KNA": 54.5265415967918, "VCT": 32.86738968873623, "LCA": 32.61457732570523, "SUR": 28.6724327928482, "TLS": 34.1586445547504, "TTO": 57.56570855809976, "TON": 48.42610195944237, "TUV": 31.3171858773392, "TCA": 53.58077649088618, "VUT": 29.35338412528968, "AIA": 33.14440686045816, "COK": 33.14440686045816, "MSR": 33.14440686045816, "NIU": 33.14440686045816, "TKL": 33.14440686045816}}, "lowerIntervals": {"2015": {"ATG": 22.5769630960856, "ABW": 21.55236315743939, "BHS": 20.39486910846717, "BMU": 20.39486910846717, "BHR": 24.07165683605585, "BRB": 18.900175368496907, "BLZ": -6.96047475313553, "VGB": 24.07165683605585, "COM": -4.478190040291322, "CUB": -5.029622356673153, "CUW": 5.498941539475197, "DMA": 7.236959225125016, "FJI": -2.491396656463202, "GRD": -2.0660237966840462, "GNB": -0.3286584263830931, "GUY": 0.5193955590858437, "HTI": -4.03795114493566, "JAM": 0.2655342692257321, "KIR": -4.452157538413713, "MDV": 5.463052867207786, "MHL": -4.452157538413713, "MUS": -2.883229223306968, "FSM": -4.344491874477898, "NRU": 0.3509409687469578, "PLW": 2.697387449528243, "PNG": -0.2291743325472701, "WSM": -5.775581488657348, "STP": -2.6119295812531504, "SYC": 17.45606018085648, "SXM": 22.706460650188912, "SLB": -4.890397659047002, "KNA": 19.84594047440253, "VCT": -1.8132114336530376, "LCA": -2.0660237966840462, "SUR": -6.008168329541068, "TLS": -0.5219565676388687, "TTO": 22.885107435710484, "TON": 13.7455008370531, "TUV": -3.3634152450500707, "TCA": 18.900175368496907, "VUT": -5.327216997099592, "AIA": -1.536194261931108, "COK": -1.536194261931108, "MSR": -1.536194261931108, "NIU": -1.536194261931108, "TKL": -1.536194261931108}}, "categoryImportances": {"2015": {"Environment": 30.78891783952713, "Economic Policy & Debt": 6.574602156877518, "Profile": 63.3569672703743, "Climate": 173.4769522547722, "Digital": 1326.4709214568138, "Blue": 7.107522130012512}}, "featureImportances": {"2015": {"wdi2-NE.DAB.TOTL.CN": 6.574602156877518, "key-wdi-AG.SRF.TOTL.K2": 29.275090605020523, "key-wdi-EG.ELC.ACCS.ZS": 1074.4694533348083, "key-wdi-EG.ELC.RNEW.ZS": 58.62772858142853, "key-wdi-EG.FEC.RNEW.ZS": 114.84922367334366, "key-wdi-ER.FSH.CAPT.MT": 7.107522130012512, "key-wdi-IT.CEL.SETS.P2": 37.95584481954575, "key-wdi-IT.NET.USER.ZS": 214.0456233024597, "key-wdi2-SP.POP.TOTL": 34.081876665353775, "wdi-AG.LND.AGRI.K2": 30.78891783952713}}, "performance": {"2015": 0.457265609399306}}