{"data": {"2015": {"ATG": 0.6284724333034108, "ABW": 0.6284724333034108, "BHS": 0.6284724333034108, "BMU": 0.6284724333034108, "BHR": 0.6284724333034108, "BRB": 0.6284724333034108, "BLZ": 0.6284724333034108, "VGB": 0.6284724333034108, "CPV": 0.6284724333034108, "CYM": 0.6284724333034108, "COM": 0.6284724333034108, "CUB": 0.6284724333034108, "CUW": 0.6284724333034108, "DMA": 0.6284724333034108, "DOM": 0.6284724333034108, "FJI": 0.6284724333034108, "GRD": 0.6284724333034108, "GNB": 0.6284724333034108, "GUY": 0.6284724333034108, "HTI": 0.6284724333034108, "JAM": 0.6284724333034108, "KIR": 0.6284724333034108, "MDV": 0.6284724333034108, "MHL": 0.6284724333034108, "MUS": 0.6284724333034108, "FSM": 0.6284724333034108, "NRU": 0.6284724333034108, "PLW": 0.6284724333034108, "PNG": 0.6284724333034108, "WSM": 0.6284724333034108, "STP": 0.6284724333034108, "SYC": 0.6284724333034108, "SGP": 0.6284724333034108, "SXM": 0.6284724333034108, "SLB": 0.6284724333034108, "KNA": 0.6284724333034108, "VCT": 0.6284724333034108, "LCA": 0.6284724333034108, "SUR": 0.6284724333034108, "TLS": 0.6284724333034108, "TTO": 0.6284724333034108, "TON": 0.6284724333034108, "TUV": 0.6284724333034108, "TCA": 0.6284724333034108, "VUT": 0.6284724333034108, "AIA": 0.6284724333034108, "COK": 0.6284724333034108, "MSR": 0.6284724333034108, "NIU": 0.6284724333034108, "TKL": 0.6284724333034108}}, "upperIntervals": {"2015": {"ATG": 2.3635977355276507, "ABW": 2.3635977355276507, "BHS": 2.3635977355276507, "BMU": 2.3635977355276507, "BHR": 2.3635977355276507, "BRB": 2.3635977355276507, "BLZ": 2.3635977355276507, "VGB": 2.3635977355276507, "CPV": 2.3635977355276507, "CYM": 2.3635977355276507, "COM": 2.3635977355276507, "CUB": 2.3635977355276507, "CUW": 2.3635977355276507, "DMA": 2.3635977355276507, "DOM": 2.3635977355276507, "FJI": 2.3635977355276507, "GRD": 2.3635977355276507, "GNB": 2.3635977355276507, "GUY": 2.3635977355276507, "HTI": 2.3635977355276507, "JAM": 2.3635977355276507, "KIR": 2.3635977355276507, "MDV": 2.3635977355276507, "MHL": 2.3635977355276507, "MUS": 2.3635977355276507, "FSM": 2.3635977355276507, "NRU": 2.3635977355276507, "PLW": 2.3635977355276507, "PNG": 2.3635977355276507, "WSM": 2.3635977355276507, "STP": 2.3635977355276507, "SYC": 2.3635977355276507, "SGP": 2.3635977355276507, "SXM": 2.3635977355276507, "SLB": 2.3635977355276507, "KNA": 2.3635977355276507, "VCT": 2.3635977355276507, "LCA": 2.3635977355276507, "SUR": 2.3635977355276507, "TLS": 2.3635977355276507, "TTO": 2.3635977355276507, "TON": 2.3635977355276507, "TUV": 2.3635977355276507, "TCA": 2.3635977355276507, "VUT": 2.3635977355276507, "AIA": 2.3635977355276507, "COK": 2.3635977355276507, "MSR": 2.3635977355276507, "NIU": 2.3635977355276507, "TKL": 2.3635977355276507}}, "lowerIntervals": {"2015": {"ATG": -0.0504602269843561, "ABW": -0.0504602269843561, "BHS": -0.0504602269843561, "BMU": -0.0504602269843561, "BHR": -0.0504602269843561, "BRB": -0.0504602269843561, "BLZ": -0.0504602269843561, "VGB": -0.0504602269843561, "CPV": -0.0504602269843561, "CYM": -0.0504602269843561, "COM": -0.0504602269843561, "CUB": -0.0504602269843561, "CUW": -0.0504602269843561, "DMA": -0.0504602269843561, "DOM": -0.0504602269843561, "FJI": -0.0504602269843561, "GRD": -0.0504602269843561, "GNB": -0.0504602269843561, "GUY": -0.0504602269843561, "HTI": -0.0504602269843561, "JAM": -0.0504602269843561, "KIR": -0.0504602269843561, "MDV": -0.0504602269843561, "MHL": -0.0504602269843561, "MUS": -0.0504602269843561, "FSM": -0.0504602269843561, "NRU": -0.0504602269843561, "PLW": -0.0504602269843561, "PNG": -0.0504602269843561, "WSM": -0.0504602269843561, "STP": -0.0504602269843561, "SYC": -0.0504602269843561, "SGP": -0.0504602269843561, "SXM": -0.0504602269843561, "SLB": -0.0504602269843561, "KNA": -0.0504602269843561, "VCT": -0.0504602269843561, "LCA": -0.0504602269843561, "SUR": -0.0504602269843561, "TLS": -0.0504602269843561, "TTO": -0.0504602269843561, "TON": -0.0504602269843561, "TUV": -0.0504602269843561, "TCA": -0.0504602269843561, "VUT": -0.0504602269843561, "AIA": -0.0504602269843561, "COK": -0.0504602269843561, "MSR": -0.0504602269843561, "NIU": -0.0504602269843561, "TKL": -0.0504602269843561}}, "categoryImportances": {"2015": {"Environment": 0.0, "Economic Policy & Debt": 0.0, "Financial": 0.0}}, "featureImportances": {"2015": {"wdi2-NE.DAB.TOTL.CN": 0.0, "mvi-wdi-BX.KLT.DINV.WD.GD.ZS": 0.0, "mvi-wdi-BX.TRF.PWKR.DT.GD.ZS": 0.0, "wdi-AG.CON.FERT.ZS": 0.0, "wdi-AG.LND.AGRI.K2": 0.0, "wdi-AG.LND.AGRI.ZS": 0.0, "wdi-AG.LND.ARBL.HA.PC": 0.0, "wdi-AG.LND.ARBL.ZS": 0.0, "wdi-AG.LND.CREL.HA": 0.0, "wdi-AG.LND.CROP.ZS": 0.0}}, "performance": {"2015": 0.2713840692614537}}