{"data": {"2015": {"ATG": -0.8331337287610229, "ABW": 2.553377736581383, "BHS": 1.91539724145612, "BMU": 4.029158402727708, "BHR": -1.4489094928771995, "BRB": 3.547222654152005, "BLZ": 12.17633289618044, "VGB": 1.0993179520284906, "CPV": 14.5, "CYM": -1.624871757870863, "COM": 21.00568119816911, "CUB": 4.611784180642419, "CUW": 3.520885278011381, "DMA": 9.64803583172628, "DOM": 6.9, "FJI": 8.339275237446707, "GRD": 6.185598709957935, "GNB": 21.00568119816911, "GUY": 34.852682161432874, "HTI": 19.483140821457337, "JAM": 11.933197485686168, "KIR": 8.358690412421037, "MDV": 2.9518790576553853, "MHL": 15.714810404112406, "MUS": 8.932484836781986, "FSM": 18.66463618625556, "NRU": 7.655224411871217, "PLW": 0.2657276722980795, "PNG": 32.82606131328586, "WSM": 5.637272421945969, "STP": 15.978484800898258, "SYC": -1.191021252997221, "SGP": 1.6623169690021609, "SXM": 3.5403004529857123, "SLB": 19.29579002778707, "KNA": 1.5751235537408563, "VCT": 3.266304522998275, "LCA": 2.821108394396391, "SUR": 25.03401934466788, "TLS": 18.40615725837447, "TTO": 4.79328951710307, "TON": 8.0, "TUV": 4.077077367348754, "TCA": 2.553377736581383, "VUT": 15.978484800898258, "AIA": 31.50630617111182, "COK": 31.50630617111182, "MSR": 31.50630617111182, "NIU": 31.50630617111182, "TKL": 31.50630617111182}}, "upperIntervals": {"2015": {"ATG": 21.38104864073536, "ABW": 24.767560106077763, "BHS": 24.1295796109525, "BMU": 26.243340772224087, "BHR": 20.765272876619186, "BRB": 25.761405023648383, "BLZ": 34.390515265676825, "VGB": 23.31350032152487, "CYM": 20.58931061162552, "COM": 43.21986356766549, "CUB": 26.8259665501388, "CUW": 25.73506764750776, "DMA": 31.86221820122266, "FJI": 30.553457606943088, "GRD": 28.39978107945432, "GNB": 43.21986356766549, "GUY": 57.06686453092925, "HTI": 41.69732319095372, "JAM": 34.14737985518255, "KIR": 30.57287278191741, "MDV": 25.166061427151767, "MHL": 37.92899277360878, "MUS": 31.14666720627837, "FSM": 40.87881855575194, "NRU": 29.8694067813676, "PLW": 22.47991004179446, "PNG": 55.04024368278225, "WSM": 27.85145479144235, "STP": 38.19266717039464, "SYC": 21.02316111649916, "SGP": 23.87649933849854, "SXM": 25.754482822482093, "SLB": 41.50997239728345, "KNA": 23.78930592323724, "VCT": 25.480486892494657, "LCA": 25.03529076389277, "SUR": 47.24820171416426, "TLS": 40.62033962787085, "TTO": 27.00747188659945, "TUV": 26.29125973684513, "TCA": 24.767560106077763, "VUT": 38.19266717039464, "AIA": 53.7204885406082, "COK": 53.7204885406082, "MSR": 53.7204885406082, "NIU": 53.7204885406082, "TKL": 53.7204885406082}}, "lowerIntervals": {"2015": {"ATG": -16.948536751361676, "ABW": -13.56202528601927, "BHS": -14.200005781144531, "BMU": -12.086244619872945, "BHR": -17.56431251547785, "BRB": -12.568180368448647, "BLZ": -3.939070126420212, "VGB": -15.016085070572162, "CYM": -17.740274780471516, "COM": 4.890278175568458, "CUB": -11.503618841958232, "CUW": -12.594517744589272, "DMA": -6.4673671908743735, "FJI": -7.776127785153946, "GRD": -9.929804312642718, "GNB": 4.890278175568458, "GUY": 18.73727913883222, "HTI": 3.367737798856684, "JAM": -4.182205536914484, "KIR": -7.756712610179615, "MDV": -13.163523964945266, "MHL": -0.4005926184882469, "MUS": -7.182918185818666, "FSM": 2.5492331636549075, "NRU": -8.460178610729436, "PLW": -15.849675350302572, "PNG": 16.71065829068521, "WSM": -10.478130600654683, "STP": -0.1369182217023947, "SYC": -17.306424275597873, "SGP": -14.453086053598492, "SXM": -12.57510256961494, "SLB": 3.180387005186418, "KNA": -14.540279468859795, "VCT": -12.849098499602375, "LCA": -13.294294628204264, "SUR": 8.918616322067226, "TLS": 2.290754235773818, "TTO": -11.322113505497583, "TUV": -12.0383256552519, "TCA": -13.56202528601927, "VUT": -0.1369182217023947, "AIA": 15.390903148511168, "COK": 15.390903148511168, "MSR": 15.390903148511168, "NIU": 15.390903148511168, "TKL": 15.390903148511168}}, "categoryImportances": {"2015": {"Environment": 899.6549713388085, "Economic Policy & Debt": 153.0792651474476, "Financial": 151.21791976690292}}, "featureImportances": {"2015": {"wdi2-NY.GDP.MKTP.CN": 78.95893588662148, "mvi-wdi-BX.KLT.DINV.WD.GD.ZS": 18.88714808225632, "mvi-wdi-BX.TRF.PWKR.DT.GD.ZS": 132.3307716846466, "wdi-AG.LND.TOTL.K2": 112.12092025578022, "wdi-AG.SRF.TOTL.K2": 1.0081610009074211, "wdi-BX.KLT.DINV.CD.WD": 39.16362330317497, "wdi-BX.KLT.DINV.WD.GD.ZS": 0.0, "wdi-BX.TRF.PWKR.CD.DT": 34.95670595765114, "wdi-BX.TRF.PWKR.DT.GD.ZS": 0.0, "wdi-EG.ELC.ACCS.RU.ZS": 786.5258900821209}}, "performance": {"2015": 0.959399203811472}}