{"data": {"2015": {"ATG": 2.299931853051969, "ABW": 4.542876291101466, "BHS": 8.392470273158379, "BMU": 21.07462186657348, "BHR": -4.730972458489839, "BRB": 9.718982973531425, "BLZ": 36.843287545741376, "VGB": 2.900332940752599, "CPV": 41.3, "CYM": -0.9925956507905128, "COM": 49.26068273770335, "CUB": 9.54032670266588, "CUW": 9.718982973531425, "DMA": 35.05497576345925, "DOM": 21.8, "FJI": 32.11019349897959, "GRD": 25.877417580729283, "GNB": 53.179870175887785, "GUY": 66.64932196565425, "HTI": 45.623645944381565, "JAM": 36.336642160008026, "KIR": 31.196400027874315, "MDV": 9.300313251412785, "MHL": 41.24613660923638, "MUS": 19.519381420693737, "FSM": 46.94155042018781, "NRU": 27.449161578361167, "PLW": 6.702055936607467, "PNG": 59.37832197850256, "WSM": 24.55199279826312, "STP": 43.94807542858013, "SYC": 0.7750773444720794, "SGP": 1.233321796452388, "SXM": 9.531958814156258, "SLB": 46.92331458152741, "KNA": 5.2934068446596365, "VCT": 15.68777395090261, "LCA": 11.00975389326014, "SUR": 44.81889778443138, "TLS": 47.64405633546173, "TTO": 7.141133605906775, "TON": 27.5, "TUV": 13.98790392712514, "TCA": 4.542876291101466, "VUT": 43.66920494000664, "AIA": 63.0226783263212, "COK": 63.0226783263212, "MSR": 63.0226783263212, "NIU": 63.0226783263212, "TKL": 63.0226783263212}}, "upperIntervals": {"2015": {"ATG": 35.62737933570197, "ABW": 37.870323773751466, "BHS": 41.71991775580838, "BMU": 54.402069349223474, "BHR": 28.596475024160164, "BRB": 43.04643045618143, "BLZ": 70.17073502839138, "VGB": 36.2277804234026, "CYM": 32.33485183185949, "COM": 82.58813022035335, "CUB": 42.86777418531588, "CUW": 43.04643045618143, "DMA": 68.38242324610925, "FJI": 65.43764098162958, "GRD": 59.20486506337929, "GNB": 86.50731765853779, "GUY": 99.97676944830424, "HTI": 78.95109342703157, "JAM": 69.66408964265803, "KIR": 64.52384751052432, "MDV": 42.62776073406279, "MHL": 74.57358409188637, "MUS": 52.84682890334373, "FSM": 80.26899790283781, "NRU": 60.77660906101117, "PLW": 40.029503419257466, "PNG": 92.70576946115256, "WSM": 57.87944028091312, "STP": 77.27552291123013, "SYC": 34.10252482712208, "SGP": 34.56076927910239, "SXM": 42.859406296806256, "SLB": 80.25076206417741, "KNA": 38.62085432730964, "VCT": 49.01522143355261, "LCA": 44.33720137591014, "SUR": 78.14634526708139, "TLS": 80.97150381811173, "TTO": 40.468581088556775, "TUV": 47.31535140977514, "TCA": 37.870323773751466, "VUT": 76.99665242265664, "AIA": 96.3501258089712, "COK": 96.3501258089712, "MSR": 96.3501258089712, "NIU": 96.3501258089712, "TKL": 96.3501258089712}}, "lowerIntervals": {"2015": {"ATG": -23.69988342910949, "ABW": -21.45693899106, "BHS": -17.60734500900309, "BMU": -4.925193415587994, "BHR": -30.73078774065131, "BRB": -16.280832308630043, "BLZ": 10.843472263579908, "VGB": -23.09948234140887, "CYM": -26.99241093295198, "COM": 23.26086745554188, "CUB": -16.459488579495584, "CUW": -16.280832308630043, "DMA": 9.05516048129778, "FJI": 6.110378216818123, "GRD": -0.1223977014321846, "GNB": 27.18005489372632, "GUY": 40.64950668349279, "HTI": 19.623830662220097, "JAM": 10.336826877846558, "KIR": 5.196584745712848, "MDV": -16.699502030748683, "MHL": 15.246321327074911, "MUS": -6.480433861467731, "FSM": 20.941735138026345, "NRU": 1.4493462961996997, "PLW": -19.297759345554, "PNG": 33.37850669634109, "WSM": -1.447822483898349, "STP": 17.948260146418665, "SYC": -25.224737937689387, "SGP": -24.76649348570908, "SXM": -16.46785646800521, "SLB": 20.92349929936594, "KNA": -20.706408437501832, "VCT": -10.312041331258856, "LCA": -14.990061388901328, "SUR": 18.81908250226991, "TLS": 21.64424105330026, "TTO": -18.85868167625469, "TUV": -12.011911355036329, "TCA": -21.45693899106, "VUT": 17.66938965784517, "AIA": 37.022863044159735, "COK": 37.022863044159735, "MSR": 37.022863044159735, "NIU": 37.022863044159735, "TKL": 37.022863044159735}}, "categoryImportances": {"2015": {"Environment": 2971.09708493948, "Economic Policy & Debt": 349.674245595932, "Financial": 947.3497220873833}}, "featureImportances": {"2015": {"wdi2-NY.GDP.MKTP.CN": 198.4957457780838, "mvi-wdi-BX.KLT.DINV.WD.GD.ZS": 81.59878540039062, "mvi-wdi-BX.TRF.PWKR.DT.GD.ZS": 865.7509366869926, "wdi-AG.LND.TOTL.K2": 252.8775664567948, "wdi-AG.SRF.TOTL.K2": 2.129689991474152, "wdi-BX.KLT.DINV.CD.WD": 88.09178203344345, "wdi-BX.KLT.DINV.WD.GD.ZS": 0.0, "wdi-BX.TRF.PWKR.CD.DT": 63.08671778440476, "wdi-BX.TRF.PWKR.DT.GD.ZS": 0.0, "wdi-EG.ELC.ACCS.RU.ZS": 2716.089828491211}}, "performance": {"2015": 0.6931732005272214}}