{"data": {"2015": {"ATG": 98.7623048335332, "ABW": 98.7623048335332, "BHS": 98.7623048335332, "BMU": 98.7623048335332, "BHR": 98.7623048335332, "BRB": 98.7623048335332, "BLZ": 65.13979263809394, "VGB": 99.38414052275732, "CPV": 70.95406329008637, "CYM": 98.7623048335332, "COM": 57.68984665816684, "CUB": 74.02409345035427, "CUW": 98.7623048335332, "DMA": 76.639634388229, "DOM": 73.70288467685329, "FJI": 65.13979263809394, "GRD": 69.00947241717766, "GNB": 64.19321332644273, "GUY": 66.37240041144142, "HTI": 55.82987929745464, "JAM": 69.6313081064018, "KIR": 67.61319198796987, "MDV": 98.7623048335332, "MHL": 67.61319198796987, "MUS": 92.3450793823187, "FSM": 62.04113989528265, "NRU": 92.3450793823187, "PLW": 90.095594123968, "PNG": 53.66429894489582, "WSM": 86.43480901165694, "STP": 62.04113989528265, "SYC": 98.7623048335332, "SGP": 100.0, "SXM": 98.7623048335332, "SLB": 66.0531806871549, "KNA": 98.7623048335332, "VCT": 92.3450793823187, "LCA": 70.63163212929908, "SUR": 65.13979263809394, "TLS": 67.4494611163627, "TTO": 98.7623048335332, "TON": 98.7623048335332, "TUV": 49.79, "TCA": 98.7623048335332, "VUT": 66.0531806871549, "AIA": 41.90778181540731, "COK": 41.90778181540731, "MSR": 41.90778181540731, "NIU": 41.90778181540731, "TKL": 41.90778181540731}}, "upperIntervals": {"2015": {"ATG": 125.7771866815392, "ABW": 125.7771866815392, "BHS": 125.7771866815392, "BMU": 125.7771866815392, "BHR": 125.7771866815392, "BRB": 125.7771866815392, "BLZ": 92.15467448609996, "VGB": 126.39902237076336, "CPV": 97.96894513809238, "CYM": 125.7771866815392, "COM": 84.70472850617286, "CUB": 101.0389752983603, "CUW": 125.7771866815392, "DMA": 103.65451623623504, "DOM": 100.71776652485931, "FJI": 92.15467448609996, "GRD": 96.02435426518367, "GNB": 91.20809517444874, "GUY": 93.38728225944745, "HTI": 82.84476114546067, "JAM": 96.64618995440782, "KIR": 94.6280738359759, "MDV": 125.7771866815392, "MHL": 94.6280738359759, "MUS": 119.35996123032471, "FSM": 89.05602174328867, "NRU": 119.35996123032471, "PLW": 117.110475971974, "PNG": 80.67918079290183, "WSM": 113.44969085966297, "STP": 89.05602174328867, "SYC": 125.7771866815392, "SXM": 125.7771866815392, "SLB": 93.06806253516092, "KNA": 125.7771866815392, "VCT": 119.35996123032471, "LCA": 97.64651397730508, "SUR": 92.15467448609996, "TLS": 94.46434296436873, "TTO": 125.7771866815392, "TON": 125.7771866815392, "TCA": 125.7771866815392, "VUT": 93.06806253516092, "AIA": 68.92266366341333, "COK": 68.92266366341333, "MSR": 68.92266366341333, "NIU": 68.92266366341333, "TKL": 68.92266366341333}}, "lowerIntervals": {"2015": {"ATG": 67.03129915107311, "ABW": 67.03129915107311, "BHS": 67.03129915107311, "BMU": 67.03129915107311, "BHR": 67.03129915107311, "BRB": 67.03129915107311, "BLZ": 33.408786955633865, "VGB": 67.65313484029727, "CPV": 39.223057607626295, "CYM": 67.03129915107311, "COM": 25.958840975706764, "CUB": 42.2930877678942, "CUW": 67.03129915107311, "DMA": 44.908628705768926, "DOM": 41.971878994393215, "FJI": 33.408786955633865, "GRD": 37.27846673471759, "GNB": 32.46220764398266, "GUY": 34.641394728981346, "HTI": 24.098873614994567, "JAM": 37.90030242394173, "KIR": 35.8821863055098, "MDV": 67.03129915107311, "MHL": 35.8821863055098, "MUS": 60.61407369985863, "FSM": 30.31013421282257, "NRU": 60.61407369985863, "PLW": 58.36458844150793, "PNG": 21.933293262435747, "WSM": 54.70380332919687, "STP": 30.31013421282257, "SYC": 67.03129915107311, "SXM": 67.03129915107311, "SLB": 34.322175004694834, "KNA": 67.03129915107311, "VCT": 60.61407369985863, "LCA": 38.900626446839006, "SUR": 33.408786955633865, "TLS": 35.718455433902626, "TTO": 67.03129915107311, "TON": 67.03129915107311, "TCA": 67.03129915107311, "VUT": 34.322175004694834, "AIA": 10.17677613294724, "COK": 10.17677613294724, "MSR": 10.17677613294724, "NIU": 10.17677613294724, "TKL": 10.17677613294724}}, "categoryImportances": {"2015": {"Environment": 5510.423881076276, "Economic Policy & Debt": 116.37399142980576}}, "featureImportances": {"2015": {"wdi2-NY.GDP.MKTP.CN": 116.37399142980576, "wdi-AG.LND.TOTL.K2": 9.945990085601808, "wdi-AG.SRF.TOTL.K2": 0.0, "wdi-EG.ELC.ACCS.RU.ZS": 3928.787578344345, "wdi-EG.ELC.ACCS.UR.ZS": 17.27511978149414, "wdi-EG.ELC.ACCS.ZS": 731.9146137237549, "wdi-EG.ELC.RNEW.ZS": 462.5168479681015, "wdi-EN.POP.DNST": 234.208771251142, "wdi-ER.FSH.CAPT.MT": 3.706070065498352, "wdi-ER.FSH.PROD.MT": 122.0688898563385}}, "performance": {"2015": 0.2646740258452711}}