{"data": {"2015": {"ATG": 47.34448539790533, "ABW": 47.34448539790533, "BHS": 47.34448539790533, "BMU": 47.34448539790533, "BHR": 47.34448539790533, "BRB": 47.34448539790533, "BLZ": 47.34448539790533, "VGB": 47.34448539790533, "CPV": 47.34448539790533, "CYM": 47.34448539790533, "COM": 47.34448539790533, "CUB": 47.34448539790533, "CUW": 47.34448539790533, "DMA": 47.34448539790533, "DOM": 40.13232144, "FJI": 47.34448539790533, "GRD": 47.34448539790533, "GNB": 47.34448539790533, "GUY": 47.34448539790533, "HTI": 47.34448539790533, "JAM": 47.34448539790533, "KIR": 47.34448539790533, "MDV": 47.34448539790533, "MHL": 47.34448539790533, "MUS": 47.34448539790533, "FSM": 47.34448539790533, "NRU": 47.34448539790533, "PLW": 47.34448539790533, "PNG": 47.34448539790533, "WSM": 47.34448539790533, "STP": 47.34448539790533, "SYC": 47.34448539790533, "SGP": 47.34448539790533, "SXM": 47.34448539790533, "SLB": 47.34448539790533, "KNA": 47.34448539790533, "VCT": 47.34448539790533, "LCA": 47.34448539790533, "SUR": 47.34448539790533, "TLS": 47.34448539790533, "TTO": 47.34448539790533, "TON": 47.34448539790533, "TUV": 47.34448539790533, "TCA": 47.34448539790533, "VUT": 47.34448539790533, "AIA": 47.34448539790533, "COK": 47.34448539790533, "MSR": 47.34448539790533, "NIU": 47.34448539790533, "TKL": 47.34448539790533}}, "upperIntervals": {"2015": {"ATG": 85.87763844174825, "ABW": 85.87763844174825, "BHS": 85.87763844174825, "BMU": 85.87763844174825, "BHR": 85.87763844174825, "BRB": 85.87763844174825, "BLZ": 85.87763844174825, "VGB": 85.87763844174825, "CPV": 85.87763844174825, "CYM": 85.87763844174825, "COM": 85.87763844174825, "CUB": 85.87763844174825, "CUW": 85.87763844174825, "DMA": 85.87763844174825, "FJI": 85.87763844174825, "GRD": 85.87763844174825, "GNB": 85.87763844174825, "GUY": 85.87763844174825, "HTI": 85.87763844174825, "JAM": 85.87763844174825, "KIR": 85.87763844174825, "MDV": 85.87763844174825, "MHL": 85.87763844174825, "MUS": 85.87763844174825, "FSM": 85.87763844174825, "NRU": 85.87763844174825, "PLW": 85.87763844174825, "PNG": 85.87763844174825, "WSM": 85.87763844174825, "STP": 85.87763844174825, "SYC": 85.87763844174825, "SGP": 85.87763844174825, "SXM": 85.87763844174825, "SLB": 85.87763844174825, "KNA": 85.87763844174825, "VCT": 85.87763844174825, "LCA": 85.87763844174825, "SUR": 85.87763844174825, "TLS": 85.87763844174825, "TTO": 85.87763844174825, "TON": 85.87763844174825, "TUV": 85.87763844174825, "TCA": 85.87763844174825, "VUT": 85.87763844174825, "AIA": 85.87763844174825, "COK": 85.87763844174825, "MSR": 85.87763844174825, "NIU": 85.87763844174825, "TKL": 85.87763844174825}}, "lowerIntervals": {"2015": {"ATG": -4.310556369909577, "ABW": -4.310556369909577, "BHS": -4.310556369909577, "BMU": -4.310556369909577, "BHR": -4.310556369909577, "BRB": -4.310556369909577, "BLZ": -4.310556369909577, "VGB": -4.310556369909577, "CPV": -4.310556369909577, "CYM": -4.310556369909577, "COM": -4.310556369909577, "CUB": -4.310556369909577, "CUW": -4.310556369909577, "DMA": -4.310556369909577, "FJI": -4.310556369909577, "GRD": -4.310556369909577, "GNB": -4.310556369909577, "GUY": -4.310556369909577, "HTI": -4.310556369909577, "JAM": -4.310556369909577, "KIR": -4.310556369909577, "MDV": -4.310556369909577, "MHL": -4.310556369909577, "MUS": -4.310556369909577, "FSM": -4.310556369909577, "NRU": -4.310556369909577, "PLW": -4.310556369909577, "PNG": -4.310556369909577, "WSM": -4.310556369909577, "STP": -4.310556369909577, "SYC": -4.310556369909577, "SGP": -4.310556369909577, "SXM": -4.310556369909577, "SLB": -4.310556369909577, "KNA": -4.310556369909577, "VCT": -4.310556369909577, "LCA": -4.310556369909577, "SUR": -4.310556369909577, "TLS": -4.310556369909577, "TTO": -4.310556369909577, "TON": -4.310556369909577, "TUV": -4.310556369909577, "TCA": -4.310556369909577, "VUT": -4.310556369909577, "AIA": -4.310556369909577, "COK": -4.310556369909577, "MSR": -4.310556369909577, "NIU": -4.310556369909577, "TKL": -4.310556369909577}}, "categoryImportances": {"2015": {"Economic Policy & Debt": 0.0, "Profile": 0.0, "Climate": 0.0, "Finance": 0.0, "MVI": 0.0}}, "featureImportances": {"2015": {"wdi2-NE.DAB.TOTL.CN": 0.0, "key-mvi-wdi-BX.KLT.DINV.WD.GD.ZS": 0.0, "key-mvi-wdi-BX.TRF.PWKR.DT.GD.ZS": 0.0, "key-ndgain-nd-gain": 0.0, "key-ndgain-nd-readiness": 0.0, "key-ndgain-nd-vulnerability": 0.0, "key-wdi-AG.SRF.TOTL.K2": 0.0, "key-wdi-BN.CAB.XOKA.GD.ZS": 0.0, "key-wdi-BX.KLT.DINV.CD.WD": 0.0, "key-wdi-BX.TRF.PWKR.DT.GD.ZS": 0.0}}, "performance": {"2015": 0.5246970983805046}}