{"data": {"2015": {"ATG": 9.316739394887875, "ABW": 9.316739394887875, "BHS": 9.316739394887875, "BMU": 9.316739394887875, "BHR": 9.316739394887875, "BRB": 9.316739394887875, "BLZ": 9.316739394887875, "VGB": 9.316739394887875, "CPV": 9.316739394887875, "CYM": 9.316739394887875, "COM": 9.316739394887875, "CUB": 9.316739394887875, "CUW": 9.316739394887875, "DMA": 9.316739394887875, "DOM": 9.316739394887875, "FJI": 9.316739394887875, "GRD": 9.316739394887875, "GNB": 9.316739394887875, "GUY": 9.316739394887875, "HTI": 9.316739394887875, "JAM": 9.316739394887875, "KIR": 9.316739394887875, "MDV": 9.316739394887875, "MHL": 9.316739394887875, "MUS": 9.316739394887875, "FSM": 9.316739394887875, "NRU": 9.316739394887875, "PLW": 9.316739394887875, "PNG": 9.316739394887875, "WSM": 9.316739394887875, "STP": 9.316739394887875, "SYC": 9.316739394887875, "SGP": 9.316739394887875, "SXM": 9.316739394887875, "SLB": 9.316739394887875, "KNA": 9.316739394887875, "VCT": 9.316739394887875, "LCA": 9.316739394887875, "SUR": 9.316739394887875, "TLS": 9.316739394887875, "TTO": 9.316739394887875, "TON": 9.316739394887875, "TUV": 9.316739394887875, "TCA": 9.316739394887875, "VUT": 9.316739394887875, "AIA": 9.316739394887875, "COK": 9.316739394887875, "MSR": 9.316739394887875, "NIU": 9.316739394887875, "TKL": 9.316739394887875}}, "upperIntervals": {"2015": {"ATG": 19.253408781672043, "ABW": 19.253408781672043, "BHS": 19.253408781672043, "BMU": 19.253408781672043, "BHR": 19.253408781672043, "BRB": 19.253408781672043, "BLZ": 19.253408781672043, "VGB": 19.253408781672043, "CPV": 19.253408781672043, "CYM": 19.253408781672043, "COM": 19.253408781672043, "CUB": 19.253408781672043, "CUW": 19.253408781672043, "DMA": 19.253408781672043, "DOM": 19.253408781672043, "FJI": 19.253408781672043, "GRD": 19.253408781672043, "GNB": 19.253408781672043, "GUY": 19.253408781672043, "HTI": 19.253408781672043, "JAM": 19.253408781672043, "KIR": 19.253408781672043, "MDV": 19.253408781672043, "MHL": 19.253408781672043, "MUS": 19.253408781672043, "FSM": 19.253408781672043, "NRU": 19.253408781672043, "PLW": 19.253408781672043, "PNG": 19.253408781672043, "WSM": 19.253408781672043, "STP": 19.253408781672043, "SYC": 19.253408781672043, "SGP": 19.253408781672043, "SXM": 19.253408781672043, "SLB": 19.253408781672043, "KNA": 19.253408781672043, "VCT": 19.253408781672043, "LCA": 19.253408781672043, "SUR": 19.253408781672043, "TLS": 19.253408781672043, "TTO": 19.253408781672043, "TON": 19.253408781672043, "TUV": 19.253408781672043, "TCA": 19.253408781672043, "VUT": 19.253408781672043, "AIA": 19.253408781672043, "COK": 19.253408781672043, "MSR": 19.253408781672043, "NIU": 19.253408781672043, "TKL": 19.253408781672043}}, "lowerIntervals": {"2015": {"ATG": 1.3521232236626402, "ABW": 1.3521232236626402, "BHS": 1.3521232236626402, "BMU": 1.3521232236626402, "BHR": 1.3521232236626402, "BRB": 1.3521232236626402, "BLZ": 1.3521232236626402, "VGB": 1.3521232236626402, "CPV": 1.3521232236626402, "CYM": 1.3521232236626402, "COM": 1.3521232236626402, "CUB": 1.3521232236626402, "CUW": 1.3521232236626402, "DMA": 1.3521232236626402, "DOM": 1.3521232236626402, "FJI": 1.3521232236626402, "GRD": 1.3521232236626402, "GNB": 1.3521232236626402, "GUY": 1.3521232236626402, "HTI": 1.3521232236626402, "JAM": 1.3521232236626402, "KIR": 1.3521232236626402, "MDV": 1.3521232236626402, "MHL": 1.3521232236626402, "MUS": 1.3521232236626402, "FSM": 1.3521232236626402, "NRU": 1.3521232236626402, "PLW": 1.3521232236626402, "PNG": 1.3521232236626402, "WSM": 1.3521232236626402, "STP": 1.3521232236626402, "SYC": 1.3521232236626402, "SGP": 1.3521232236626402, "SXM": 1.3521232236626402, "SLB": 1.3521232236626402, "KNA": 1.3521232236626402, "VCT": 1.3521232236626402, "LCA": 1.3521232236626402, "SUR": 1.3521232236626402, "TLS": 1.3521232236626402, "TTO": 1.3521232236626402, "TON": 1.3521232236626402, "TUV": 1.3521232236626402, "TCA": 1.3521232236626402, "VUT": 1.3521232236626402, "AIA": 1.3521232236626402, "COK": 1.3521232236626402, "MSR": 1.3521232236626402, "NIU": 1.3521232236626402, "TKL": 1.3521232236626402}}, "categoryImportances": {"2015": {"Environment": 0.0, "Economic Policy & Debt": 0.0, "Financial": 0.0}}, "featureImportances": {"2015": {"wdi2-NE.DAB.TOTL.CN": 0.0, "mvi-wdi-BX.KLT.DINV.WD.GD.ZS": 0.0, "mvi-wdi-BX.TRF.PWKR.DT.GD.ZS": 0.0, "wdi-AG.CON.FERT.ZS": 0.0, "wdi-AG.LND.AGRI.K2": 0.0, "wdi-AG.LND.AGRI.ZS": 0.0, "wdi-AG.LND.ARBL.HA.PC": 0.0, "wdi-AG.LND.ARBL.ZS": 0.0, "wdi-AG.LND.CREL.HA": 0.0, "wdi-AG.LND.CROP.ZS": 0.0}}, "performance": {"2015": 0.6242543312678509}}