{"data": {"2015": {"ATG": 15.026238901149648, "ABW": 15.026238901149648, "BHS": 15.026238901149648, "BMU": 15.026238901149648, "BHR": 15.026238901149648, "BRB": 15.026238901149648, "BLZ": 15.026238901149648, "VGB": 15.026238901149648, "CPV": 15.026238901149648, "CYM": 15.026238901149648, "COM": 15.026238901149648, "CUB": 15.026238901149648, "CUW": 15.026238901149648, "DMA": 15.026238901149648, "DOM": 9.175071042, "FJI": 15.026238901149648, "GRD": 15.026238901149648, "GNB": 15.026238901149648, "GUY": 15.026238901149648, "HTI": 15.026238901149648, "JAM": 15.026238901149648, "KIR": 15.026238901149648, "MDV": 15.026238901149648, "MHL": 15.026238901149648, "MUS": 15.026238901149648, "FSM": 15.026238901149648, "NRU": 15.026238901149648, "PLW": 15.026238901149648, "PNG": 15.026238901149648, "WSM": 15.026238901149648, "STP": 15.026238901149648, "SYC": 15.026238901149648, "SGP": 15.026238901149648, "SXM": 15.026238901149648, "SLB": 15.026238901149648, "KNA": 15.026238901149648, "VCT": 15.026238901149648, "LCA": 15.026238901149648, "SUR": 15.026238901149648, "TLS": 15.026238901149648, "TTO": 15.026238901149648, "TON": 15.026238901149648, "TUV": 15.026238901149648, "TCA": 15.026238901149648, "VUT": 15.026238901149648, "AIA": 15.026238901149648, "COK": 15.026238901149648, "MSR": 15.026238901149648, "NIU": 15.026238901149648, "TKL": 15.026238901149648}}, "upperIntervals": {"2015": {"ATG": 52.517114356361205, "ABW": 52.517114356361205, "BHS": 52.517114356361205, "BMU": 52.517114356361205, "BHR": 52.517114356361205, "BRB": 52.517114356361205, "BLZ": 52.517114356361205, "VGB": 52.517114356361205, "CPV": 52.517114356361205, "CYM": 52.517114356361205, "COM": 52.517114356361205, "CUB": 52.517114356361205, "CUW": 52.517114356361205, "DMA": 52.517114356361205, "FJI": 52.517114356361205, "GRD": 52.517114356361205, "GNB": 52.517114356361205, "GUY": 52.517114356361205, "HTI": 52.517114356361205, "JAM": 52.517114356361205, "KIR": 52.517114356361205, "MDV": 52.517114356361205, "MHL": 52.517114356361205, "MUS": 52.517114356361205, "FSM": 52.517114356361205, "NRU": 52.517114356361205, "PLW": 52.517114356361205, "PNG": 52.517114356361205, "WSM": 52.517114356361205, "STP": 52.517114356361205, "SYC": 52.517114356361205, "SGP": 52.517114356361205, "SXM": 52.517114356361205, "SLB": 52.517114356361205, "KNA": 52.517114356361205, "VCT": 52.517114356361205, "LCA": 52.517114356361205, "SUR": 52.517114356361205, "TLS": 52.517114356361205, "TTO": 52.517114356361205, "TON": 52.517114356361205, "TUV": 52.517114356361205, "TCA": 52.517114356361205, "VUT": 52.517114356361205, "AIA": 52.517114356361205, "COK": 52.517114356361205, "MSR": 52.517114356361205, "NIU": 52.517114356361205, "TKL": 52.517114356361205}}, "lowerIntervals": {"2015": {"ATG": -6.044975939364495, "ABW": -6.044975939364495, "BHS": -6.044975939364495, "BMU": -6.044975939364495, "BHR": -6.044975939364495, "BRB": -6.044975939364495, "BLZ": -6.044975939364495, "VGB": -6.044975939364495, "CPV": -6.044975939364495, "CYM": -6.044975939364495, "COM": -6.044975939364495, "CUB": -6.044975939364495, "CUW": -6.044975939364495, "DMA": -6.044975939364495, "FJI": -6.044975939364495, "GRD": -6.044975939364495, "GNB": -6.044975939364495, "GUY": -6.044975939364495, "HTI": -6.044975939364495, "JAM": -6.044975939364495, "KIR": -6.044975939364495, "MDV": -6.044975939364495, "MHL": -6.044975939364495, "MUS": -6.044975939364495, "FSM": -6.044975939364495, "NRU": -6.044975939364495, "PLW": -6.044975939364495, "PNG": -6.044975939364495, "WSM": -6.044975939364495, "STP": -6.044975939364495, "SYC": -6.044975939364495, "SGP": -6.044975939364495, "SXM": -6.044975939364495, "SLB": -6.044975939364495, "KNA": -6.044975939364495, "VCT": -6.044975939364495, "LCA": -6.044975939364495, "SUR": -6.044975939364495, "TLS": -6.044975939364495, "TTO": -6.044975939364495, "TON": -6.044975939364495, "TUV": -6.044975939364495, "TCA": -6.044975939364495, "VUT": -6.044975939364495, "AIA": -6.044975939364495, "COK": -6.044975939364495, "MSR": -6.044975939364495, "NIU": -6.044975939364495, "TKL": -6.044975939364495}}, "categoryImportances": {"2015": {"Economic Policy & Debt": 0.0, "Profile": 0.0, "Climate": 0.0, "Finance": 0.0, "MVI": 0.0}}, "featureImportances": {"2015": {"wdi2-NE.DAB.TOTL.CN": 0.0, "key-mvi-wdi-BX.KLT.DINV.WD.GD.ZS": 0.0, "key-mvi-wdi-BX.TRF.PWKR.DT.GD.ZS": 0.0, "key-ndgain-nd-gain": 0.0, "key-ndgain-nd-readiness": 0.0, "key-ndgain-nd-vulnerability": 0.0, "key-wdi-AG.SRF.TOTL.K2": 0.0, "key-wdi-BN.CAB.XOKA.GD.ZS": 0.0, "key-wdi-BX.KLT.DINV.CD.WD": 0.0, "key-wdi-BX.TRF.PWKR.DT.GD.ZS": 0.0}}, "performance": {"2015": 0.9130380481291562}}