{"data": {"2015": {"ATG": 40.39176307873036, "ABW": 40.39176307873036, "BHS": 40.39176307873036, "BMU": 40.39176307873036, "BHR": 40.39176307873036, "BRB": 40.39176307873036, "BLZ": 40.39176307873036, "VGB": 40.39176307873036, "CPV": 40.39176307873036, "CYM": 40.39176307873036, "COM": 40.39176307873036, "CUB": 40.39176307873036, "CUW": 40.39176307873036, "DMA": 40.39176307873036, "DOM": 33.7293921, "FJI": 40.39176307873036, "GRD": 40.39176307873036, "GNB": 40.39176307873036, "GUY": 40.39176307873036, "HTI": 40.39176307873036, "JAM": 40.39176307873036, "KIR": 40.39176307873036, "MDV": 40.39176307873036, "MHL": 40.39176307873036, "MUS": 40.39176307873036, "FSM": 40.39176307873036, "NRU": 40.39176307873036, "PLW": 40.39176307873036, "PNG": 40.39176307873036, "WSM": 40.39176307873036, "STP": 40.39176307873036, "SYC": 40.39176307873036, "SGP": 40.39176307873036, "SXM": 40.39176307873036, "SLB": 40.39176307873036, "KNA": 40.39176307873036, "VCT": 40.39176307873036, "LCA": 40.39176307873036, "SUR": 40.39176307873036, "TLS": 40.39176307873036, "TTO": 40.39176307873036, "TON": 40.39176307873036, "TUV": 40.39176307873036, "TCA": 40.39176307873036, "VUT": 40.39176307873036, "AIA": 40.39176307873036, "COK": 40.39176307873036, "MSR": 40.39176307873036, "NIU": 40.39176307873036, "TKL": 40.39176307873036}}, "upperIntervals": {"2015": {"ATG": 80.31024675454375, "ABW": 80.31024675454375, "BHS": 80.31024675454375, "BMU": 80.31024675454375, "BHR": 80.31024675454375, "BRB": 80.31024675454375, "BLZ": 80.31024675454375, "VGB": 80.31024675454375, "CPV": 80.31024675454375, "CYM": 80.31024675454375, "COM": 80.31024675454375, "CUB": 80.31024675454375, "CUW": 80.31024675454375, "DMA": 80.31024675454375, "FJI": 80.31024675454375, "GRD": 80.31024675454375, "GNB": 80.31024675454375, "GUY": 80.31024675454375, "HTI": 80.31024675454375, "JAM": 80.31024675454375, "KIR": 80.31024675454375, "MDV": 80.31024675454375, "MHL": 80.31024675454375, "MUS": 80.31024675454375, "FSM": 80.31024675454375, "NRU": 80.31024675454375, "PLW": 80.31024675454375, "PNG": 80.31024675454375, "WSM": 80.31024675454375, "STP": 80.31024675454375, "SYC": 80.31024675454375, "SGP": 80.31024675454375, "SXM": 80.31024675454375, "SLB": 80.31024675454375, "KNA": 80.31024675454375, "VCT": 80.31024675454375, "LCA": 80.31024675454375, "SUR": 80.31024675454375, "TLS": 80.31024675454375, "TTO": 80.31024675454375, "TON": 80.31024675454375, "TUV": 80.31024675454375, "TCA": 80.31024675454375, "VUT": 80.31024675454375, "AIA": 80.31024675454375, "COK": 80.31024675454375, "MSR": 80.31024675454375, "NIU": 80.31024675454375, "TKL": 80.31024675454375}}, "lowerIntervals": {"2015": {"ATG": -3.2936720300462525, "ABW": -3.2936720300462525, "BHS": -3.2936720300462525, "BMU": -3.2936720300462525, "BHR": -3.2936720300462525, "BRB": -3.2936720300462525, "BLZ": -3.2936720300462525, "VGB": -3.2936720300462525, "CPV": -3.2936720300462525, "CYM": -3.2936720300462525, "COM": -3.2936720300462525, "CUB": -3.2936720300462525, "CUW": -3.2936720300462525, "DMA": -3.2936720300462525, "FJI": -3.2936720300462525, "GRD": -3.2936720300462525, "GNB": -3.2936720300462525, "GUY": -3.2936720300462525, "HTI": -3.2936720300462525, "JAM": -3.2936720300462525, "KIR": -3.2936720300462525, "MDV": -3.2936720300462525, "MHL": -3.2936720300462525, "MUS": -3.2936720300462525, "FSM": -3.2936720300462525, "NRU": -3.2936720300462525, "PLW": -3.2936720300462525, "PNG": -3.2936720300462525, "WSM": -3.2936720300462525, "STP": -3.2936720300462525, "SYC": -3.2936720300462525, "SGP": -3.2936720300462525, "SXM": -3.2936720300462525, "SLB": -3.2936720300462525, "KNA": -3.2936720300462525, "VCT": -3.2936720300462525, "LCA": -3.2936720300462525, "SUR": -3.2936720300462525, "TLS": -3.2936720300462525, "TTO": -3.2936720300462525, "TON": -3.2936720300462525, "TUV": -3.2936720300462525, "TCA": -3.2936720300462525, "VUT": -3.2936720300462525, "AIA": -3.2936720300462525, "COK": -3.2936720300462525, "MSR": -3.2936720300462525, "NIU": -3.2936720300462525, "TKL": -3.2936720300462525}}, "categoryImportances": {"2015": {"Economic Policy & Debt": 0.0, "Profile": 0.0, "Climate": 0.0, "Finance": 0.0, "MVI": 0.0}}, "featureImportances": {"2015": {"wdi2-NE.DAB.TOTL.CN": 0.0, "key-mvi-wdi-BX.KLT.DINV.WD.GD.ZS": 0.0, "key-mvi-wdi-BX.TRF.PWKR.DT.GD.ZS": 0.0, "key-ndgain-nd-gain": 0.0, "key-ndgain-nd-readiness": 0.0, "key-ndgain-nd-vulnerability": 0.0, "key-wdi-AG.SRF.TOTL.K2": 0.0, "key-wdi-BN.CAB.XOKA.GD.ZS": 0.0, "key-wdi-BX.KLT.DINV.CD.WD": 0.0, "key-wdi-BX.TRF.PWKR.DT.GD.ZS": 0.0}}, "performance": {"2015": 0.5915804723002307}}