{"data": {"2015": {"ATG": 1.708334185823328, "ABW": 1.708334185823328, "BHS": 1.708334185823328, "BMU": 1.708334185823328, "BHR": 1.708334185823328, "BRB": 1.708334185823328, "BLZ": 1.708334185823328, "VGB": 1.708334185823328, "CPV": 1.708334185823328, "CYM": 1.708334185823328, "COM": 1.708334185823328, "CUB": 1.708334185823328, "CUW": 1.708334185823328, "DMA": 1.708334185823328, "DOM": 1.708334185823328, "FJI": 1.708334185823328, "GRD": 1.708334185823328, "GNB": 1.708334185823328, "GUY": 1.708334185823328, "HTI": 1.708334185823328, "JAM": 1.708334185823328, "KIR": 1.708334185823328, "MDV": 1.708334185823328, "MHL": 1.708334185823328, "MUS": 1.708334185823328, "FSM": 1.708334185823328, "NRU": 1.708334185823328, "PLW": 1.708334185823328, "PNG": 1.708334185823328, "WSM": 1.708334185823328, "STP": 1.708334185823328, "SYC": 1.708334185823328, "SGP": 1.708334185823328, "SXM": 1.708334185823328, "SLB": 1.708334185823328, "KNA": 1.708334185823328, "VCT": 1.708334185823328, "LCA": 1.708334185823328, "SUR": 1.708334185823328, "TLS": 1.708334185823328, "TTO": 1.708334185823328, "TON": 1.708334185823328, "TUV": 1.708334185823328, "TCA": 1.708334185823328, "VUT": 1.708334185823328, "AIA": 1.708334185823328, "COK": 1.708334185823328, "MSR": 1.708334185823328, "NIU": 1.708334185823328, "TKL": 1.708334185823328}}, "upperIntervals": {"2015": {"ATG": 3.956362360286621, "ABW": 3.956362360286621, "BHS": 3.956362360286621, "BMU": 3.956362360286621, "BHR": 3.956362360286621, "BRB": 3.956362360286621, "BLZ": 3.956362360286621, "VGB": 3.956362360286621, "CPV": 3.956362360286621, "CYM": 3.956362360286621, "COM": 3.956362360286621, "CUB": 3.956362360286621, "CUW": 3.956362360286621, "DMA": 3.956362360286621, "DOM": 3.956362360286621, "FJI": 3.956362360286621, "GRD": 3.956362360286621, "GNB": 3.956362360286621, "GUY": 3.956362360286621, "HTI": 3.956362360286621, "JAM": 3.956362360286621, "KIR": 3.956362360286621, "MDV": 3.956362360286621, "MHL": 3.956362360286621, "MUS": 3.956362360286621, "FSM": 3.956362360286621, "NRU": 3.956362360286621, "PLW": 3.956362360286621, "PNG": 3.956362360286621, "WSM": 3.956362360286621, "STP": 3.956362360286621, "SYC": 3.956362360286621, "SGP": 3.956362360286621, "SXM": 3.956362360286621, "SLB": 3.956362360286621, "KNA": 3.956362360286621, "VCT": 3.956362360286621, "LCA": 3.956362360286621, "SUR": 3.956362360286621, "TLS": 3.956362360286621, "TTO": 3.956362360286621, "TON": 3.956362360286621, "TUV": 3.956362360286621, "TCA": 3.956362360286621, "VUT": 3.956362360286621, "AIA": 3.956362360286621, "COK": 3.956362360286621, "MSR": 3.956362360286621, "NIU": 3.956362360286621, "TKL": 3.956362360286621}}, "lowerIntervals": {"2015": {"ATG": 0.0406706502558729, "ABW": 0.0406706502558729, "BHS": 0.0406706502558729, "BMU": 0.0406706502558729, "BHR": 0.0406706502558729, "BRB": 0.0406706502558729, "BLZ": 0.0406706502558729, "VGB": 0.0406706502558729, "CPV": 0.0406706502558729, "CYM": 0.0406706502558729, "COM": 0.0406706502558729, "CUB": 0.0406706502558729, "CUW": 0.0406706502558729, "DMA": 0.0406706502558729, "DOM": 0.0406706502558729, "FJI": 0.0406706502558729, "GRD": 0.0406706502558729, "GNB": 0.0406706502558729, "GUY": 0.0406706502558729, "HTI": 0.0406706502558729, "JAM": 0.0406706502558729, "KIR": 0.0406706502558729, "MDV": 0.0406706502558729, "MHL": 0.0406706502558729, "MUS": 0.0406706502558729, "FSM": 0.0406706502558729, "NRU": 0.0406706502558729, "PLW": 0.0406706502558729, "PNG": 0.0406706502558729, "WSM": 0.0406706502558729, "STP": 0.0406706502558729, "SYC": 0.0406706502558729, "SGP": 0.0406706502558729, "SXM": 0.0406706502558729, "SLB": 0.0406706502558729, "KNA": 0.0406706502558729, "VCT": 0.0406706502558729, "LCA": 0.0406706502558729, "SUR": 0.0406706502558729, "TLS": 0.0406706502558729, "TTO": 0.0406706502558729, "TON": 0.0406706502558729, "TUV": 0.0406706502558729, "TCA": 0.0406706502558729, "VUT": 0.0406706502558729, "AIA": 0.0406706502558729, "COK": 0.0406706502558729, "MSR": 0.0406706502558729, "NIU": 0.0406706502558729, "TKL": 0.0406706502558729}}, "categoryImportances": {"2015": {"Environment": 0.0, "Economic Policy & Debt": 0.0, "Financial": 0.0}}, "featureImportances": {"2015": {"wdi2-NE.DAB.TOTL.CN": 0.0, "mvi-wdi-BX.KLT.DINV.WD.GD.ZS": 0.0, "mvi-wdi-BX.TRF.PWKR.DT.GD.ZS": 0.0, "wdi-AG.CON.FERT.ZS": 0.0, "wdi-AG.LND.AGRI.K2": 0.0, "wdi-AG.LND.AGRI.ZS": 0.0, "wdi-AG.LND.ARBL.HA.PC": 0.0, "wdi-AG.LND.ARBL.ZS": 0.0, "wdi-AG.LND.CREL.HA": 0.0, "wdi-AG.LND.CROP.ZS": 0.0}}, "performance": {"2015": 0.7588008705418479}}