{"data": {"2015": {"ATG": 81.41508795589979, "ABW": 66.58112526803664, "BHS": 67.66535273481205, "BMU": 81.71253119057268, "BHR": 86.8, "BRB": 60.25, "BLZ": 74.95, "VGB": 75.40696361417096, "CPV": 47.01, "CYM": 81.82, "COM": 60.92693833824705, "CUB": 56.88392628984253, "CUW": 76.4268222498355, "DMA": 53.06783745072771, "DOM": 72.3, "FJI": 60.466628549536615, "GRD": 65.70468502034645, "GNB": 67.10344272437148, "GUY": 64.49371243393047, "HTI": 71.76545490654604, "JAM": 63.3, "KIR": 46.94, "MDV": 78.4908120643721, "MHL": 64.84134538155149, "MUS": 70.67, "FSM": 72.3867307114838, "NRU": 78.4908120643721, "PLW": 76.79798571717262, "PNG": 68.39410627510244, "WSM": 52.33533312065506, "STP": 59.02309288959477, "SYC": 72.62, "SGP": 73.9, "SXM": 82.12362086357405, "SLB": 60.46913298732682, "KNA": 76.01573257683413, "VCT": 58.79361944253441, "LCA": 74.19557003263687, "SUR": 69.38, "TLS": 54.799200390898825, "TTO": 69.18, "TON": 63.308335938445445, "TUV": 77.4871838959356, "TCA": 78.27530040409269, "VUT": 56.89130004201332, "AIA": 74.17556573306045, "COK": 74.17556573306045, "MSR": 74.17556573306045, "NIU": 74.17556573306045, "TKL": 74.17556573306045}, "2020": {"ASM": 59.5825833579507, "ATG": 57.66879033057585, "ABW": 63.14557248764952, "BHS": 71.5801354986706, "BRB": 54.327991640198945, "BLZ": 58.835948898176895, "VGB": 64.43472074441353, "CPV": 52.92377660238942, "COM": 60.693116354304294, "CUB": 63.31128219625495, "CUW": 54.15359841843447, "DMA": 53.02701989425352, "DOM": 70.41512673134949, "FJI": 71.3348905073428, "PYF": 60.693116354304294, "GRD": 59.976488346250676, "GUM": 71.144470222255, "GNB": 53.12001430511485, "GUY": 72.00441586777089, "HTI": 56.729556599557874, "JAM": 60.34355907000743, "KIR": 55.91506767049527, "MDV": 73.43333109719467, "MHL": 63.14030122896055, "MUS": 61.40131024322272, "FSM": 60.693116354304294, "NRU": 65.5589137524458, "NCL": 60.1153736730186, "MNP": 64.83980879592514, "PLW": 56.8572255417172, "PNG": 60.693116354304294, "PRI": 62.672536176389734, "KNA": 54.96084887879779, "LCA": 72.10153439637523, "VCT": 59.02622816918695, "WSM": 60.693116354304294, "STP": 72.577499869183, "SYC": 55.29732823454223, "SGP": 59.874585661770325, "SXM": 63.49063579444835, "SLB": 60.35424619118046, "SUR": 60.17063838039072, "TLS": 61.589817695921774, "TON": 67.339867537557, "TTO": 64.11313097697209, "TUV": 53.12001430511485, "VIR": 61.08156401783119, "VUT": 60.35424619118046, "AIA": 64.75949201545413, "COK": 64.75949201545413, "MSR": 64.75949201545413, "NIU": 64.75949201545413}}, "upperIntervals": {"2015": {"ATG": 96.73374883510073, "ABW": 81.89978614723756, "BHS": 82.98401361401297, "BMU": 97.0311920697736, "VGB": 90.72562449337188, "COM": 76.24559921744796, "CUB": 72.20258716904344, "CUW": 91.74548312903642, "DMA": 68.38649832992863, "FJI": 75.78528942873753, "GRD": 81.02334589954737, "GNB": 82.4221036035724, "GUY": 79.81237331313139, "HTI": 87.08411578574696, "MDV": 93.809472943573, "MHL": 80.16000626075241, "FSM": 87.70539159068473, "NRU": 93.809472943573, "PLW": 92.11664659637354, "PNG": 83.71276715430336, "WSM": 67.65399399985597, "STP": 74.34175376879568, "SXM": 97.44228174277497, "SLB": 75.78779386652774, "KNA": 91.33439345603504, "VCT": 74.11228032173533, "LCA": 89.51423091183779, "TLS": 70.11786127009974, "TON": 78.62699681764636, "TUV": 92.80584477513652, "TCA": 93.5939612832936, "VUT": 72.20996092121423, "AIA": 89.49422661226137, "COK": 89.49422661226137, "MSR": 89.49422661226137, "NIU": 89.49422661226137, "TKL": 89.49422661226137}, "2020": {"ASM": 66.06731120194972, "ATG": 64.15351817457487, "ABW": 69.63030033164854, "BHS": 78.06486334266963, "BRB": 60.81271948419796, "BLZ": 65.32067674217592, "VGB": 70.91944858841255, "CPV": 59.408504446388434, "COM": 67.17784419830332, "CUB": 69.79601004025398, "CUW": 60.63832626243349, "DMA": 59.51174773825254, "DOM": 76.89985457534851, "FJI": 77.81961835134183, "PYF": 67.17784419830332, "GRD": 66.4612161902497, "GUM": 77.62919806625402, "GNB": 59.60474214911387, "GUY": 78.48914371176991, "HTI": 63.21428444355689, "JAM": 66.82828691400645, "KIR": 62.399795514494286, "MDV": 79.91805894119369, "MHL": 69.62502907295958, "MUS": 67.88603808722173, "FSM": 67.17784419830332, "NRU": 72.04364159644483, "NCL": 66.60010151701762, "MNP": 71.32453663992416, "PLW": 63.34195338571622, "PNG": 67.17784419830332, "PRI": 69.15726402038875, "KNA": 61.44557672279681, "LCA": 78.58626224037425, "VCT": 65.51095601318598, "WSM": 67.17784419830332, "STP": 79.06222771318203, "SYC": 61.782056078541245, "SGP": 66.35931350576935, "SXM": 69.97536363844738, "SLB": 66.83897403517948, "SUR": 66.65536622438974, "TLS": 68.07454553992079, "TON": 73.82459538155602, "TTO": 70.59785882097111, "TUV": 59.60474214911387, "VIR": 67.56629186183021, "VUT": 66.83897403517948, "AIA": 71.24421985945315, "COK": 71.24421985945315, "MSR": 71.24421985945315, "NIU": 71.24421985945315}}, "lowerIntervals": {"2015": {"ATG": 63.26103104676774, "ABW": 48.42706835890459, "BHS": 49.51129582568, "BMU": 63.558474281440624, "VGB": 57.25290670503891, "COM": 42.772881429115, "CUB": 38.72986938071048, "CUW": 58.27276534070344, "DMA": 34.913780541595656, "FJI": 42.31257164040456, "GRD": 47.5506281112144, "GNB": 48.949385815239424, "GUY": 46.33965552479842, "HTI": 53.61139799741399, "MDV": 60.33675515524004, "MHL": 46.68728847241944, "FSM": 54.23267380235176, "NRU": 60.33675515524004, "PLW": 58.64392880804057, "PNG": 50.24004936597039, "WSM": 34.181276211523006, "STP": 40.86903598046272, "SXM": 63.969563954442, "SLB": 42.31507607819477, "KNA": 57.86167566770207, "VCT": 40.63956253340236, "LCA": 56.041513123504814, "TLS": 36.64514348176677, "TON": 45.15427902931339, "TUV": 59.33312698680355, "TCA": 60.12124349496064, "VUT": 38.73724313288127, "AIA": 56.0215088239284, "COK": 56.0215088239284, "MSR": 56.0215088239284, "NIU": 56.0215088239284, "TKL": 56.0215088239284}, "2020": {"ASM": 54.07046989124207, "ATG": 52.15667686386722, "ABW": 57.63345902094089, "BHS": 66.06802203196197, "BRB": 48.81587817349032, "BLZ": 53.32383543146827, "VGB": 58.9226072777049, "CPV": 47.41166313568078, "COM": 55.18100288759567, "CUB": 57.799168729546324, "CUW": 48.64148495172584, "DMA": 47.51490642754489, "DOM": 64.90301326464086, "FJI": 65.82277704063418, "PYF": 55.18100288759567, "GRD": 54.46437487954205, "GUM": 65.63235675554637, "GNB": 47.60790083840622, "GUY": 66.49230240106226, "HTI": 51.21744313284924, "JAM": 54.8314456032988, "KIR": 50.402954203786635, "MDV": 67.92121763048604, "MHL": 57.628187762251926, "MUS": 55.88919677651408, "FSM": 55.18100288759567, "NRU": 60.04680028573718, "NCL": 54.60326020630997, "MNP": 59.32769532921651, "PLW": 51.34511207500857, "PNG": 55.18100288759567, "PRI": 57.1604227096811, "KNA": 49.448735412089164, "LCA": 66.5894209296666, "VCT": 53.514114702478324, "WSM": 55.18100288759567, "STP": 67.06538640247437, "SYC": 49.785214767833594, "SGP": 54.3624721950617, "SXM": 57.978522327739725, "SLB": 54.842132724471824, "SUR": 54.658524913682086, "TLS": 56.07770422921314, "TON": 61.82775407084837, "TTO": 58.60101751026346, "TUV": 47.60790083840622, "VIR": 55.56945055112256, "VUT": 54.842132724471824, "AIA": 59.2473785487455, "COK": 59.2473785487455, "MSR": 59.2473785487455, "NIU": 59.2473785487455}}, "categoryImportances": {"2015": {"Environment": 1006.3280703723431, "Economic Policy & Debt": 71.57644514739513}, "2020": {"Economic Policy & Debt": 10.430297568440437, "Infrastructure": 3.403611581772566, "Social Protection & Labor": 245.25364188291132}}, "featureImportances": {"2015": {"wdi2-NY.GDP.MKTP.CN": 71.57644514739513, "wdi-AG.LND.TOTL.K2": 189.8757835254073, "wdi-AG.SRF.TOTL.K2": 49.655615009367466, "wdi-EG.ELC.ACCS.UR.ZS": 96.33272182941435, "wdi-EG.ELC.ACCS.ZS": 48.69546601176262, "wdi-EG.ELC.RNEW.ZS": 101.2912637218833, "wdi-EG.FEC.RNEW.ZS": 190.399858340621, "wdi-EN.POP.DNST": 155.43175385147333, "wdi2-NY.GDP.FRST.RT.ZS": 140.18416818976402, "wdi2-NY.GDP.MINR.RT.ZS": 34.46143989264965}, "2020": {"wdi2-NE.DAB.TOTL.CN": 4.01259246841073,