{"data": {"2015": {"ATG": 6.726601416572908, "ABW": 22.6272497934646, "BHS": 24.45632677636349, "BMU": 15.012747185107752, "BHR": 26.570248601711064, "BRB": 30.82, "BLZ": 25.51, "VGB": 25.984309082360983, "CPV": 65.34, "CYM": 11.41, "COM": 37.86122761371845, "CUB": 27.332188667702955, "CUW": 18.318771746721065, "DMA": 28.70798517379421, "DOM": 24.45, "FJI": 37.55860471850237, "GRD": 15.052004024301729, "GNB": 44.44541405204247, "GUY": 30.77584009551439, "HTI": 25.185745564580493, "JAM": 41.28, "KIR": 7.45, "MDV": 28.167077929999525, "MHL": 27.27172050307036, "MUS": 31.24, "FSM": 28.69244110686243, "NRU": 33.66597446757569, "PLW": 30.71328377360563, "PNG": 19.725760218932184, "WSM": 38.15255307183584, "STP": 28.01600856193956, "SYC": 15.73, "SGP": 11.17, "SXM": 21.08966923527824, "SLB": 44.93230788561349, "KNA": 14.98906260062827, "VCT": 13.712655412266663, "LCA": 23.96773462833237, "SUR": 21.87, "TLS": 33.10783505288462, "TTO": 6.74, "TON": 1.830098905795448, "TUV": 16.251698198412612, "TCA": 30.26901052817695, "VUT": 48.49765658584463, "AIA": 17.287973396685473, "COK": 17.287973396685473, "MSR": 17.287973396685473, "NIU": 17.287973396685473, "TKL": 17.287973396685473}, "2020": {"ASM": 29.233939499459407, "ATG": 39.963174008073146, "ABW": 12.158629615269732, "BHS": 31.538730433238346, "BRB": 46.77716918176624, "BLZ": 33.790183638662675, "VGB": 1.8501895524406946, "CPV": 40.26281407237538, "COM": 39.792446713673975, "CUB": 15.718433723955338, "CUW": 19.84120698238043, "DMA": 41.53708407850651, "DOM": 20.73295064687359, "FJI": 30.919472982795224, "PYF": 39.792446713673975, "GRD": 32.00767793475377, "GUM": 38.94933219926362, "GNB": 36.03893828192492, "GUY": 25.382511672666137, "HTI": 36.47634878498322, "JAM": 33.91892297261309, "KIR": 32.22873731730291, "MDV": 31.165831495837537, "MHL": 17.07869296757014, "MUS": 32.821002442464895, "FSM": 29.110646676389297, "NRU": 14.430168276838476, "NCL": 44.699152291235606, "MNP": 23.130485576700682, "PLW": 36.107397729519874, "PNG": 39.047420304872716, "PRI": 20.228828273440048, "KNA": 25.15574294982118, "LCA": 38.651524782454636, "VCT": 53.68821124041884, "WSM": 41.27671570440771, "STP": 37.88115126620861, "SYC": 31.48007666833852, "SGP": 6.998449252554398, "SXM": 19.70269817556526, "SLB": 30.81725852068367, "SUR": 35.45098572178273, "TLS": 32.62604942046329, "TON": 39.792446713673975, "TTO": 25.281284141029367, "TUV": 37.5002945987093, "VIR": 27.98927984966106, "VUT": 29.551824042478295, "AIA": 15.229176146353533, "COK": 15.229176146353533, "MSR": 15.229176146353533, "NIU": 15.229176146353533}}, "upperIntervals": {"2015": {"ATG": 32.964139439243866, "ABW": 48.86478781613556, "BHS": 50.69386479903444, "BMU": 41.25028520777871, "BHR": 52.80778662438202, "VGB": 52.22184710503194, "COM": 64.0987656363894, "CUB": 53.56972669037391, "CUW": 44.556309769392016, "DMA": 54.94552319646517, "FJI": 63.79614274117333, "GRD": 41.28954204697269, "GNB": 70.68295207471343, "GUY": 57.013378118185344, "HTI": 51.42328358725145, "MDV": 54.40461595267048, "MHL": 53.50925852574132, "FSM": 54.929979129533386, "NRU": 59.90351249024664, "PLW": 56.950821796276585, "PNG": 45.96329824160314, "WSM": 64.3900910945068, "STP": 54.25354658461051, "SXM": 47.3272072579492, "SLB": 71.16984590828444, "KNA": 41.22660062329923, "VCT": 39.95019343493762, "LCA": 50.20527265100333, "TLS": 59.34537307555557, "TON": 28.067636928466406, "TUV": 42.48923622108357, "TCA": 56.50654855084791, "VUT": 74.73519460851558, "AIA": 43.525511419356434, "COK": 43.525511419356434, "MSR": 43.525511419356434, "NIU": 43.525511419356434, "TKL": 43.525511419356434}, "2020": {"ASM": 48.72122341916024, "ATG": 59.45045792777398, "ABW": 31.645913534970564, "BHS": 51.02601435293918, "BRB": 66.26445310146707, "BLZ": 53.27746755836351, "VGB": 21.33747347214153, "CPV": 59.750097992076206, "COM": 59.27973063337481, "CUB": 35.20571764365617, "CUW": 39.32849090208126, "DMA": 61.02436799820734, "DOM": 40.22023456657442, "FJI": 50.406756902496056, "PYF": 59.27973063337481, "GRD": 51.4949618544546, "GUM": 58.43661611896445, "GNB": 55.52622220162576, "GUY": 44.86979559236697, "HTI": 55.96363270468406, "JAM": 53.40620689231392, "KIR": 51.716021237003744, "MDV": 50.653115415538366, "MHL": 36.56597688727098, "MUS": 52.30828636216573, "FSM": 48.59793059609013, "NRU": 33.91745219653931, "NCL": 64.18643621093644, "MNP": 42.617769496401515, "PLW": 55.5946816492207, "PNG": 58.534704224573545, "PRI": 39.71611219314088, "KNA": 44.64302686952202, "LCA": 58.13880870215547, "VCT": 73.17549516011967, "WSM": 60.763999624108536, "STP": 57.36843518590945, "SYC": 50.967360588039355, "SGP": 26.48573317225523, "SXM": 39.18998209526609, "SLB": 50.3045424403845, "SUR": 54.93826964148356, "TLS": 52.11333334016412, "TON": 59.27973063337481, "TTO": 44.7685680607302, "TUV": 56.98757851841013, "VIR": 47.47656376936189, "VUT": 49.03910796217913, "AIA": 34.71646006605437, "COK": 34.71646006605437, "MSR": 34.71646006605437, "NIU": 34.71646006605437}}, "lowerIntervals": {"2015": {"ATG": -13.109141508516563, "ABW": 2.7915068683751265, "BHS": 4.620583851274013, "BMU": -4.822995739981721, "BHR": 6.734505676621591, "VGB": 6.14856615727151, "COM": 18.02548468862897, "CUB": 7.496445742613481, "CUW": -1.5169711783684114, "DMA": 8.872242248704737, "FJI": 17.7228617934129, "GRD": -4.783738900787744, "GNB": 24.609671126953, "GUY": 10.940097170424917, "HTI": 5.35000263949102, "MDV": 8.331335004910052, "MHL": 7.435977577980886, "FSM": 8.856698181772956, "NRU": 13.830231542486214, "PLW": 10.877540848516158, "PNG": -0.1099827061572895, "WSM": 18.316810146746366, "STP": 8.18026563685008, "SXM": 1.2539263101887634, "SLB": 25.096564960524017, "KNA": -4.846680324461204, "VCT": -6.12308751282281, "LCA": 4.1319917032428926, "TLS": 13.272092127795144, "TON": -18.005644019294024, "TUV": -3.5840447266768614, "TCA": 10.433267603087476, "VUT": 28.66191366075516, "AIA": -2.5477695284040003, "COK": -2.5477695284040003, "MSR": -2.5477695284040003, "NIU": -2.5477695284040003, "TKL": -2.5477695284040003}, "2020": {"ASM": 15.030725541884877, "ATG": 25.759960050498616, "ABW": -2.0445843423047982, "BHS": 17.335516475663816, "BRB": 32.57395522419171, "BLZ": 19.586969681088146, "VGB": -12.353024405133835, "CPV": 26.059600114800848, "COM": 25.589232756099445, "CUB": 1.5152197663808078, "CUW": 5.637993024805901, "DMA": 27.33387012093198, "DOM": 6.52973668929906, "FJI": 16.716259025220694, "PYF": 25.589232756099445, "GRD": 17.804463977179243, "GUM": 24.746118241689093, "GNB": 21.83572432435039, "GUY": 11.179297715091607, "HTI": 22.273134827408693, "JAM": 19.71570901503856, "KIR": 18.02552335972838, "MDV": 16.962617538263007, "MHL": 2.875479009995612, "MUS": 18.617788484890365, "FSM": 14.907432718814768, "NRU": 0.22695431926394605, "NCL": 30.495938333661076, "MNP": 8.927271619126152, "PLW": 21.904183771945345, "PNG": 24.844206347298186, "PRI": 6.025614315865518, "KNA": 10.952528992246652, "LCA": 24.448310824880107, "VCT": 39.484997282844304, "WSM": 27.073501746833177, "STP": 23.677937308634082, "SYC": 17.27686271076399, "SGP": -7.204764705020132, "SXM": 5.49948421799073, "SLB": 16.61404456310914, "SUR": 21.2477717642082, "TLS": 18.42283546288876, "TON": 25.589232756099445, "TTO": 11.078070183454837, "TUV": 23.297080641134773, "VIR": 13.78606589208653, "VUT": 15.348610084903765, "AIA": 1.025962188779003, "COK": 1.025962188779003, "MSR": 1.025962188779003, "NIU": 1.025962188779003}}, "categoryImportances": {"2015": {"Environment": 1807.0476782917976, "Financial Sector": 161.2625885605812, "Economic Policy & Debt": 194.0763607621193}, "2020": {"Economic Policy & Debt": 93.6382007598877, "Infrastructure": 103.58971305564046, "Social Protection & Labor": 622.2962893806398}}, "featureImportances": {"2015": {"wdi2-NY.GDP.MKTP.CN": 194.0763607621193, "wdi-AG.LND.TOTL.K2": 466.7159945368767, "wdi-AG.SRF.TOTL.K2": 54.18304967880249, "wdi-EG.ELC.ACCS.UR.ZS": 42.68212175369263, "wdi-EG.ELC.ACCS.ZS": 322.9697143435478, "wdi-EG.ELC.RNEW.ZS": 304.9571028649807,