{"ssi-enwi": {"data": {"2020": {"ATG": 4.481933505354196, "ABW": 4.086528156512252, "BHS": 3.476136283405688, "BHR": 3.7039775065327607, "BRB": 4.271147085718324, "BLZ": 3.1546825801485645, "BMU": 2.3900355764377124, "VGB": 4.146429513415543, "CPV": 2.32201067569838, "CYM": 2.7387518799857578, "COM": 2.8976248814866654, "COK": 2.901897346410146, "CUB": 5.779673396001648, "DMA": 4.151429463149613, "DOM": 4.431029844078696, "FJI": 2.408369811787085, "GRD": 4.891228768881728, "GNB": 5.13677044424936, "GUY": 3.3132444431508707, "HTI": 3.816809977617323, "JAM": 5.685131425198248, "KIR": 2.407278165222164, "MDV": 3.3118092821062843, "MHL": 3.25, "MUS": 3.640748644749137, "FSM": 3.2664976797978227, "NRU": 3.8937407695041686, "PLW": 1.7923913043478343, "PNG": 4.022717540084611, "WSM": 2.1537799202359973, "STP": 4.35604164946546, "SYC": 2.6695016327759653, "SGP": 2.897156242835857, "SLB": 2.153784235268172, "KNA": 3.932544901873981, "LCA": 3.899732512136152, "VCT": 3.192791500531288, "SUR": 5.297425582603674, "TLS": 4.283028336472845, "TON": 2.966698994913572, "TTO": 3.708375958112613, "TCA": 2.387261790607702, "TUV": 8.225562234421457, "VUT": 2.966674611834723}, "recentValue": {"ATG": 4.481933505354196, "ABW": 4.086528156512252, "BHS": 3.476136283405688, "BMU": 2.3900355764377124, "BHR": 3.7039775065327607, "BRB": 4.271147085718324, "BLZ": 3.1546825801485645, "VGB": 4.146429513415543, "CPV": 2.32201067569838, "CYM": 2.7387518799857578, "COM": 2.8976248814866654, "CUB": 5.779673396001648, "DMA": 4.151429463149613, "DOM": 4.431029844078696, "FJI": 2.408369811787085, "GRD": 4.891228768881728, "GNB": 5.13677044424936, "GUY": 3.3132444431508707, "HTI": 3.816809977617323, "JAM": 5.685131425198248, "KIR": 2.407278165222164, "MDV": 3.3118092821062843, "MHL": 3.25, "MUS": 3.640748644749137, "FSM": 3.2664976797978227, "NRU": 3.8937407695041686, "PLW": 1.7923913043478343, "PNG": 4.022717540084611, "WSM": 2.1537799202359973, "STP": 4.35604164946546, "SYC": 2.6695016327759653, "SGP": 2.897156242835857, "SLB": 2.153784235268172, "KNA": 3.932544901873981, "VCT": 3.192791500531288, "LCA": 3.899732512136152, "SUR": 5.297425582603674, "TLS": 4.283028336472845, "TTO": 3.708375958112613, "TON": 2.966698994913572, "TUV": 8.225562234421457, "TCA": 2.387261790607702, "VUT": 2.966674611834723, "COK": 2.901897346410146}, "recentYear": {"ATG": "2020", "ABW": "2020", "BHS": "2020", "BMU": "2020", "BHR": "2020", "BRB": "2020", "BLZ": "2020", "VGB": "2020", "CPV": "2020", "CYM": "2020", "COM": "2020", "CUB": "2020", "DMA": "2020", "DOM": "2020", "FJI": "2020", "GRD": "2020", "GNB": "2020", "GUY": "2020", "HTI": "2020", "JAM": "2020", "KIR": "2020", "MDV": "2020", "MHL": "2020", "MUS": "2020", "FSM": "2020", "NRU": "2020", "PLW": "2020", "PNG": "2020", "WSM": "2020", "STP": "2020", "SYC": "2020", "SGP": "2020", "SLB": "2020", "KNA": "2020", "VCT": "2020", "LCA": "2020", "SUR": "2020", "TLS": "2020", "TTO": "2020", "TON": "2020", "TUV": "2020", "TCA": "2020", "VUT": "2020", "COK": "2020"}}, "def": "A geometric average of the composite scores for natural resources and climate and energy.", "name": "Environmental Wellbeing Index", "source": "Sustainable Society Foudnation", "dataset": "Sustainable Society Foudnation", "category": "Environmental Wellbeing", "subcategory": "None", "link": "https://ssi.wi.th-koeln.de/ssi-final.html", "dim": "none", "priority": "1.0", "units": "Score"}, "confidenceIntervals": {"2020": {"ATG": 4.481933505354196, "BHR": 0.37039775065327607, "CPV": 0.232201067569838, "CUB": 0.5779673396001648, "GRD": 1.222807192220432, "MDV": 3.3118092821062843, "PNG": 0.4022717540084611}, "recentValue": {"ATG": 0.44819335053541964, "BHS": 3.476136283405688, "BHR": 0.5291396437903944, "CYM": 0.2738751879985758, "DMA": 0.5930613518785162, "DOM": 1.107757461019674, "MDV": 3.3118092821062843, "PNG": 1.0056793850211527, "WSM": 2.1537799202359973, "STP": 1.089010412366365, "SGP": 0.41387946326226527, "SLB": 2.153784235268172, "KNA": 0.9831362254684952, "TTO": 0.3708375958112613}}, "featureImportances": {"indicators": {"hdr-46006": 0.917, "wdi-BX.GSR.TOTL.CD": 0.412, "ldc-VIC-Value": 0.145, "unicef-ncwh10": 0.285, "wdi2-SH.STA.OWGH.MA.ZS": 0.071, "hdr-170006": 0.611, "wdi-IP.IDS.NRCT": 0.764, "ihme-contact-dermatitis": 0.409, "unicef-e5": 0.809, "hdr-185206": 0.448}, "categories": {"Health": 0.256, "Oral disorders": 0.448, "Child Protection": 0.849, "Animal contact": 0.716}}}