{"ssi-hwi": {"data": {"2020": {"ATG": 7.930390146885755, "ABW": 7.778661903312392, "BHS": 7.7825208215079344, "BHR": 5.886281155701282, "BRB": 8.609692080328688, "BLZ": 6.736391512450678, "BMU": 9.700078350087308, "VGB": 6.527870502453334, "CPV": 7.197495652071677, "CYM": 5.392802253998255, "COM": 4.094167816496554, "CUB": 8.000961636515424, "DMA": 7.615481641614536, "DOM": 6.88906906753623, "FJI": 7.744477217429317, "GRD": 8.382438076283444, "GNB": 2.945359725363083, "GUY": 7.641327177818542, "HTI": 4.654316196183592, "JAM": 7.767417044864606, "KIR": 6.361251037142695, "MDV": 5.447537738927073, "MHL": 7.070134194257671, "MUS": 7.941778588732044, "FSM": 6.861033967100501, "NRU": 4.923249986233385, "PLW": 7.9826770884585105, "PNG": 3.3076249243900646, "WSM": 8.38666755516659, "STP": 4.475665172218432, "SYC": 7.25882880941891, "SGP": 8.456155069722236, "SLB": 4.475011485241752, "KNA": 6.131714657549513, "LCA": 7.991826077182912, "VCT": 8.232671860251223, "SUR": 7.312927400947636, "TLS": 5.664089742299452, "TON": 8.095378680686467, "TTO": 8.02570336332083, "TCA": 3.585127218002972, "TUV": 6.989373051594165, "VUT": 4.802481909547132}, "recentValue": {"ATG": 7.930390146885755, "ABW": 7.778661903312392, "BHS": 7.7825208215079344, "BMU": 9.700078350087308, "BHR": 5.886281155701282, "BRB": 8.609692080328688, "BLZ": 6.736391512450678, "VGB": 6.527870502453334, "CPV": 7.197495652071677, "CYM": 5.392802253998255, "COM": 4.094167816496554, "CUB": 8.000961636515424, "DMA": 7.615481641614536, "DOM": 6.88906906753623, "FJI": 7.744477217429317, "GRD": 8.382438076283444, "GNB": 2.945359725363083, "GUY": 7.641327177818542, "HTI": 4.654316196183592, "JAM": 7.767417044864606, "KIR": 6.361251037142695, "MDV": 5.447537738927073, "MHL": 7.070134194257671, "MUS": 7.941778588732044, "FSM": 6.861033967100501, "NRU": 4.923249986233385, "PLW": 7.9826770884585105, "PNG": 3.3076249243900646, "WSM": 8.38666755516659, "STP": 4.475665172218432, "SYC": 7.25882880941891, "SGP": 8.456155069722236, "SLB": 4.475011485241752, "KNA": 6.131714657549513, "VCT": 8.232671860251223, "LCA": 7.991826077182912, "SUR": 7.312927400947636, "TLS": 5.664089742299452, "TTO": 8.02570336332083, "TON": 8.095378680686467, "TUV": 6.989373051594165, "TCA": 3.585127218002972, "VUT": 4.802481909547132}, "recentYear": {"ATG": "2020", "ABW": "2020", "BHS": "2020", "BMU": "2020", "BHR": "2020", "BRB": "2020", "BLZ": "2020", "VGB": "2020", "CPV": "2020", "CYM": "2020", "COM": "2020", "CUB": "2020", "DMA": "2020", "DOM": "2020", "FJI": "2020", "GRD": "2020", "GNB": "2020", "GUY": "2020", "HTI": "2020", "JAM": "2020", "KIR": "2020", "MDV": "2020", "MHL": "2020", "MUS": "2020", "FSM": "2020", "NRU": "2020", "PLW": "2020", "PNG": "2020", "WSM": "2020", "STP": "2020", "SYC": "2020", "SGP": "2020", "SLB": "2020", "KNA": "2020", "VCT": "2020", "LCA": "2020", "SUR": "2020", "TLS": "2020", "TTO": "2020", "TON": "2020", "TUV": "2020", "TCA": "2020", "VUT": "2020"}}, "def": "A geometric average of the composite scores for basic needs, personal development and health, and a well-balanced society.", "name": "Human Wellbeing Index", "source": "Sustainable Society Foudnation", "dataset": "Sustainable Society Foudnation", "category": "Human Wellbeing", "subcategory": "None", "link": "https://ssi.wi.th-koeln.de/ssi-final.html", "dim": "none", "priority": "1.0", "units": "Score"}, "confidenceIntervals": {"2020": {"ABW": 0.7778661903312392, "VGB": 0.9325529289219049, "CPV": 1.7993739130179192, "DOM": 6.88906906753623, "HTI": 0.6649023137405131, "JAM": 0.7767417044864606, "MUS": 7.941778588732044, "PLW": 7.9826770884585105, "PNG": 0.33076249243900646, "SYC": 7.25882880941891, "SLB": 0.639287355034536, "TTO": 1.1465290519029756, "TUV": 6.989373051594165, "VUT": 4.802481909547132}, "recentValue": {"BHS": 0.7782520821507934, "CPV": 1.7993739130179192, "CUB": 0.8000961636515423, "GRD": 8.382438076283444, "GUY": 1.9103317944546354, "JAM": 1.9418542612161516, "MHL": 0.7070134194257671, "PLW": 7.9826770884585105, "PNG": 3.3076249243900646, "VUT": 0.6860688442210189}}, "featureImportances": {"indicators": {"hdr-135006": 0.69, "wdi2-SL.UEM.TOTL.FE.NE.ZS": 0.419, "wdi2-SL.AGR.0714.FE.ZS": 0.439, "ihme-non-melanoma-skin-cancer": 0.301, "ndgain-id_habi_02-score": 0.448, "wdi-BM.GSR.GNFS.CD": 0.621, "unicef-hivaidse3": 0.918, "wdi2-SE.PRM.NENR": 0.411, "ihme-diarrheal-diseases": 0.178, "wdi2-SP.POP.5559.FE.5Y": 0.351}, "categories": {"Musculoskeletal disorders": 0.789, "Nutrition: Breastfeeding and Diets": 0.451, "Exposure to mechanical forces": 0.801, "Results": 0.611}}}