{"ssi-e": {"data": {"2020": {"ATG": 7.346204491512087, "ABW": 9.278128980228288, "BHS": 5.841653075739296, "BHR": 9.484133384163204, "BRB": 4.955108337279168, "BLZ": 4.433001847388989, "CPV": 3.2566004508763164, "CYM": 9.990271720081225, "COM": 3.4922153435316163, "CUB": 8.43664812573476, "DMA": 5.303906598765261, "DOM": 6.782413568273775, "FJI": 6.22662008532755, "GRD": 6.615071237753423, "GNB": 3.1527137055285026, "GUY": 3.683627845041918, "HTI": 1.7308572192064895, "JAM": 3.848815464749117, "KIR": 1.4552717148493322, "MDV": 6.201382841402568, "MHL": 2.278908991783334, "MUS": 5.905190246199699, "FSM": 2.133697413321637, "NRU": 5.105986789755329, "PLW": 6.969136985500387, "PNG": 4.473531848950687, "WSM": 3.90308262769527, "STP": 2.494878963280899, "SYC": 6.098079946414437, "SGP": 8.105842537005207, "SLB": 3.76363320347664, "KNA": 8.17586507627742, "LCA": 2.7712180990618864, "VCT": 2.884311080537976, "SUR": 5.720333195577801, "TLS": 3.5234037877048743, "TON": 5.580606056482052, "TTO": 7.96124044315843, "TCA": 8.191050591546468, "TUV": 2.3410461055485445, "VUT": 3.5236594308477502}, "recentValue": {"ATG": 7.346204491512087, "ABW": 9.278128980228288, "BHS": 5.841653075739296, "BMU": "No Data", "BHR": 9.484133384163204, "BRB": 4.955108337279168, "BLZ": 4.433001847388989, "VGB": "No Data", "CPV": 3.2566004508763164, "CYM": 9.990271720081225, "COM": 3.4922153435316163, "CUB": 8.43664812573476, "CUW": "No Data", "DMA": 5.303906598765261, "DOM": 6.782413568273775, "FJI": 6.22662008532755, "GRD": 6.615071237753423, "GNB": 3.1527137055285026, "GUY": 3.683627845041918, "HTI": 1.7308572192064895, "JAM": 3.848815464749117, "KIR": 1.4552717148493322, "MDV": 6.201382841402568, "MHL": 2.278908991783334, "MUS": 5.905190246199699, "FSM": 2.133697413321637, "NRU": 5.105986789755329, "PLW": 6.969136985500387, "PNG": 4.473531848950687, "WSM": 3.90308262769527, "STP": 2.494878963280899, "SYC": 6.098079946414437, "SGP": 8.105842537005207, "SXM": "No Data", "SLB": 3.76363320347664, "KNA": 8.17586507627742, "VCT": 2.884311080537976, "LCA": 2.7712180990618864, "SUR": 5.720333195577801, "TLS": 3.5234037877048743, "TTO": 7.96124044315843, "TON": 5.580606056482052, "TUV": 2.3410461055485445, "TCA": 8.191050591546468, "VUT": 3.5236594308477502, "AIA": "No Data", "COK": "No Data", "MSR": "No Data", "TKL": "No Data", "NIU": "No Data"}, "recentYear": {"ATG": "2020", "ABW": "2020", "BHS": "2020", "BMU": "Any years", "BHR": "2020", "BRB": "2020", "BLZ": "2020", "VGB": "Any years", "CPV": "2020", "CYM": "2020", "COM": "2020", "CUB": "2020", "CUW": "Any years", "DMA": "2020", "DOM": "2020", "FJI": "2020", "GRD": "2020", "GNB": "2020", "GUY": "2020", "HTI": "2020", "JAM": "2020", "KIR": "2020", "MDV": "2020", "MHL": "2020", "MUS": "2020", "FSM": "2020", "NRU": "2020", "PLW": "2020", "PNG": "2020", "WSM": "2020", "STP": "2020", "SYC": "2020", "SGP": "2020", "SXM": "Any years", "SLB": "2020", "KNA": "2020", "VCT": "2020", "LCA": "2020", "SUR": "2020", "TLS": "2020", "TTO": "2020", "TON": "2020", "TUV": "2020", "TCA": "2020", "VUT": "2020", "AIA": "Any years", "COK": "Any years", "MSR": "Any years", "TKL": "Any years", "NIU": "Any years"}}, "def": "A geometric average of the scores for GDP, employment, and public debt.", "name": "Economy", "source": "World Bank", "dataset": "World Bank", "category": "Economic Wellbeing", "subcategory": "Economy", "link": "https://ssi.wi.th-koeln.de/ssi-final.html", "dim": "none", "priority": "2.0", "units": "Score"}}