{"ssi-13-fh": {"data": {"2020": {"ATG": 9.97995371108824, "ABW": 9.962931071487706, "BHS": 9.899308158929625, "BHR": 8.5736521424198, "BRB": 9.954944869567017, "BLZ": 9.972135679044433, "BMU": 9.978663978406598, "VGB": 9.995148805664003, "CPV": 9.971125529570823, "CYM": 9.979734857686292, "COM": 9.992936756170112, "COK": 9.997112198970289, "CUB": 9.276330163776196, "DMA": 9.99458161499147, "DOM": 9.30309297094753, "FJI": 9.92314797837952, "GRD": 9.990943064717891, "GNB": 9.990588586792434, "GUY": 9.936357841683956, "HTI": 9.904712339120271, "JAM": 9.77049257871742, "KIR": 9.998074949252006, "MDV": 9.950712132738394, "MUS": 9.818920526951876, "FSM": 9.996538517, "NRU": 9.998060407980232, "PNG": 9.809433343608, "WSM": 9.990885254170015, "STP": 9.995385003419695, "SYC": 9.964188289179395, "SGP": 2.67641157323614, "SLB": 9.990945303589122, "KNA": 9.992460134956332, "LCA": 9.986232117510124, "VCT": 9.992193206128752, "SUR": 9.9194713158452, "TLS": 9.985469247509688, "TON": 9.995217187436175, "TTO": 8.242953950540226, "TCA": 9.993481825000122, "TUV": 10.0, "VUT": 9.99488859169441}, "recentValue": {"ATG": 9.97995371108824, "ABW": 9.962931071487706, "BHS": 9.899308158929625, "BMU": 9.978663978406598, "BHR": 8.5736521424198, "BRB": 9.954944869567017, "BLZ": 9.972135679044433, "VGB": 9.995148805664003, "CPV": 9.971125529570823, "CYM": 9.979734857686292, "COM": 9.992936756170112, "CUB": 9.276330163776196, "CUW": "No Data", "DMA": 9.99458161499147, "DOM": 9.30309297094753, "FJI": 9.92314797837952, "GRD": 9.990943064717891, "GNB": 9.990588586792434, "GUY": 9.936357841683956, "HTI": 9.904712339120271, "JAM": 9.77049257871742, "KIR": 9.998074949252006, "MDV": 9.950712132738394, "MHL": "No Data", "MUS": 9.818920526951876, "FSM": 9.996538517, "NRU": 9.998060407980232, "PLW": "No Data", "PNG": 9.809433343608, "WSM": 9.990885254170015, "STP": 9.995385003419695, "SYC": 9.964188289179395, "SGP": 2.67641157323614, "SXM": "No Data", "SLB": 9.990945303589122, "KNA": 9.992460134956332, "VCT": 9.992193206128752, "LCA": 9.986232117510124, "SUR": 9.9194713158452, "TLS": 9.985469247509688, "TTO": 8.242953950540226, "TON": 9.995217187436175, "TUV": 10.0, "TCA": 9.993481825000122, "VUT": 9.99488859169441, "AIA": "No Data", "COK": 9.997112198970289, "MSR": "No Data", "TKL": "No Data", "NIU": "No Data"}, "recentYear": {"ATG": "2020", "ABW": "2020", "BHS": "2020", "BMU": "2020", "BHR": "2020", "BRB": "2020", "BLZ": "2020", "VGB": "2020", "CPV": "2020", "CYM": "2020", "COM": "2020", "CUB": "2020", "CUW": "Any years", "DMA": "2020", "DOM": "2020", "FJI": "2020", "GRD": "2020", "GNB": "2020", "GUY": "2020", "HTI": "2020", "JAM": "2020", "KIR": "2020", "MDV": "2020", "MHL": "Any years", "MUS": "2020", "FSM": "2020", "NRU": "2020", "PLW": "Any years", "PNG": "2020", "WSM": "2020", "STP": "2020", "SYC": "2020", "SGP": "2020", "SXM": "Any years", "SLB": "2020", "KNA": "2020", "VCT": "2020", "LCA": "2020", "SUR": "2020", "TLS": "2020", "TTO": "2020", "TON": "2020", "TUV": "2020", "TCA": "2020", "VUT": "2020", "AIA": "Any years", "COK": "2020", "MSR": "Any years", "TKL": "Any years", "NIU": "Any years"}}, "def": "Indicator: Primary energy usage. Energy use (TPES \u2013 Total Primary Energy Supply) is defined as production + imports - exports \u00b1 stock changes. ", "name": "Energy Use", "source": "EIA", "dataset": "wdi", "category": "Environmental Wellbeing", "subcategory": "Climate and Energy", "link": "https://ssi.wi.th-koeln.de/ssi-final.html", "dim": "none", "priority": "3.0", "units": "Score"}, "ssi-14-fh": {"data": {"2020": {"ATG": 4.746114615898101, "ABW": 3.742522683598104, "BHS": 1.0, "BHR": 4.33498816278178, "BRB": 7.653064391920871, "BLZ": 1.0, "BMU": 1.0, "VGB": 5.717843520600166, "CPV": 1.0, "CYM": 1.0, "COM": 1.0, "COK": 2.195245293498996, "CUB": 8.794708473918952, "DMA": 3.83463764686314, "DOM": 2.075665129592497, "FJI": 1.0, "GRD": 5.394525191479772, "GNB": 7.104410248003131, "GUY": 1.6219193204558664, "HTI": 1.0, "JAM": 6.255533228014798, "KIR": 1.0, "MDV": 2.5144989597063017, "MUS": 1.0, "NRU": 2.9665432126396567, "PNG": 3.3580752092690034, "WSM": 1.0, "STP": 2.5349498746734653, "SYC": 1.0, "SGP": 1.3847327252140111, "SLB": 1.0, "KNA": 3.2185873054471763, "LCA": 2.149460787523079, "VCT": 1.0, "SUR": 4.196949427258364, "TLS": 1.9523263795097243, "TON": 1.0, "TTO": 8.728454313884775, "TCA": 1.0, "VUT": 1.0}, "recentValue": {"ATG": 4.746114615898101, "ABW": 3.742522683598104, "BHS": 1.0, "BMU": 1.0, "BHR": 4.33498816278178, "BRB": 7.653064391920871, "BLZ": 1.0, "VGB": 5.717843520600166, "CPV": 1.0, "CYM": 1.0, "COM": 1.0, "CUB": 8.794708473918952, "CUW": "No Data", "DMA": 3.83463764686314, "DOM": 2.075665129592497, "FJI": 1.0, "GRD": 5.394525191479772, "GNB": 7.104410248003131, "GUY": 1.6219193204558664, "HTI": 1.0, "JAM": 6.255533228014798, "KIR": 1.0, "MDV": 2.5144989597063017, "MHL": "No Data", "MUS": 1.0, "FSM": "No Data", "NRU": 2.9665432126396567, "PLW": "No Data", "PNG": 3.3580752092690034, "WSM": 1.0, "STP": 2.5349498746734653, "SYC": 1.0, "SGP": 1.3847327252140111, "SXM": "No Data", "SLB": 1.0, "KNA": 3.2185873054471763, "VCT": 1.0, "LCA": 2.149460787523079, "SUR": 4.196949427258364, "TLS": 1.9523263795097243, "TTO": 8.728454313884775, "TON": 1.0, "TUV": "No Data", "TCA": 1.0, "VUT": 1.0, "AIA": "No Data", "COK": 2.195245293498996, "MSR": "No Data", "TKL": "No Data", "NIU": "No Data"}, "recentYear": {"ATG": "2020", "ABW": "2020", "BHS": "2020", "BMU": "2020", "BHR": "2020", "BRB": "2020", "BLZ": "2020", "VGB": "2020", "CPV": "2020", "CYM": "2020", "COM": "2020", "CUB": "2020", "CUW": "Any years", "DMA": "2020", "DOM": "2020", "FJI": "2020", "GRD": "2020", "GNB": "2020", "GUY": "2020", "HTI": "2020", "JAM": "2020", "KIR": "2020", "MDV": "2020", "MHL": "Any years", "MUS": "2020", "FSM": "Any years", "NRU": "2020", "PLW": "Any years", "PNG": "2020", "WSM": "2020", "STP": "2020", "SYC": "2020", "SGP": "2020", "SXM": "Any years", "SLB": "2020", "KNA": "2020", "VCT": "2020", "LCA": "2020", "SUR": "2020", "TLS": "2020", "TTO": "2020", "TON": "2020", "TUV": "Any years", "TCA": "2020", "VUT": "2020", "AIA": "Any years", "COK": "2020", "MSR": "Any years", "TKL": "Any years", "NIU": "Any years"}}, "def": "Indicator: Change in primary energy usage between 2013 and 2017 in %. In many places and regions around the world targets are set to reduce the consumption of energy. The results of energy use reduction plans and activities can be monitored by this indicator. ", "name": "Energy Savings", "source": "EIA", "dataset": "wdi", "category": "Environmental Wellbeing", "subcategory": "Climate and Energy", "link": "https://ssi.wi.th-koeln.de/ssi-final.html", "dim": "none", "priority": "3.0", "units": "Score"}, "ssi-15-fh": {"data": {"2020": {"BHR": 1.0, "CUB": 7.720000000000001, "DOM": 8.01, "HTI": 9.7, "JAM": 7.59, "MUS": 6.69, "SGP": 1.5500000000000007, "SUR": 6.57, "TTO": 1.0}, "recentValue": {"ATG": "No Data", "ABW": "No Data", "BHS": "No Data", "BMU": "No Data", "BHR": 1.0, "BRB": "No Data", "BLZ": "No Data", "VGB": "No Data", "CPV": "No Data", "CYM": "No Data", "COM": "No Data", "CUB": 7.720000000000001, "CUW": "No Data", "DMA": "No Data", "DOM": 8.01, "FJI": "No Data", "GRD": "No Data", "GNB": "No Data", "GUY": "No Data", "HTI": 9.7, "JAM": 7.59, "KIR": "No Data", "MDV": "No Data", "MHL": "No Data", "MUS": 6.69, "FSM": "No Data", "NRU": "No Data", "PLW": "No Data", "PNG": "No Data", "WSM": "No Data", "STP": "No Data", "SYC": "No Data", "SGP": 1.5500000000000007, "SXM": "No Data", "SLB": "No Data", "KNA": "No Data", "VCT": "No Data", "LCA": "No Data", "SUR": 6.57, "TLS": "No Data", "TTO": 1.0, "TON": "No Data", "TUV": "No Data", "TCA": "No Data", "VUT": "No Data", "AIA": "No Data", "COK": "No Data", "MSR": "No Data", "TKL": "No Data", "NIU": "No Data"}, "recentYear": {"ATG": "Any years", "ABW": "Any years", "BHS": "Any years", "BMU": "Any years", "BHR": "2020", "BRB": "Any years", "BLZ": "Any years", "VGB": "Any years", "CPV": "Any years", "CYM": "Any years", "COM": "Any years",