{"ssi-19-fj": {"data": {"2020": {"ATG": 7.346204491512087, "ABW": 9.278128980228288, "BHS": 9.092433294035567, "BHR": 9.648045625504231, "BRB": 6.516601114236593, "BLZ": 3.80025751302575, "CPV": 3.606661577532032, "CYM": 9.990271720081225, "COM": 1.888886523612268, "DMA": 5.303906598765261, "DOM": 6.7304187620080285, "FJI": 5.922639625375323, "GRD": 6.615071237753423, "GNB": 1.2762703794194752, "GUY": 4.524970520200247, "HTI": 1.1831122295750365, "JAM": 4.741463049859433, "KIR": 1.4552717148493322, "MDV": 6.994048085727522, "MHL": 2.278908991783334, "MUS": 7.614180097264686, "FSM": 2.133697413321637, "NRU": 5.105986789755329, "PLW": 6.969136985500387, "PNG": 2.564520054384276, "WSM": 3.543972267590969, "STP": 2.3471347195947168, "SYC": 8.397985669746372, "SGP": 10.0, "SLB": 1.5096599792884258, "KNA": 8.17586507627742, "LCA": 6.314754456120775, "VCT": 5.588367198718121, "SUR": 6.643035425793052, "TLS": 1.959853882128565, "TON": 3.4694971740109235, "TTO": 8.307714662673853, "TCA": 8.191050591546468, "TUV": 2.3410461055485445, "VUT": 1.9361762292836928}, "recentValue": {"ATG": 7.346204491512087, "ABW": 9.278128980228288, "BHS": 9.092433294035567, "BMU": "No Data", "BHR": 9.648045625504231, "BRB": 6.516601114236593, "BLZ": 3.80025751302575, "VGB": "No Data", "CPV": 3.606661577532032, "CYM": 9.990271720081225, "COM": 1.888886523612268, "CUB": "No Data", "CUW": "No Data", "DMA": 5.303906598765261, "DOM": 6.7304187620080285, "FJI": 5.922639625375323, "GRD": 6.615071237753423, "GNB": 1.2762703794194752, "GUY": 4.524970520200247, "HTI": 1.1831122295750365, "JAM": 4.741463049859433, "KIR": 1.4552717148493322, "MDV": 6.994048085727522, "MHL": 2.278908991783334, "MUS": 7.614180097264686, "FSM": 2.133697413321637, "NRU": 5.105986789755329, "PLW": 6.969136985500387, "PNG": 2.564520054384276, "WSM": 3.543972267590969, "STP": 2.3471347195947168, "SYC": 8.397985669746372, "SGP": 10.0, "SXM": "No Data", "SLB": 1.5096599792884258, "KNA": 8.17586507627742, "VCT": 5.588367198718121, "LCA": 6.314754456120775, "SUR": 6.643035425793052, "TLS": 1.959853882128565, "TTO": 8.307714662673853, "TON": 3.4694971740109235, "TUV": 2.3410461055485445, "TCA": 8.191050591546468, "VUT": 1.9361762292836928, "AIA": "No Data", "COK": "No Data", "MSR": "No Data", "TKL": "No Data", "NIU": "No Data"}, "recentYear": {"ATG": "2020", "ABW": "2020", "BHS": "2020", "BMU": "Any years", "BHR": "2020", "BRB": "2020", "BLZ": "2020", "VGB": "Any years", "CPV": "2020", "CYM": "2020", "COM": "2020", "CUB": "Any years", "CUW": "Any years", "DMA": "2020", "DOM": "2020", "FJI": "2020", "GRD": "2020", "GNB": "2020", "GUY": "2020", "HTI": "2020", "JAM": "2020", "KIR": "2020", "MDV": "2020", "MHL": "2020", "MUS": "2020", "FSM": "2020", "NRU": "2020", "PLW": "2020", "PNG": "2020", "WSM": "2020", "STP": "2020", "SYC": "2020", "SGP": "2020", "SXM": "Any years", "SLB": "2020", "KNA": "2020", "VCT": "2020", "LCA": "2020", "SUR": "2020", "TLS": "2020", "TTO": "2020", "TON": "2020", "TUV": "2020", "TCA": "2020", "VUT": "2020", "AIA": "Any years", "COK": "Any years", "MSR": "Any years", "TKL": "Any years", "NIU": "Any years"}}, "def": "Indicator: GDP per capita, PPP (current international $). Gross domestic product (GDP) is the market value of all goods and services produced within a country in a given period. It is a measure of a country\u2019s economy as far as money is involved. To enable a fair comparison across countries GDP is calculated in Purchasing Power Parity, PPP, i.e. the exchange rate is adjusted so that an identical good in two different countries has the same price when expressed in the same currency (current international dollar). ", "name": "GDP", "source": "World Bank", "dataset": "wdi", "category": "Economic Wellbeing", "subcategory": "Economy", "link": "https://ssi.wi.th-koeln.de/ssi-final.html", "dim": "none", "priority": "3.0", "units": "Score"}, "ssi-20-fj": {"data": {"2020": {"BHS": 3.753110916929086, "BHR": 9.323005874974603, "BRB": 3.767776821652198, "BLZ": 5.1710983562552695, "CPV": 2.940516116819845, "COM": 6.45648526427892, "CUB": 8.43664812573476, "DOM": 5.581095677649928, "FJI": 6.546202392746043, "GNB": 7.788007830714049, "GUY": 2.998718785060213, "HTI": 2.53219148478865, "JAM": 3.124221432481926, "MDV": 5.498553723718339, "MUS": 5.090546068850563, "PNG": 7.803599417896155, "WSM": 4.29858160514671, "STP": 2.6519232106524986, "SGP": 6.570468323472301, "SLB": 9.382864409632448, "LCA": 1.2161438431108644, "VCT": 1.4886728293771467, "SUR": 4.925792167444738, "TLS": 6.334336638265098, "TON": 8.976275925782355, "TTO": 7.629215971818421, "VUT": 6.412730203384315}, "recentValue": {"ATG": "No Data", "ABW": "No Data", "BHS": 3.753110916929086, "BMU": "No Data", "BHR": 9.323005874974603, "BRB": 3.767776821652198, "BLZ": 5.1710983562552695, "VGB": "No Data", "CPV": 2.940516116819845, "CYM": "No Data", "COM": 6.45648526427892, "CUB": 8.43664812573476, "CUW": "No Data", "DMA": "No Data", "DOM": 5.581095677649928, "FJI": 6.546202392746043, "GRD": "No Data", "GNB": 7.788007830714049, "GUY": 2.998718785060213, "HTI": 2.53219148478865, "JAM": 3.124221432481926, "KIR": "No Data", "MDV": 5.498553723718339, "MHL": "No Data", "MUS": 5.090546068850563, "FSM": "No Data", "NRU": "No Data", "PLW": "No Data", "PNG": 7.803599417896155, "WSM": 4.29858160514671, "STP": 2.6519232106524986, "SYC": "No Data", "SGP": 6.570468323472301, "SXM": "No Data", "SLB": 9.382864409632448, "KNA": "No Data", "VCT": 1.4886728293771467, "LCA": 1.2161438431108644, "SUR": 4.925792167444738, "TLS": 6.334336638265098, "TTO": 7.629215971818421, "TON": 8.976275925782355, "TUV": "No Data", "TCA": "No Data", "VUT": 6.412730203384315, "AIA": "No Data", "COK": "No Data", "MSR": "No Data", "TKL": "No Data", "NIU": "No Data"}, "recentYear": {"ATG": "Any years", "ABW": "Any years", "BHS": "2020", "BMU": "Any years", "BHR": "2020", "BRB": "2020", "BLZ": "2020", "VGB": "Any years", "CPV": "2020", "CYM": "Any years", "COM": "2020", "CUB": "2020", "CUW": "Any years", "DMA": "Any years", "DOM": "2020", "FJI": "2020", "GRD": "Any years", "GNB": "2020", "GUY": "2020", "HTI": "2020", "JAM": "2020", "KIR": "Any years", "MDV": "2020", "MHL": "Any years", "MUS": "2020", "FSM": "Any years", "NRU": "Any years", "PLW": "Any years", "PNG": "2020", "WSM": "2020", "STP": "2020", "SYC": "Any years", "SGP": "2020", "SXM": "Any years", "SLB": "2020", "KNA": "Any years", "VCT": "2020", "LCA": "2020", "SUR": "2020", "TLS": "2020", "TTO": "2020", "TON": "2020", "TUV": "Any years", "TCA": "Any years", "VUT": "2020", "AIA": "Any years", "COK": "Any years", "MSR": "Any years", "TKL": "Any years", "NIU": "Any years"}}, "def": "Indicator: Unemployment, total (% of total labor force) (modeled ILO. Employment is a common indicator to measure the status of a country\u2019s economy. Moreover, for most people employment is an important condition for the possibilities of developing her- or himself. ", "name": "Employment", "source": "World Bank", "dataset": "wdi", "category": "Economic Wellbeing", "subcategory": "Economy", "link": "https://ssi.wi.th-koeln.de/ssi-final.html", "dim": "none", "priority": "3.0", "units": "Score"}, "ssi-21-fj": {"data": {"2020": {"DOM": 8.305987052198152, "MUS": 5.312686195655124, "SYC": 4.428035542716636}, "recentValue": {"ATG": "No Data", "ABW": "No Data", "BHS": "No Data", "BMU": "No Data", "BHR": "No Data", "BRB": "No Data", "BLZ": "No Data", "VGB": "No Data", "CPV": "No Data", "CYM": "No Data", "COM": "No Data", "CUB": "No Data", "CUW": "No Data", "DMA": "No Data", "DOM": 8.305987052198152, "FJI": "No Data", "GRD": "No Data", "GNB": "No Data", "GUY": "No Data", "HTI": "No Data", "JAM": "No Data", "KIR": "No Data", "MDV": "No Data", "MHL": "No Data", "MUS": 5.312686195655124, "FSM": "No Data", "NRU": "No Data", "PLW": "No Data", "PNG": "No Data", "WSM": "No Data", "STP": "No Data", "SYC": 4.428035542716636, "SGP": "No Data", "SXM": "No Data", "SLB": "No Data", "KNA": "No Data", "VCT": "No Data", "LCA": "No Data", "SUR": "No Data",