{"ssi-10-fg": {"data": {"2020": {"ATG": 8.519122967716743, "ABW": 7.479394065006975, "BHS": 7.75, "BHR": 4.265052337778115, "BRB": 3.25, "BLZ": 10.0, "BMU": 3.2699797558643624, "VGB": 5.172203670416517, "CPV": 2.915497442142951, "CYM": 5.637567458917177, "COM": 7.0546506154698285, "COK": 3.2312500000000064, "CUB": 4.638308116373025, "DMA": 7.75, "DOM": 6.556070171807075, "FJI": 1.8527992187552225, "GRD": 5.19437704331152, "GNB": 9.16566338883675, "GUY": 5.27796961940307, "HTI": 3.8604227140783736, "JAM": 5.5, "KIR": 3.3588353758207647, "MDV": 4.807902513768152, "MHL": 3.25, "MUS": 3.5463054187192133, "FSM": 3.4865622085664576, "NRU": 7.75, "PLW": 1.7923913043478343, "PNG": 6.7464614788255375, "STP": 6.190031785188518, "SYC": 5.096579906618815, "SGP": 5.117348936083857, "KNA": 7.43630239785165, "LCA": 6.031412473556439, "VCT": 3.320440795932257, "SUR": 6.851002058403749, "TLS": 8.44098856758574, "TON": 7.75, "TTO": 5.347382762006912, "TCA": 3.25, "TUV": 6.76598740723405, "VUT": 7.75}, "recentValue": {"ATG": 8.519122967716743, "ABW": 7.479394065006975, "BHS": 7.75, "BMU": 3.2699797558643624, "BHR": 4.265052337778115, "BRB": 3.25, "BLZ": 10.0, "VGB": 5.172203670416517, "CPV": 2.915497442142951, "CYM": 5.637567458917177, "COM": 7.0546506154698285, "CUB": 4.638308116373025, "CUW": "No Data", "DMA": 7.75, "DOM": 6.556070171807075, "FJI": 1.8527992187552225, "GRD": 5.19437704331152, "GNB": 9.16566338883675, "GUY": 5.27796961940307, "HTI": 3.8604227140783736, "JAM": 5.5, "KIR": 3.3588353758207647, "MDV": 4.807902513768152, "MHL": 3.25, "MUS": 3.5463054187192133, "FSM": 3.4865622085664576, "NRU": 7.75, "PLW": 1.7923913043478343, "PNG": 6.7464614788255375, "WSM": "No Data", "STP": 6.190031785188518, "SYC": 5.096579906618815, "SGP": 5.117348936083857, "SXM": "No Data", "SLB": "No Data", "KNA": 7.43630239785165, "VCT": 3.320440795932257, "LCA": 6.031412473556439, "SUR": 6.851002058403749, "TLS": 8.44098856758574, "TTO": 5.347382762006912, "TON": 7.75, "TUV": 6.76598740723405, "TCA": 3.25, "VUT": 7.75, "AIA": "No Data", "COK": 3.2312500000000064, "MSR": "No Data", "TKL": "No Data", "NIU": "No Data"}, "recentYear": {"ATG": "2020", "ABW": "2020", "BHS": "2020", "BMU": "2020", "BHR": "2020", "BRB": "2020", "BLZ": "2020", "VGB": "2020", "CPV": "2020", "CYM": "2020", "COM": "2020", "CUB": "2020", "CUW": "Any years", "DMA": "2020", "DOM": "2020", "FJI": "2020", "GRD": "2020", "GNB": "2020", "GUY": "2020", "HTI": "2020", "JAM": "2020", "KIR": "2020", "MDV": "2020", "MHL": "2020", "MUS": "2020", "FSM": "2020", "NRU": "2020", "PLW": "2020", "PNG": "2020", "WSM": "Any years", "STP": "2020", "SYC": "2020", "SGP": "2020", "SXM": "Any years", "SLB": "Any years", "KNA": "2020", "VCT": "2020", "LCA": "2020", "SUR": "2020", "TLS": "2020", "TTO": "2020", "TON": "2020", "TUV": "2020", "TCA": "2020", "VUT": "2020", "AIA": "Any years", "COK": "2020", "MSR": "Any years", "TKL": "Any years", "NIU": "Any years"}}, "def": "Indicator: 10-years change in a) Forest area (% of land area) and b) Terrestrial. Biodiversity is expressed by two sub indicators: the 10-years change of forest area and the size of protected land areas in % of the total land area of a country. ", "name": "Biodiversity", "source": "FAO, World Bank", "dataset": "wdi", "category": "Environmental Wellbeing", "subcategory": "Natural Resources", "link": "https://ssi.wi.th-koeln.de/ssi-final.html", "dim": "none", "priority": "3.0", "units": "Score"}, "ssi-11-fg": {"data": {"2020": {"BHR": 9.980270270270273, "CUB": 9.979032841217236, "GRD": 9.999923989218328, "JAM": 9.996383547008548, "MUS": 9.997195402298852, "STP": 9.999961671820824, "SGP": 9.952492863939105, "VCT": 9.999913177272228}, "recentValue": {"ATG": "No Data", "ABW": "No Data", "BHS": "No Data", "BMU": "No Data", "BHR": 9.980270270270273, "BRB": "No Data", "BLZ": "No Data", "VGB": "No Data", "CPV": "No Data", "CYM": "No Data", "COM": "No Data", "CUB": 9.979032841217236, "CUW": "No Data", "DMA": "No Data", "DOM": "No Data", "FJI": "No Data", "GRD": 9.999923989218328, "GNB": "No Data", "GUY": "No Data", "HTI": "No Data", "JAM": 9.996383547008548, "KIR": "No Data", "MDV": "No Data", "MHL": "No Data", "MUS": 9.997195402298852, "FSM": "No Data", "NRU": "No Data", "PLW": "No Data", "PNG": "No Data", "WSM": "No Data", "STP": 9.999961671820824, "SYC": "No Data", "SGP": 9.952492863939105, "SXM": "No Data", "SLB": "No Data", "KNA": "No Data", "VCT": 9.999913177272228, "LCA": "No Data", "SUR": "No Data", "TLS": "No Data", "TTO": "No Data", "TON": "No Data", "TUV": "No Data", "TCA": "No Data", "VUT": "No Data", "AIA": "No Data", "COK": "No Data", "MSR": "No Data", "TKL": "No Data", "NIU": "No Data"}, "recentYear": {"ATG": "Any years", "ABW": "Any years", "BHS": "Any years", "BMU": "Any years", "BHR": "2020", "BRB": "Any years", "BLZ": "Any years", "VGB": "Any years", "CPV": "Any years", "CYM": "Any years", "COM": "Any years", "CUB": "2020", "CUW": "Any years", "DMA": "Any years", "DOM": "Any years", "FJI": "Any years", "GRD": "2020", "GNB": "Any years", "GUY": "Any years", "HTI": "Any years", "JAM": "2020", "KIR": "Any years", "MDV": "Any years", "MHL": "Any years", "MUS": "2020", "FSM": "Any years", "NRU": "Any years", "PLW": "Any years", "PNG": "Any years", "WSM": "Any years", "STP": "2020", "SYC": "Any years", "SGP": "2020", "SXM": "Any years", "SLB": "Any years", "KNA": "Any years", "VCT": "2020", "LCA": "Any years", "SUR": "Any years", "TLS": "Any years", "TTO": "Any years", "TON": "Any years", "TUV": "Any years", "TCA": "Any years", "VUT": "Any years", "AIA": "Any years", "COK": "Any years", "MSR": "Any years", "TKL": "Any years", "NIU": "Any years"}}, "def": "Indicator: Total freshwater withdrawal. To monitor the sufficiency and the depletion of fresh water resources, the indicator Renewable Water Resources expresses the water consumption per year as a percentage of total available renewable water resources. This total includes internal and external (flowing in from neighboring countries) water resources. ", "name": "Renewable Water Resources", "source": "FAO", "dataset": "wdi", "category": "Environmental Wellbeing", "subcategory": "Natural Resources", "link": "https://ssi.wi.th-koeln.de/ssi-final.html", "dim": "none", "priority": "3.0", "units": "Score"}, "ssi-12-fg": {"data": {"2020": {"BHS": 6.615724747987468, "BHR": 6.045857996370202, "BRB": 5.740702616582833, "BLZ": 1.0, "CUB": 7.390266332440866, "DOM": 7.463925412112216, "FJI": 3.285737221670656, "GNB": 5.497532173530471, "GUY": 4.6940102601300335, "HTI": 8.335943639869656, "JAM": 7.525847109657634, "PNG": 4.740097901909257, "SGP": 5.855661470467535, "LCA": 6.966648245482332, "SUR": 5.5291973079951005, "TLS": 8.75871763012306, "TTO": 6.759912157634635}, "recentValue": {"ATG": "No Data", "ABW": "No Data", "BHS": 6.615724747987468, "BMU": "No Data", "BHR": 6.045857996370202, "BRB": 5.740702616582833, "BLZ": 1.0, "VGB": "No Data", "CPV": "No Data", "CYM": "No Data", "COM": "No Data", "CUB": 7.390266332440866, "CUW": "No Data", "DMA": "No Data", "DOM": 7.463925412112216, "FJI": 3.285737221670656, "GRD": "No Data", "GNB": 5.497532173530471, "GUY": 4.6940102601300335, "HTI": 8.335943639869656, "JAM": 7.525847109657634, "KIR": "No Data", "MDV": "No Data", "MHL": "No Data", "MUS": "No Data", "FSM": "No Data", "NRU": "No Data", "PLW": "No Data", "PNG": 4.740097901909257, "WSM": "No Data", "STP": "No Data", "SYC": "No Data", "SGP": 5.855661470467535, "SXM": "No Data", "SLB": "No Data", "KNA": "No Data", "VCT": "No Data", "LCA": 6.966648245482332, "SUR": 5.5291973079951005, "TLS": 8.75871763012306, "TTO": 6.759912157634635, "TON": "No Data", "TUV": "No Data", "TCA": "No Data", "VUT": "No Data", "AIA": "No Data", "COK": "No Data", "MSR": "No Data", "TKL": "No Data", "NIU": "No Data"}, "recentYear": {"ATG": "Any years", "ABW": "Any years", "BHS": "2020", "BMU": "Any years", "BHR": "2020", "BRB": "2020", "BLZ": "2020", "VGB": "Any years", "CPV": "Any years", "CYM": "Any years", "COM": "Any years", "CUB": "2020",