{"data": {"2010": {"ASM": 1686978247.2136254, "ATG": 845237539.7749085, "ABW": 868851206.3471743, "BHS": 847471708.258597, "BRB": 915374240.6565052, "BLZ": 916210119.3721818, "VGB": 799789269.3997211, "CPV": 787803199.256181, "COM": 772142012.6052324, "CUB": 467000000.0, "CUW": 89588187919.88011, "DMA": 818540530.9912161, "DOM": 22000000.0, "FJI": 820563916.8555272, "PYF": 875545762.1372135, "GRD": 783683545.7509459, "GUM": 1212149174.876083, "GNB": 756936328.252114, "GUY": 797537905.264476, "HTI": 0.0, "JAM": 180000000.0, "KIR": 770640920.9811913, "MDV": 792207233.6155028, "MHL": 837744390.994092, "MUS": 553000000.0, "FSM": 918448115.3127376, "NRU": 892287550.6207303, "NCL": 858100845.1925849, "MNP": 19688505682.031467, "PLW": 851522439.6739496, "PNG": 805175400.4390041, "PRI": 1683593362.73644, "KNA": 804116836.4886146, "LCA": 846845868.620386, "VCT": 860930552.3597713, "WSM": 821867783.2822003, "STP": 787460659.7990884, "SYC": 786175516.9539812, "SGP": 592000000.0, "SXM": 3251031431.1417065, "SLB": 749451488.9841373, "SUR": 0.0, "TLS": 776188407.9885715, "TON": 786944446.3443686, "TTO": 0.0, "TUV": 884930621.6696446, "VIR": 839426756.5313152, "VUT": 800553263.7892294, "AIA": 21534622059.525364, "COK": 21534622059.525364, "MSR": 21534622059.525364, "NIU": 21534622059.525364}, "2011": {"ASM": 2242599219.6786065, "ATG": 2691162559.463094, "ABW": 952044983.6954904, "BHS": 2958854347.395954, "BRB": 3028976914.3085585, "BLZ": 3011847602.373756, "VGB": 1577783230.6690254, "CPV": 779695955.6650387, "COM": 493356363.4739163, "CUB": 474000000.0, "CUW": 6623787636.479975, "DMA": 745956629.0134884, "DOM": 56000000.0, "FJI": 2426830601.730553, "PYF": 3970664926.4500175, "GRD": 483600831.5089306, "GUM": 2192230868.821268, "GNB": 612418282.0121491, "GUY": 1911302988.5822687, "HTI": 0.0, "JAM": 229000000.0, "KIR": 595331964.0026636, "MDV": 448597531.22535264, "MHL": 1797527049.1088345, "MUS": 496000000.0, "FSM": 1342904632.8884137, "NRU": 553735050.1439773, "NCL": 5223107052.821528, "MNP": 4489247912.550482, "PLW": 1591984777.175499, "PNG": 1115001467.386791, "PRI": 6851644498.854501, "KNA": 616438520.9908842, "LCA": 1721009163.468823, "VCT": 2794285745.6525707, "WSM": 760484855.1804607, "STP": 558897433.4827459, "SYC": 453868754.34879744, "SGP": 611000000.0, "SXM": 2004593800.3299544, "SLB": 442610912.0351608, "SUR": 0.0, "TLS": 475846424.81848735, "TON": 514739607.5236722, "TTO": 0.0, "TUV": 2416875177.343079, "VIR": 535706761.7363703, "VUT": 350801915.4776425, "AIA": 48833714580.73594, "COK": 48833714580.73594, "MSR": 48833714580.73594, "NIU": 48833714580.73594}, "2012": {"ASM": 2292080000.0, "ATG": 3634800000.0, "ABW": 2837810000.0, "BHS": 3190524000.0, "BRB": 3362118000.0, "BLZ": 4151752000.0, "VGB": 2196582000.0, "CPV": 1100746000.0, "COM": 477334000.0, "CUB": 573000000.0, "CUW": 7629630000.0, "DMA": 1340762000.0, "DOM": 263000000.0, "FJI": 2900196000.0, "PYF": 4538724000.0, "GRD": 1641690000.0, "GUM": 3989482000.0, "GNB": 1321328000.0, "GUY": 2902086000.0, "HTI": 0.0, "JAM": 284000000.0, "KIR": 1198970000.0, "MDV": 434410000.0, "MHL": 4394526000.0, "MUS": 505000000.0, "FSM": 2461520000.0, "NRU": 3371564000.0, "NCL": 5417290000.0, "MNP": 4993480000.0, "PLW": 4296214000.0, "PNG": 890112000.0, "PRI": 7661714000.0, "KNA": 5321262000.0, "LCA": 2687240000.0, "VCT": 3504706000.0, "WSM": 1254970000.0, "STP": 680714000.0, "SYC": 2963608000.0, "SGP": 638000000.0, "SXM": 5955040000.0, "SLB": 1012108000.0, "SUR": 0.0, "TLS": 433514000.0, "TON": 945576000.0, "TTO": 0.0, "TUV": 5242614000.0, "VIR": 5316612000.0, "VUT": 1441662000.0, "AIA": 64535572000.0, "COK": 64535572000.0, "MSR": 64535572000.0, "NIU": 64535572000.0}, "2013": {"ASM": 5113138000.0, "ATG": 3946694500.0, "ABW": 5083249000.0, "BHS": 3581304500.0, "BRB": 4140496000.0, "BLZ": 2801514000.0, "VGB": 1440110000.0, "CPV": 1845314000.0, "COM": 736438000.0, "CUB": 706000000.0, "CUW": 6451508000.0, "DMA": 2188396500.0, "DOM": 707000000.0, "FJI": 1825322500.0, "PYF": 2361537693.8775506, "GRD": 2934452500.0, "GUM": 1740414500.0, "GNB": 1472972000.0, "GUY": 3216450000.0, "HTI": 0.0, "JAM": 277000000.0, "KIR": 450624000.0, "MDV": 2837530500.0, "MHL": 3420314000.0, "MUS": 500000000.0, "FSM": 2898614000.0, "NRU": 3784952000.0, "NCL": 5438662000.0, "MNP": 3682176000.0, "PLW": 1357776500.0, "PNG": 720882000.0, "PRI": 6339778000.0, "KNA": 2932377500.0, "LCA": 2602410000.0, "VCT": 3846328000.0, "WSM": 1339236500.0, "STP": 1422102000.0, "SYC": 507646000.0, "SGP": 742000000.0, "SXM": 6164046000.0, "SLB": 424488000.0, "SUR": 0.0, "TLS": 1693276000.0, "TON": 1749668500.0, "TTO": 0.0, "TUV": 3921264000.0, "VIR": 5622137000.0, "VUT": 1081636000.0, "AIA": 73393016000.0, "COK": 73393016000.0, "MSR": 73393016000.0, "NIU": 73393016000.0}, "2014": {"ASM": 4234710875.2418265, "ATG": 183739916.76363805, "ABW": 410874520.1123054, "BHS": 190042343.48500228, "BRB": 188515728.91754904, "BLZ": 624022308.432695, "VGB": 280319492.6797521, "CPV": 570280969.1173987, "COM": 259012695.74237937, "CUB": 674000000.0, "CUW": 303651334.432311, "DMA": 403213867.7316036, "DOM": 772000000.0, "FJI": 688379985.6886536, "PYF": 606535555.5349233, "GRD": 209938059.88729936, "GUM": 2764553084.9144874, "GNB": 223325996.63798463, "GUY": 334883834.582217, "HTI": 0.0, "JAM": 268000000.0, "KIR": 302928772.2010452, "MDV": 224666327.26722184, "MHL": 229049686.44260696, "MUS": 505000000.0, "FSM": 209053240.3567576, "NRU": 193873073.30741435, "NCL": 454125289.7702478, "MNP": 28849668607.967125, "PLW": 172907238.61092573, "PNG": 633201627.6983045, "PRI": 1331386518.9299216, "KNA": 253197818.8502072, "LCA": 240041313.08024395, "VCT": 419745604.7134513, "WSM": 495536042.06732726, "STP": 340087402.93718195, "SYC": 254982800.240442, "SGP": 821000000.0, "SXM": 266711067.17644745, "SLB": 252633195.34733388, "SUR": 0.0, "TLS": 205658848.84414133, "TON": 375537800.5004881, "TTO": 0.0, "TUV": 279018257.30046093, "VIR": 9493525909.64175, "VUT": 309813494.2932148, "AIA": 61844731729.95405, "COK": 61844731729.95405, "MSR": 61844731729.95405, "NIU": 61844731729.95405}}, "upperIntervals": {"2010": {"ASM": 5417435238.095237, "ATG": 2101988704.819272, "ABW": 2103645519.578307, "BHS": 2101988704.819272, "BRB": 2260883633.633625, "BLZ": 2260921675.00584, "VGB": 2062915940.1034453, "CPV": 2062915940.1034453, "COM": 2050812724.2701344, "CUW": 258500000000.0, "DMA": 2101988704.819271, "FJI": 2101988704.819272, "PYF": 2135155592.1052644, "GRD": 2050812724.2701344, "GUM": 2847918872.277591, "GNB": 2050183689.024384, "GUY": 2065946785.6362388, "KIR": 2050812724.2701344, "MDV": 2062915940.1034453, "MHL": 2101988704.819272, "FSM": 2261644461.077838, "NRU": 2109933451.2599823, "NCL": 2101988704.819272, "MNP": 46740384999.99997, "PLW": 2101988704.819272, "PNG": 2065946785.6362388, "PRI": 5180739268.183832, "KNA": 2062915940.1034453, "LCA": 2101988704.819272, "VCT": 2103645519.578307, "WSM": 2101988704.819271, "STP": 2065946785.6362388, "SYC": 2050812724.2701344, "SXM": 11604418214.285715, "SLB": 2039606831.0561528, "TLS": 2062915940.1034453, "TON": 2062915940.1034453, "TUV": 2101988704.819272, "VIR": 2070482886.4988167, "VUT": 2101988704.819271, "AIA": 56587449999.99996, "COK": 56587449999.99996, "MSR": 56587449999.99996, "NIU": 56587449999.99996}, "2011": {"ASM": 12265000000.0, "ATG": 12265000000.0, "ABW": 3985036297.376093, "BHS": 13252037499.999966, "BRB": 13214500000.0, "BLZ": 14164000000.0, "VGB": 10552749999.999994, "CPV": 2925848333.333333, "COM": 1169242307.6922894, "CUW": 28851000000.0, "DMA": 1817000000.0, "FJI": 14164000000.0, "PYF": 14164000000.0, "GRD": 913760615.3846152, "GUM": 12265000000.0, "GNB": 1735000000.0, "GUY": 10125000000.0, "KIR": 1817000000.0, "MDV": 984617837.2352232, "MHL": 10125000000.0, "FSM": 8412758333.33333, "NRU": 1617834722.2222185, "NCL": 14164000000.0, "MNP": 14189083333.333311, "PLW": 12265000000.0, "PNG": 3855311904.7619033, "PRI": 28851000000.0, "KNA": 1897578076.923076, "LCA": 12265000000.0, "VCT": 13975187499.99999, "WSM": 2450895294.1176457,