{"data": {"2010": {"ASM": 6.455668137949993, "ATG": 3.546775486365016, "ABW": 3.486132581175992, "BHS": 11.126545846950917, "BRB": 4.033765676294137, "BLZ": 3.754528764, "VGB": 3.2762332691483707, "CPV": 1.264213184, "COM": 4.059119045894006, "CUB": 6.3325822754254695, "CUW": 7.074859722557325, "DMA": 5.956443655660027, "DOM": 4.225192533, "FJI": 5.969135802, "PYF": 4.718499197921503, "GRD": 3.7063347697959848, "GUM": 6.288217717045715, "GNB": 9.832987564, "GUY": 4.447818264, "HTI": 0.0, "JAM": 2.592130782, "KIR": 4.435738787446001, "MDV": 5.077614956701608, "MHL": 3.1424824513239984, "MUS": 0.610134712, "FSM": 4.17965290613, "NRU": 4.632230274723593, "NCL": 7.326573551113423, "MNP": 12.334317639403976, "PLW": 8.682818070280021, "PNG": 1.767676768, "PRI": 6.843404192163712, "KNA": 3.104828194801807, "LCA": 3.0172695339435776, "VCT": 3.0273846459499905, "WSM": 4.834813078816762, "STP": 3.2650676508659973, "SYC": 2.13432172, "SGP": 32.20089702, "SXM": 6.4721147853959975, "SLB": 5.2445255849600105, "SUR": 3.8142930192329056, "TLS": 2.466261682, "TON": 4.624690126829369, "TTO": 1.865389667, "TUV": 4.448596839893583, "VIR": 5.341912391805718, "VUT": 4.108407736852011, "AIA": 7.264483231655995, "COK": 7.264483231655995, "MSR": 7.264483231655995, "NIU": 7.264483231655995}, "2011": {"ASM": 2.976413376790008, "ATG": 4.670191381857389, "ABW": 4.816932586378015, "BHS": 4.971052222566079, "BRB": 2.357595460202002, "BLZ": 3.576856148, "VGB": 4.535560568142018, "CPV": 1.572052402, "COM": 6.060196209864003, "CUB": 8.779880877033875, "CUW": 6.864797303133013, "DMA": 5.732797708793796, "DOM": 3.780833111, "FJI": 5.879180151, "PYF": 4.456564712716093, "GRD": 3.662878011362088, "GUM": 10.938972446512706, "GNB": 8.756951433, "GUY": 4.106142823, "HTI": 0.0, "JAM": 2.846919086, "KIR": 7.561035761238165, "MDV": 3.619988689846018, "MHL": 3.2707779292140176, "MUS": 0.631770768, "FSM": 2.9317107914640204, "NRU": 9.783935967408034, "NCL": 5.654425762497603, "MNP": 7.925367212503377, "PLW": 5.045518968035409, "PNG": 1.812983919, "PRI": 12.176204626378055, "KNA": 5.044349158541394, "LCA": 3.4088333508580133, "VCT": 3.064528921054944, "WSM": 3.931489627748944, "STP": 2.9312987566540105, "SYC": 2.354255784, "SGP": 32.62851079, "SXM": 5.370352683066316, "SLB": 3.9978720608240095, "SUR": 4.945948821132362, "TLS": 1.478041757, "TON": 4.582310226544038, "TTO": 1.889588378, "TUV": 4.780927113758088, "VIR": 7.272143611817998, "VUT": 4.675665922421513, "AIA": 6.804191547442018, "COK": 6.804191547442018, "MSR": 6.804191547442018, "NIU": 6.804191547442018}, "2012": {"ASM": 9.327025721933834, "ATG": 9.302341578939048, "ABW": 3.750054436201357, "BHS": 8.204855129969804, "BRB": 9.018074288688702, "BLZ": 3.458892045, "VGB": 21.267602655224387, "CPV": 1.60227033, "COM": 4.107672329668474, "CUB": 6.206781154859836, "CUW": 8.973738003215324, "DMA": 3.419754161144096, "DOM": 3.246661528, "FJI": 5.397148676, "PYF": 4.166183605749778, "GRD": 4.709214078098079, "GUM": 14.048875403546878, "GNB": 17.98782944, "GUY": 3.752052635, "HTI": 0.0, "JAM": 3.059333198, "KIR": 6.286536884066381, "MDV": 8.388719411291193, "MHL": 4.355898864464519, "MUS": 0.624976596, "FSM": 6.972850136589575, "NRU": 8.924512818781613, "NCL": 4.254570949002292, "MNP": 21.99019708830187, "PLW": 8.146774209135248, "PNG": 2.317281592, "PRI": 15.493229745348364, "KNA": 8.460809427254818, "LCA": 6.88719534080428, "VCT": 5.417745348564642, "WSM": 3.917963093524024, "STP": 4.2383097921215365, "SYC": 2.426404996, "SGP": 31.4036001, "SXM": 9.41563733259622, "SLB": 4.3311228787759335, "SUR": 4.379003470550435, "TLS": 2.224383744, "TON": 7.586518261301118, "TTO": 2.6547742, "TUV": 8.254378378588411, "VIR": 12.320481108991547, "VUT": 3.4304210286119217, "AIA": 6.541089096529943, "COK": 6.541089096529943, "MSR": 6.541089096529943, "NIU": 6.541089096529943}, "2013": {"ASM": 7.506867026505984, "ATG": 7.952426296028009, "ABW": 5.940911150750001, "BHS": 7.514425401445985, "BRB": 7.307766364623987, "BLZ": 3.770705196, "VGB": 17.948300220545985, "CPV": 1.566938972, "COM": 4.084892179001999, "CUB": 8.016905611514014, "CUW": 5.109186977475991, "DMA": 4.836010794460007, "DOM": 3.458436363, "FJI": 5.107398568, "PYF": 3.698607645103997, "GRD": 5.149125248505997, "GUM": 17.451834220198016, "GNB": 15.76263465, "GUY": 3.910239627, "HTI": 0.0, "JAM": 3.257266244, "KIR": 5.679487225473992, "MDV": 7.062242943513986, "MHL": 5.935450671930006, "MUS": 0.782334593, "FSM": 5.559022123469982, "NRU": 6.149893128217992, "NCL": 4.222330883666001, "MNP": 17.96973463106402, "PLW": 6.14649203547598, "PNG": 1.790376442, "PRI": 5.848262698545998, "KNA": 6.777393535345991, "LCA": 4.3017647483959776, "VCT": 4.9297934135659975, "WSM": 3.943034750011999, "STP": 3.5886023424439992, "SYC": 2.742894911, "SGP": 27.60095825, "SXM": 4.535444477669987, "SLB": 4.10416973915602, "SUR": 4.58717181279, "TLS": 2.360879285, "TON": 6.447657327425974, "TTO": 1.977659189, "TUV": 6.287168630807992, "VIR": 5.821432248595991, "VUT": 3.920888884087995, "AIA": 6.249715989026, "COK": 6.249715989026, "MSR": 6.249715989026, "NIU": 6.249715989026}, "2014": {"ASM": 14.207163582582051, "ATG": 9.229458639346046, "ABW": 5.43780298307599, "BHS": 6.550152349028017, "BRB": 9.886440864988035, "BLZ": 3.757900943, "VGB": 18.11501070689204, "CPV": 1.773926341, "COM": 5.358084149874013, "CUB": 5.696463461231994, "CUW": 4.309219717492007, "DMA": 4.538934234455995, "DOM": 3.83419269, "FJI": 5.294486122, "PYF": 3.648732073715996, "GRD": 6.203847953563999, "GUM": 17.605153901152025, "GNB": 8.2486363, "GUY": 4.089110024, "HTI": 0.0, "JAM": 3.208053272, "KIR": 6.531914877628018, "MDV": 8.14515209802801, "MHL": 6.684624336566012, "MUS": 0.655648817, "FSM": 7.552528062274018, "NRU": 8.251859665194038, "NCL": 7.472441672679999, "MNP": 17.809747365032017, "PLW": 10.944567488040075, "PNG": 1.789827876, "PRI": 12.983947464440003, "KNA": 8.734710506902019, "LCA": 7.9161114121400225, "VCT": 4.494773706572, "WSM": 3.495701799338001, "STP": 4.234766090464014, "SYC": 6.810717373, "SGP": 23.86905697, "SXM": 9.046583466474049, "SLB": 5.535557083566018, "SUR": 5.403512494553988, "TLS": 1.844582814, "TON": 5.766374990358012, "TTO": 2.178167305, "TUV": 8.125987938780035, "VIR": 4.753360068792015, "VUT": 4.500697530468006, "AIA": 6.429282872061988, "COK": 6.429282872061988, "MSR": 6.429282872061988, "NIU": 6.429282872061988}}, "upperIntervals": {"2010": {"ASM": 15.5132924, "ATG": 11.48188406, "ABW": 14.14676816, "BHS": 30.26604897, "BRB": 14.6907326, "VGB": 10.926466312999988, "COM": 14.6907326, "CUB": 17.92997244, "CUW": 25.94748932, "DMA": 16.28077049, "PYF": 16.28077049, "GRD": 14.6907326, "GUM": 14.6907326, "KIR": 15.5132924, "MDV": 11.568806082999922, "MHL": 14.14676816, "FSM": 15.5132924, "NRU": 14.14676816, "NCL": 17.92997244, "MNP": 25.94748932, "PLW": 18.46984169, "PRI": 14.6907326, "KNA": 9.546068305699906, "LCA": 14.14676816, "VCT": 13.62182053, "WSM": 11.80373287, "STP": 9.89609567529997, "SXM": 14.6907326, "SLB": 7.943379294, "SUR": 8.105519122, "TON": 15.173490186999985, "TUV": 14.6907326, "VIR": 14.6907326, "VUT": 9.354596133, "AIA": 15.988362979999998, "COK": 15.988362979999998, "MSR": 15.988362979999998, "NIU": 15.988362979999998}, "2011": {"ASM": 10.45518402, "ATG": 9.004293531549964, "ABW": 14.57714825, "BHS": 8.964707299, "BRB": 7.547306081, "VGB": 14.57714825, "COM": 16.98073726, "CUB": 17.54851406, "CUW": 14.57714825, "DMA": 15.4377929, "PYF": 7.937513665, "GRD": 7.547306081, "GUM": 30.38933764, "KIR": 18.7058566, "MDV": 12.940392940000002, "MHL": 8.964707299, "FSM": 8.964707299, "NRU": 30.38933764, "NCL": 14.62018048249996, "MNP": 17.54851406, "PLW": 13.117098096999904, "PRI": 30.38933764, "KNA": 8.964707299, "LCA": 7.547306081, "VCT": 7.547306081, "WSM": 7.547306081, "STP": 8.744635193, "SXM": 17.54851406, "SLB": 9.365932412499934, "SUR": 7.841802493, "TON": 15.4377929, "TUV": 14.57714825, "VIR": 18.7058566, "VUT": 9.306518454899988, "AIA": 16.75728463, "COK": 16.75728463, "MSR": 16.75728463,