{"data": {"2010": {"ASM": 8.605260618756658, "ATG": 3.769804785, "ABW": -6.629829657, "BHS": 16.71813192, "BRB": -6.753601184, "BLZ": -6.631621602, "VGB": 7.739858869232024, "CPV": 21.00193542, "COM": 4.362059535, "CUB": 9.529707713446172, "CUW": 9.92242591200869, "DMA": 7.113196173971287, "DOM": 14.75937332, "FJI": 6.980167156, "PYF": 7.8182351849823934, "GRD": 7.5823019548951, "GUM": 8.149361804248544, "GNB": -9.234431883, "GUY": 8.568490968113055, "HTI": 18.32604097, "JAM": 5.519472726, "KIR": 4.803075078, "MDV": 7.0788553063236535, "MHL": 16.08237265, "MUS": -1.923724084, "FSM": 7.414684731279125, "NRU": 8.150046081738969, "NCL": 8.519896716043668, "MNP": 7.86572091221008, "PLW": 7.651678158, "PNG": 8.813103477468257, "PRI": 7.814381548008321, "KNA": 7.223996680989337, "LCA": 7.1337772972285824, "VCT": 7.418200162700016, "WSM": 7.453174529687899, "STP": 8.48736286051369, "SYC": 6.183797974, "SGP": 37.67929692, "SXM": 6.931059497215738, "SLB": 6.066896613758391, "SUR": 38.57867829, "TLS": 66.78251349, "TON": 2.469802487, "TTO": 11.609887599287877, "TUV": 34.003890970640335, "VIR": 22.72897815314769, "VUT": 11.47953107, "AIA": 10.759612620370111, "COK": 10.759612620370111, "MSR": 10.759612620370111, "NIU": 10.759612620370111}, "2011": {"ASM": 9.948302550269936, "ATG": 1.040362206, "ABW": -13.00309859, "BHS": 14.05694728, "BRB": -12.50610448, "BLZ": -3.962132536, "VGB": 8.435631190671632, "CPV": 20.51731467, "COM": 1.036935895, "CUB": 9.311046011930577, "CUW": 2.633471593, "DMA": 3.9111027372278384, "DOM": 13.43574084, "FJI": 4.659350497, "PYF": 3.2802826793117705, "GRD": 4.1221247463009325, "GUM": 6.845688853217314, "GNB": 4.878284279, "GUY": 9.639059582663872, "HTI": 13.87993761, "JAM": 0.739036657, "KIR": 1.388146682, "MDV": -2.66106162764102, "MHL": 14.98052512, "MUS": -4.213179979, "FSM": 6.45290138740094, "NRU": 5.674118409144103, "NCL": 0.9262374798952974, "MNP": 8.718908738627976, "PLW": 6.923364698, "PNG": 7.408908009615631, "PRI": 6.258720445274968, "KNA": -2.468272147432375, "LCA": 5.355689777815142, "VCT": 2.6485114878024474, "WSM": 4.817803001253308, "STP": 1.8055953781777188, "SYC": -3.864500475, "SGP": 36.80070385, "SXM": 24.47638554637081, "SLB": 6.145624360027985, "SUR": 8.85768465686965, "TLS": 74.12587891, "TON": 5.200416353, "TTO": 12.92363583240721, "TUV": 25.800542590527822, "VIR": 11.701696641581062, "VUT": 12.21476804, "AIA": 19.072784804751617, "COK": 19.072784804751617, "MSR": 19.072784804751617, "NIU": 19.072784804751617}, "2012": {"ASM": 12.436114817182084, "ATG": -2.502297844, "ABW": -8.567879555, "BHS": 15.863272, "BRB": -7.003662014, "BLZ": -4.544424598, "VGB": 11.29724493965973, "CPV": 15.09682578, "COM": 2.060906429, "CUB": 8.61871594084724, "CUW": 0.278225971, "DMA": 7.774007013661248, "DOM": 13.94261706, "FJI": 4.697972755, "PYF": 0.2900447180014277, "GRD": 7.484651011097718, "GUM": 8.87416490759931, "GNB": -4.136650263, "GUY": 8.118945896724721, "HTI": 9.395815315, "JAM": 3.231776492, "KIR": 12.48274808, "MDV": 22.339117628596128, "MHL": 8.277921635, "MUS": -0.230731743, "FSM": 8.807366839380427, "NRU": 9.597453276975902, "NCL": -0.5950684591378209, "MNP": 9.746696688536842, "PLW": 5.415501887, "PNG": 11.231188165783822, "PRI": 10.21414384655248, "KNA": -1.2126423328020015, "LCA": 8.68633871310305, "VCT": 6.347862391295925, "WSM": 8.630369077728513, "STP": 5.443925940219441, "SYC": -0.266239571, "SGP": 35.25607213, "SXM": 11.89886743439465, "SLB": 5.287384402858204, "SUR": 11.904900536601804, "TLS": 67.15245462, "TON": 6.965255295, "TTO": 11.029972525763569, "TUV": 14.854739299623835, "VIR": 11.145133048559597, "VUT": 10.69166426, "AIA": 13.790710285962955, "COK": 13.790710285962955, "MSR": 13.790710285962955, "NIU": 13.790710285962955}, "2013": {"ASM": 10.047537114237205, "ATG": -2.419874234, "ABW": -5.413501749, "BHS": 16.44637972, "BRB": -8.082198827, "BLZ": -5.735395838, "VGB": 9.840497078830866, "CPV": 15.24958408, "COM": 12.55252991696518, "CUB": 9.674556239961692, "CUW": 7.698018071584089, "DMA": 8.83654817065268, "DOM": 14.49250815, "FJI": 7.528630014, "PYF": 10.947592843672142, "GRD": 7.558924179322389, "GUM": 10.392129663991806, "GNB": -5.392544821, "GUY": 13.18253297137829, "HTI": 6.62388613, "JAM": 4.124383033, "KIR": 12.24418574, "MDV": 6.244432708978709, "MHL": 8.912503933, "MUS": 1.410680857, "FSM": 13.756815351325027, "NRU": 8.17406582095827, "NCL": 10.801103979006092, "MNP": 9.917896847180833, "PLW": 4.293898766, "PNG": 9.872853877437734, "PRI": 9.219233973015424, "KNA": 7.961481622658967, "LCA": 12.308336825628, "VCT": 10.487356060774896, "WSM": 8.615416744686819, "STP": 10.330726686060176, "SYC": 12.17030146, "SGP": 33.34194471, "SXM": 6.625224809504423, "SLB": 8.89930033260069, "SUR": 9.968744390623794, "TLS": 59.59976997, "TON": 8.960824731819393, "TTO": 10.098809004857392, "TUV": 7.8790223346016655, "VIR": 8.578132462984, "VUT": 16.60511005, "AIA": 18.40914393464869, "COK": 18.40914393464869, "MSR": 18.40914393464869, "NIU": 18.40914393464869}, "2014": {"ASM": 9.77475165181614, "ATG": 16.51819659, "ABW": -0.516573826, "BHS": 13.15520628, "BRB": -7.289706889, "BLZ": -4.833700038, "VGB": 14.608972564661771, "CPV": 12.80063311, "COM": -0.616351598, "CUB": 11.206945906963302, "CUW": 14.579503205909598, "DMA": 14.809477064185616, "DOM": 15.80069471, "FJI": 10.62123773, "PYF": 7.628852572938726, "GRD": 9.237712043119474, "GUM": 6.028415069699435, "GNB": 5.713345837, "GUY": 11.672218256107016, "HTI": 5.124044894, "JAM": 6.427847117, "KIR": 28.9975384, "MDV": 17.73791718, "MHL": 13.69010801, "MUS": -0.074062363, "FSM": 13.181866023472264, "NRU": 13.433742987699455, "NCL": 5.950148913020651, "MNP": 9.320155758152833, "PLW": 5.422528775, "PNG": 8.363612138674918, "PRI": 9.599638491251373, "KNA": 7.498503657705432, "LCA": 16.611629564645593, "VCT": 7.697316284318989, "WSM": 11.31498170879669, "STP": 10.03021665358647, "SYC": 6.406962674, "SGP": 34.45236841, "SXM": 11.823997172993394, "SLB": 8.783095065645462, "SUR": 12.133194771809451, "TLS": 43.46123937, "TON": 11.504776905339302, "TTO": 11.495865491663208, "TUV": 12.763132689616002, "VIR": 12.055512558668392, "VUT": 23.02402105, "AIA": 13.160156102099632, "COK": 13.160156102099632, "MSR": 13.160156102099632, "NIU": 13.160156102099632}}, "upperIntervals": {"2010": {"ASM": 12.458420821372613, "VGB": 14.830115127685866, "CUB": 15.545065911769235, "CUW": 17.00609132106569, "DMA": 9.673110737986269, "PYF": 13.829736011302211, "GRD": 10.449613320256606, "GUM": 13.746579115000843, "GUY": 12.08683752165929, "MDV": 35.67049980886865, "FSM": 10.28422796193805, "NRU": 11.15608838845666, "NCL": 11.853322979929706, "MNP": 13.08745912769651, "PNG": 13.302305575730822, "PRI": 14.7057031621458, "KNA": 10.609624258933309, "LCA": 9.817852793510092, "VCT": 10.543638274460392, "WSM": 10.312741089849563, "STP": 21.31773481, "SXM": 11.023834431372364, "SLB": 10.910590021828028, "TTO": 16.82940705581629, "TUV": 66.78251349, "VIR": 66.78251349, "AIA": 18.703186617424954, "COK": 18.703186617424954, "MSR": 18.703186617424954, "NIU": 18.703186617424954}, "2011": {"ASM": 33.69102628, "VGB": 36.92612052254155, "CUB": 16.56004868, "DMA": 8.571292091289763, "PYF": 13.207519441650392, "GRD": 11.612261815199966, "GUM": 36.80070385, "GUY": 29.77276524912497, "MDV": 54.64648828, "FSM": 20.51731467, "NRU": 24.697056304499725, "NCL": 14.056947279999996, "MNP": 36.80070385, "PNG": 22.67767229, "PRI": 39.59147883379141, "KNA": 11.753461277414472, "LCA": 18.014546625650723, "VCT": 20.51731467, "WSM": 14.764618977295862, "STP": 15.023697689729962, "SXM": 74.12587891, "SLB": 33.69102628, "SUR": 15.426321459613558, "TTO": 32.00372067351659, "TUV": 74.12587891, "VIR": 36.80070385, "AIA": 34.28354055, "COK": 34.28354055, "MSR": 34.28354055, "NIU": 34.28354055}, "2012": {"ASM": 41.67190475, "VGB": 54.77425181, "CUB": 24.3137214705, "DMA": 15.863272, "PYF": 15.193517771964691, "GRD": 14.615358703417773, "GUM": 43.89661250749975, "GUY": 17.210943835093307, "MDV": 54.77425181, "FSM": 13.78978693,