{"data": {"2015": {"ASM": 74.70814460627241, "ATG": 75.03332453462221, "ABW": 78.02367422841444, "BHS": 69.91721511880183, "BRB": 76.896719931561, "BLZ": 55.28833573479289, "VGB": 78.15097617527344, "CPV": 71.33992363242488, "COM": 70.97068246392463, "CUB": 18.75266065, "CUW": 38.93257385768979, "DMA": 74.68204589770424, "DOM": 28.63882587, "FJI": 49.72766368375675, "PYF": 83.81398051556795, "GRD": 76.61074107613773, "GUM": 80.05361850501272, "GNB": 17.55904884228996, "GUY": 27.35308239594401, "HTI": 22.80016717, "JAM": 52.50778611867962, "KIR": 76.41909821577151, "MDV": 78.86801411561089, "MHL": 75.3947106050728, "MUS": 72.6284384595414, "FSM": 75.42062550446731, "NRU": 74.39757698876191, "NCL": 66.35535617551945, "MNP": 78.60117245293483, "PLW": 78.96575057989708, "PNG": 32.10598249058877, "PRI": 70.9207735, "KNA": 74.49570585432899, "LCA": 77.78979452342934, "VCT": 76.98696879390799, "WSM": 73.98616389459568, "STP": 74.89191086476946, "SYC": 84.51098921772379, "SGP": 100.0, "SXM": 38.7315046139005, "SLB": 58.58138537666178, "SUR": 58.363938853380574, "TLS": 48.18659978796575, "TON": 73.10766293639091, "TTO": 72.83237901971451, "TUV": 74.39411215327164, "VIR": 79.57573352242761, "VUT": 60.84916412114043, "AIA": 16.685144555412144, "COK": 16.685144555412144, "MSR": 16.685144555412144, "NIU": 16.685144555412144}, "2020": {"ASM": 25.27987440559192, "ATG": 26.665252488922384, "ABW": 26.344196439875432, "BHS": 35.418666225022896, "BRB": 32.16186054559199, "BLZ": 29.663419904289835, "VGB": 29.384899700539755, "CPV": 26.10839614917357, "COM": 18.90033322177225, "CUB": 18.89728583, "CUW": 30.05825654811722, "DMA": 34.00281060309434, "DOM": 30.5845627, "FJI": 26.21652389669236, "PYF": 29.790207238937388, "GRD": 31.780276494426616, "GUM": 28.34501611262194, "GNB": 53.91430546813503, "GUY": 22.117057133177905, "HTI": 24.32400766, "JAM": 32.23776834262028, "KIR": 18.05596939875831, "MDV": 30.146358464264477, "MHL": 28.757539498789775, "MUS": 24.715411042998575, "FSM": 22.044188240899548, "NRU": 30.89599388483534, "NCL": 34.79597287419123, "MNP": 30.811921133093925, "PLW": 28.663030940909408, "PNG": 17.7577630146838, "PRI": 76.65594668, "KNA": 32.249883456998106, "LCA": 33.59637669137493, "VCT": 30.562808590304716, "WSM": 21.17013359099237, "STP": 18.64458379122423, "SYC": 34.81526793589469, "SGP": 100.0, "SXM": 29.072917318547802, "SLB": 14.48459708318, "SUR": 22.980471820963604, "TLS": 18.956624466891814, "TON": 20.295486803956805, "TTO": 61.96640660536893, "TUV": 23.337605008939082, "VIR": 29.81335574445778, "VUT": 16.226280114603313, "AIA": 28.68383917420733, "COK": 28.68383917420733, "MSR": 28.68383917420733, "NIU": 28.68383917420733}}, "upperIntervals": {"2015": {"ASM": 100.0, "ATG": 100.0, "ABW": 100.0, "BHS": 100.0, "BRB": 100.0, "BLZ": 99.37461084000002, "VGB": 100.0, "CPV": 100.0, "COM": 100.0, "CUW": 99.37461084000002, "DMA": 100.0, "FJI": 70.9207735, "PYF": 100.0, "GRD": 100.0, "GUM": 100.0, "GNB": 57.32559277, "GUY": 48.73824321061805, "JAM": 99.37461084, "KIR": 100.0, "MDV": 100.0, "MHL": 100.0, "MUS": 100.0, "FSM": 100.0, "NRU": 100.0, "NCL": 100.0, "MNP": 100.0, "PLW": 100.0, "PNG": 60.99780214, "KNA": 100.0, "LCA": 100.0, "VCT": 100.0, "WSM": 100.0, "STP": 100.0, "SYC": 100.0, "SXM": 99.37461084000002, "SLB": 99.37461084000002, "SUR": 100.0, "TLS": 70.9207735, "TON": 100.0, "TTO": 100.0, "TUV": 100.0, "VIR": 100.0, "VUT": 99.37461084000002, "AIA": 21.49638625813208, "COK": 21.49638625813208, "MSR": 21.49638625813208, "NIU": 21.49638625813208}, "2020": {"ASM": 44.07688841, "ATG": 43.528331650400006, "ABW": 48.96411043599996, "BHS": 61.035695000000004, "BRB": 47.139888122100004, "BLZ": 57.81673882, "VGB": 61.035695000000004, "CPV": 42.297563031, "COM": 32.25381767, "CUW": 47.8887000405, "DMA": 61.035695000000004, "FJI": 47.75405731000001, "PYF": 44.07688841, "GRD": 47.75405731000001, "GUM": 46.688936646500004, "GNB": 100.0, "GUY": 36.65842792, "JAM": 50.44691192, "KIR": 26.38248695133333, "MDV": 61.035695000000004, "MHL": 44.6709091155, "MUS": 42.297563031, "FSM": 33.12161430496428, "NRU": 47.82137867525, "NCL": 46.56290531049999, "MNP": 42.82019851999999, "PLW": 42.82019851999999, "PNG": 40.85218129, "KNA": 47.75405731000001, "LCA": 50.44691192, "VCT": 45.8043361275, "WSM": 32.25381767, "STP": 29.99865353, "SYC": 47.75405731000001, "SXM": 46.194938620399995, "SLB": 29.99865353, "SUR": 37.16443294, "TLS": 30.917953645499967, "TON": 36.50774332633332, "TTO": 99.99999999999999, "TUV": 46.69711475, "VIR": 50.44691192, "VUT": 30.409993556499998, "AIA": 46.34796292200001, "COK": 46.34796292200001, "MSR": 46.34796292200001, "NIU": 46.34796292200001}}, "lowerIntervals": {"2015": {"ASM": 27.41673450132436, "ATG": 27.37883882698907, "ABW": 29.3542024383368, "BHS": 27.66216714, "BRB": 28.32615674729187, "BLZ": 19.30317010178539, "VGB": 28.94680522791129, "CPV": 19.87194185925753, "COM": 15.244973943216069, "CUW": 19.283123598061845, "DMA": 27.58567482627601, "FJI": 19.58885840305382, "PYF": 52.66789134, "GRD": 28.539950159904272, "GUM": 52.66789134, "GNB": 5.387179084081112, "GUY": 13.115504498501192, "JAM": 19.56690082735708, "KIR": 23.40025539068684, "MDV": 52.66789134, "MHL": 22.79946633156156, "MUS": 14.956129803172225, "FSM": 19.515971232796296, "NRU": 26.052101816771977, "NCL": 28.761321211210767, "MNP": 28.539950159904272, "PLW": 44.024900813375005, "PNG": 10.84045376782619, "KNA": 25.584610850933963, "LCA": 28.49815469413441, "VCT": 27.78061670167392, "WSM": 27.231927966767334, "STP": 17.43361385663971, "SYC": 57.32559277, "SXM": 19.141203575242383, "SLB": 17.6660541, "SUR": 18.13722467536932, "TLS": 12.643998930863122, "TON": 19.20738422016329, "TTO": 29.69193473780908, "TUV": 27.231927966767334, "VIR": 52.66789134, "VUT": 17.6660541, "AIA": 13.097941321331035, "COK": 13.097941321331035, "MSR": 13.097941321331035, "NIU": 13.097941321331035}, "2020": {"ASM": 12.434116545, "ATG": 19.363801766196403, "ABW": 15.753824211730766, "BHS": 15.770581419999997, "BRB": 16.1364989905, "BLZ": 15.0427378865, "VGB": 16.1549907485, "CPV": 14.57993088, "COM": 9.967783778, "CUW": 17.9918412164375, "DMA": 18.90736687494586, "FJI": 9.349971479, "PYF": 16.9558483, "GRD": 17.030828522375, "GUM": 18.080195525, "GNB": 8.7406017, "GUY": 10.29353101, "JAM": 15.515258727205884, "KIR": 6.311505521, "MDV": 15.770581419999997, "MHL": 15.797379612230767, "MUS": 15.531769438633336, "FSM": 14.40513293725, "NRU": 12.295245830000002, "NCL": 18.597647223, "MNP": 17.98802854875, "PLW": 17.276501555949995, "PNG": 7.1659847557, "KNA": 18.475880200832165, "LCA": 15.770581419999997, "VCT": 13.250366404500003, "WSM": 9.967783778, "STP": 10.84436658, "SYC": 20.599882895555556, "SXM": 15.278427683384619, "SLB": 4.169754347, "SUR": 16.3235492283, "TLS": 8.73659219555, "TON": 10.215884544500001, "TTO": 23.17538303792857, "TUV": 12.884990143916667, "VIR": 15.770446828499997, "VUT": 4.169754347, "AIA": 14.571784062610526, "COK": 14.571784062610526, "MSR": 14.571784062610526, "NIU": 14.571784062610526}}, "categoryImportances": {"2015": {"Environment": 0.9866292788997658, "Economic Policy & Debt": 0.0133707211002337}, "2020": {"Environment": 0.7603002412132656, "Infrastructure": 0.03302914725977808, "Economic Policy & Debt": 0.01858530736206928, "Social Protection & Labor": 0.09193419793074896, "Health": 0.09615110623413806}}, "featureImportances": {"2015": {"wdi2-NY.GDP.MKTP.CN": 0.0133707211002337, "wdi-AG.LND.AGRI.K2": 0.5401205821088598, "wdi-AG.LND.AGRI.ZS": 0.0212070600249701, "wdi-AG.LND.ARBL.HA.PC": 0.1337747302036165, "wdi-AG.LND.ARBL.ZS": 0.0479486448388266, "wdi-AG.LND.CROP.ZS": 0.0101140446490721, "wdi-AG.LND.TOTL.K2": 0.0947235239965423, "wdi-AG.SRF.TOTL.K2": 0.0871265049360351, "wdi-EG.ELC.ACCS.UR.ZS": 0.0138169445549107, "wdi-EG.ELC.ACCS.ZS": 0.0377972435869327}, "2020": {"wdi2-NE.DAB.TOTL.CN": 0.007946113303853287, "wdi2-NE.DAB.TOTL.KN": 0.01063919405821599, "wdi-EN.URB.LCTY.UR.ZS": 0.7603002412132656, "wdi-IT.NET.SECR.P6": 0.03302914725977808,