{"data": {"2020": {"ASM": 41.19634855586966, "ATG": 30.681344365651825, "ABW": 41.74443259808518, "BHS": 41.97955427070328, "BRB": 33.60271104714041, "BLZ": 42.52094349086664, "VGB": 32.693979299328355, "CPV": 30.257367016304837, "COM": 18.433919812092284, "CUB": 35.46651732966657, "CUW": 32.4385859908745, "DMA": 34.80087810294326, "DOM": 42.39242628973996, "FJI": 28.62529329345528, "PYF": 41.90554311012327, "GRD": 36.7621484469922, "GUM": 41.67728541804327, "GNB": 17.011305900068262, "GUY": 31.197158299069017, "HTI": 17.639679606979907, "JAM": 42.94942417363996, "KIR": 21.296769265858128, "MDV": 28.673131254900838, "MHL": 29.67335650681111, "MUS": 42.20263926372328, "FSM": 24.368298519359804, "NRU": 32.189218523017296, "NCL": 41.90554311012327, "MNP": 41.19634855586966, "PLW": 32.27163964554535, "PNG": 20.89768526055239, "PRI": 32.81996453717842, "KNA": 28.636411256463752, "LCA": 42.27976426392328, "VCT": 42.15237964792327, "WSM": 20.612895010680145, "STP": 19.380697907408592, "SYC": 42.110565662503284, "SGP": 33.06873874794985, "SXM": 41.17122163234967, "SLB": 18.210994948625288, "SUR": 28.414576548172334, "TLS": 18.33357030864014, "TON": 21.436032983223495, "TTO": 40.25539065075313, "TUV": 24.696678976567508, "VIR": 35.79353816677626, "VUT": 17.1290696768085, "AIA": 28.693669030571304, "COK": 28.693669030571304, "MSR": 28.693669030571304, "NIU": 28.693669030571304}}, "upperIntervals": {"2020": {"ASM": 42.319999999999965, "ATG": 35.508, "ABW": 44.5, "BHS": 44.5, "BRB": 41.839999999999996, "BLZ": 44.5, "VGB": 35.50666666666667, "CPV": 40.981826926, "COM": 22.894692060833332, "CUB": 54.099999999999994, "CUW": 33.86585479339231, "DMA": 44.5, "DOM": 44.5, "FJI": 40.981826926, "PYF": 54.099999999999994, "GRD": 44.5, "GUM": 42.319999999999965, "GNB": 22.774756446999998, "GUY": 40.981826926, "HTI": 24.821119044600003, "JAM": 44.5, "KIR": 27.614999999999977, "MDV": 33.70357143, "MHL": 35.5, "MUS": 44.979999999999976, "FSM": 27.391623190045443, "NRU": 33.70357143, "NCL": 54.099999999999994, "MNP": 42.319999999999965, "PLW": 35.508, "PNG": 25.98461538, "PRI": 35.5, "KNA": 40.9798653876, "LCA": 54.099999999999994, "VCT": 44.5, "WSM": 24.826059520850002, "STP": 22.589815399950005, "SYC": 54.099999999999994, "SGP": 41.7, "SXM": 44.5, "SLB": 22.7843234115, "SUR": 35.51, "TLS": 22.732001488249995, "TON": 22.930905159833333, "TTO": 44.979999999999976, "TUV": 31.350245109633327, "VIR": 54.099999999999994, "VUT": 22.894692060833332, "AIA": 33.609480264949994, "COK": 33.609480264949994, "MSR": 33.609480264949994, "NIU": 33.609480264949994}}, "lowerIntervals": {"2020": {"ASM": 33.117483606818176, "ATG": 22.656303003125, "ABW": 40.97692308, "BHS": 40.713076926, "BRB": 30.3, "BLZ": 35.693333333333335, "VGB": 30.396746215, "CPV": 22.739258482274998, "COM": 4.8, "CUB": 30.6882279068125, "CUW": 30.684494952333335, "DMA": 26.950678572166662, "DOM": 40.713076926, "FJI": 22.865714962583336, "PYF": 40.97692308, "GRD": 23.097236279404765, "GUM": 40.97692308, "GNB": 4.8, "GUY": 22.95494457666667, "HTI": 4.8, "JAM": 40.713076926, "KIR": 4.8, "MDV": 22.656303003125, "MHL": 25.141309522, "MUS": 40.97692308, "FSM": 21.5000338657, "NRU": 30.533977275833337, "NCL": 40.97692308, "MNP": 33.117483606818176, "PLW": 30.445454550000004, "PNG": 9.9, "PRI": 30.782821549666668, "KNA": 21.564394997892855, "LCA": 40.97692308, "VCT": 40.97692308, "WSM": 4.8, "STP": 9.9, "SYC": 40.713076926, "SGP": 30.419776518750005, "SXM": 33.117483606818176, "SLB": 9.9, "SUR": 21.299561059291666, "TLS": 4.8, "TON": 19.95, "TTO": 30.9323196481875, "TUV": 9.9, "VIR": 30.83768926906494, "VUT": 4.8, "AIA": 26.883595240499996, "COK": 26.883595240499996, "MSR": 26.883595240499996, "NIU": 26.883595240499996}}, "categoryImportances": {"2020": {"Economic Policy & Debt": 0.07696480469204901, "Private Sector & Trade": 0.9093771475295062, "Financial": 0.013658047778444692}}, "featureImportances": {"2020": {"wdi2-NY.GDP.MKTP.PP.CD": 0.028624753062251557, "wdi2-NY.GNP.MKTP.PP.KD": 0.03143346321043136, "mvi-wdi-BX.TRF.PWKR.DT.GD.ZS": 0.013658047778444692, "wdi-BX.TRF.PWKR.CD.DT": 0.00684674912799225, "wdi-BX.TRF.PWKR.DT.GD.ZS": 0.010059839291373844, "wdi-IC.CUS.DURS.EX": 0.022288027154452685, "wdi-IC.ELC.OUTG": 0.13851422611979053, "wdi-IC.ELC.OUTG.ZS": 0.01946088666028706, "wdi-IC.FRM.BNKS.ZS": 0.6923752981008643, "wdi-IC.FRM.BRIB.ZS": 0.03673870949411167}}, "performance": {"2020": 0.193510478808362}}