{"data": {"2015": {"ASM": -3620704.229461545, "ATG": 3549915.4447911205, "ABW": -5084477.505448744, "BHS": -4815068.308819367, "BRB": 4963592.70266035, "BLZ": -4379998.910512134, "VGB": 53764257.732064456, "CPV": -2746036.408063338, "COM": 5482203.268913023, "CUB": -5665072.056208009, "CUW": -1898702.1846114728, "DMA": -683000.0, "DOM": 3232000.0, "FJI": -3680549.407184097, "PYF": -4921487.432337534, "GRD": -6986219.994833663, "GUM": -1218112.5874631782, "GNB": -1170968.100132625, "GUY": -1610174.8345543635, "HTI": 6136102.957659876, "JAM": -2706000.0, "KIR": 104070668.24645092, "MDV": -2031075.217092696, "MHL": 58528940.95889191, "MUS": 13521535.953561122, "FSM": -159412.8064487387, "NRU": 44570134.65957502, "NCL": -4736795.944791616, "MNP": 2579397.0161145004, "PLW": -4805350.174457056, "PNG": -3667729.8964355104, "PRI": -6140783.824001077, "KNA": 24403292.02863677, "LCA": 40737394.47665382, "VCT": -5350423.322613674, "WSM": -3208232.243669851, "STP": -4238096.242892999, "SYC": -4818129.174457056, "SGP": 2362761.7836973346, "SXM": -3992882.046856464, "SLB": -4879859.993811894, "SUR": -3685137.7004130566, "TLS": -3634626.633714176, "TON": -4018641.9793229406, "TTO": -5470956.525902585, "TUV": 73191643.34757242, "VIR": -3735339.488605568, "VUT": -4407091.790481996, "AIA": 230433391.26342344, "COK": 230433391.26342344, "MSR": 230433391.26342344, "NIU": 230433391.26342344}}, "upperIntervals": {"2015": {"ASM": 12067039.168790689, "ATG": 15203709.947643943, "ABW": 12088967.93706292, "BHS": 13633226.26770212, "BRB": 19917582.219251253, "BLZ": 12067039.168790689, "VGB": 600273102.1428529, "CPV": 11950082.892935472, "COM": 13633226.26770212, "CUB": 8435709.204773266, "CUW": 10736231.00836986, "FJI": 11045049.905280448, "PYF": 11950082.892935472, "GRD": 11045049.905280448, "GUM": 11045049.905280448, "GNB": 11045049.905280448, "GUY": 20000000.0, "HTI": 23431143.220391944, "KIR": 765470000.0, "MDV": 13633226.26770212, "MHL": 765470000.0, "MUS": 37590947.83120814, "FSM": 12067039.168790689, "NRU": 513225000.00000006, "NCL": 12067039.168790689, "MNP": 16330573.51733943, "PLW": 13633226.26770212, "PNG": 20000000.0, "PRI": 10925930.235478802, "KNA": 765470000.0, "LCA": 765470000.0, "VCT": 10925930.235478802, "WSM": 11045049.905280448, "STP": 9283155.696649011, "SYC": 13633226.26770212, "SGP": 15943659.083975753, "SXM": 9625101.030219745, "SLB": 13633226.26770212, "SUR": 15943659.083975753, "TLS": 12067039.168790689, "TON": 9539338.714414235, "TTO": 11950082.892935472, "TUV": 765470000.0, "VIR": 19837274.99999999, "VUT": 12067039.168790689, "AIA": 938379000.0, "COK": 938379000.0, "MSR": 938379000.0, "NIU": 938379000.0}}, "lowerIntervals": {"2015": {"ASM": -27150945.0, "ATG": -30740595.19140988, "ABW": -39159029.76190476, "BHS": -32969599.6031746, "BRB": -28631223.774612483, "BLZ": -29246489.05529954, "VGB": -32888091.388888888, "CPV": -18346931.81235908, "COM": -16018455.164992826, "CUB": -18596728.33333333, "CUW": -20911766.96428572, "FJI": -29003710.13824885, "PYF": -30662843.802521, "GRD": -43449784.96503496, "GUM": -25147753.57142857, "GNB": -14345676.90235431, "GUY": -29246489.05529954, "HTI": -15642489.999999998, "KIR": -227616883.3333333, "MDV": -27856502.08333333, "MHL": -33983309.40476189, "MUS": -17245793.997326195, "FSM": -25993930.0, "NRU": -54308929.16666665, "NCL": -30171142.436974782, "MNP": -41471187.50000001, "PLW": -32969599.6031746, "PNG": -37123692.46031747, "PRI": -39324717.85714286, "KNA": -368239953.3333333, "LCA": -382080000.0, "VCT": -35424842.46031746, "WSM": -22394845.96006346, "STP": -27095066.666666668, "SYC": -32969599.6031746, "SGP": -37120900.7936508, "SXM": -20911766.96428572, "SLB": -32969599.6031746, "SUR": -29003710.13824885, "TLS": -16440429.783197826, "TON": -20911766.96428572, "TTO": -35424842.46031746, "TUV": -346907000.0, "VIR": -51932198.888888896, "VUT": -29246489.05529954, "AIA": -492415000.0, "COK": -492415000.0, "MSR": -492415000.0, "NIU": -492415000.0}}, "categoryImportances": {"2015": {"Environment": 0.5990254278138503, "Economic Policy & Debt": 0.4009745721861494}}, "featureImportances": {"2015": {"wdi2-NY.GDP.MKTP.CN": 0.4009745721861494, "wdi-AG.LND.AGRI.K2": 0.0721247237804009, "wdi-AG.LND.AGRI.ZS": 0.0206718292906303, "wdi-AG.LND.ARBL.HA.PC": 0.0174635262031306, "wdi-AG.LND.ARBL.ZS": 0.0145518120176197, "wdi-AG.LND.CREL.HA": 0.0781832766128798, "wdi-AG.LND.FRST.K2": 0.0696297951463253, "wdi-AG.LND.FRST.ZS": 0.0137844745352637, "wdi-AG.LND.TOTL.K2": 0.0544163921483431, "wdi-AG.PRD.CREL.MT": 0.2581995980792569}}, "performance": {"2015": 0.1311992111261107}}