{"data": {"2015": {"ASM": 800790223.7537984, "ATG": 2024035924.781202, "ABW": 3906070589.847202, "BHS": 11195220000.0, "BRB": 11127575396.286, "BLZ": 2765473511.0, "VGB": 264833365237.888, "CPV": 162000000000.0, "COM": 457000000000.0, "CUB": 51673000000.0, "CUW": 170062307663.416, "DMA": 163860091926.046, "DOM": 2210000000000.0, "FJI": 11468006128.256, "PYF": 5447794000000.0, "GRD": 167103949452.274, "GUM": 135022168023.678, "GNB": 494000000000.0, "GUY": 883604068773.944, "HTI": 758000000000.0, "JAM": 954000000000.0, "KIR": 359515000.0, "MDV": 54629000000.0, "MHL": 273619500.0, "MUS": 288000000000.0, "FSM": 12833360193.277998, "NRU": 6163637592.633201, "NCL": 26094920000000.0, "MNP": 14730315025.185991, "PLW": 335916800.0, "PNG": 12491612854711.465, "PRI": 12438100000.0, "KNA": 167093381941.4886, "LCA": 167374290611.67, "VCT": 169885292937.27, "WSM": 161634879059.602, "STP": 1041057526313.884, "SYC": 10034383400.0, "SGP": 316542682663.0, "SXM": 1608483000.0, "SLB": 9824000000.0, "SUR": 41305886980.248, "TLS": 2452823400.0, "TON": 167807984122.88858, "TTO": 1628394418718.144, "TUV": 6806659572.159597, "VIR": 2492430732.863002, "VUT": 73427000000.0, "AIA": 130122000000000.0, "COK": 130122000000000.0, "MSR": 130122000000000.0, "NIU": 130122000000000.0}, "2020": {"ASM": 32717095285457.145, "ATG": 1783355575343.5115, "ABW": 569111810332.2212, "BHS": 158924766666666.66, "BRB": 569111810332.2212, "BLZ": 2394198833.0, "VGB": 644994705494.52, "CPV": 194000000000.0, "COM": 2069754095408.151, "CUB": 675859994520.417, "CUW": 675859994520.417, "DMA": 2909125246255.2705, "DOM": 2670000000000.0, "FJI": 33137923754635.02, "PYF": 149201711904761.9, "GRD": 569111810332.2212, "GUM": 31053780386467.246, "GNB": 599000000000.0, "GUY": 33708985875847.14, "HTI": 830000000000.0, "JAM": 897000000000.0, "KIR": 569111810332.2212, "MDV": 569111810332.2212, "MHL": 569111810332.2212, "MUS": 275000000000.0, "FSM": 569111810332.2212, "NRU": 569111810332.2212, "NCL": 8659703171091.245, "MNP": 30984560386467.246, "PLW": 569111810332.2212, "PNG": 2293574493640.405, "PRI": 11840900000.0, "KNA": 569111810332.2212, "LCA": 160868766666666.66, "VCT": 159989766666666.66, "WSM": 569111810332.2212, "STP": 3639726505962.5684, "SYC": 569111810332.2212, "SGP": 569111810332.2212, "SXM": 637145767849.9772, "SLB": 11829000000.0, "SUR": 569111810332.2212, "TLS": 3473160479903.9355, "TON": 569111810332.2212, "TTO": 4782447469663.962, "TUV": 569111810332.2212, "VIR": 644994705494.52, "VUT": 88062000000.0, "AIA": 152954978571428.6, "COK": 152954978571428.6, "MSR": 152954978571428.6, "NIU": 152954978571428.6}}, "upperIntervals": {"2015": {"ASM": 1608483000.0, "ATG": 6759950000.0, "ABW": 9834519169.99999, "BRB": 14254975800.0, "VGB": 411000000000.0, "CUW": 411000000000.0, "DMA": 339000000000.0, "FJI": 27876913470.0, "PYF": 9590000000000.0, "GRD": 411000000000.0, "GUM": 411000000000.0, "GUY": 1130000000000.0, "FSM": 27217500000.0, "NRU": 14254975800.0, "NCL": 32200000000000.0, "MNP": 27876913470.0, "PNG": 26500000000000.0, "KNA": 411000000000.0, "LCA": 411000000000.0, "VCT": 411000000000.0, "WSM": 339000000000.0, "STP": 3920000000000.0, "SGP": 457000000000.0, "SUR": 76436181400.0, "TON": 411000000000.0, "TTO": 4620000000000.0, "TUV": 16694362849.999962, "VIR": 6759950000.0, "AIA": 178000000000000.0, "COK": 178000000000000.0, "MSR": 178000000000000.0, "NIU": 178000000000000.0}, "2020": {"ASM": 61100000000000.0, "ATG": 3524699374699.375, "ABW": 1153998724779.683, "BHS": 195000000000000.0, "BRB": 1153998724779.683, "VGB": 1153998724779.683, "COM": 3931556213017.7515, "CUB": 1192942379157.303, "CUW": 1192942379157.303, "DMA": 6138968627450.9795, "FJI": 64036499999999.99, "PYF": 195000000000000.0, "GRD": 1153998724779.683, "GUM": 61100000000000.0, "GUY": 63900000000000.0, "KIR": 1153998724779.683, "MDV": 1153998724779.683, "MHL": 1153998724779.683, "FSM": 1153998724779.683, "NRU": 1153998724779.683, "NCL": 15832107142857.14, "MNP": 61100000000000.0, "PLW": 1153998724779.683, "PNG": 4157854166666.6665, "KNA": 1153998724779.683, "LCA": 195000000000000.0, "VCT": 195000000000000.0, "WSM": 1153998724779.683, "STP": 7558678571428.567, "SYC": 1153998724779.683, "SGP": 1153998724779.683, "SXM": 1153998724779.683, "SUR": 1153998724779.683, "TLS": 7371275757575.757, "TON": 1153998724779.683, "TTO": 14123156249999.998, "TUV": 1153998724779.683, "VIR": 1153998724779.683, "AIA": 195000000000000.0, "COK": 195000000000000.0, "MSR": 195000000000000.0, "NIU": 195000000000000.0}}, "lowerIntervals": {"2015": {"ASM": 273619500.0, "ATG": 335916800.0, "ABW": 335916800.0, "BRB": 9020415900.0, "VGB": 43794002700.0, "CUW": 10034383400.0, "DMA": 8907392605.000006, "FJI": 3417900200.0, "PYF": 763000000000.0, "GRD": 8907392605.000006, "GUM": 9530900000.0, "GUY": 492150000000.0001, "FSM": 359515000.0, "NRU": 273619500.0, "NCL": 11500000000000.0, "MNP": 359515000.0, "PNG": 74667244203.3, "KNA": 8907392605.000006, "LCA": 9824000000.0, "VCT": 6759950000.0, "WSM": 10034383400.0, "STP": 17474557000.0, "SGP": 135000000000.0, "SUR": 16653300000.0, "TON": 9020415900.0, "TTO": 43794002700.0, "TUV": 273619500.0, "VIR": 273619500.0, "AIA": 80400000000000.0, "COK": 80400000000000.0, "MSR": 80400000000000.0, "NIU": 80400000000000.0}, "2020": {"ASM": 15646666666666.67, "ATG": 375807610924.9522, "ABW": 101980660541.35599, "BHS": 88504000000000.0, "BRB": 101980660541.35599, "VGB": 237494421769.4665, "COM": 517680768252.75696, "CUB": 251370048705.02652, "CUW": 251370048705.02652, "DMA": 689719681671.0175, "FJI": 16016166666666.664, "PYF": 62650000000000.0, "GRD": 101980660541.35599, "GUM": 15414044117647.059, "GUY": 16016166666666.664, "KIR": 101980660541.35599, "MDV": 101980660541.35599, "MHL": 101980660541.35599, "FSM": 101980660541.35599, "NRU": 101980660541.35599, "NCL": 1258879075862.5208, "MNP": 15186676470588.238, "PLW": 101980660541.35599, "PNG": 577672259056.4701, "KNA": 101980660541.35599, "LCA": 88504000000000.0, "VCT": 83056000000000.0, "WSM": 101980660541.35599, "STP": 734008769598.9727, "SYC": 101980660541.35599, "SGP": 101980660541.35599, "SXM": 230494753023.08206, "SUR": 101980660541.35599, "TLS": 734008769598.9727, "TON": 101980660541.35599, "TTO": 735258131236.8589, "TUV": 101980660541.35599, "VIR": 237494421769.4665, "AIA": 125999999999999.98, "COK": 125999999999999.98, "MSR": 125999999999999.98, "NIU": 125999999999999.98}}, "categoryImportances": {"2015": {"Environment": 0.040192081232918994, "Public Sector": 0.001079575840113, "Economic Policy & Debt": 0.9587283429269677}, "2020": {"Economic Policy & Debt": 0.9780276147955167, "Financial Sector": 0.021972385204483427}}, "featureImportances": {"2015": {"wdi2-NY.GDP.MKTP.CN": 0.4838338677566453, "wdi-AG.LND.TOTL.K2": 0.0044062881703584, "wdi-AG.SRF.TOTL.K2": 0.0052508442224986, "wdi-EG.ELC.ACCS.UR.ZS": 0.0117634028856921, "wdi-EG.ELC.ACCS.ZS": 0.0111215509909174, "wdi-EG.ELC.RNEW.ZS": 0.0041037604861938, "wdi-EN.POP.DNST": 0.0035462344772587, "wdi-IQ.SPI.PIL1": 0.001079575840113, "wdi2-NE.CON.TOTL.CD": 0.0066019315668191, "wdi2-NE.CON.TOTL.CN": 0.4682925436035034}, "2020": {"wdi2-NE.DAB.TOTL.CN": 0.23170393502345712, "wdi2-NE.CON.TOTL.KD.ZG": 0.009227615841173644, "wdi2-NE.CON.TOTL.KN": 0.380552040113336, "wdi2-NE.GDI.TOTL.KD.ZG": 0.009451998585260543, "wdi2-NE.GDI.TOTL.KN": 0.33853682179858186, "wdi2-NY.GDP.DEFL.KD.ZG": 0.005260673066536042, "wdi2-NY.GDP.DEFL.KD.ZG.AD": 0.006808436670470421, "wdi2-NY.GDP.DEFL.ZS": 0.0019094567925115413, "wdi2-NY.GDP.DEFL.ZS.AD": 0.007993818674965425, "wdi2-NY.GDP.MKTP.CD": 0.008555203433707567}}, "performance": {"2015": 0.06767514783648908, "2020": 0.071593120602731}}