{"data": {"2015": {"ASM": 123.0608595872702, "ATG": 106.787116, "ABW": 100.1278434, "BHS": 99.76005055, "BRB": 107.255176, "BLZ": 106.8558903, "VGB": 87.10811281406689, "CPV": 114.2512043, "COM": 117.5325555, "CUB": 97.31904101, "CUW": 92.25644771033264, "DMA": 126.95406017476078, "DOM": 104.6479131, "FJI": 98.38641091, "PYF": 101.34369135596, "GRD": 122.05038938337236, "GUM": 89.71189863436167, "GNB": 104.6954645, "GUY": 108.04575002177356, "HTI": 118.4654843, "JAM": 116.2741907, "KIR": 190.0858303, "MDV": 92.81042647, "MHL": 148.8564818, "MUS": 107.7283584, "FSM": 144.62638951033978, "NRU": 125.48554368167176, "NCL": 96.45443980186796, "MNP": 109.93834504199204, "PLW": 119.7744972, "PNG": 98.77839106126387, "PRI": 77.02947023, "KNA": 106.38129717204536, "LCA": 116.40804068115932, "VCT": 125.01262560942035, "WSM": 128.3680867547842, "STP": 114.80271967121575, "SYC": 111.0666323, "SGP": 72.70218194, "SXM": 93.17877842, "SLB": 107.1338811, "SUR": 112.95897842411117, "TLS": 153.8388476, "TON": 118.24360257996324, "TTO": 85.12891441972768, "TUV": 122.42602327298395, "VIR": 99.27659143989926, "VUT": 117.8377293, "AIA": 104.09222382207824, "COK": 104.09222382207824, "MSR": 104.09222382207824, "NIU": 104.09222382207824}, "2020": {"ASM": 108.42277331799991, "ATG": 132.7464038, "ABW": 105.29165568040013, "BHS": 109.83748935759995, "BRB": 116.05197201399994, "BLZ": 100.0370798, "VGB": 116.83557868899999, "CPV": 134.9907725, "COM": 105.31133007800004, "CUB": 97.66245645960002, "CUW": 105.49747714450001, "DMA": 118.55538178899995, "DOM": 107.7022622, "FJI": 97.36351607, "PYF": 105.78105409899999, "GRD": 118.96960366999988, "GUM": 99.97114601399997, "GNB": 114.8617526, "GUY": 101.57093669140004, "HTI": 118.7498861, "JAM": 114.1745548, "KIR": 114.53699364899995, "MDV": 113.44080854960002, "MHL": 100.55670889230004, "MUS": 110.734337, "FSM": 115.79413433699992, "NRU": 98.09014745650002, "NCL": 113.55300571799994, "MNP": 97.72898255830005, "PLW": 101.43397775560003, "PNG": 110.14633326699987, "PRI": 82.34564657, "KNA": 115.63171580899996, "LCA": 102.38314720199998, "VCT": 109.6685132929999, "WSM": 117.23607617299999, "STP": 103.23419936820002, "SYC": 115.9508862, "SGP": 68.04433806, "SXM": 99.1832746778, "SLB": 108.4059336, "SUR": 109.93414131629999, "TLS": 106.52624648120005, "TON": 113.33581622799991, "TTO": 109.26428627099993, "TUV": 108.30580607599997, "VIR": 100.93697506590004, "VUT": 123.5768342, "AIA": 112.21107174400005, "COK": 114.07232652900008, "MSR": 121.23599282400004, "NIU": 114.86925158399995}}, "upperIntervals": {"2015": {"ASM": 187.0796349, "VGB": 125.5545701, "CUW": 125.5545701, "DMA": 190.0858303, "PYF": 125.5397762, "GRD": 187.0796349, "GUM": 125.5397762, "GUY": 123.4519039, "FSM": 190.0858303, "NRU": 190.0858303, "NCL": 116.2222652, "MNP": 153.8388476, "PNG": 119.28182515749997, "KNA": 153.8388476, "LCA": 143.935058, "VCT": 187.0796349, "WSM": 190.0858303, "STP": 138.474421, "SUR": 137.23729, "TON": 190.0858303, "TTO": 100.44937811999998, "TUV": 190.0858303, "VIR": 118.4528331, "AIA": 109.2146194, "COK": 109.2146194, "MSR": 109.2146194, "NIU": 109.2146194}, "2020": {"ASM": 117.02255792999999, "ABW": 107.7157487, "BHS": 118.13480035999997, "BRB": 131.5165878, "VGB": 123.5768342, "COM": 107.71699776000001, "CUB": 102.169261, "CUW": 112.7859532, "DMA": 131.690297035, "PYF": 114.17455479999998, "GRD": 123.5768342, "GUM": 105.7116639, "GUY": 106.39980654, "KIR": 122.464094, "MDV": 122.464094, "MHL": 105.7116639, "FSM": 122.464094, "NRU": 101.65477021, "NCL": 122.0545534, "MNP": 105.77831178, "PLW": 114.20891468999999, "PNG": 117.93958626999998, "KNA": 131.5165878, "LCA": 108.92172606, "VCT": 117.17324069999998, "WSM": 123.5768342, "STP": 106.42355175, "SXM": 104.8287222, "SUR": 121.2496814, "TLS": 109.931865995, "TON": 122.464094, "TTO": 117.17324070000001, "TUV": 122.464094, "VIR": 104.48219127, "AIA": 122.13066744, "COK": 122.464094, "MSR": 134.9907725, "NIU": 123.5768342}}, "lowerIntervals": {"2015": {"ASM": 72.45865151, "VGB": 65.96884082, "CUW": 65.96884082, "DMA": 72.45865151, "PYF": 65.96884082, "GRD": 81.18598059, "GUM": 65.96884082, "GUY": 96.8338049, "FSM": 81.18598059, "NRU": 72.45865151, "NCL": 71.1134305, "MNP": 72.45865151, "PNG": 81.18598059, "KNA": 72.45865151, "LCA": 98.38641091, "VCT": 81.18598059, "WSM": 72.45865151, "STP": 99.59349016775, "SUR": 95.9305313155, "TON": 72.45865151, "TTO": 65.96884082, "TUV": 72.45865151, "VIR": 72.45865151, "AIA": 95.51125567, "COK": 95.51125567, "MSR": 95.51125567, "NIU": 95.51125567}, "2020": {"ASM": 101.0521203, "ABW": 101.98131633, "BHS": 105.7116639, "BRB": 107.58907861499999, "VGB": 108.9023381, "COM": 102.059647465, "CUB": 93.55923828, "CUW": 100.59497210000002, "DMA": 106.2180253, "PYF": 97.608569007, "GRD": 110.734337, "GUM": 94.7234674135, "GUY": 96.587783397, "KIR": 107.0446215, "MDV": 104.8287222, "MHL": 98.218705786, "FSM": 107.010202985, "NRU": 90.34787976, "NCL": 106.2888364, "MNP": 93.55412091, "PLW": 97.36351607, "PNG": 106.2180253, "KNA": 106.2180253, "LCA": 96.33859974, "VCT": 106.2180253, "WSM": 108.527935925, "STP": 98.590849685, "SXM": 94.7234674135, "SUR": 101.92258383, "TLS": 102.169261, "TON": 106.2888364, "TTO": 106.2180253, "TUV": 100.0370798, "VIR": 98.30079292, "AIA": 106.151315145, "COK": 107.227358, "MSR": 108.9023381, "NIU": 106.2180253}}, "categoryImportances": {"2015": {"Environment": 0.42075614041368276, "Public Sector": 0.0291698322679834, "Economic Policy & Debt": 0.5500740273183333}, "2020": {"Economic Policy & Debt": 0.9681106991284333, "Financial Sector": 0.0318893008715669}}, "featureImportances": {"2015": {"wdi2-NY.GDP.MKTP.CN": 0.3351273983203072, "wdi-AG.LND.TOTL.K2": 0.0400487178445999, "wdi-AG.SRF.TOTL.K2": 0.0313790195282672, "wdi-EG.ELC.ACCS.UR.ZS": 0.1384834580538745, "wdi-EG.ELC.ACCS.ZS": 0.0723040195981723, "wdi-EG.ELC.RNEW.ZS": 0.052728825103912, "wdi-EN.POP.DNST": 0.0858121002848569, "wdi-IQ.SPI.PIL1": 0.0291698322679834, "wdi2-NE.CON.TOTL.CD": 0.1508268780714611, "wdi2-NE.CON.TOTL.CN": 0.064119750926565}, "2020": {"wdi2-NE.DAB.TOTL.CN": 0.011633737758069041, "wdi2-NY.GDY.TOTL.KN": 0.013593334753776507, "wdi2-NE.CON.TOTL.CN": 0.026225864381710276, "wdi2-NE.CON.TOTL.ZS": 0.6610004096370817, "wdi2-NE.GDI.TOTL.CN": 0.00904623448256043, "wdi2-NE.GDI.TOTL.ZS": 0.24661111811523515, "wdi2-NY.GDP.DEFL.KD.ZG": 0.010657230412713135, "wdi2-NY.GDP.DEFL.KD.ZG.AD": 0.006492465922601186, "wdi2-NY.GDP.DEFL.ZS": 0.007157039725383301, "wdi2-NY.GDP.DEFL.ZS.AD": 0.007582564810869273}}, "performance": {"2015": 0.13504812078952, "2020": 0.0609622142527411}}