{"data": {"2015": {"ASM": 22.41146017291401, "ATG": 30.13235367842921, "ABW": 30.017440158135106, "BHS": 31.48398207457346, "BRB": 28.70381799910521, "BLZ": 16.096757301081652, "VGB": 30.952991715389043, "CPV": 9.77451992, "COM": 9.097704169504926, "CUB": 17.596549319552018, "CUW": 26.27847546690348, "DMA": 22.392903107394133, "DOM": 12.38035011, "FJI": 16.268519364800003, "PYF": 29.386605075223965, "GRD": 17.194255963256776, "GUM": 35.00079440691603, "GNB": 6.554871405598719, "GUY": 11.860004386714207, "HTI": 6.444453234560082, "JAM": 16.426884213987822, "KIR": 16.887048565571057, "MDV": 19.98029602558021, "MHL": 18.14203320932113, "MUS": 17.399125394570685, "FSM": 15.757368031082644, "NRU": 21.88984919754438, "NCL": 32.50155368173138, "MNP": 36.26756755824797, "PLW": 21.13842342140785, "PNG": 7.295209053975381, "PRI": 29.70501374544225, "KNA": 34.55258001980475, "LCA": 19.02531185969844, "VCT": 18.639987142196727, "WSM": 14.94494066260703, "STP": 8.45535245244622, "SYC": 29.14976075846809, "SGP": 42.93918991, "SXM": 28.752605371395457, "SLB": 7.514677008934734, "SUR": 17.444671057947755, "TLS": 10.347984982581254, "TON": 32.83493958897812, "TTO": 36.27747530924665, "TUV": 21.40469532175366, "VIR": 31.65211944075864, "VUT": 9.220642236686992, "AIA": 19.6122640848456, "COK": 19.6122640848456, "MSR": 19.6122640848456, "NIU": 19.6122640848456}}, "upperIntervals": {"2015": {"ASM": 42.93918991, "ATG": 42.93918991, "ABW": 42.93918991, "BHS": 47.07397842, "BRB": 47.07397842, "BLZ": 24.00573921, "VGB": 43.13074089445054, "COM": 12.38035011, "CUB": 24.47097969, "CUW": 34.347768956888885, "DMA": 43.12707526737941, "FJI": 24.00573921, "PYF": 47.32347107, "GRD": 24.00573921, "GUM": 47.32347107, "GNB": 12.21327040395461, "GUY": 24.00573921, "HTI": 12.38035011, "JAM": 24.00573921, "KIR": 55.30374146, "MDV": 42.93918991, "MHL": 24.681872197777743, "MUS": 24.47097969, "FSM": 55.30374146, "NRU": 43.08038412981923, "NCL": 47.32347107, "MNP": 47.07397842, "PLW": 42.88868229372227, "PNG": 12.597491065549956, "PRI": 47.07397842, "KNA": 47.32347107, "LCA": 47.32347107, "VCT": 47.32347107, "WSM": 24.00573921, "STP": 10.091457400258331, "SYC": 55.30374146, "SXM": 47.07397842, "SLB": 10.610500195499917, "SUR": 24.00573921, "TLS": 24.00573921, "TON": 55.30374146, "TTO": 55.30374146, "TUV": 55.30374146, "VIR": 55.30374146, "VUT": 18.64012060554161, "AIA": 25.524296523104127, "COK": 25.524296523104127, "MSR": 25.524296523104127, "NIU": 25.524296523104127}}, "lowerIntervals": {"2015": {"ASM": 10.5173502, "ATG": 16.44248962, "ABW": 16.44248962, "BHS": 16.44248962, "BRB": 16.44248962, "BLZ": 5.493140221, "VGB": 16.44248962, "COM": 2.07246995, "CUB": 9.246359825, "CUW": 12.42140007, "DMA": 12.371446097970331, "FJI": 9.246359825, "PYF": 13.17022991, "GRD": 8.193940162999999, "GUM": 16.44248962, "GNB": 1.805330038, "GUY": 5.493140221, "HTI": 1.805330038, "JAM": 9.246359825, "KIR": 7.500020027, "MDV": 9.669788615816666, "MHL": 7.500020027, "MUS": 9.757983383604689, "FSM": 5.493140221, "NRU": 10.5173502, "NCL": 16.44248962, "MNP": 21.12911034, "PLW": 10.5173502, "PNG": 1.805330038, "PRI": 14.413252687000002, "KNA": 16.44248962, "LCA": 8.116270663266667, "VCT": 8.569760323, "WSM": 8.569760323, "STP": 2.07246995, "SYC": 12.38035011, "SXM": 15.117224437450002, "SLB": 1.805330038, "SUR": 8.184544659, "TLS": 5.3221067074500095, "TON": 10.5173502, "TTO": 18.49985961925, "TUV": 9.769480382138465, "VIR": 12.380030666041351, "VUT": 1.805330038, "AIA": 12.300444088833954, "COK": 12.300444088833954, "MSR": 12.300444088833954, "NIU": 12.300444088833954}}, "categoryImportances": {"2015": {"Environment": 0.0274487917326417, "Economic Policy & Debt": 0.0390670143753216, "Profile": 0.0287011666607457, "Climate": 0.1619723855373101, "Digital": 0.7280905210255344, "Blue": 0.0147201206684461}}, "featureImportances": {"2015": {"wdi2-NE.DAB.TOTL.CN": 0.0390670143753216, "key-wdi-AG.SRF.TOTL.K2": 0.0171914031721378, "key-wdi-EG.ELC.ACCS.ZS": 0.424677268571666, "key-wdi-EG.ELC.RNEW.ZS": 0.0286054356067327, "key-wdi-EG.FEC.RNEW.ZS": 0.1333669499305774, "key-wdi-ER.FSH.CAPT.MT": 0.0147201206684461, "key-wdi-IT.CEL.SETS.P2": 0.0251341156017729, "key-wdi-IT.NET.USER.ZS": 0.2782791368520955, "key-wdi2-SP.POP.TOTL": 0.0115097634886079, "wdi-AG.LND.AGRI.K2": 0.0274487917326417}}, "performance": {"2015": 0.3729032991435174}}