{"data": {"2015": {"ASM": 13.414010003559945, "ATG": 7.226679999999978, "ABW": 9.36635999999996, "BHS": 12.9, "BRB": 8.97, "BLZ": 11.07, "VGB": 8.71493565431198, "CPV": 31.63, "COM": 10.93481370775003, "CUB": 2.6, "CUW": 10.380279999999946, "DMA": 12.709425482528014, "DOM": 10.84, "FJI": 15.697489965920012, "PYF": 14.520285183778013, "GRD": 11.913976745109984, "GUM": 7.528599999999974, "GNB": 7.141885709870015, "GUY": 12.406159190680052, "HTI": 9.79672296726002, "JAM": 17.86, "KIR": 5.64, "MDV": 7.560799999999994, "MHL": 15.480990003559937, "MUS": 10.68, "FSM": 14.56613584544002, "NRU": 17.686890003559945, "NCL": 14.147691769588011, "MNP": 9.077679999999976, "PLW": 14.048645645759962, "PNG": 7.593772456473997, "PRI": 9.7, "KNA": 10.099119999999951, "LCA": 9.019096745109984, "VCT": 9.891264689925986, "WSM": 13.106914007090008, "STP": 9.490493707750016, "SYC": 4.79, "SGP": 3.96, "SXM": 12.958659999999927, "SLB": 10.361383263184038, "SUR": 11.45, "TLS": 12.502165182469994, "TON": 7.223098875679979, "TTO": 2.95, "TUV": 11.696217464460004, "VIR": 6.984739999999968, "VUT": 11.346366049124022, "AIA": 6.280179250339993, "COK": 6.280179250339993, "MSR": 6.280179250339993, "NIU": 6.280179250339993}, "2020": {"ASM": 11.7639, "ATG": 14.828399999999995, "ABW": 10.458700000000004, "BHS": 9.326599999999996, "BRB": 10.7971, "BLZ": 10.066100000000004, "VGB": 6.818200000000008, "CPV": 16.184099999999997, "COM": 18.42199999999998, "CUB": 12.528599999999999, "CUW": 8.071800000000003, "DMA": 14.601600000000003, "DOM": 10.432400000000003, "FJI": 13.918499999999993, "PYF": 18.373499999999993, "GRD": 14.113799999999992, "GUM": 10.555300000000003, "GNB": 11.381700000000006, "GUY": 14.705999999999992, "HTI": 13.084200000000003, "JAM": 8.425800000000002, "KIR": 16.8842, "MDV": 9.621700000000002, "MHL": 14.525399999999998, "MUS": 12.997400000000003, "FSM": 13.3133, "NRU": 13.813100000000002, "NCL": 12.492499999999996, "MNP": 8.5402, "PLW": 14.195199999999994, "PNG": 17.66179999999999, "PRI": 27.90900000000001, "KNA": 12.215099999999996, "LCA": 10.642200000000003, "VCT": 15.986199999999995, "WSM": 19.086499999999987, "STP": 17.497299999999985, "SYC": 10.983400000000003, "SGP": 5.241199999999999, "SXM": 9.957900000000002, "SLB": 11.354800000000003, "SUR": 13.266099999999996, "TLS": 14.6769, "TON": 18.34619999999999, "TTO": 12.3364, "TUV": 16.207600000000003, "VIR": 12.2798, "VUT": 11.492500000000001, "AIA": 5.4102, "COK": 5.4102, "MSR": 5.4102, "NIU": 5.4102}}, "upperIntervals": {"2015": {"ASM": 36.57, "ATG": 12.9, "ABW": 14.77, "VGB": 23.55, "COM": 31.629999999999995, "CUW": 36.57, "DMA": 31.629999999999995, "FJI": 30.690000000000005, "PYF": 31.629999999999995, "GRD": 36.57, "GUM": 14.896999999999885, "GNB": 27.67849999999985, "GUY": 27.52, "HTI": 31.629999999999995, "MDV": 34.32, "MHL": 36.57, "FSM": 34.32, "NRU": 36.57, "NCL": 25.06, "MNP": 31.629999999999995, "PLW": 36.57, "PNG": 22.599999999999955, "KNA": 34.4324999999999, "LCA": 34.32, "VCT": 34.32, "WSM": 31.629999999999995, "STP": 31.629999999999995, "SXM": 34.32, "SLB": 31.629999999999995, "TLS": 31.629999999999995, "TON": 14.77, "TUV": 36.57, "VIR": 11.03999999999992, "VUT": 31.629999999999995, "AIA": 19.90958463, "COK": 19.90958463, "MSR": 19.90958463, "NIU": 19.90958463}, "2020": {"ASM": 19.04, "ATG": 24.67, "ABW": 24.67, "BHS": 24.67, "BRB": 22.712999999999994, "BLZ": 24.67, "VGB": 8.401999999999997, "CPV": 22.61, "COM": 24.67, "CUB": 19.04, "CUW": 18.4, "DMA": 22.61, "DOM": 24.67, "FJI": 24.67, "PYF": 22.61, "GRD": 22.61, "GUM": 24.67, "GNB": 22.61, "GUY": 22.61, "HTI": 19.218499999999988, "JAM": 16.993999999999996, "KIR": 22.61, "MDV": 24.67, "MHL": 22.61, "MUS": 22.712999999999994, "FSM": 24.67, "NRU": 19.04, "NCL": 24.67, "MNP": 12.36, "PLW": 22.61, "PNG": 24.67, "PRI": 40.07, "KNA": 22.61, "LCA": 24.67, "VCT": 24.67, "WSM": 24.67, "STP": 24.67, "SYC": 22.61, "SGP": 8.293, "SXM": 22.712999999999994, "SLB": 22.712999999999994, "SUR": 22.61, "TLS": 24.67, "TON": 24.67, "TTO": 22.712999999999994, "TUV": 22.61, "VIR": 19.04, "VUT": 22.712999999999994, "AIA": 11.485999999999997, "COK": 11.485999999999997, "MSR": 11.485999999999997, "NIU": 11.485999999999997}}, "lowerIntervals": {"2015": {"ASM": 3.96, "ATG": 1.57, "ABW": 5.12, "VGB": 1.57, "COM": 0.46, "CUW": 4.91, "DMA": 3.45, "FJI": 3.47, "PYF": 3.96, "GRD": 1.57, "GUM": 1.57, "GNB": 0.7, "GUY": 1.7950000000000004, "HTI": 0.85, "MDV": 1.57, "MHL": 3.47, "FSM": 1.536500000000002, "NRU": 2.95, "NCL": 4.45, "MNP": 1.57, "PLW": 1.57, "PNG": 0.9, "KNA": 4.79, "LCA": 1.57, "VCT": 3.1, "WSM": 3.45, "STP": 0.46, "SXM": 4.378000000000002, "SLB": 1.7, "TLS": 0.7, "TON": 2.95, "TUV": 3.1, "VIR": 3.45, "VUT": 0.7, "AIA": 1.71, "COK": 1.71, "MSR": 1.71, "NIU": 1.71}, "2020": {"ASM": 4.3485000000000005, "ATG": 4.306500000000001, "ABW": 2.2, "BHS": 3.95, "BRB": 2.9125000000000005, "BLZ": 4.341500000000001, "VGB": 4.747, "CPV": 4.36, "COM": 7.172000000000001, "CUB": 4.0575, "CUW": 2.2, "DMA": 4.36, "DOM": 2.1445000000000003, "FJI": 4.1, "PYF": 9.93, "GRD": 4.36, "GUM": 4.0945, "GNB": 3.2355, "GUY": 4.0575, "HTI": 4.1285, "JAM": 3.29, "KIR": 9.7995, "MDV": 2.2, "MHL": 4.3485000000000005, "MUS": 4.088, "FSM": 3.9795000000000003, "NRU": 4.13, "NCL": 3.99, "MNP": 4.13, "PLW": 4.36, "PNG": 10.177, "PRI": 3.25, "KNA": 3.25, "LCA": 2.2, "VCT": 4.673500000000001, "WSM": 9.93, "STP": 4.36, "SYC": 4.13, "SGP": 2.2, "SXM": 2.2, "SLB": 2.2, "SUR": 3.25, "TLS": 4.36, "TON": 9.93, "TTO": 4.1, "TUV": 7.172000000000001, "VIR": 3.366, "VUT": 2.2, "AIA": 2.9275, "COK": 2.9275, "MSR": 2.9275, "NIU": 2.9275}}, "categoryImportances": {"2015": {"Environment": 0.8259566767400573, "Financial Sector": 0.1019951293265862, "Economic Policy & Debt": 0.0720481939333562}, "2020": {"Economic Policy & Debt": 0.13016405760170874, "Infrastructure": 0.12747077475756596, "Social Protection & Labor": 0.7423651676407255}}, "featureImportances": {"2015": {"wdi2-NY.GDP.MKTP.CN": 0.0720481939333562, "wdi-AG.LND.TOTL.K2": 0.0713915233632598, "wdi-AG.SRF.TOTL.K2": 0.0920764530934313, "wdi-EG.ELC.ACCS.UR.ZS": 0.0788243552116203, "wdi-EG.ELC.ACCS.ZS": 0.1379100560998504, "wdi-EG.ELC.RNEW.ZS": 0.1006862300394687, "wdi-EN.POP.DNST": 0.1244180869693089, "wdi2-NY.GDP.DEFL.KD.ZG": 0.1019951293265862, "wdi2-NY.GDP.FRST.RT.ZS": 0.121559357784582, "wdi2-NY.GDP.MINR.RT.ZS": 0.0990906141785359}, "2020": {"wdi2-NE.DAB.TOTL.CN": 0.021306765576888927, "wdi-BX.TRF.PWKR.CD.DT": 0.05951385832504937, "wdi-IT.NET.SECR": 0.0612539927454094, "wdi-IT.NET.SECR.P6": 0.06621678201215657, "wdi2-PA.NUS.PPP": 0.049343433699770456, "wdi2-SL.EMP.TOTL.SP.ZS": 0.5105461186882027, "wdi2-SL.TLF.CACT.FE.NE.ZS": 0.05752584989517653, "wdi2-SL.TLF.CACT.FM.NE.ZS": 0.1074976242975836, "wdi2-SL.TLF.CACT.MA.NE.ZS": 0.04847531811463448, "wdi2-SL.TLF.CACT.ZS": 0.01832025664512824}}, "performance": {"2015": 0.7443721098199574, "2020": 0.6863643058507682}}