{"data": {"2015": {"ASM": 502015037.6, "ATG": 61184570270.38738, "ABW": 33826118878.68401, "BHS": 5059910103.0, "BRB": 92932167211.48982, "BLZ": 1588709677.0, "VGB": 193991088069.7739, "CPV": 62863568080.0, "COM": 42382612876.0, "CUB": 13260211583.0, "CUW": 29880803677.31676, "DMA": 63633270004.887024, "DOM": 556000000000.0, "FJI": 2066892240042.0269, "PYF": 40707056930.1992, "GRD": 63255273455.567696, "GUM": 1086337326.0, "GNB": 136000000000.0, "GUY": 117609325168.2138, "HTI": 78735811260.0, "JAM": 252000000000.0, "KIR": 28662494.75, "MDV": 47239563284.0, "MHL": 82374800.0, "MUS": 156000000000.0, "FSM": 7354813381.881376, "NRU": 1588425775.466976, "NCL": 8753084444444.444, "MNP": 532097637.8, "PLW": 163479800.0, "PNG": 3980518444444.444, "PRI": 5013852295238.095, "KNA": 83585243929.93532, "LCA": 83910383898.87894, "VCT": 84151740625.14821, "WSM": 64135981026.56522, "STP": 440852739361.2945, "SYC": 7371172151.0, "SGP": 755000000000.0, "SXM": 2118972505.0, "SLB": 4940644930.0, "SUR": 1759847897184.884, "TLS": 48508500.0, "TON": 7379860026.971767, "TTO": 1258169436563.4363, "TUV": 1898486696.923702, "VIR": 1105369916.0, "VUT": 30416564901.0, "AIA": 51068600000000.0, "COK": 51068600000000.0, "MSR": 51068600000000.0, "NIU": 51068600000000.0}, "2020": {"ASM": 7797241286354.659, "ATG": 363369123047.4127, "ABW": 684868458105.4689, "BHS": 872884776891.7091, "BRB": 324874693101.2278, "BLZ": 1534371405.0, "VGB": 371247845251.7752, "CPV": 35491487547.0, "COM": 643225988549.15, "CUB": 346304891537.9739, "CUW": 346304891537.9739, "DMA": 324874693101.2278, "DOM": 481000000000.0, "FJI": 8056839696168.68, "PYF": 38183888203463.2, "GRD": 324874693101.2278, "GUM": 5022326529531.881, "GNB": 97647025242.0, "GUY": 328365133355.8935, "HTI": 67017006480.0, "JAM": 295000000000.0, "KIR": 324874693101.2278, "MDV": 328365133355.8935, "MHL": 324874693101.2278, "MUS": 93852841493.0, "FSM": 324874693101.2278, "NRU": 482028468809.9231, "NCL": 6563392242488.6, "MNP": 4712775468925.819, "PLW": 324874693101.2278, "PNG": 2047614941111.7927, "PRI": 671269536936.2466, "KNA": 324874693101.2278, "LCA": 28690348989898.996, "VCT": 27688348989899.0, "WSM": 324874693101.2278, "STP": 782330306253.1815, "SYC": 324874693101.2278, "SGP": 843000000000.0, "SXM": 335345414279.39886, "SLB": 4165560392.0, "SUR": 335345414279.39886, "TLS": 2617269750062.2397, "TON": 324874693101.2278, "TTO": 872884776891.7091, "TUV": 324874693101.2278, "VIR": 346304891537.9739, "VUT": 19149434044.0, "AIA": 71078966666666.67, "COK": 71078966666666.67, "MSR": 71078966666666.67, "NIU": 71078966666666.67}}, "upperIntervals": {"2015": {"ATG": 78735811260.0, "ABW": 51109182083.943504, "BRB": 156000000000.0, "VGB": 296859999999.99994, "CUW": 43267677709.595535, "DMA": 78225558516.49821, "FJI": 4210125000000.0, "PYF": 56869973039.99999, "GRD": 78735811260.0, "GUY": 153667948717.94873, "FSM": 14240561862.371237, "NRU": 4037818451.635339, "NCL": 10900000000000.0, "PNG": 5690000000000.0, "PRI": 9460000000000.0, "KNA": 136892115384.61533, "LCA": 137758937121.40097, "VCT": 136892115384.61533, "WSM": 78191709460.77635, "STP": 582000000000.0, "SUR": 2470000000000.0, "TON": 14240561862.371237, "TTO": 1420000000000.0, "TUV": 4953654874.911119, "AIA": 63499999999999.99, "COK": 63499999999999.99, "MSR": 63499999999999.99, "NIU": 63499999999999.99}, "2020": {"ASM": 18739999999999.996, "ATG": 737707439461.9897, "ABW": 1619422619047.6194, "BHS": 2133933333333.3328, "BRB": 737707439461.9897, "VGB": 787468805096.1688, "COM": 1287989914401.2043, "CUB": 737707439461.9897, "CUW": 737707439461.9897, "DMA": 737707439461.9897, "FJI": 22203363636363.64, "PYF": 70000000000000.01, "GRD": 737707439461.9897, "GUM": 10472928571428.57, "GUY": 737707439461.9897, "KIR": 737707439461.9897, "MDV": 737707439461.9897, "MHL": 737707439461.9897, "FSM": 737707439461.9897, "NRU": 1047737813881.1263, "NCL": 12373333333333.322, "MNP": 8885999999999.996, "PLW": 737707439461.9897, "PNG": 4937400000000.001, "PRI": 1287989914401.2043, "KNA": 737707439461.9897, "LCA": 48700000000000.0, "VCT": 48700000000000.0, "WSM": 737707439461.9897, "STP": 1884105555555.556, "SYC": 737707439461.9897, "SXM": 737707439461.9897, "SUR": 737707439461.9897, "TLS": 5280629464285.715, "TON": 737707439461.9897, "TTO": 2133933333333.3328, "TUV": 737707439461.9897, "VIR": 737707439461.9897, "AIA": 114000000000000.0, "COK": 114000000000000.0, "MSR": 114000000000000.0, "NIU": 114000000000000.0}}, "lowerIntervals": {"2015": {"ATG": 37021886631.97429, "ABW": 13402724734.55318, "BRB": 42501489496.4693, "VGB": 102742120361.28394, "CUW": 16594030116.0, "DMA": 40283553447.32584, "FJI": 877000000000.0, "PYF": 28159950726.05536, "GRD": 37532491852.54499, "GUY": 80998779163.74763, "FSM": 749566829.7704524, "NRU": 390914674.2425224, "NCL": 4870000000000.0, "PNG": 3310000000000.0, "PRI": 1420000000000.0, "KNA": 57152161675.0, "LCA": 57322344405.1875, "VCT": 61986205878.1375, "WSM": 40283553447.32584, "STP": 303745833333.3333, "SUR": 816650000000.0, "TON": 749566829.7704524, "TTO": 926000000000.0, "TUV": 552323015.0009446, "AIA": 30600000000000.0, "COK": 30600000000000.0, "MSR": 30600000000000.0, "NIU": 30600000000000.0}, "2020": {"ASM": 616799511081.5718, "ATG": 115772806470.07983, "ABW": 261525869667.91367, "BHS": 267186995441.90317, "BRB": 66390700314.99153, "VGB": 124658740302.32838, "COM": 261525869667.91367, "CUB": 105922807368.6834, "CUW": 105922807368.6834, "DMA": 66390700314.99153, "FJI": 583494614228.8995, "PYF": 17905909090909.094, "GRD": 66390700314.99153, "GUM": 609786137841.7273, "GUY": 71517577620.37651, "KIR": 66390700314.99153, "MDV": 71517577620.37651, "MHL": 66390700314.99153, "FSM": 66390700314.99153, "NRU": 132015596953.45557, "NCL": 616799511081.5718, "MNP": 609786137841.7273, "PLW": 66390700314.99153, "PNG": 272482568408.2308, "PRI": 261525869667.91367, "KNA": 66390700314.99153, "LCA": 16938000000000.0, "VCT": 16707000000000.002, "WSM": 66390700314.99153, "STP": 265807356000.949, "SYC": 66390700314.99153, "SXM": 78329889278.7696, "SUR": 78329889278.7696, "TLS": 319993543143.8591, "TON": 66390700314.99153, "TTO": 267186995441.90317, "TUV": 66390700314.99153, "VIR": 105922807368.6834, "AIA": 42952916666666.67, "COK": 42952916666666.67, "MSR": 42952916666666.67, "NIU": 42952916666666.67}}, "categoryImportances": {"2015": {"Environment": 0.0141191680897843, "Public Sector": 0.0002098109528875, "Economic Policy & Debt": 0.9856710209573277}, "2020": {"Economic Policy & Debt": 1.0000000000000002}}, "featureImportances": {"2015": {"wdi2-NY.GDP.MKTP.CN": 0.2042703582588942, "wdi-AG.LND.TOTL.K2": 0.0046935538437486, "wdi-AG.SRF.TOTL.K2": 0.0047057327093896, "wdi-EG.ELC.RNEW.ZS": 0.0036669496349512, "wdi-EN.POP.DNST": 0.0010529319016949, "wdi-IQ.SPI.PIL1": 0.0002098109528875, "wdi2-NE.EXP.GNFS.CD": 0.00471310678653, "wdi2-NE.EXP.GNFS.CN": 0.3848628860731261, "wdi2-NE.EXP.GNFS.KN": 0.3884804227740465, "wdi2-NE.EXP.GNFS.ZS": 0.003344247064731}, "2020": {"wdi2-NE.DAB.TOTL.CN": 0.018115442107909756, "wdi2-NE.EXP.GNFS.CN": 0.11518352121895072, "wdi2-NE.EXP.GNFS.KD.ZG": 0.012328537544654312, "wdi2-NE.EXP.GNFS.KN": 0.11976309047634076, "wdi2-NE.EXP.GNFS.ZS": 7.969767649740243e-05, "wdi2-NE.IMP.GNFS.CN": 0.052972436772216344, "wdi2-NE.IMP.GNFS.KD.ZG": 0.0001022593913194216, "wdi2-NE.IMP.GNFS.KN": 0.18211572440407764, "wdi2-NE.IMP.GNFS.ZS": 0.002219063601477436, "wdi2-NE.RSB.GNFS.CN": 0.4971202268065564}}, "performance": {"2015": 0.06010522428366235, "2020": 0.0707875985249058}}