{"wdi-HD.HCI.OVRL.LB.FE": {"data": {"2010": {"ALB": 0.553243279457092, "DZA": 0.53702849149704, "ARG": 0.600252389907837, "AUS": 0.763750195503235, "AUT": 0.741839468479156, "AZE": 0.495958000421524, "BHR": 0.624402165412903, "BEL": 0.757996141910553, "BEN": 0.341195106506348, "BWA": 0.364156454801559, "BGR": 0.648749470710754, "BFA": 0.307690441608429, "BDI": 0.331455200910568, "CMR": 0.35878849029541, "CAN": 0.780910015106201, "TCD": 0.265559077262878, "CHL": 0.634869635105133, "COL": 0.577147603034973, "COG": 0.39318785071373, "CRI": 0.605173408985138, "CIV": 0.290127754211426, "HRV": 0.724864661693573, "CYP": 0.702666580677032, "CZE": 0.747554302215576, "DNK": 0.752471506595612, "ECU": 0.529499709606171, "EGY": 0.482263594865799, "EST": 0.762787044048309, "SWZ": 0.307932794094086, "FIN": 0.844855070114136, "FRA": 0.767675220966339, "GMB": 0.361645400524139, "GEO": 0.58775806427002, "DEU": 0.769385695457459, "GRC": 0.728172659873962, "GTM": 0.44167223572731, "HKG": 0.789955615997314, "HUN": 0.715047717094421, "ISL": 0.765896737575531, "IDN": 0.49989527463913, "IRN": 0.566985785961151, "IRL": 0.779861867427826, "ISR": 0.731520533561707, "ITA": 0.761508464813232, "JOR": 0.574240863323212, "KAZ": 0.618925511837006, "KOR": 0.83727639913559, "KWT": 0.5932497382164, "LVA": 0.718582808971405, "LSO": 0.342555195093155, "LTU": 0.744017720222473, "LUX": 0.713349997997284, "MAC": 0.666671693325043, "MDG": 0.380926638841629, "MWI": 0.363467633724213, "MYS": 0.598470687866211, "MLT": 0.708152532577515, "MUS": 0.610276341438293, "MEX": 0.597983777523041, "MDA": 0.570929527282715, "MNE": 0.596505463123322, "MAR": 0.465451061725617, "NAM": 0.386746764183044, "NLD": 0.788957297801971, "NZL": 0.793209373950958, "MKD": 0.537999451160431, "NOR": 0.780879437923431, "OMN": 0.568155944347382, "PAN": 0.519510686397552, "PRY": 0.505759239196777, "PER": 0.547034561634064, "PRT": 0.75619775056839, "QAT": 0.604411900043488, "ROU": 0.62499725818634, "SAU": 0.549285531044006, "SEN": 0.385920912027359, "SRB": 0.659511744976044, "SYC": 0.572916090488434, "SGP": 0.856163322925568, "SVK": 0.705236077308655, "SVN": 0.782742619514465, "ZAF": 0.424807608127594, "ESP": 0.720933377742767, "SWE": 0.771044671535492, "CHE": 0.768654763698578, "THA": 0.602551281452179, "TLS": 0.406859308481216, "TGO": 0.352411866188049, "TTO": 0.570759236812592, "TUN": 0.535066246986389, "TUR": 0.62049800157547, "UKR": 0.668369889259338, "ARE": 0.642313182353973, "GBR": 0.765539526939392, "USA": 0.696040749549866, "URY": 0.613066971302032, "VNM": 0.663888156414032, "ZWE": 0.397292882204056}, "2017": {"AFG": 0.35, "ALB": 0.624, "DZA": 0.535, "AGO": 0.325, "ARG": 0.622, "ARM": 0.58, "AUS": 0.796, "AUT": 0.787, "BHR": 0.685, "BGD": 0.481, "BEL": 0.754, "BEN": 0.376, "BIH": 0.615, "BWA": 0.415, "BGR": 0.686, "BFA": 0.343, "BDI": 0.366, "CMR": 0.368, "CAN": 0.8, "TCD": 0.274, "CHL": 0.651, "CHN": 0.664, "COL": 0.589, "COM": 0.369, "COD": 0.35, "COG": 0.382, "CRI": 0.611, "CIV": 0.302, "HRV": 0.735, "CYP": 0.751, "CZE": 0.79, "DNK": 0.776, "DOM": 0.495, "ECU": 0.609, "EGY": 0.49, "SLV": 0.499, "EST": 0.772, "ETH": 0.373, "FIN": 0.838, "GAB": 0.441, "GMB": 0.385, "GEO": 0.625, "DEU": 0.791, "GHA": 0.431, "GRC": 0.682, "GTM": 0.454, "GIN": 0.331, "GUY": 0.503, "HTI": 0.441, "HND": 0.485, "HKG": 0.82, "HUN": 0.715, "ISL": 0.749, "IND": 0.442, "IDN": 0.542, "IRN": 0.583, "IRQ": 0.399, "ITA": 0.764, "JAM": 0.538, "JOR": 0.568, "KAZ": 0.76, "KOR": 0.833, "XKX": 0.566, "KWT": 0.578, "KGZ": 0.592, "LAO": 0.443, "LVA": 0.759, "LBN": 0.525, "LBR": 0.305, "LTU": 0.748, "LUX": 0.699, "MAC": 0.781, "MDG": 0.365, "MYS": 0.634, "MLI": 0.286, "MLT": 0.72, "MRT": 0.32, "MEX": 0.611, "MDA": 0.59, "MAR": 0.501, "MMR": 0.473, "NLD": 0.803, "NZL": 0.772, "NIC": 0.533, "NER": 0.293, "NGA": 0.316, "MKD": 0.541, "NOR": 0.777, "OMN": 0.645, "PAK": 0.366, "PAN": 0.528, "PNG": 0.367, "PRY": 0.517, "PER": 0.568, "PHL": 0.566, "POL": 0.769, "PRT": 0.775, "QAT": 0.639, "ROU": 0.616, "RUS": 0.742, "RWA": 0.37, "SAU": 0.597, "SEN": 0.413, "SRB": 0.757, "SLE": 0.307, "SGP": 0.883, "SVK": 0.705, "SVN": 0.8, "SLB": 0.438, "ZAF": 0.396, "ESP": 0.75, "SWE": 0.801, "CHE": 0.756, "TJK": 0.513, "TZA": 0.397, "THA": 0.592, "TLS": 0.444, "TGO": 0.387, "TON": 0.503, "TUN": 0.518, "TUR": 0.614, "UKR": 0.66, "GBR": 0.778, "USA": 0.747, "VUT": 0.471, "PSE": 0.563, "YEM": 0.349}, "2018": {"AFG": 0.351570188999176, "ALB": 0.648584246635437, "DZA": 0.543569445610046, "AGO": 0.323766797780991, "ATG": 0.584537923336029, "ARG": 0.616489708423615, "ARM": 0.594755709171295, "AUS": 0.784779489040375, "AUT": 0.769048452377319, "AZE": 0.624517440795898, "BHR": 0.68384838104248, "BGD": 0.4618319272995, "BEL": 0.761471271514893, "BEN": 0.374809116125107, "BIH": 0.616975784301758, "BWA": 0.41098615527153, "BGR": 0.673434257507324, "BFA": 0.361106306314468, "BDI": 0.383563369512558, "CMR": 0.371773183345795, "CAN": 0.801600575447083, "TCD": 0.273621261119842, "CHL": 0.66601300239563, "CHN": 0.641133248806, "COL": 0.600293040275574, "COM": 0.363640904426575, "COD": 0.344137251377106, "COG": 0.400222510099411, "CRI": 0.609014809131622, "CIV": 0.348615318536758, "HRV": 0.743124127388, "CYP": 0.752711355686188, "CZE": 0.77222204208374, "DNK": 0.775254726409912, "DMA": 0.564546406269073, "DOM": 0.511232078075409, "ECU": 0.604108691215515, "EGY": 0.496715366840362, "SLV": 0.549561440944672, "EST": 0.794214308261871, "ETH": 0.375448107719421, "FIN": 0.835340976715088, "FRA": 0.763180673122406, "GAB": 0.446076571941376, "GMB": 0.389003753662109, "GEO": 0.647980153560638, "DEU": 0.765305280685425, "GHA": 0.437215596437454, "GRC": 0.704960465431213, "GRD": 0.565366566181183, "GTM": 0.455764472484589, "GIN": 0.337110459804535, "GUY": 0.497046619653702, "HTI": 0.438600957393646, "HND": 0.478422790765762, "HKG": 0.835835099220276, "HUN": 0.71813839673996, "ISL": 0.755555391311646, "IND": 0.48687607049942, "IDN": 0.539566814899445, "IRN": 0.598128616809845, "IRQ": 0.405751675367355, "IRL": 0.811041176319122, "ISR": 0.767932593822479, "ITA": 0.749921858310699, "JAM": 0.549686968326569, "JOR": 0.561704933643341, "KAZ": 0.792466461658478, "KIR": 0.478247493505478, "KOR": 0.841657519340515, "XKX": 0.580875217914581, "KWT": 0.581249475479126, "KGZ": 0.60499894618988, "LAO": 0.449389308691025, "LVA": 0.77625972032547, "LBR": 0.306718498468399, "LTU": 0.766157686710358, "LUX": 0.695108532905579, "MAC": 0.782385885715485, "MDG": 0.377963751554489, "MYS": 0.642161786556244, "MLI": 0.30886510014534, "MLT": 0.722068250179291, "MHL": 0.400237292051315, "MRT": 0.345352292060852, "MEX": 0.617644846439362, "FSM": 0.447405159473419, "MDA": 0.594914674758911, "MNG": 0.622434556484222, "MNE": 0.628052175045013, "MAR": 0.49375718832016, "MMR": 0.46889540553093, "NLD": 0.806643128395081, "NZL": 0.778524994850159, "NIC": 0.516850590705872, "NER": 0.294250637292862, "NGA": 0.335510283708572, "MKD": 0.542812824249268, "NOR": 0.775313556194305, "OMN": 0.637730538845062, "PAK": 0.382899969816208, "PLW": 0.57281768321991, "PAN": 0.515749275684357, "PNG": 0.40814334154129, "PRY": 0.511375427246094, "PER": 0.584746956825256, "PHL": 0.563265144824982, "POL": 0.781750917434692, "PRT": 0.783021926879883, "QAT": 0.650373041629791, "ROU": 0.611123323440552, "RUS": 0.76691472530365, "RWA": 0.375127166509628, "WSM": 0.530694127082825, "SAU": 0.594251751899719, "SEN": 0.421573728322983, "SRB": 0.760687351226807, "SLE": 0.342216283082962, "SGP": 0.889616072177887, "SVK": 0.693529605865479, "SVN": 0.804578900337219, "SLB": 0.432607650756836, "ZAF": 0.429087638854981, "ESP": 0.74319714307785, "KNA": 0.57487827539444, "LCA": 0.601185142993927, "VCT": 0.553132236003876, "SDN": 0.368335247039795, "SWE": 0.804607510566711, "CHE": 0.760501384735107, "TJK": 0.524996876716614, "TZA": 0.385094583034515, "THA": 0.623251438140869, "TLS": 0.449454605579376, "TGO": 0.398651450872421, "TON": 0.526671409606934, "TUN": 0.521796107292175, "TUR": 0.621556520462036, "TUV": 0.43895223736763, "UKR": 0.669931828975677,