{"wdi-HD.HCI.OVRL.UB.FE": {"data": {"2010": {"ALB": 0.577517807483673, "DZA": 0.54828679561615, "ARG": 0.624944806098938, "AUS": 0.77934855222702, "AUT": 0.765013694763184, "AZE": 0.520670831203461, "BHR": 0.642374217510223, "BEL": 0.775185227394104, "BEN": 0.378692984580994, "BWA": 0.417320489883423, "BGR": 0.680372893810272, "BFA": 0.3291095495224, "BDI": 0.360569089651108, "CMR": 0.393188506364822, "CAN": 0.791290044784546, "TCD": 0.290692180395126, "CHL": 0.65124922990799, "COL": 0.59607857465744, "COG": 0.428759932518005, "CRI": 0.618132293224335, "CIV": 0.313912063837051, "HRV": 0.746151506900787, "CYP": 0.718113899230957, "CZE": 0.764823198318481, "DNK": 0.768982827663422, "ECU": 0.551737725734711, "EGY": 0.500747919082642, "EST": 0.781609892845154, "SWZ": 0.340183973312378, "FIN": 0.861603796482086, "FRA": 0.787470102310181, "GMB": 0.393703132867813, "GEO": 0.602123498916626, "DEU": 0.787033081054688, "GRC": 0.746996283531189, "GTM": 0.455457627773285, "HKG": 0.811656177043915, "HUN": 0.73488837480545, "ISL": 0.778452157974243, "IDN": 0.521365165710449, "IRN": 0.587181925773621, "IRL": 0.800743460655212, "ISR": 0.751004874706268, "ITA": 0.773454010486603, "JOR": 0.597089052200317, "KAZ": 0.639107644557953, "KOR": 0.863793969154358, "KWT": 0.61573851108551, "LVA": 0.738306820392609, "LSO": 0.378485053777695, "LTU": 0.761781632900238, "LUX": 0.722943842411041, "MAC": 0.674953937530518, "MDG": 0.411649793386459, "MWI": 0.388968795537949, "MYS": 0.615848898887634, "MLT": 0.719556093215942, "MUS": 0.633895039558411, "MEX": 0.609990060329437, "MDA": 0.591031968593597, "MNE": 0.61395251750946, "MAR": 0.481603473424912, "NAM": 0.422334134578705, "NLD": 0.822048842906952, "NZL": 0.810449361801147, "MKD": 0.559297561645508, "NOR": 0.797775506973267, "OMN": 0.592491030693054, "PAN": 0.548897862434387, "PRY": 0.535591542720795, "PER": 0.572225868701935, "PRT": 0.773781001567841, "QAT": 0.615436196327209, "ROU": 0.641990959644318, "SAU": 0.572123885154724, "SEN": 0.409829944372177, "SRB": 0.676746368408203, "SYC": 0.597284078598022, "SGP": 0.868697106838226, "SVK": 0.721142411231995, "SVN": 0.793719410896301, "ZAF": 0.451409667730331, "ESP": 0.732989370822906, "SWE": 0.78945118188858, "CHE": 0.785737872123718, "THA": 0.623888194561005, "TLS": 0.432557016611099, "TGO": 0.380495697259903, "TTO": 0.60015070438385, "TUN": 0.555155277252197, "TUR": 0.646954238414764, "UKR": 0.686305284500122, "ARE": 0.662206172943115, "GBR": 0.783146798610687, "USA": 0.713329434394836, "URY": 0.625824213027954, "VNM": 0.696426212787628, "ZWE": 0.433337271213531}, "2017": {"AFG": 0.375, "ALB": 0.65, "DZA": 0.554, "AGO": 0.381, "ARG": 0.642, "ARM": 0.605, "AUS": 0.815, "AUT": 0.809, "BHR": 0.713, "BGD": 0.502, "BEL": 0.777, "BEN": 0.425, "BIH": 0.639, "BWA": 0.474, "BGR": 0.726, "BFA": 0.375, "BDI": 0.407, "CMR": 0.418, "CAN": 0.817, "TCD": 0.303, "CHL": 0.686, "CHN": 0.683, "COL": 0.613, "COM": 0.439, "COD": 0.386, "COG": 0.438, "CRI": 0.63, "CIV": 0.342, "HRV": 0.76, "CYP": 0.768, "CZE": 0.81, "DNK": 0.802, "DOM": 0.522, "ECU": 0.629, "EGY": 0.52, "SLV": 0.524, "EST": 0.796, "ETH": 0.398, "FIN": 0.857, "GAB": 0.492, "GMB": 0.429, "GEO": 0.659, "DEU": 0.813, "GHA": 0.459, "GRC": 0.705, "GTM": 0.482, "GIN": 0.37, "GUY": 0.537, "HTI": 0.482, "HND": 0.516, "HKG": 0.847, "HUN": 0.743, "ISL": 0.767, "IND": 0.461, "IDN": 0.569, "IRN": 0.619, "IRQ": 0.423, "ITA": 0.784, "JAM": 0.575, "JOR": 0.605, "KAZ": 0.799, "KOR": 0.869, "XKX": 0.583, "KWT": 0.618, "KGZ": 0.615, "LAO": 0.477, "LVA": 0.786, "LBN": 0.548, "LBR": 0.331, "LTU": 0.773, "LUX": 0.715, "MAC": 0.793, "MDG": 0.416, "MYS": 0.657, "MLI": 0.337, "MLT": 0.743, "MRT": 0.386, "MEX": 0.628, "MDA": 0.616, "MAR": 0.521, "MMR": 0.504, "NLD": 0.822, "NZL": 0.797, "NIC": 0.564, "NER": 0.329, "NGA": 0.358, "MKD": 0.554, "NOR": 0.798, "OMN": 0.669, "PAK": 0.398, "PAN": 0.557, "PNG": 0.412, "PRY": 0.549, "PER": 0.606, "PHL": 0.604, "POL": 0.792, "PRT": 0.795, "QAT": 0.667, "ROU": 0.641, "RUS": 0.815, "RWA": 0.402, "SAU": 0.625, "SEN": 0.443, "SRB": 0.785, "SLE": 0.345, "SGP": 0.914, "SVK": 0.731, "SVN": 0.822, "SLB": 0.463, "ZAF": 0.42, "ESP": 0.765, "SWE": 0.828, "CHE": 0.789, "TJK": 0.544, "TZA": 0.421, "THA": 0.618, "TLS": 0.494, "TGO": 0.427, "TON": 0.54, "TUN": 0.54, "TUR": 0.645, "UKR": 0.71, "GBR": 0.799, "USA": 0.766, "VUT": 0.504, "PSE": 0.587, "YEM": 0.375}, "2018": {"AFG": 0.375342547893524, "ALB": 0.675915539264679, "DZA": 0.560430347919464, "AGO": 0.375477969646454, "ATG": 0.610243797302246, "ARG": 0.639261424541473, "ARM": 0.617133259773254, "AUS": 0.805662453174591, "AUT": 0.790127217769623, "AZE": 0.664292633533478, "BHR": 0.703414976596832, "BGD": 0.480733007192612, "BEL": 0.781572043895721, "BEN": 0.421303123235703, "BIH": 0.637436866760254, "BWA": 0.455691426992416, "BGR": 0.70312887430191, "BFA": 0.399535268545151, "BDI": 0.428784370422363, "CMR": 0.414456635713577, "CAN": 0.819031834602356, "TCD": 0.307309538125992, "CHL": 0.688876092433929, "CHN": 0.667152404785156, "COL": 0.623294174671173, "COM": 0.436932861804962, "COD": 0.384846895933151, "COG": 0.449283629655838, "CRI": 0.624613285064697, "CIV": 0.384640395641327, "HRV": 0.762213230133057, "CYP": 0.771122694015503, "CZE": 0.791007280349731, "DNK": 0.796279430389404, "DMA": 0.596702039241791, "DOM": 0.538783013820648, "ECU": 0.624481976032257, "EGY": 0.526164591312408, "SLV": 0.576513469219208, "EST": 0.818049788475037, "ETH": 0.394727528095245, "FIN": 0.854031383991241, "FRA": 0.78321784734726, "GAB": 0.493767350912094, "GMB": 0.437862485647201, "GEO": 0.665108919143677, "DEU": 0.788272142410278, "GHA": 0.463093549013138, "GRC": 0.728338897228241, "GRD": 0.590360701084137, "GTM": 0.4754958152771, "GIN": 0.369569182395935, "GUY": 0.530359148979187, "HTI": 0.474497318267822, "HND": 0.504037976264954, "HKG": 0.862000346183777, "HUN": 0.739902019500732, "ISL": 0.771432340145111, "IND": 0.496322333812714, "IDN": 0.565099120140076, "IRN": 0.622536838054657, "IRQ": 0.418814539909363, "IRL": 0.832504034042358, "ISR": 0.793478548526764, "ITA": 0.769389748573303, "JAM": 0.582458853721619, "JOR": 0.588378667831421, "KAZ": 0.823179543018341, "KIR": 0.534376859664917, "KOR": 0.863795161247253, "XKX": 0.596390187740326, "KWT": 0.603709280490875, "KGZ": 0.624473750591278, "LAO": 0.479533612728119, "LVA": 0.804282128810883, "LBR": 0.335255205631256, "LTU": 0.789195477962494, "LUX": 0.709163069725037, "MAC": 0.793999433517456, "MDG": 0.414729923009872, "MYS": 0.668683052062988, "MLI": 0.332061499357224, "MLT": 0.737578511238098, "MHL": 0.441505223512649, "MRT": 0.405875355005264, "MEX": 0.635855913162231, "FSM": 0.504810750484467, "MDA": 0.615644037723541, "MNG": 0.654818177223206, "MNE": 0.647646129131317, "MAR": 0.51568216085434, "MMR": 0.50453108549118, "NLD": 0.823820829391479, "NZL": 0.79856812953949, "NIC": 0.535690486431122, "NER": 0.3331418633461, "NGA": 0.380619794130325, "MKD": 0.55531769990921, "NOR": 0.790974915027618, "OMN": 0.664411842823029, "PAK": 0.408970415592194, "PLW": 0.612731337547302, "PAN": 0.538067638874054, "PNG": 0.438904613256455, "PRY": 0.545458018779755, "PER": 0.609842956066132, "PHL": 0.593336760997772, "POL": 0.801134645938873, "PRT": 0.802065253257751, "QAT": 0.66619473695755, "ROU": 0.631229758262634, "RUS": 0.786240577697754, "RWA": 0.403103798627853, "WSM": 0.557763040065765, "SAU": 0.62705260515213, "SEN": 0.453963696956635, "SRB": 0.787408888339996, "SLE": 0.376879364252091, "SGP": 0.911273241043091, "SVK": 0.713991343975067, "SVN": 0.822504341602325, "SLB": 0.456698387861252, "ZAF": 0.456172853708267, "ESP": 0.75840699672699, "KNA": 0.599854528903961, "LCA": 0.628296315670013, "VCT": 0.578689515590668, "SDN": 0.398174226284027, "SWE": 0.827208817005157, "CHE": 0.782451689243317, "TJK": 0.554274260997772, "TZA": 0.408611595630646, "THA": 0.648277938365936, "TLS": 0.489227831363678, "TGO": 0.44480100274086, "TON": 0.562060534954071, "TUN": 0.540920734405518, "TUR": 0.646660149097443, "TUV": 0.476711809635162, "UKR": 0.693619728088379,