{"ssi-13": {"data": {"2020": {"ATG": 9.97995371108824, "ABW": 9.962931071487706, "BHS": 9.899308158929625, "BHR": 8.5736521424198, "BRB": 9.954944869567017, "BLZ": 9.972135679044433, "BMU": 9.978663978406598, "VGB": 9.995148805664003, "CPV": 9.971125529570823, "CYM": 9.979734857686292, "COM": 9.992936756170112, "COK": 9.997112198970289, "CUB": 9.276330163776196, "DMA": 9.99458161499147, "DOM": 9.30309297094753, "FJI": 9.92314797837952, "GRD": 9.990943064717891, "GNB": 9.990588586792434, "GUY": 9.936357841683956, "HTI": 9.904712339120271, "JAM": 9.77049257871742, "KIR": 9.998074949252006, "MDV": 9.950712132738394, "MUS": 9.818920526951876, "FSM": 9.996538517, "NRU": 9.998060407980232, "PNG": 9.809433343608, "WSM": 9.990885254170015, "STP": 9.995385003419695, "SYC": 9.964188289179395, "SGP": 2.67641157323614, "SLB": 9.990945303589122, "KNA": 9.992460134956332, "LCA": 9.986232117510124, "VCT": 9.992193206128752, "SUR": 9.9194713158452, "TLS": 9.985469247509688, "TON": 9.995217187436175, "TTO": 8.242953950540226, "TCA": 9.993481825000122, "TUV": 10.0, "VUT": 9.99488859169441}, "recentValue": {"ATG": 9.97995371108824, "ABW": 9.962931071487706, "BHS": 9.899308158929625, "BMU": 9.978663978406598, "BHR": 8.5736521424198, "BRB": 9.954944869567017, "BLZ": 9.972135679044433, "VGB": 9.995148805664003, "CPV": 9.971125529570823, "CYM": 9.979734857686292, "COM": 9.992936756170112, "CUB": 9.276330163776196, "DMA": 9.99458161499147, "DOM": 9.30309297094753, "FJI": 9.92314797837952, "GRD": 9.990943064717891, "GNB": 9.990588586792434, "GUY": 9.936357841683956, "HTI": 9.904712339120271, "JAM": 9.77049257871742, "KIR": 9.998074949252006, "MDV": 9.950712132738394, "MUS": 9.818920526951876, "FSM": 9.996538517, "NRU": 9.998060407980232, "PNG": 9.809433343608, "WSM": 9.990885254170015, "STP": 9.995385003419695, "SYC": 9.964188289179395, "SGP": 2.67641157323614, "SLB": 9.990945303589122, "KNA": 9.992460134956332, "VCT": 9.992193206128752, "LCA": 9.986232117510124, "SUR": 9.9194713158452, "TLS": 9.985469247509688, "TTO": 8.242953950540226, "TON": 9.995217187436175, "TUV": 10.0, "TCA": 9.993481825000122, "VUT": 9.99488859169441, "COK": 9.997112198970289}, "recentYear": {"ATG": "2020", "ABW": "2020", "BHS": "2020", "BMU": "2020", "BHR": "2020", "BRB": "2020", "BLZ": "2020", "VGB": "2020", "CPV": "2020", "CYM": "2020", "COM": "2020", "CUB": "2020", "DMA": "2020", "DOM": "2020", "FJI": "2020", "GRD": "2020", "GNB": "2020", "GUY": "2020", "HTI": "2020", "JAM": "2020", "KIR": "2020", "MDV": "2020", "MUS": "2020", "FSM": "2020", "NRU": "2020", "PNG": "2020", "WSM": "2020", "STP": "2020", "SYC": "2020", "SGP": "2020", "SLB": "2020", "KNA": "2020", "VCT": "2020", "LCA": "2020", "SUR": "2020", "TLS": "2020", "TTO": "2020", "TON": "2020", "TUV": "2020", "TCA": "2020", "VUT": "2020", "COK": "2020"}}, "def": "Indicator: Primary energy usage. Energy use (TPES \u2013 Total Primary Energy Supply) is defined as production + imports - exports \u00b1 stock changes. ", "name": "Energy Use", "source": "EIA", "dataset": "EIA", "category": "Environmental Wellbeing", "subcategory": "Climate and Energy", "link": "https://ssi.wi.th-koeln.de/ssi-final.html", "dim": "none", "priority": "3.0", "units": "Score"}, "confidenceIntervals": {"2020": {"ATG": 0.9979953711088241, "ABW": 9.962931071487706, "CPV": 2.492781382392706, "COK": 2.499278049742572, "DOM": 1.3290132815639328, "GRD": 2.497735766179473, "HTI": 1.4149589055886103, "JAM": 1.3957846541024885, "KIR": 1.428296421321715, "MUS": 1.4027029324216966, "FSM": 1.4280769309999999, "SYC": 1.4234554698827708, "SGP": 0.3823445104623057, "SUR": 0.9919471315845201, "TCA": 1.4276402607143033, "TUV": 2.5}, "recentValue": {"CPV": 9.971125529570823, "CYM": 0.9979734857686292, "DMA": 9.99458161499147, "FJI": 9.92314797837952, "GUY": 1.4194796916691366, "NRU": 1.428294343997176, "WSM": 9.990885254170015, "SGP": 0.3823445104623057, "SLB": 2.4977363258972805, "VCT": 9.992193206128752, "TLS": 0.9985469247509687, "VUT": 0.9994888591694411}}, "featureImportances": {"indicators": {"key-egov-tii": 0.387, "wdi2-SL.UEM.INTM.ZS": 0.142, "ihme-nasopharynx-cancer": 0.326, "wdi-DC.DAC.JPNL.CD": 0.433, "wdi-EN.ATM.NOXE.EG.ZS": 0.332, "ihme-vascular-intestinal-disorders": 0.089, "rfti-ict": 0.964, "irena-sb-gen-off": 0.356, "ohi-ao-status": 0.234, "igrac-twap_sids_hydrogeological_transmissivity": 0.01}, "categories": {"Health": 0.958, "Nutrition: Breastfeeding and Diets": 0.514, "Environmental sustainability": 0.758, "Non-communicable diseases": 0.985}}}