{"ssi-ce": {"data": {"2020": {"ATG": 3.6181695663039593, "ABW": 3.3408003487415043, "BHS": 2.1471791496272696, "BHR": 2.469098659693343, "BRB": 4.239273232367142, "BLZ": 3.149629330439068, "BMU": 2.1529013635090903, "VGB": 3.851889707857445, "CPV": 2.1523590856573063, "CYM": 2.1529783749873928, "COM": 2.1539273273078643, "COK": 2.7997497014086634, "CUB": 5.009607915943975, "DMA": 3.371550353277676, "DOM": 3.5265844778837128, "FJI": 2.369835654377481, "GRD": 3.777344281346355, "GNB": 4.140375236115504, "GUY": 2.525915532895693, "HTI": 3.130786123900217, "JAM": 4.640936675376979, "KIR": 2.1542964346228297, "MDV": 2.9248383890491327, "MUS": 2.8469016601321235, "FSM": 3.161730304279605, "NRU": 3.095438252134149, "PNG": 3.205615625412383, "WSM": 2.1537799202359973, "STP": 2.937128637255295, "SYC": 2.1518598141543483, "SGP": 1.548148578438525, "SLB": 2.153784235268172, "KNA": 3.1801375591694003, "LCA": 2.7791398038943225, "VCT": 2.153873903157168, "SUR": 4.914657419109069, "TLS": 2.691371403724807, "TON": 2.1540911600146244, "TTO": 2.9124270376142367, "TCA": 2.153966488878728, "TUV": 10.0, "VUT": 2.1540675542931385}, "recentValue": {"ATG": 3.6181695663039593, "ABW": 3.3408003487415043, "BHS": 2.1471791496272696, "BMU": 2.1529013635090903, "BHR": 2.469098659693343, "BRB": 4.239273232367142, "BLZ": 3.149629330439068, "VGB": 3.851889707857445, "CPV": 2.1523590856573063, "CYM": 2.1529783749873928, "COM": 2.1539273273078643, "CUB": 5.009607915943975, "DMA": 3.371550353277676, "DOM": 3.5265844778837128, "FJI": 2.369835654377481, "GRD": 3.777344281346355, "GNB": 4.140375236115504, "GUY": 2.525915532895693, "HTI": 3.130786123900217, "JAM": 4.640936675376979, "KIR": 2.1542964346228297, "MDV": 2.9248383890491327, "MUS": 2.8469016601321235, "FSM": 3.161730304279605, "NRU": 3.095438252134149, "PNG": 3.205615625412383, "WSM": 2.1537799202359973, "STP": 2.937128637255295, "SYC": 2.1518598141543483, "SGP": 1.548148578438525, "SLB": 2.153784235268172, "KNA": 3.1801375591694003, "VCT": 2.153873903157168, "LCA": 2.7791398038943225, "SUR": 4.914657419109069, "TLS": 2.691371403724807, "TTO": 2.9124270376142367, "TON": 2.1540911600146244, "TUV": 10.0, "TCA": 2.153966488878728, "VUT": 2.1540675542931385, "COK": 2.7997497014086634}, "recentYear": {"ATG": "2020", "ABW": "2020", "BHS": "2020", "BMU": "2020", "BHR": "2020", "BRB": "2020", "BLZ": "2020", "VGB": "2020", "CPV": "2020", "CYM": "2020", "COM": "2020", "CUB": "2020", "DMA": "2020", "DOM": "2020", "FJI": "2020", "GRD": "2020", "GNB": "2020", "GUY": "2020", "HTI": "2020", "JAM": "2020", "KIR": "2020", "MDV": "2020", "MUS": "2020", "FSM": "2020", "NRU": "2020", "PNG": "2020", "WSM": "2020", "STP": "2020", "SYC": "2020", "SGP": "2020", "SLB": "2020", "KNA": "2020", "VCT": "2020", "LCA": "2020", "SUR": "2020", "TLS": "2020", "TTO": "2020", "TON": "2020", "TUV": "2020", "TCA": "2020", "VUT": "2020", "COK": "2020"}}, "def": "A geometric average of the scores for energy use, energy savings, greenhouse gases, and renewable energy.", "name": "Climate and Energy", "source": "EIA, IEA", "dataset": "EIA, IEA", "category": "Environmental Wellbeing", "subcategory": "Climate and Energy", "link": "https://ssi.wi.th-koeln.de/ssi-final.html", "dim": "none", "priority": "2.0", "units": "Score"}, "confidenceIntervals": {"2020": {"BHR": 0.6172746649233357, "CPV": 2.1523590856573063, "COM": 0.5384818318269661, "CUB": 0.5009607915943974, "GRD": 0.3777344281346355, "JAM": 0.6629909536252827, "FSM": 0.3161730304279605, "NRU": 0.3095438252134149, "WSM": 2.1537799202359973, "STP": 0.7342821593138238, "SGP": 0.38703714460963123, "LCA": 0.6947849509735806, "TON": 0.21540911600146245, "VUT": 2.1540675542931385}, "recentValue": {"GRD": 0.9443360703365887, "GNB": 4.140375236115504, "MDV": 2.9248383890491327, "MUS": 0.4067002371617319, "SGP": 0.1548148578438525, "LCA": 0.6947849509735806, "TLS": 0.3844816291035439, "TON": 0.21540911600146245}}, "featureImportances": {"indicators": {"ihme-liver-cancer": 0.367, "oecd-PAS_ALL_MAR_IV-NCT_PCNT": 0.465, "ldc-ALR-Index": 0.825, "ohi-spp-resilience": 0.442, "wdi2-NE.CON.PRVT.ZS": 0.889, "wdi-IC.BUS.NDNS.ZS": 0.098, "wdi-DT.NFL.FAOG.CD": 0.104, "unicef-e4": 0.124, "unicef-ecd22": 0.36, "ihme-hypertensive-heart-disease": 0.394}, "categories": {"Neurological disorders": 0.625, "Foreign body": 0.858, "Nutritional deficiencies": 0.059, "Diabetes mellitus": 0.015}}}