{"ssi-nr": {"data": {"2020": {"ATG": 8.519122967716743, "ABW": 7.479394065006975, "BHS": 7.160437612108836, "BHR": 6.360748192634995, "BRB": 4.319407772356554, "BLZ": 3.1622776601683795, "BMU": 3.2699797558643624, "VGB": 5.172203670416517, "CPV": 2.915497442142951, "CYM": 5.637567458917177, "COM": 7.0546506154698285, "COK": 3.2312500000000064, "CUB": 6.9936309679264745, "DMA": 7.75, "DOM": 6.99528546657974, "FJI": 2.46734905462246, "GRD": 7.207175286092037, "GNB": 7.098487822901463, "GUY": 4.977433429603315, "HTI": 5.672765301916692, "JAM": 7.451670860668226, "KIR": 3.3588353758207647, "MDV": 4.807902513768152, "MHL": 3.25, "MUS": 5.954251273432052, "FSM": 3.4865622085664576, "NRU": 7.75, "PLW": 1.7923913043478343, "PNG": 5.654987878067693, "STP": 7.8676604272958945, "SYC": 5.096579906618815, "SGP": 6.681145899191426, "KNA": 7.43630239785165, "LCA": 6.482185520847287, "VCT": 5.762301594813939, "SUR": 6.154717064040792, "TLS": 8.598385626533647, "TON": 7.75, "TTO": 6.01230718979132, "TCA": 3.25, "TUV": 6.76598740723405, "VUT": 7.75}, "recentValue": {"ATG": 8.519122967716743, "ABW": 7.479394065006975, "BHS": 7.160437612108836, "BMU": 3.2699797558643624, "BHR": 6.360748192634995, "BRB": 4.319407772356554, "BLZ": 3.1622776601683795, "VGB": 5.172203670416517, "CPV": 2.915497442142951, "CYM": 5.637567458917177, "COM": 7.0546506154698285, "CUB": 6.9936309679264745, "DMA": 7.75, "DOM": 6.99528546657974, "FJI": 2.46734905462246, "GRD": 7.207175286092037, "GNB": 7.098487822901463, "GUY": 4.977433429603315, "HTI": 5.672765301916692, "JAM": 7.451670860668226, "KIR": 3.3588353758207647, "MDV": 4.807902513768152, "MHL": 3.25, "MUS": 5.954251273432052, "FSM": 3.4865622085664576, "NRU": 7.75, "PLW": 1.7923913043478343, "PNG": 5.654987878067693, "STP": 7.8676604272958945, "SYC": 5.096579906618815, "SGP": 6.681145899191426, "KNA": 7.43630239785165, "VCT": 5.762301594813939, "LCA": 6.482185520847287, "SUR": 6.154717064040792, "TLS": 8.598385626533647, "TTO": 6.01230718979132, "TON": 7.75, "TUV": 6.76598740723405, "TCA": 3.25, "VUT": 7.75, "COK": 3.2312500000000064}, "recentYear": {"ATG": "2020", "ABW": "2020", "BHS": "2020", "BMU": "2020", "BHR": "2020", "BRB": "2020", "BLZ": "2020", "VGB": "2020", "CPV": "2020", "CYM": "2020", "COM": "2020", "CUB": "2020", "DMA": "2020", "DOM": "2020", "FJI": "2020", "GRD": "2020", "GNB": "2020", "GUY": "2020", "HTI": "2020", "JAM": "2020", "KIR": "2020", "MDV": "2020", "MHL": "2020", "MUS": "2020", "FSM": "2020", "NRU": "2020", "PLW": "2020", "PNG": "2020", "STP": "2020", "SYC": "2020", "SGP": "2020", "KNA": "2020", "VCT": "2020", "LCA": "2020", "SUR": "2020", "TLS": "2020", "TTO": "2020", "TON": "2020", "TUV": "2020", "TCA": "2020", "VUT": "2020", "COK": "2020"}}, "def": "A geometric average of the scores for biodiversity, renewable energy resources, and consumption.", "name": "Natural Resources", "source": "FAO, World Bank, Global Footprint Network", "dataset": "FAO, World Bank, Global Footprint Network", "category": "Environmental Wellbeing", "subcategory": "Natural Resources", "link": "https://ssi.wi.th-koeln.de/ssi-final.html", "dim": "none", "priority": "2.0", "units": "Score"}, "confidenceIntervals": {"2020": {"BHR": 6.360748192634995, "BRB": 4.319407772356554, "BLZ": 3.1622776601683795, "MUS": 5.954251273432052, "PNG": 0.5654987878067693, "KNA": 0.743630239785165, "LCA": 0.9260265029781839, "VCT": 0.823185942116277, "SUR": 6.154717064040792, "TLS": 0.8598385626533647, "TTO": 6.01230718979132}, "recentValue": {"ATG": 1.2170175668166776, "BHS": 1.0229196588726908, "CPV": 2.915497442142951, "COM": 7.0546506154698285, "DOM": 0.9993264952256772, "FJI": 2.46734905462246, "MDV": 0.6868432162525931, "STP": 0.7867660427295895, "VCT": 5.762301594813939, "LCA": 6.482185520847287, "SUR": 0.6154717064040792, "TLS": 8.598385626533647, "VUT": 7.75}}, "featureImportances": {"indicators": {"ihme-esophageal-cancer": 0.358, "wdi2-SH.UHC.NOP2.ZS": 0.554, "wdi2-SL.UEM.BASC.ZS": 0.292, "ndgain-id_wate_06-score": 0.072, "unicef-wash4": 0.263, "igrac-twap_sids_hydrogeological_predconnect": 0.007, "hdr-49006": 0.97, "wdi2-SL.TLF.0714.WK.TM": 0.767, "wdi2-SP.DYN.LE00.FE.IN": 0.444, "wdi2-SP.REG.BRTH.ZS": 0.703}, "categories": {"Blindness and vision loss": 0.791, "Acute hepatitis": 0.287, "Migration": 0.651, "Child Health": 0.581}}}