{"ssi-ecwi": {"data": {"2020": {"ATG": 7.346204491512087, "ABW": 9.278128980228288, "BHS": 4.508353388978235, "BHR": 9.40062755299858, "BRB": 4.955108337279168, "BLZ": 3.249929656788704, "CPV": 4.566558348282898, "CYM": 9.990271720081225, "COM": 3.946606257944405, "COK": 4.071776573367679, "CUB": 3.211131013432542, "DMA": 3.935639676075688, "DOM": 7.616692758037421, "FJI": 6.3530761637960245, "GRD": 4.537473072738776, "GNB": 2.1268155074379407, "GUY": 4.651927353536668, "HTI": 2.587549187647642, "JAM": 3.5510098313431846, "KIR": 3.243158434799191, "MDV": 6.201382841402568, "MHL": 2.278908991783334, "MUS": 4.332142421431567, "FSM": 2.133697413321637, "NRU": 5.105986789755329, "PLW": 6.969136985500387, "PNG": 4.021055349530527, "WSM": 5.340653293200264, "STP": 3.949928679717864, "SYC": 6.098079946414437, "SGP": 8.565012335766399, "SLB": 4.486937991571234, "KNA": 8.17586507627742, "LCA": 2.7712180990618864, "VCT": 2.884311080537976, "SUR": 3.335423239675713, "TLS": 3.2375579689339737, "TON": 6.10215065816023, "TTO": 7.96124044315843, "TCA": 8.191050591546468, "TUV": 2.3410461055485445, "VUT": 4.775199746248541}, "recentValue": {"ATG": 7.346204491512087, "ABW": 9.278128980228288, "BHS": 4.508353388978235, "BHR": 9.40062755299858, "BRB": 4.955108337279168, "BLZ": 3.249929656788704, "CPV": 4.566558348282898, "CYM": 9.990271720081225, "COM": 3.946606257944405, "CUB": 3.211131013432542, "DMA": 3.935639676075688, "DOM": 7.616692758037421, "FJI": 6.3530761637960245, "GRD": 4.537473072738776, "GNB": 2.1268155074379407, "GUY": 4.651927353536668, "HTI": 2.587549187647642, "JAM": 3.5510098313431846, "KIR": 3.243158434799191, "MDV": 6.201382841402568, "MHL": 2.278908991783334, "MUS": 4.332142421431567, "FSM": 2.133697413321637, "NRU": 5.105986789755329, "PLW": 6.969136985500387, "PNG": 4.021055349530527, "WSM": 5.340653293200264, "STP": 3.949928679717864, "SYC": 6.098079946414437, "SGP": 8.565012335766399, "SLB": 4.486937991571234, "KNA": 8.17586507627742, "VCT": 2.884311080537976, "LCA": 2.7712180990618864, "SUR": 3.335423239675713, "TLS": 3.2375579689339737, "TTO": 7.96124044315843, "TON": 6.10215065816023, "TUV": 2.3410461055485445, "TCA": 8.191050591546468, "VUT": 4.775199746248541, "COK": 4.071776573367679}, "recentYear": {"ATG": "2020", "ABW": "2020", "BHS": "2020", "BHR": "2020", "BRB": "2020", "BLZ": "2020", "CPV": "2020", "CYM": "2020", "COM": "2020", "CUB": "2020", "DMA": "2020", "DOM": "2020", "FJI": "2020", "GRD": "2020", "GNB": "2020", "GUY": "2020", "HTI": "2020", "JAM": "2020", "KIR": "2020", "MDV": "2020", "MHL": "2020", "MUS": "2020", "FSM": "2020", "NRU": "2020", "PLW": "2020", "PNG": "2020", "WSM": "2020", "STP": "2020", "SYC": "2020", "SGP": "2020", "SLB": "2020", "KNA": "2020", "VCT": "2020", "LCA": "2020", "SUR": "2020", "TLS": "2020", "TTO": "2020", "TON": "2020", "TUV": "2020", "TCA": "2020", "VUT": "2020", "COK": "2020"}}, "def": "A geometric average of the scores for transition and economy.", "name": "Economic Wellbeing Index", "source": "Sustainable Society Foudnation", "dataset": "Sustainable Society Foudnation", "category": "Economic Wellbeing", "subcategory": "None", "link": "https://ssi.wi.th-koeln.de/ssi-final.html", "dim": "none", "priority": "1.0", "units": "Score"}, "confidenceIntervals": {"2020": {"BHS": 1.1270883472445588, "COM": 0.5638008939920579, "CUB": 0.8027827533581355, "KIR": 0.8107896086997978, "MUS": 4.332142421431567, "PLW": 0.9955909979286267, "SGP": 2.1412530839415997, "SLB": 0.44869379915712343, "LCA": 0.6928045247654716, "TLS": 3.2375579689339737}, "recentValue": {"ATG": 7.346204491512087, "BHS": 4.508353388978235, "COM": 0.3946606257944405, "DOM": 7.616692758037421, "MDV": 0.8859118344860811, "KNA": 2.043966269069355, "LCA": 0.6928045247654716, "TON": 6.10215065816023, "COK": 0.5816823676239542}}, "featureImportances": {"indicators": {"wdi2-TG.VAL.TOTL.GD.ZS": 0.982, "hdr-175106": 0.216, "hdr-123506": 0.613, "igrac-twap_sids_environmental_exptchangeprecip50years": 0.064, "wdi-IC.FRM.FEMO.ZS": 0.508, "wdi2-SM.POP.TOTL.ZS": 0.698, "ihme-urinary-tract-infections-and-interstitial-nephritis": 0.57, "hdr-101006": 0.647, "paris-64": 0.267, "ihme-diabetes-mellitus-type-2": 0.414}, "categories": {"Mental disorders": 0.012, "WASH": 0.752, "Dermatitis": 0.274, "Ocean renewable energy R&D budgets": 0.338}}}