{"ssi-8": {"data": {"2020": {"ATG": 5.389201033394254, "ABW": 6.764356099226411, "BHS": 5.666302722639344, "BHR": 1.0, "BRB": 7.607789406340426, "BLZ": 2.321603555136381, "BMU": 8.604888248055353, "VGB": 6.527870502453334, "CPV": 4.959950462771482, "CYM": 4.371428321805034, "COM": 1.5752654026568802, "CUB": 7.680194713844305, "DMA": 7.695749183157609, "DOM": 5.229402228196377, "FJI": 7.365659520589154, "GRD": 6.549383740416078, "GNB": 1.0, "GUY": 6.816868300913806, "HTI": 4.567153538446912, "JAM": 6.748450812737781, "KIR": 4.468384647878441, "MDV": 1.0, "MHL": 6.938063615194372, "MUS": 7.695527891501112, "FSM": 4.820589065894109, "NRU": 1.0, "PLW": 7.581256235827666, "PNG": 2.668221566467593, "WSM": 6.491060744269984, "STP": 3.043746640757437, "SYC": 3.811643827756361, "SGP": 5.341199973608148, "SLB": 1.0, "KNA": 6.000268469639542, "LCA": 6.9031655207535625, "VCT": 7.4327236861888, "SUR": 5.462587150362228, "TLS": 3.148354972606705, "TON": 8.30821142180457, "TTO": 6.678116856114624, "TCA": 3.585127218002972, "TUV": 5.222708496629306, "VUT": 1.0}, "recentValue": {"ATG": 5.389201033394254, "ABW": 6.764356099226411, "BHS": 5.666302722639344, "BMU": 8.604888248055353, "BHR": 1.0, "BRB": 7.607789406340426, "BLZ": 2.321603555136381, "VGB": 6.527870502453334, "CPV": 4.959950462771482, "CYM": 4.371428321805034, "COM": 1.5752654026568802, "CUB": 7.680194713844305, "DMA": 7.695749183157609, "DOM": 5.229402228196377, "FJI": 7.365659520589154, "GRD": 6.549383740416078, "GNB": 1.0, "GUY": 6.816868300913806, "HTI": 4.567153538446912, "JAM": 6.748450812737781, "KIR": 4.468384647878441, "MDV": 1.0, "MHL": 6.938063615194372, "MUS": 7.695527891501112, "FSM": 4.820589065894109, "NRU": 1.0, "PLW": 7.581256235827666, "PNG": 2.668221566467593, "WSM": 6.491060744269984, "STP": 3.043746640757437, "SYC": 3.811643827756361, "SGP": 5.341199973608148, "SLB": 1.0, "KNA": 6.000268469639542, "VCT": 7.4327236861888, "LCA": 6.9031655207535625, "SUR": 5.462587150362228, "TLS": 3.148354972606705, "TTO": 6.678116856114624, "TON": 8.30821142180457, "TUV": 5.222708496629306, "TCA": 3.585127218002972, "VUT": 1.0}, "recentYear": {"ATG": "2020", "ABW": "2020", "BHS": "2020", "BMU": "2020", "BHR": "2020", "BRB": "2020", "BLZ": "2020", "VGB": "2020", "CPV": "2020", "CYM": "2020", "COM": "2020", "CUB": "2020", "DMA": "2020", "DOM": "2020", "FJI": "2020", "GRD": "2020", "GNB": "2020", "GUY": "2020", "HTI": "2020", "JAM": "2020", "KIR": "2020", "MDV": "2020", "MHL": "2020", "MUS": "2020", "FSM": "2020", "NRU": "2020", "PLW": "2020", "PNG": "2020", "WSM": "2020", "STP": "2020", "SYC": "2020", "SGP": "2020", "SLB": "2020", "KNA": "2020", "VCT": "2020", "LCA": "2020", "SUR": "2020", "TLS": "2020", "TTO": "2020", "TON": "2020", "TUV": "2020", "TCA": "2020", "VUT": "2020"}}, "def": "Indicator: Average yearly 5-years change in Population, total. More inhabitants on earth mean a larger demand for the limited available space and other resources on our planet, many of the latter not being renewable. For nature, for food supply, for resources etc. fewer inhabitants would be better. In this respect a negative population growth, i.e. a decreasing number of inhabitants instead of the continuous and rapid population growth we nowadays face in many countries, is positive. ", "name": "Population Growth", "source": "World Bank", "dataset": "World Bank", "category": "Human Wellbeing", "subcategory": "Well-balance Society", "link": "https://ssi.wi.th-koeln.de/ssi-final.html", "dim": "none", "priority": "3.0", "units": "Score"}, "confidenceIntervals": {"2020": {"BHR": 0.14285714285714285, "CYM": 0.4371428321805034, "PNG": 0.3811745094953704, "KNA": 6.000268469639542, "LCA": 6.9031655207535625, "VCT": 1.8581809215472}, "recentValue": {"BHS": 5.666302722639344, "COM": 0.15752654026568802, "FJI": 1.0522370743698792, "GNB": 1.0, "GUY": 0.9738383287019723, "HTI": 4.567153538446912, "JAM": 0.6748450812737781, "MDV": 1.0, "FSM": 1.2051472664735272, "PLW": 1.0830366051182378, "SYC": 0.5445205468223373, "LCA": 0.9861665029647947, "VUT": 0.14285714285714285}}, "featureImportances": {"indicators": {"wdi-IC.FRM.BKWC.ZS": 0.329, "wdi2-NY.ADJ.DFOR.CD": 0.806, "ihme-peptic-ulcer-disease": 0.11, "key-mvi-wdi-BX.TRF.PWKR.DT.GD.ZS": 0.062, "hdr-63406": 0.232, "ssi-15": 0.011, "wdi2-SE.SEC.TCAQ.FE.ZS": 0.207, "oecd-COASTAL_10_POP_SCALED": 0.669, "ihme-meningitis": 0.697, "wdi2-SH.DTH.0509": 0.168}, "categories": {"Self-harm": 0.712, "Osteoarthritis": 0.453, "Neurological disorders": 0.592, "Work, employment and vulnerability": 0.944}}}