{"key-51": {"data": {"2021": {"ATG": 0.0060314220132373, "BHS": 0.0014435738062273, "BHR": 0.001881160105765, "BRB": 0.0056995584565175, "BLZ": 0.0004814819386282, "BMU": 0.0022577157774074, "CPV": 0.003731874711229, "COM": 0.0021392302168637, "CUW": 0.0042726973091747, "DMA": 0.0031558865239206, "DOM": 0.0020823172199356, "FJI": 0.009253216934336, "GRD": 0.0027498676815669, "GNB": 0.0007458289763735, "GUY": 0.0007023905886289, "HTI": 0.0037630746313397, "JAM": 0.008016066977495, "KIR": 0.0110302125, "MDV": 0.0054409828317278, "MUS": 0.0232788993452353, "PLW": 0.0076279577967883, "PNG": 0.0022930748163683, "KNA": 0.0029053084648493, "LCA": 0.0036966702030516, "VCT": 0.0028543071934756, "WSM": 0.0102962722599723, "STP": 0.0007333315372095, "SYC": 0.0961760085927634, "SGP": 0.0031245420167595, "SLB": 0.0017133006233166, "SUR": 0.001411272674524, "TLS": 0.0038326500654211, "TON": 0.0054240259152835, "TTO": 0.0018145248242481, "TCA": 0.0055035221706759, "TUV": 0.0052886029411764, "VUT": 0.0071491267631628}, "recentValue": {"ATG": 0.0060314220132373, "BHS": 0.0014435738062273, "BMU": 0.0022577157774074, "BHR": 0.001881160105765, "BRB": 0.0056995584565175, "BLZ": 0.0004814819386282, "CPV": 0.003731874711229, "COM": 0.0021392302168637, "CUW": 0.0042726973091747, "DMA": 0.0031558865239206, "DOM": 0.0020823172199356, "FJI": 0.009253216934336, "GRD": 0.0027498676815669, "GNB": 0.0007458289763735, "GUY": 0.0007023905886289, "HTI": 0.0037630746313397, "JAM": 0.008016066977495, "KIR": 0.0110302125, "MDV": 0.0054409828317278, "MUS": 0.0232788993452353, "PLW": 0.0076279577967883, "PNG": 0.0022930748163683, "WSM": 0.0102962722599723, "STP": 0.0007333315372095, "SYC": 0.0961760085927634, "SGP": 0.0031245420167595, "SLB": 0.0017133006233166, "KNA": 0.0029053084648493, "VCT": 0.0028543071934756, "LCA": 0.0036966702030516, "SUR": 0.001411272674524, "TLS": 0.0038326500654211, "TTO": 0.0018145248242481, "TON": 0.0054240259152835, "TUV": 0.0052886029411764, "TCA": 0.0055035221706759, "VUT": 0.0071491267631628}, "recentYear": {"ATG": "2021", "BHS": "2021", "BMU": "2021", "BHR": "2021", "BRB": "2021", "BLZ": "2021", "CPV": "2021", "COM": "2021", "CUW": "2021", "DMA": "2021", "DOM": "2021", "FJI": "2021", "GRD": "2021", "GNB": "2021", "GUY": "2021", "HTI": "2021", "JAM": "2021", "KIR": "2021", "MDV": "2021", "MUS": "2021", "PLW": "2021", "PNG": "2021", "WSM": "2021", "STP": "2021", "SYC": "2021", "SGP": "2021", "SLB": "2021", "KNA": "2021", "VCT": "2021", "LCA": "2021", "SUR": "2021", "TLS": "2021", "TTO": "2021", "TON": "2021", "TUV": "2021", "TCA": "2021", "VUT": "2021"}}, "def": "Fisheries export (% of GDP)", "name": "Fisheries export (% of GDP)", "source": "FAO /WorldBank", "dataset": "FAO /WorldBank", "category": "Blue", "subcategory": "None", "link": "http://www.fao.org/fishery/statistics/en", "dim": "None", "priority": "1.0", "units": "% of GDP"}, "confidenceIntervals": {"2021": {"BMU": 0.0022577157774074, "CPV": 0.000533124958747, "COM": 0.00021392302168637, "CUW": 0.0042726973091747, "DMA": 0.0004508409319886572, "DOM": 0.0005205793049839, "FJI": 0.0013218881334765716, "STP": 0.0007333315372095, "TLS": 0.0038326500654211, "TON": 0.001356006478820875}, "recentValue": {"BHS": 0.00014435738062273002, "BHR": 0.00047029002644125, "BLZ": 4.8148193862819997e-05, "COM": 0.00030560431669481426, "GNB": 7.458289763735e-05, "PNG": 0.000573268704092075, "WSM": 0.00102962722599723, "SGP": 0.0004463631452513572}}, "featureImportances": {"indicators": {"ohi-eco-score": 0.956, "wdi2-SL.AGR.0714.FE.ZS": 0.958, "wdi-GC.TAX.YPKG.RV.ZS": 0.183, "unicef-e2": 0.434, "wdi2-SL.EMP.SELF.ZS": 0.529, "wdi2-SP.POP.DPND.YG": 0.77, "ihme-non-hodgkin-lymphoma": 0.137, "wdi-FM.LBL.BMNY.ZG": 0.021, "wdi2-TX.VAL.FOOD.ZS.UN": 0.429, "ihme-hiv/aids---extensively-drug-resistant-tuberculosis": 0.958}, "categories": {"Maternal and Newborn Health": 0.224, "Technology development (invention)": 0.953, "Incentives": 0.811, "Tuberculosis": 0.805}}}