{"data": {"2015": {"ATG": 35.3537378487748, "ABW": 27.0888308455206, "BHS": 30.099777650839, "BMU": 47.14368077914865, "BHR": 0.0, "BRB": 46.3275950832458, "BLZ": 62.9776064767951, "VGB": 36.7632737108771, "CPV": 79.0723886451364, "CYM": 88.0335362235658, "COM": 100.0, "CUB": 48.5908394323787, "CUW": 79.90510580762749, "DMA": 63.7451276761295, "DOM": 59.2896979096097, "FJI": 63.5906848112926, "GRD": 63.8904880403371, "GNB": 84.7770764254789, "GUY": 41.2243555514112, "HTI": 87.2153938294568, "JAM": 59.336309496547, "KIR": 98.1608959914324, "MDV": 64.5328729989577, "MHL": 68.5837932982941, "MUS": 53.9086094133938, "FSM": 75.2079872057467, "NRU": 49.916049368069, "PLW": 11.7694412032288, "PNG": 80.4145621175885, "WSM": 68.4041637232263, "STP": 96.1096265951768, "SYC": 41.3468612212472, "SGP": 15.0359471848274, "SXM": 64.66661687374767, "SLB": 100.0, "KNA": 45.8691361523781, "VCT": 69.1448606037042, "LCA": 60.5841837844749, "SUR": 42.4695702032306, "TLS": 67.8233665626287, "TTO": 0.0, "TON": 72.3604991779919, "TUV": 75.842384959407, "TCA": 39.9817782916043, "VUT": 67.9961609668006, "AIA": 35.749959501673096, "COK": 39.54645200696553, "NIU": 39.54645200696553, "MSR": 81.86716645340232, "TKL": 48.18069095056212}, "2020": {"AIA": 11.985935279409757, "ATG": 35.2173465822813, "ABW": 26.6271525220558, "BHS": 29.9319991397652, "BRB": 45.6965571867495, "BLZ": 63.1661650874045, "VGB": 36.3745518172399, "CPV": 77.3326215020064, "COM": 100.0, "COK": 34.24482667531263, "CUB": 48.3968811210751, "CUW": 58.22777530990722, "DMA": 63.5477020528575, "DOM": 59.0693854602986, "FJI": 61.1801448697711, "GRD": 63.375981285745, "GNB": 85.1473888527139, "GUY": 42.6929128654353, "HTI": 86.3999668162853, "JAM": 59.315692498761, "KIR": 95.4123993091918, "MDV": 64.6946738263375, "MHL": 64.5304553200398, "MUS": 52.3575811523684, "FSM": 72.031606312725, "NRU": 46.5407128708217, "NIU": 34.24482667531263, "PLW": 7.01703778944598, "PNG": 79.0387434607375, "KNA": 45.6312984792536, "LCA": 60.4941978435976, "VCT": 68.5396928344719, "WSM": 67.2603287806842, "STP": 95.8413178613823, "SYC": 43.5015598595775, "SGP": 11.942086470366, "SXM": 28.368766837272407, "SLB": 100.0, "SUR": 41.643477030166, "TLS": 67.1873023594811, "TON": 69.8588915721705, "TTO": 0.0, "TUV": 73.7272162450565, "VUT": 68.286018125694, "ASM": 62.00707024759428, "GUM": 11.985935279409757, "MNP": 28.368766837272407, "MSR": 15.765230217096818, "NCL": 39.748178851691385, "PRI": 62.00707024759428, "PYF": 39.748178851691385, "VIR": 62.00707024759428}}, "upperIntervals": {"2015": {"BMU": 87.96465506792191, "CYM": 128.85451051233906, "CUW": 120.72608009640076, "SXM": 105.48759116252094, "AIA": 76.57093379044636, "COK": 80.3674262957388, "NIU": 80.3674262957388, "MSR": 122.6881407421756, "TKL": 89.00166523933538}, "2020": {"AIA": 51.90245515965422, "COK": 74.16134655555709, "CUW": 98.14429519015168, "NIU": 74.16134655555709, "SXM": 68.28528671751687, "ASM": 101.92359012783874, "GUM": 51.90245515965422, "MNP": 68.28528671751687, "MSR": 55.68175009734128, "NCL": 79.66469873193584, "PRI": 101.92359012783874, "PYF": 79.66469873193584, "VIR": 101.92359012783874}}, "lowerIntervals": {"2015": {"BMU": -0.9810563986330862, "CYM": 39.90879904578407, "CUW": 31.78036862984576, "SXM": 16.54187969596593, "AIA": -12.374777676108645, "COK": -8.578285170816208, "NIU": -8.578285170816208, "MSR": 33.74242927562058, "TKL": 0.0559537727803842}, "2020": {"AIA": -37.29220372441467, "COK": -15.033312328511798, "CUW": 8.949636306082795, "NIU": -15.033312328511798, "SXM": -20.90937216655202, "ASM": 12.72893124376985, "GUM": -37.29220372441467, "MNP": -20.90937216655202, "MSR": -33.51290878672761, "NCL": -9.529960152133043, "PRI": 12.72893124376985, "PYF": -9.529960152133043, "VIR": 12.72893124376985}}, "categoryImportances": {"2015": {"Indicators": 385.34800910949707, "Results": 1400.028314590454, "Economic Policy & Debt": 31.97270965576172}, "2020": {"Indicators": 70.26542265713215, "Results": 4011.461014121771, "Economic Policy & Debt": 0.0}}, "featureImportances": {"2015": {"wdi2-NY.GDP.MKTP.CN": 0.0, "wdi2-NE.EXP.GNFS.CN": 31.97270965576172, "epi-BHV": 232.7114999294281, "epi-ECO": 183.18837976455688, "epi-EPI": 250.1857693195343, "epi-HLT": 966.6541655063628, "epi-MPA": 122.59154915809631, "epi-MSW": 0.0, "epi-PAR": 10.660959959030151, "epi-TBG": 19.384000062942505}, "2020": {"wdi2-NE.DAB.TOTL.CN": 0.0, "wdi2-NE.DAB.TOTL.KN": 0.0, "wdi2-NY.GDP.FCST.KN": 0.0, "epi-BHV": 0.0, "epi-ECO": 44.22789991647005, "epi-EPI": 988.8801975250244, "epi-HLT": 2978.3529166802764, "epi-MPA": 0.0, "epi-MSW": 0.0, "epi-PAR": 70.26542265713215}}}