{"data": {"2015": {"ATG": 96.0290506571158, "ABW": 62.4314866974311, "BHS": 59.2068803707065, "BMU": 53.66466687684382, "BHR": 28.6976381144352, "BRB": 54.2145895939375, "BLZ": 33.5725266535416, "VGB": 53.66466687684382, "CPV": 51.9795149290684, "CYM": 53.66466687684382, "COM": 20.7745694850019, "CUB": 77.7349828570356, "CUW": 53.66466687684382, "DMA": 73.5010446013751, "DOM": 47.3218708054027, "FJI": 80.4441272817308, "GRD": 64.466422971979, "GNB": 45.8824585462526, "GUY": 0.0, "HTI": 33.1452416786715, "JAM": 78.7813971358815, "KIR": 50.5534747693556, "MDV": 46.3597959910816, "MHL": 47.7672055133136, "MUS": 40.3470888016607, "FSM": 56.9831846872692, "NRU": 81.7050360384011, "PLW": 59.8762711190229, "PNG": 100.0, "WSM": 47.648841074264, "STP": 30.4151540051599, "SYC": 6.06180811161306, "SGP": 44.3873495259232, "SXM": 53.66466687684382, "SLB": 40.3033019965386, "KNA": 100.0, "VCT": 87.0804958299546, "LCA": 67.7688213445367, "SUR": 38.3690530368858, "TLS": 12.3147977318357, "TTO": 28.4860140894477, "TON": 74.6173052223997, "TUV": 65.2929760787574, "TCA": 53.66466687684382, "VUT": 58.4002384561027, "AIA": 53.66466687684382, "COK": 53.66466687684382, "NIU": 53.66466687684382, "MSR": 53.66466687684382, "TKL": 53.66466687684382}, "2020": {"AIA": 42.02179455376493, "ATG": 100.0, "ABW": 58.5215020168521, "BHS": 56.9115767156953, "BRB": 63.0038138993945, "BLZ": 46.5115227320449, "VGB": 42.02179455376493, "CPV": 54.7418342390955, "COM": 24.9599890307391, "COK": 42.02179455376493, "CUB": 93.0452730335155, "CUW": 42.02179455376493, "DMA": 74.5277529956688, "DOM": 59.5801818016795, "FJI": 79.0673100857785, "GRD": 54.7032645275244, "GNB": 47.7625616699985, "GUY": 28.1118101091479, "HTI": 29.5015495210463, "JAM": 70.063658178018, "KIR": 53.163885807621, "MDV": 55.7681188702109, "MHL": 55.8904815619815, "MUS": 47.4004213530732, "FSM": 57.2958058339857, "NRU": 81.7824486172435, "NIU": 42.02179455376493, "PLW": 62.265137949145, "PNG": 74.2197172081183, "KNA": 100.0, "LCA": 68.3162705750844, "VCT": 88.3028638946711, "WSM": 48.6812171956366, "STP": 32.9334416275091, "SYC": 19.6482867794645, "SGP": 40.2569156272536, "SXM": 42.02179455376493, "SLB": 43.7739476598737, "SUR": 56.0162414594863, "TLS": 23.1997028928617, "TON": 74.428689565988, "TTO": 3.60197659975357, "TUV": 66.9658607008606, "VUT": 67.1982950512358, "ASM": 42.02179455376493, "GUM": 42.02179455376493, "MNP": 42.02179455376493, "MSR": 42.02179455376493, "NCL": 42.02179455376493, "PRI": 42.02179455376493, "PYF": 42.02179455376493, "VIR": 42.02179455376493}}, "upperIntervals": {"2015": {"BMU": 94.80742869861189, "VGB": 94.80742869861189, "CYM": 94.80742869861189, "CUW": 94.80742869861189, "SXM": 94.80742869861189, "TCA": 94.80742869861189, "AIA": 94.80742869861189, "COK": 94.80742869861189, "NIU": 94.80742869861189, "MSR": 94.80742869861189, "TKL": 94.80742869861189}, "2020": {"AIA": 79.77936242318471, "VGB": 79.77936242318471, "COK": 79.77936242318471, "CUW": 79.77936242318471, "NIU": 79.77936242318471, "SXM": 79.77936242318471, "ASM": 79.77936242318471, "GUM": 79.77936242318471, "MNP": 79.77936242318471, "MSR": 79.77936242318471, "NCL": 79.77936242318471, "PRI": 79.77936242318471, "PYF": 79.77936242318471, "VIR": 79.77936242318471}}, "lowerIntervals": {"2015": {"BMU": 10.811550832512571, "VGB": 10.811550832512571, "CYM": 10.811550832512571, "CUW": 10.811550832512571, "SXM": 10.811550832512571, "TCA": 10.811550832512571, "AIA": 10.811550832512571, "COK": 10.811550832512571, "NIU": 10.811550832512571, "MSR": 10.811550832512571, "TKL": 10.811550832512571}, "2020": {"AIA": 6.661423489446676, "VGB": 6.661423489446676, "COK": 6.661423489446676, "CUW": 6.661423489446676, "NIU": 6.661423489446676, "SXM": 6.661423489446676, "ASM": 6.661423489446676, "GUM": 6.661423489446676, "MNP": 6.661423489446676, "MSR": 6.661423489446676, "NCL": 6.661423489446676, "PRI": 6.661423489446676, "PYF": 6.661423489446676, "VIR": 6.661423489446676}}, "categoryImportances": {"2015": {"Indicators": 0.0, "Results": 0.0, "Economic Policy & Debt": 0.0}, "2020": {"Indicators": 0.0, "Results": 0.0, "Economic Policy & Debt": 0.0}}, "featureImportances": {"2015": {"wdi2-NE.DAB.TOTL.CN": 0.0, "wdi2-NE.EXP.GNFS.CN": 0.0, "epi-BHV": 0.0, "epi-CDA": 0.0, "epi-ECO": 0.0, "epi-EPI": 0.0, "epi-GHP": 0.0, "epi-GIB": 0.0, "epi-HLT": 0.0, "epi-MPA": 0.0}, "2020": {"wdi2-NE.DAB.TOTL.CN": 0.0, "wdi2-NE.DAB.TOTL.KN": 0.0, "wdi2-NY.GDP.FCST.KN": 0.0, "epi-BHV": 0.0, "epi-CDA": 0.0, "epi-ECO": 0.0, "epi-EPI": 0.0, "epi-GHP": 0.0, "epi-GIB": 0.0, "epi-HLT": 0.0}}}