{"data": {"2015": {"ATG": 55.245893208802535, "ABW": 43.79172255761748, "BHS": 53.97225141486065, "BMU": 78.58741108762715, "BHR": 38.61701923516038, "BRB": 65.13032541383296, "BLZ": 38.56464976435521, "VGB": 59.47978290251718, "CPV": 27.54878148178113, "CYM": 35.15928571845664, "COM": 36.57536981142859, "CUB": 50.4518662577614, "CUW": 33.84517572367471, "DMA": 43.14200540388229, "DOM": 34.94463554216134, "FJI": 30.18764596067488, "GRD": 40.96951990952643, "GNB": 21.10087629314893, "GUY": 28.44093965271264, "HTI": 30.508046849104463, "JAM": 42.14901508410364, "KIR": 31.55844916936823, "MDV": 51.84093095446604, "MHL": 32.31593329055164, "MUS": 49.009123598936, "FSM": 27.20261011936486, "NRU": 43.542850593458894, "PLW": 57.74799814962332, "PNG": 33.86444370689419, "WSM": 33.85823217765015, "STP": 23.063249345594343, "SYC": 52.85366651702245, "SGP": 74.35868883692571, "SXM": 53.5084926666153, "SLB": 28.309172907514057, "KNA": 60.01052854951266, "VCT": 41.04074057016306, "LCA": 45.67812040101794, "SUR": 33.86079541620936, "TLS": 34.3312777987562, "TTO": 56.23639744475362, "TON": 39.198860283097794, "TUV": 44.869991813798414, "TCA": 51.706307249187134, "VUT": 29.608685753238284, "AIA": 56.81863629925822, "COK": 60.34642612484445, "NIU": 49.79159166934805, "MSR": 28.30580585011573, "TKL": 53.00913038884433}, "2020": {"AIA": 73.91213726818383, "ATG": 57.46047536951566, "ABW": 73.91213726818383, "BHS": 55.62169258074972, "BRB": 66.00890689569772, "BLZ": 39.38386466544118, "VGB": 69.62426385828222, "CPV": 26.47218731065416, "COM": 37.68876901709214, "COK": 60.45778126002198, "CUB": 53.94049692809276, "CUW": 73.91213726818383, "DMA": 44.16151396756914, "DOM": 37.43593936518955, "FJI": 30.038032317033245, "GRD": 42.909810850310805, "GNB": 22.07985191957921, "GUY": 31.94830541168944, "HTI": 31.09187580027283, "JAM": 43.59115267436788, "KIR": 29.182835799901667, "MDV": 51.18062132235019, "MHL": 32.476598964169526, "MUS": 51.110534728801646, "FSM": 28.99273273638335, "NRU": 45.41037352629007, "NIU": 49.154826134470696, "PLW": 68.47315047561794, "PNG": 33.855015657804046, "KNA": 60.02131664582752, "LCA": 46.34029346725214, "VCT": 42.62668947512076, "WSM": 33.41477937065533, "STP": 24.647211983220743, "SYC": 53.61674788497672, "SGP": 76.86550393951491, "SXM": 69.62426385828222, "SLB": 27.049737069349657, "SUR": 37.39388802480221, "TLS": 33.584221060600704, "TON": 39.539966203962685, "TTO": 57.20396271724758, "TUV": 45.33912623877223, "VUT": 28.55066574670598, "ASM": 57.10097110428062, "GUM": 48.06554961061348, "MNP": 69.62426385828222, "MSR": 48.06554961061348, "NCL": 61.38884451418221, "PRI": 69.62426385828222, "PYF": 61.38884451418221, "VIR": 69.62426385828222}}, "upperIntervals": {"2015": {"ABW": 68.6429586666853, "VGB": 84.33101901158501, "CYM": 60.01052182752447, "CUW": 58.69641183274254, "SXM": 78.35972877568312, "TCA": 76.55754335825496, "AIA": 81.66987240832606, "MSR": 53.15704195918356, "TKL": 77.86036649791217}, "2020": {"AIA": 101.1656429192102, "ABW": 101.1656429192102, "VGB": 96.87776950930859, "CUW": 101.1656429192102, "SXM": 96.87776950930859, "ASM": 84.35447675530699, "GUM": 75.31905526163985, "MNP": 96.87776950930859, "MSR": 75.31905526163985, "NCL": 88.64235016520858, "PRI": 96.87776950930859, "PYF": 88.64235016520858, "VIR": 96.87776950930859}}, "lowerIntervals": {"2015": {"ABW": 25.94749531310425, "VGB": 41.63555565800395, "CYM": 17.31505847394341, "CUW": 16.00094847916148, "SXM": 35.66426542210207, "TCA": 33.862080004673906, "AIA": 38.974409054745, "MSR": 10.461578605602504, "TKL": 35.164903144331106}, "2020": {"AIA": 55.31631115222488, "ABW": 55.31631115222488, "VGB": 51.02843774232327, "CUW": 55.31631115222488, "SXM": 51.02843774232327, "ASM": 38.50514498832167, "GUM": 29.46972349465453, "MNP": 51.02843774232327, "MSR": 29.46972349465453, "NCL": 42.79301839822326, "PRI": 51.02843774232327, "PYF": 42.79301839822326, "VIR": 51.02843774232327}}, "categoryImportances": {"2015": {"Indicators": 38.79433822631837, "Results": 623.2867519855499, "Economic Policy & Debt": 16.07405397295952}, "2020": {"Indicators": 496.03023502230644, "Results": 1964.1164456009865, "Economic Policy & Debt": 0.0}}, "featureImportances": {"2015": {"wdi2-NY.GDP.MKTP.CN": 0.0, "wdi2-NE.EXP.GNFS.CN": 16.07405397295952, "epi-BHV": 8.681106984615326, "epi-ECO": 4.372911036014557, "epi-EPI": 17.76603403687477, "epi-H2O": 0.0, "epi-HAD": 0.0, "epi-HLT": 516.8782658576965, "epi-HMT": 84.26954105496407, "epi-MPA": 30.11323124170304}, "2020": {"wdi2-NE.DAB.TOTL.CN": 0.0, "wdi2-NE.DAB.TOTL.KN": 0.0, "wdi2-NY.GDP.FCST.KN": 0.0, "epi-BHV": 496.03023502230644, "epi-ECO": 34.285352021455765, "epi-EPI": 0.0, "epi-H2O": 0.0, "epi-HAD": 0.0, "epi-HLT": 0.0, "epi-HMT": 1929.8310935795307}}}