{"data": {"2015": {"ATG": 36.59591209911275, "ABW": 90.00031565610925, "BHS": 18.01535100312969, "BMU": 74.54843523206725, "BHR": 93.11060537668052, "BRB": 53.254917227448495, "BLZ": 11.360417493751102, "VGB": 67.15405858714135, "CPV": 35.1233997811473, "CYM": 36.28191682260445, "COM": 44.499803748397845, "CUB": 76.07251674868604, "CUW": 100.0, "DMA": 47.2796019353599, "DOM": 79.3070177447905, "FJI": 53.22968539802361, "GRD": 39.990775987977, "GNB": 56.08398775556636, "GUY": 28.612861247701098, "HTI": 23.759102896391752, "JAM": 78.57313412641335, "KIR": 49.93837658955645, "MDV": 26.6785011443354, "MHL": 50.55679972864081, "MUS": 49.20399886769856, "FSM": 58.75855992227039, "NRU": 40.006379043751366, "PLW": 36.9682037688245, "PNG": 58.1610541277684, "WSM": 44.0177560443467, "STP": 47.1454104883728, "SYC": 86.30444338279051, "SGP": 79.5046138854442, "SXM": 67.15405858714135, "SLB": 57.49022134917475, "KNA": 40.360751078293895, "VCT": 38.891186854938105, "LCA": 36.7322518908735, "SUR": 82.36319005207191, "TLS": 64.68095851672855, "TTO": 77.87330555830904, "TON": 65.49618396777535, "TUV": 67.15405858714135, "TCA": 40.006379043751366, "VUT": 16.383214620538993, "AIA": 67.15405858714135, "COK": 40.006379043751366, "NIU": 40.006379043751366, "MSR": 67.15405858714135, "TKL": 40.006379043751366}, "2020": {"AIA": 60.196481643525914, "ATG": 36.59591209911275, "ABW": 90.00031565610925, "BHS": 18.01535100312969, "BRB": 53.254917227448495, "BLZ": 11.360417493751102, "VGB": 60.196481643525914, "CPV": 35.1233997811473, "COM": 44.499803748397845, "COK": 60.196481643525914, "CUB": 76.07251674868604, "CUW": 100.0, "DMA": 47.2796019353599, "DOM": 79.3070177447905, "FJI": 53.22968539802361, "GRD": 39.990775987977, "GNB": 56.08398775556636, "GUY": 28.612861247701098, "HTI": 23.759102896391752, "JAM": 78.57313412641335, "KIR": 49.93837658955645, "MDV": 26.6785011443354, "MHL": 50.55679972864081, "MUS": 49.20399886769856, "FSM": 58.75855992227039, "NRU": 60.196481643525914, "NIU": 60.196481643525914, "PLW": 36.9682037688245, "PNG": 58.1610541277684, "KNA": 40.360751078293895, "LCA": 36.7322518908735, "VCT": 38.891186854938105, "WSM": 44.0177560443467, "STP": 47.1454104883728, "SYC": 86.30444338279051, "SGP": 79.5046138854442, "SXM": 60.196481643525914, "SLB": 57.49022134917475, "SUR": 82.36319005207191, "TLS": 64.68095851672855, "TON": 65.49618396777535, "TTO": 77.87330555830904, "TUV": 60.196481643525914, "VUT": 16.383214620538993, "ASM": 60.196481643525914, "GUM": 60.196481643525914, "MNP": 60.196481643525914, "MSR": 60.196481643525914, "NCL": 60.196481643525914, "PRI": 60.196481643525914, "PYF": 60.196481643525914, "VIR": 60.196481643525914}}, "upperIntervals": {"2015": {"VGB": 106.75378654230887, "NRU": 79.6061069989189, "SXM": 106.75378654230887, "TUV": 106.75378654230887, "TCA": 79.6061069989189, "AIA": 106.75378654230887, "COK": 79.6061069989189, "NIU": 79.6061069989189, "MSR": 106.75378654230887, "TKL": 79.6061069989189}, "2020": {"AIA": 99.19293046117058, "VGB": 99.19293046117058, "COK": 99.19293046117058, "NRU": 99.19293046117058, "NIU": 99.19293046117058, "SXM": 99.19293046117058, "TUV": 99.19293046117058, "ASM": 99.19293046117058, "GUM": 99.19293046117058, "MNP": 99.19293046117058, "MSR": 99.19293046117058, "NCL": 99.19293046117058, "PRI": 99.19293046117058, "PYF": 99.19293046117058, "VIR": 99.19293046117058}}, "lowerIntervals": {"2015": {"VGB": 32.50246116671484, "NRU": 5.354781623324854, "SXM": 32.50246116671484, "TUV": 32.50246116671484, "TCA": 5.354781623324854, "AIA": 32.50246116671484, "COK": 5.354781623324854, "NIU": 5.354781623324854, "MSR": 32.50246116671484, "TKL": 5.354781623324854}, "2020": {"AIA": 26.152782179026097, "VGB": 26.152782179026097, "COK": 26.152782179026097, "NRU": 26.152782179026097, "NIU": 26.152782179026097, "SXM": 26.152782179026097, "TUV": 26.152782179026097, "ASM": 26.152782179026097, "GUM": 26.152782179026097, "MNP": 26.152782179026097, "MSR": 26.152782179026097, "NCL": 26.152782179026097, "PRI": 26.152782179026097, "PYF": 26.152782179026097, "VIR": 26.152782179026097}}, "categoryImportances": {"2015": {"Indicators": 969.7837950830976, "Results": 0.0, "Economic Policy & Debt": 0.0}, "2020": {"Indicators": 0.0, "Results": 0.0, "Economic Policy & Debt": 0.0}}, "featureImportances": {"2015": {"wdi2-NE.DAB.TOTL.CN": 0.0, "wdi2-NE.EXP.GNFS.CN": 0.0, "epi-BCA": 0.0, "epi-BHV": 0.0, "epi-ECO": 0.0, "epi-EPI": 0.0, "epi-HLT": 0.0, "epi-MSW": 0.0, "epi-NXA": 969.7837950830976, "epi-PAR": 0.0}, "2020": {"wdi2-NE.DAB.TOTL.CN": 0.0, "wdi2-NE.DAB.TOTL.KN": 0.0, "wdi2-NY.GDP.FCST.KN": 0.0, "epi-BCA": 0.0, "epi-BHV": 0.0, "epi-ECO": 0.0, "epi-EPI": 0.0, "epi-HLT": 0.0, "epi-MSW": 0.0, "epi-NXA": 0.0}}}