{"data": {"2015": {"ATG": 57.8233769585094, "ABW": 43.44572944091653, "BHS": 64.964879524099, "BMU": 80.1099549746616, "BHR": 57.175161743717, "BRB": 69.3230939596703, "BLZ": 52.3012821409566, "VGB": 63.369947015076406, "CPV": 62.466940609245, "CYM": 44.57484860474222, "COM": 44.2687243393942, "CUB": 46.5278008698801, "CUW": 43.47564632459256, "DMA": 50.23801808958489, "DOM": 26.695013791369, "FJI": 74.5713768857946, "GRD": 39.9765303285892, "GNB": 26.1178268287448, "GUY": 22.3811901335326, "HTI": 10.3429765746819, "JAM": 46.67903953559599, "KIR": 35.9644252783095, "MDV": 53.7698221084329, "MHL": 44.5787563535858, "MUS": 64.6386237906793, "FSM": 39.671078701326, "NRU": 64.0951975079523, "PLW": 97.1124011610483, "PNG": 58.64088854200881, "WSM": 67.4596997845713, "STP": 43.12465389983831, "SYC": 66.6809215908302, "SGP": 80.7525268315374, "SXM": 63.18618210554495, "SLB": 24.542065175828704, "KNA": 52.1043355985936, "VCT": 32.1135936541263, "LCA": 51.150176473274, "SUR": 40.8936728631406, "TLS": 34.231716338011, "TTO": 79.9760336941362, "TON": 76.9670433561322, "TUV": 60.3070152777141, "TCA": 79.01532655439031, "VUT": 44.6375993349493, "AIA": 60.65680972037124, "COK": 100.0, "NIU": 93.5441105985265, "MSR": 31.05831406884573, "TKL": 80.12739952190846}, "2020": {"AIA": 71.55703384868298, "ATG": 60.5300704128164, "ABW": 71.55703384868298, "BHS": 67.0753582451214, "BRB": 70.4416474147204, "BLZ": 54.4604245546486, "VGB": 76.3684147335658, "CPV": 59.46846734648741, "COM": 47.0713683656623, "COK": 100.0, "CUB": 48.2732413635326, "CUW": 71.55703384868298, "DMA": 52.8046159704601, "DOM": 29.9919561853729, "FJI": 76.966741018963, "GRD": 41.9255289972958, "GNB": 28.5011910352608, "GUY": 24.901964074008003, "HTI": 12.0887869561033, "JAM": 48.8593290625233, "KIR": 37.0237778637252, "MDV": 55.43445661914821, "MHL": 46.6231571618681, "MUS": 66.8013212170471, "FSM": 41.4854248564186, "NRU": 67.2057642421449, "NIU": 96.190885023826, "PLW": 99.1677811960887, "PNG": 60.3346192118564, "KNA": 53.0857124378438, "LCA": 51.8379330567893, "VCT": 34.7114708023769, "WSM": 68.6273060680662, "STP": 44.9666885329456, "SYC": 68.6298723868182, "SGP": 85.4052032394509, "SXM": 76.3684147335658, "SLB": 25.5114507647806, "SUR": 43.2081510340459, "TLS": 34.349450409217, "TON": 78.8138963840223, "TTO": 81.9681519030014, "TUV": 62.440348956935, "VUT": 45.5669950284844, "ASM": 58.47034618921874, "GUM": 71.55703384868298, "MNP": 76.3684147335658, "MSR": 71.55703384868298, "NCL": 53.658965304335894, "PRI": 76.3684147335658, "PYF": 53.658965304335894, "VIR": 76.3684147335658}}, "upperIntervals": {"2015": {"ABW": 79.78134458584125, "VGB": 99.70556216000114, "CYM": 80.91046374966695, "CUW": 79.81126146951729, "SXM": 99.52179725046967, "TCA": 115.35094169931504, "AIA": 96.99242486529596, "MSR": 67.39392921377046, "TKL": 116.46301466683316}, "2020": {"AIA": 108.62068731596665, "ABW": 108.62068731596665, "VGB": 113.43206820084947, "CUW": 108.62068731596665, "SXM": 113.43206820084947, "ASM": 95.53399965650242, "GUM": 108.62068731596665, "MNP": 113.43206820084947, "MSR": 108.62068731596665, "NCL": 90.72261877161958, "PRI": 113.43206820084947, "PYF": 90.72261877161958, "VIR": 113.43206820084947}}, "lowerIntervals": {"2015": {"ABW": 10.676145700655894, "VGB": 30.60036327481577, "CYM": 11.805264864481586, "CUW": 10.706062584331924, "SXM": 30.416598365284315, "TCA": 46.24574281412968, "AIA": 27.887225980110607, "MSR": -1.7112696714149038, "TKL": 47.35781578164782}, "2020": {"AIA": 39.42075930271028, "ABW": 39.42075930271028, "VGB": 44.2321401875931, "CUW": 39.42075930271028, "SXM": 44.2321401875931, "ASM": 26.33407164324604, "GUM": 39.42075930271028, "MNP": 44.2321401875931, "MSR": 39.42075930271028, "NCL": 21.522690758363197, "PRI": 44.2321401875931, "PYF": 21.522690758363197, "VIR": 44.2321401875931}}, "categoryImportances": {"2015": {"Indicators": 368.3812367916107, "Results": 909.2267719507217, "Economic Policy & Debt": 41.949179887771606}, "2020": {"Indicators": 195.43052941560745, "Results": 1970.3074610233307, "Economic Policy & Debt": 0.0}}, "featureImportances": {"2015": {"wdi2-NY.GDP.MKTP.CN": 34.7676899433136, "wdi2-NE.EXP.GNFS.CN": 7.181489944458008, "epi-AIR": 260.796351313591, "epi-BHV": 323.2512674331665, "epi-ECO": 15.265220165252686, "epi-EPI": 20.93087017536164, "epi-H2O": 0.0, "epi-HAD": 0.0, "epi-HLT": 612.2343302965164, "epi-MPA": 45.12996935844421}, "2020": {"wdi2-NE.DAB.TOTL.CN": 0.0, "wdi2-NE.DAB.TOTL.KN": 0.0, "wdi2-NY.GDP.FCST.KN": 0.0, "epi-AIR": 1894.709121644497, "epi-BHV": 195.43052941560745, "epi-ECO": 75.59833937883377, "epi-EPI": 0.0, "epi-H2O": 0.0, "epi-HAD": 0.0, "epi-HLT": 0.0}}}