{"ssi-e": {"data": {"2020": {"ATG": 7.346204491512087, "ABW": 9.278128980228288, "BHS": 5.841653075739296, "BHR": 9.484133384163204, "BRB": 4.955108337279168, "BLZ": 4.433001847388989, "CPV": 3.2566004508763164, "CYM": 9.990271720081225, "COM": 3.4922153435316163, "CUB": 8.43664812573476, "DMA": 5.303906598765261, "DOM": 6.782413568273775, "FJI": 6.22662008532755, "GRD": 6.615071237753423, "GNB": 3.1527137055285026, "GUY": 3.683627845041918, "HTI": 1.7308572192064895, "JAM": 3.848815464749117, "KIR": 1.4552717148493322, "MDV": 6.201382841402568, "MHL": 2.278908991783334, "MUS": 5.905190246199699, "FSM": 2.133697413321637, "NRU": 5.105986789755329, "PLW": 6.969136985500387, "PNG": 4.473531848950687, "WSM": 3.90308262769527, "STP": 2.494878963280899, "SYC": 6.098079946414437, "SGP": 8.105842537005207, "SLB": 3.76363320347664, "KNA": 8.17586507627742, "LCA": 2.7712180990618864, "VCT": 2.884311080537976, "SUR": 5.720333195577801, "TLS": 3.5234037877048743, "TON": 5.580606056482052, "TTO": 7.96124044315843, "TCA": 8.191050591546468, "TUV": 2.3410461055485445, "VUT": 3.5236594308477502}, "recentValue": {"ATG": 7.346204491512087, "ABW": 9.278128980228288, "BHS": 5.841653075739296, "BHR": 9.484133384163204, "BRB": 4.955108337279168, "BLZ": 4.433001847388989, "CPV": 3.2566004508763164, "CYM": 9.990271720081225, "COM": 3.4922153435316163, "CUB": 8.43664812573476, "DMA": 5.303906598765261, "DOM": 6.782413568273775, "FJI": 6.22662008532755, "GRD": 6.615071237753423, "GNB": 3.1527137055285026, "GUY": 3.683627845041918, "HTI": 1.7308572192064895, "JAM": 3.848815464749117, "KIR": 1.4552717148493322, "MDV": 6.201382841402568, "MHL": 2.278908991783334, "MUS": 5.905190246199699, "FSM": 2.133697413321637, "NRU": 5.105986789755329, "PLW": 6.969136985500387, "PNG": 4.473531848950687, "WSM": 3.90308262769527, "STP": 2.494878963280899, "SYC": 6.098079946414437, "SGP": 8.105842537005207, "SLB": 3.76363320347664, "KNA": 8.17586507627742, "VCT": 2.884311080537976, "LCA": 2.7712180990618864, "SUR": 5.720333195577801, "TLS": 3.5234037877048743, "TTO": 7.96124044315843, "TON": 5.580606056482052, "TUV": 2.3410461055485445, "TCA": 8.191050591546468, "VUT": 3.5236594308477502}, "recentYear": {"ATG": "2020", "ABW": "2020", "BHS": "2020", "BHR": "2020", "BRB": "2020", "BLZ": "2020", "CPV": "2020", "CYM": "2020", "COM": "2020", "CUB": "2020", "DMA": "2020", "DOM": "2020", "FJI": "2020", "GRD": "2020", "GNB": "2020", "GUY": "2020", "HTI": "2020", "JAM": "2020", "KIR": "2020", "MDV": "2020", "MHL": "2020", "MUS": "2020", "FSM": "2020", "NRU": "2020", "PLW": "2020", "PNG": "2020", "WSM": "2020", "STP": "2020", "SYC": "2020", "SGP": "2020", "SLB": "2020", "KNA": "2020", "VCT": "2020", "LCA": "2020", "SUR": "2020", "TLS": "2020", "TTO": "2020", "TON": "2020", "TUV": "2020", "TCA": "2020", "VUT": "2020"}}, "def": "A geometric average of the scores for GDP, employment, and public debt.", "name": "Economy", "source": "World Bank", "dataset": "World Bank", "category": "Economic Wellbeing", "subcategory": "Economy", "link": "https://ssi.wi.th-koeln.de/ssi-final.html", "dim": "none", "priority": "2.0", "units": "Score"}, "confidenceIntervals": {"2020": {"CPV": 0.8141501127190791, "DMA": 5.303906598765261, "GNB": 0.4503876722183575, "WSM": 3.90308262769527, "TLS": 0.5033433982435535}, "recentValue": {"BHR": 9.484133384163204, "BLZ": 0.44330018473889893, "CYM": 2.497567930020306, "HTI": 0.17308572192064894, "MDV": 0.8859118344860811, "WSM": 0.5575832325278957, "SGP": 8.105842537005207, "SUR": 0.5720333195577801, "TUV": 0.23410461055485446}}, "featureImportances": {"indicators": {"wdi2-SL.MNF.0714.MA.ZS": 0.757, "oecd-PAS_ALL_MAR_I-III_PCNT": 0.6, "unicef-nbd6": 0.542, "itu-iu25": 0.778, "irena-ff-inv-all": 0.834, "hdr-46106": 0.64, "wdi2-SE.PRE.TCAQ.FE.ZS": 0.983, "wdi2-SL.UEM.TOTL.FE.NE.ZS": 0.691, "ihme-opioid-use-disorders": 0.023, "wdi2-NY.ADJ.AEDU.CD": 0.67}, "categories": {"Musculoskeletal disorders": 0.379, "Results": 0.758, "Tuberculosis": 0.338, "Sense organ diseases": 0.661}}}