{"ssi-wbs": {"data": {"2020": {"ATG": 5.575084276236216, "ABW": 7.10068393873312, "BHS": 5.974683209409874, "BHR": 2.1264927619596232, "BRB": 7.208906201527453, "BLZ": 3.1962479444155987, "BMU": 8.604888248055353, "VGB": 6.527870502453334, "CPV": 5.448479995379858, "CYM": 5.392802253998255, "COM": 2.3364888239364805, "CUB": 5.638421054912088, "DMA": 6.843688233898437, "DOM": 4.437146478271767, "FJI": 6.228366920578588, "GRD": 6.170444651136489, "GNB": 1.6080232999970283, "GUY": 5.590193877840229, "HTI": 3.4627315667035066, "JAM": 6.055380799939604, "KIR": 4.997515252249263, "MDV": 2.017753544580375, "MHL": 5.814875770511587, "MUS": 6.544652244910948, "FSM": 5.253785632934017, "NRU": 2.105068637044091, "PLW": 6.372313349860044, "PNG": 3.1828831830215374, "WSM": 6.414788863573529, "STP": 2.38503049686572, "SYC": 4.648202057472337, "SGP": 6.636463783363633, "SLB": 2.143593719279224, "KNA": 6.131714657549513, "LCA": 6.565608848301541, "VCT": 6.76915984714824, "SUR": 5.062763061574156, "TLS": 3.5440333107237114, "TON": 6.640550781462033, "TTO": 5.900658662186248, "TCA": 3.585127218002972, "TUV": 5.345690616308681, "VUT": 2.2844711495953134}, "recentValue": {"ATG": 5.575084276236216, "ABW": 7.10068393873312, "BHS": 5.974683209409874, "BMU": 8.604888248055353, "BHR": 2.1264927619596232, "BRB": 7.208906201527453, "BLZ": 3.1962479444155987, "VGB": 6.527870502453334, "CPV": 5.448479995379858, "CYM": 5.392802253998255, "COM": 2.3364888239364805, "CUB": 5.638421054912088, "DMA": 6.843688233898437, "DOM": 4.437146478271767, "FJI": 6.228366920578588, "GRD": 6.170444651136489, "GNB": 1.6080232999970283, "GUY": 5.590193877840229, "HTI": 3.4627315667035066, "JAM": 6.055380799939604, "KIR": 4.997515252249263, "MDV": 2.017753544580375, "MHL": 5.814875770511587, "MUS": 6.544652244910948, "FSM": 5.253785632934017, "NRU": 2.105068637044091, "PLW": 6.372313349860044, "PNG": 3.1828831830215374, "WSM": 6.414788863573529, "STP": 2.38503049686572, "SYC": 4.648202057472337, "SGP": 6.636463783363633, "SLB": 2.143593719279224, "KNA": 6.131714657549513, "VCT": 6.76915984714824, "LCA": 6.565608848301541, "SUR": 5.062763061574156, "TLS": 3.5440333107237114, "TTO": 5.900658662186248, "TON": 6.640550781462033, "TUV": 5.345690616308681, "TCA": 3.585127218002972, "VUT": 2.2844711495953134}, "recentYear": {"ATG": "2020", "ABW": "2020", "BHS": "2020", "BMU": "2020", "BHR": "2020", "BRB": "2020", "BLZ": "2020", "VGB": "2020", "CPV": "2020", "CYM": "2020", "COM": "2020", "CUB": "2020", "DMA": "2020", "DOM": "2020", "FJI": "2020", "GRD": "2020", "GNB": "2020", "GUY": "2020", "HTI": "2020", "JAM": "2020", "KIR": "2020", "MDV": "2020", "MHL": "2020", "MUS": "2020", "FSM": "2020", "NRU": "2020", "PLW": "2020", "PNG": "2020", "WSM": "2020", "STP": "2020", "SYC": "2020", "SGP": "2020", "SLB": "2020", "KNA": "2020", "VCT": "2020", "LCA": "2020", "SUR": "2020", "TLS": "2020", "TTO": "2020", "TON": "2020", "TUV": "2020", "TCA": "2020", "VUT": "2020"}}, "def": "A geometric average of the scores for income distribution, population growth, and good governance.", "name": "Well-balanced Society", "source": "World Bank", "dataset": "World Bank", "category": "Human Wellbeing", "subcategory": "Well-balance Society", "link": "https://ssi.wi.th-koeln.de/ssi-final.html", "dim": "none", "priority": "2.0", "units": "Score"}, "confidenceIntervals": {"2020": {"BRB": 1.0298437430753504, "BLZ": 0.7990619861038997, "CUB": 5.638421054912088, "DMA": 0.9776697476997767, "NRU": 2.105068637044091, "PLW": 1.593078337465011, "PNG": 0.7957207957553843, "WSM": 0.9163984090819327, "STP": 0.59625762421643, "SYC": 0.664028865353191, "SGP": 0.9480662547662332, "KNA": 0.8759592367927876, "TCA": 3.585127218002972}, "recentValue": {"VGB": 0.6527870502453335, "CPV": 1.3621199988449646, "CYM": 5.392802253998255, "COM": 2.3364888239364805, "GRD": 0.8814920930194985, "HTI": 0.4946759381005009, "NRU": 0.5262671592610227, "SYC": 1.1620505143680842, "LCA": 1.6414022120753853, "VUT": 0.32635302137075906}}, "featureImportances": {"indicators": {"unicef-cm14": 0.069, "wdi2-SP.POP.TOTL.FE.IN": 0.357, "unicef-wash20": 0.013, "unicef-m14": 0.233, "ihme-other-pharynx-cancer": 0.481, "unicef-ah8": 0.635, "key-3": 0.186, "wdi2-SH.TBS.CURE.ZS": 0.002, "wdi2-TX.UVI.MRCH.XD.WD": 0.165, "ihme-depressive-disorders": 0.25}, "categories": {"Total Non-Renewable": 0.645, "Oral disorders": 0.09, "Sexually transmitted infections excluding HIV": 0.914, "Foreign body": 0.177}}}