{"ssi-9": {"data": {"2020": {"ATG": 5.767378966666667, "ABW": 7.453734199999999, "BHS": 6.299846866666668, "BHR": 4.521971466666667, "BRB": 6.8309368, "BLZ": 4.400407166666666, "CPV": 5.985127166666667, "CYM": 6.6528178, "COM": 3.465562066666667, "CUB": 4.1394513, "DMA": 6.0859661, "DOM": 4.570735466666667, "FJI": 5.266677666666667, "GRD": 5.8134305, "GNB": 2.585738933333333, "GUY": 4.584255733333334, "HTI": 2.6253792, "JAM": 5.4334895, "KIR": 5.589303666666668, "MDV": 4.071329366666666, "MHL": 4.873518333333333, "MUS": 6.512704566666667, "FSM": 5.7259109, "NRU": 4.431313966666667, "PLW": 5.3561542, "PNG": 3.796815633333334, "WSM": 6.3394132, "STP": 4.457314833333333, "SYC": 5.6683634000000005, "SGP": 8.245834599999998, "SLB": 4.594994033333333, "KNA": 6.2660404000000005, "LCA": 6.2445583000000005, "VCT": 6.164836333333334, "SUR": 4.692203366666667, "TLS": 3.989439633333333, "TON": 5.3076303000000005, "TTO": 5.2137112, "TUV": 5.471568666666666, "VUT": 5.218808433333334}, "recentValue": {"ATG": 5.767378966666667, "ABW": 7.453734199999999, "BHS": 6.299846866666668, "BHR": 4.521971466666667, "BRB": 6.8309368, "BLZ": 4.400407166666666, "CPV": 5.985127166666667, "CYM": 6.6528178, "COM": 3.465562066666667, "CUB": 4.1394513, "DMA": 6.0859661, "DOM": 4.570735466666667, "FJI": 5.266677666666667, "GRD": 5.8134305, "GNB": 2.585738933333333, "GUY": 4.584255733333334, "HTI": 2.6253792, "JAM": 5.4334895, "KIR": 5.589303666666668, "MDV": 4.071329366666666, "MHL": 4.873518333333333, "MUS": 6.512704566666667, "FSM": 5.7259109, "NRU": 4.431313966666667, "PLW": 5.3561542, "PNG": 3.796815633333334, "WSM": 6.3394132, "STP": 4.457314833333333, "SYC": 5.6683634000000005, "SGP": 8.245834599999998, "SLB": 4.594994033333333, "KNA": 6.2660404000000005, "VCT": 6.164836333333334, "LCA": 6.2445583000000005, "SUR": 4.692203366666667, "TLS": 3.989439633333333, "TTO": 5.2137112, "TON": 5.3076303000000005, "TUV": 5.471568666666666, "VUT": 5.218808433333334}, "recentYear": {"ATG": "2020", "ABW": "2020", "BHS": "2020", "BHR": "2020", "BRB": "2020", "BLZ": "2020", "CPV": "2020", "CYM": "2020", "COM": "2020", "CUB": "2020", "DMA": "2020", "DOM": "2020", "FJI": "2020", "GRD": "2020", "GNB": "2020", "GUY": "2020", "HTI": "2020", "JAM": "2020", "KIR": "2020", "MDV": "2020", "MHL": "2020", "MUS": "2020", "FSM": "2020", "NRU": "2020", "PLW": "2020", "PNG": "2020", "WSM": "2020", "STP": "2020", "SYC": "2020", "SGP": "2020", "SLB": "2020", "KNA": "2020", "VCT": "2020", "LCA": "2020", "SUR": "2020", "TLS": "2020", "TTO": "2020", "TON": "2020", "TUV": "2020", "VUT": "2020"}}, "def": "Indicator: Sum of the values of the six Worldwide Governance Indicators. Yearly the World Bank publishes the level of Good Governance, based on the assessment of six major issues: 1.  Voice and Accountability, 2.  Political Stability, 3.  Government Effectiveness, 4.  Regulatory Quality, 5.  Rule of Law and 6.  Control of Corruption. The World Bank uses a scale of +2.5 to -2.5 for each item, so by adding up one gets a scale of +15 to -15. For the SSI these six issues have been integrated into one indicator, expressing the level of Good Governance. ", "name": "Good Governance", "source": "World Bank", "dataset": "World Bank", "category": "Human Wellbeing", "subcategory": "Well-balance Society", "link": "https://ssi.wi.th-koeln.de/ssi-final.html", "dim": "none", "priority": "3.0", "units": "Score"}, "confidenceIntervals": {"2020": {"BHR": 0.6459959238095239, "GUY": 1.1460639333333336, "SLB": 0.45949940333333333, "SUR": 0.6703147666666667, "TON": 0.7582329000000001, "TUV": 5.471568666666666, "VUT": 0.745544061904762}, "recentValue": {"ATG": 0.823911280952381, "CYM": 0.66528178, "COM": 0.3465562066666667, "DOM": 0.6529622095238096, "GNB": 0.2585738933333333, "GUY": 0.45842557333333345, "MDV": 1.0178323416666666, "MHL": 1.2183795833333333, "SLB": 0.45949940333333333, "TUV": 0.7816526666666667}}, "featureImportances": {"indicators": {"ihme-non-rheumatic-valvular-heart-disease": 0.731, "hdr-132806": 0.379, "unicef-ch15": 0.099, "wdi-DT.NFL.PNGB.CD": 0.903, "wdi2-NY.ADJ.NNTY.KD": 0.415, "hdr-140606": 0.2, "ohi-np-trend": 0.115, "hdr-195906": 0.353, "wdi2-SE.ADT.1524.LT.FM.ZS": 0.081, "wdi-IC.EXP.CSDC.CD": 0.044}, "categories": {"Drug use disorders": 0.057, "Cardiomyopathy and myocarditis": 0.325, "Child Mortality": 0.88, "Social Protection & Labor": 0.79}}}