{"data": {"2015": {"ATG": 23.571428673075776, "ABW": 23.571428673075776, "BHS": 23.571428673075776, "BMU": 23.571428673075776, "BHR": 23.571428673075776, "BRB": 23.571428673075776, "BLZ": 23.571428673075776, "VGB": 23.571428673075776, "CPV": 23.571428673075776, "CYM": 23.571428673075776, "COM": 23.571428673075776, "CUB": 23.571428673075776, "DMA": 23.571428673075776, "DOM": 23.571428673075776, "FJI": 23.571428673075776, "GRD": 23.571428673075776, "GNB": 23.571428673075776, "GUY": 23.571428673075776, "HTI": 23.571428673075776, "JAM": 23.571428673075776, "KIR": 23.571428673075776, "MDV": 23.571428673075776, "MHL": 23.571428673075776, "MUS": 23.571428673075776, "FSM": 23.571428673075776, "NRU": 23.571428673075776, "PLW": 23.571428673075776, "PNG": 23.571428673075776, "WSM": 23.571428673075776, "STP": 23.571428673075776, "SYC": 23.571428673075776, "SGP": 23.571428673075776, "SXM": 23.571428673075776, "SLB": 23.571428673075776, "KNA": 23.571428673075776, "VCT": 23.571428673075776, "LCA": 23.571428673075776, "SUR": 23.571428673075776, "TLS": 23.571428673075776, "TTO": 23.571428673075776, "TON": 23.571428673075776, "TUV": 23.571428673075776, "TCA": 23.571428673075776, "VUT": 23.571428673075776, "AIA": 23.571428673075776, "COK": 23.571428673075776, "MSR": 23.571428673075776, "TKL": 23.571428673075776, "NIU": 23.571428673075776, "CUW": 23.571428673075776}}, "upperIntervals": {"2015": {"ATG": 109.93315021903582, "ABW": 109.93315021903582, "BHS": 109.93315021903582, "BMU": 109.93315021903582, "BHR": 109.93315021903582, "BRB": 109.93315021903582, "BLZ": 109.93315021903582, "VGB": 109.93315021903582, "CPV": 109.93315021903582, "CYM": 109.93315021903582, "COM": 109.93315021903582, "CUB": 109.93315021903582, "DMA": 109.93315021903582, "DOM": 109.93315021903582, "FJI": 109.93315021903582, "GRD": 109.93315021903582, "GNB": 109.93315021903582, "GUY": 109.93315021903582, "HTI": 109.93315021903582, "JAM": 109.93315021903582, "KIR": 109.93315021903582, "MDV": 109.93315021903582, "MHL": 109.93315021903582, "MUS": 109.93315021903582, "FSM": 109.93315021903582, "NRU": 109.93315021903582, "PLW": 109.93315021903582, "PNG": 109.93315021903582, "WSM": 109.93315021903582, "STP": 109.93315021903582, "SYC": 109.93315021903582, "SGP": 109.93315021903582, "SXM": 109.93315021903582, "SLB": 109.93315021903582, "KNA": 109.93315021903582, "VCT": 109.93315021903582, "LCA": 109.93315021903582, "SUR": 109.93315021903582, "TLS": 109.93315021903582, "TTO": 109.93315021903582, "TON": 109.93315021903582, "TUV": 109.93315021903582, "TCA": 109.93315021903582, "VUT": 109.93315021903582, "AIA": 109.93315021903582, "COK": 109.93315021903582, "MSR": 109.93315021903582, "TKL": 109.93315021903582, "NIU": 109.93315021903582, "CUW": 109.93315021903582}}, "lowerIntervals": {"2015": {"ATG": -129.68701468199802, "ABW": -129.68701468199802, "BHS": -129.68701468199802, "BMU": -129.68701468199802, "BHR": -129.68701468199802, "BRB": -129.68701468199802, "BLZ": -129.68701468199802, "VGB": -129.68701468199802, "CPV": -129.68701468199802, "CYM": -129.68701468199802, "COM": -129.68701468199802, "CUB": -129.68701468199802, "DMA": -129.68701468199802, "DOM": -129.68701468199802, "FJI": -129.68701468199802, "GRD": -129.68701468199802, "GNB": -129.68701468199802, "GUY": -129.68701468199802, "HTI": -129.68701468199802, "JAM": -129.68701468199802, "KIR": -129.68701468199802, "MDV": -129.68701468199802, "MHL": -129.68701468199802, "MUS": -129.68701468199802, "FSM": -129.68701468199802, "NRU": -129.68701468199802, "PLW": -129.68701468199802, "PNG": -129.68701468199802, "WSM": -129.68701468199802, "STP": -129.68701468199802, "SYC": -129.68701468199802, "SGP": -129.68701468199802, "SXM": -129.68701468199802, "SLB": -129.68701468199802, "KNA": -129.68701468199802, "VCT": -129.68701468199802, "LCA": -129.68701468199802, "SUR": -129.68701468199802, "TLS": -129.68701468199802, "TTO": -129.68701468199802, "TON": -129.68701468199802, "TUV": -129.68701468199802, "TCA": -129.68701468199802, "VUT": -129.68701468199802, "AIA": -129.68701468199802, "COK": -129.68701468199802, "MSR": -129.68701468199802, "TKL": -129.68701468199802, "NIU": -129.68701468199802, "CUW": -129.68701468199802}}, "categoryImportances": {"2015": {"Financial Sector": 0.0, "Profile": 0.0, "Climate": 0.0, "Finance": 0.0, "MVI": 0.0}}, "featureImportances": {"2015": {"wdi-FM.AST.DOMS.CN": 0.0, "key-mvi-wdi-BX.KLT.DINV.WD.GD.ZS": 0.0, "key-mvi-wdi-BX.TRF.PWKR.DT.GD.ZS": 0.0, "key-ndgain-nd-gain": 0.0, "key-ndgain-nd-readiness": 0.0, "key-ndgain-nd-vulnerability": 0.0, "key-wdi-AG.SRF.TOTL.K2": 0.0, "key-wdi-BN.CAB.XOKA.GD.ZS": 0.0, "key-wdi-BX.KLT.DINV.CD.WD": 0.0, "key-wdi-BX.TRF.PWKR.DT.GD.ZS": 0.0}}}