{"data": {"2015": {"ATG": 108.8600225, "ABW": 91.57908373427875, "BHS": 102.2553598, "BMU": 104.36928745356153, "BHR": 107.0453125, "BRB": 108.38174545537449, "BLZ": 102.6110645, "VGB": 107.56433646718324, "CPV": 102.5436477243833, "CYM": 107.86071250002274, "COM": 110.54595394478436, "CUB": 98.2711632832776, "DMA": 98.26548976, "DOM": 94.20100257, "FJI": 105.5747397, "GRD": 97.02021681, "GNB": 102.37259437872224, "GUY": 105.4323245, "HTI": 98.27621774660956, "JAM": 90.18867304570432, "KIR": 112.11112111524228, "MDV": 116.70449264690798, "MHL": 117.02327296765368, "MUS": 107.32547913889005, "FSM": 117.02327296765368, "NRU": 108.96618411706577, "PLW": 108.0855565038882, "PNG": 127.9354953, "WSM": 103.5423407, "STP": 101.63843164640032, "SYC": 110.6337233219192, "SGP": 108.3371118, "SXM": 107.28491860259597, "SLB": 127.3842095, "KNA": 102.3059218, "VCT": 103.0714544, "LCA": 106.8759695, "SUR": 99.43327829507264, "TLS": 98.1596761128181, "TTO": 132.4887032, "TON": 102.55790851267862, "TUV": 106.80566519520288, "TCA": 104.5816308567348, "VUT": 113.024748909147, "AIA": 93.63969995559547, "COK": 93.63969995559547, "MSR": 93.63969995559547, "TKL": 93.63969995559547, "NIU": 93.63969995559547, "CUW": 99.83347061476734}, "2020": {"ASM": 102.84016811982676, "AIA": 98.61197647143159, "ATG": 109.5829886, "ABW": 99.08338458669945, "BHS": 100.2802134, "BRB": 101.05033818543073, "BLZ": 99.53688378, "VGB": 98.61197647143159, "CPV": 103.65874864478239, "COM": 97.30353805775927, "COK": 96.9219184776582, "CUB": 102.60006904804146, "DMA": 94.35501272, "DOM": 81.01840233, "FJI": 107.6205918, "PYF": 81.9403510143337, "GRD": 94.1619474, "GUM": 98.8830529947134, "GNB": 124.85535658386736, "GUY": 108.6558752, "HTI": 88.72318957293444, "JAM": 106.0286886460597, "KIR": 102.8786960486438, "MDV": 98.06285141162827, "MHL": 84.13145101636886, "MUS": 104.18150710651484, "FSM": 97.60517215288814, "MSR": 105.08305191305281, "NRU": 81.4286238305614, "NCL": 83.02230497484938, "NIU": 106.55776990311125, "MNP": 82.69059002792355, "PLW": 82.50365566222675, "PNG": 127.3841854, "PRI": 103.04913283192735, "KNA": 93.31581776, "LCA": 99.58269409, "VCT": 103.6484658, "WSM": 101.7305454, "STP": 83.97730797942938, "SYC": 100.0993452673944, "SGP": 103.7146053, "SXM": 99.95916947587803, "SLB": 129.7234922, "SUR": 85.13371707768177, "TLS": 86.91335262359642, "TON": 122.43038753424273, "TTO": 130.3491144, "TUV": 90.86361572007115, "VIR": 98.62924737134924, "VUT": 104.1794490810772, "CUW": 95.32998224810957}}, "upperIntervals": {"2015": {"ABW": 123.0146721369116, "BMU": 135.80487585619437, "BRB": 139.81733385800734, "VGB": 138.99992486981608, "CPV": 133.97923612701615, "CYM": 139.2963009026556, "COM": 141.98154234741722, "CUB": 129.70675168591043, "GNB": 133.8081827813551, "HTI": 129.71180614924242, "JAM": 121.62426144833718, "KIR": 143.54670951787512, "MDV": 148.14008104954084, "MHL": 148.4588613702865, "MUS": 138.7610675415229, "FSM": 148.4588613702865, "NRU": 140.40177251969862, "PLW": 139.52114490652104, "STP": 133.07402004903318, "SYC": 142.06931172455205, "SXM": 138.72050700522882, "SUR": 130.86886669770547, "TLS": 129.59526451545096, "TON": 133.99349691531148, "TUV": 138.24125359783574, "TCA": 136.01721925936764, "VUT": 144.46033731177985, "AIA": 125.07528835822832, "COK": 125.07528835822832, "MSR": 125.07528835822832, "TKL": 125.07528835822832, "NIU": 125.07528835822832, "CUW": 131.2690590174002}, "2020": {"ASM": 119.34836599527772, "AIA": 115.12017434688255, "ABW": 115.59158246215041, "BRB": 117.55853606088169, "VGB": 115.12017434688255, "CPV": 120.16694652023335, "COM": 113.81173593321023, "COK": 113.43011635310916, "CUB": 119.10826692349242, "PYF": 98.44854888978466, "GUM": 115.39125087016436, "GNB": 141.36355445931832, "HTI": 105.2313874483854, "JAM": 122.53688652151067, "KIR": 119.38689392409476, "MDV": 114.57104928707923, "MHL": 100.63964889181982, "MUS": 120.6897049819658, "FSM": 114.1133700283391, "MSR": 121.59124978850377, "NRU": 97.93682170601237, "NCL": 99.53050285030034, "NIU": 123.06596777856221, "MNP": 99.19878790337451, "PLW": 99.01185353767771, "PRI": 119.55733070737831, "STP": 100.48550585488034, "SYC": 116.60754314284536, "SXM": 116.46736735132899, "SUR": 101.64191495313273, "TLS": 103.42155049904738, "TON": 138.9385854096937, "TUV": 107.37181359552211, "VIR": 115.1374452468002, "VUT": 120.68764695652816, "CUW": 111.83818012356053}}, "lowerIntervals": {"2015": {"ABW": 56.82972185475834, "BMU": 69.6199255740411, "BRB": 73.63238357585408, "VGB": 72.81497458766282, "CPV": 67.79428584486288, "CYM": 73.11135062050232, "COM": 75.79659206526395, "CUB": 63.52180140375717, "GNB": 67.62323249920183, "HTI": 63.52685586708915, "JAM": 55.43931116618392, "KIR": 77.36175923572185, "MDV": 81.95513076738757, "MHL": 82.27391108813325, "MUS": 72.57611725936962, "FSM": 82.27391108813325, "NRU": 74.21682223754536, "PLW": 73.33619462436778, "STP": 66.88906976687991, "SYC": 75.88436144239878, "SXM": 72.53555672307556, "SUR": 64.6839164155522, "TLS": 63.41031423329769, "TON": 67.80854663315822, "TUV": 72.05630331568247, "TCA": 69.83226897721437, "VUT": 78.27538702962659, "AIA": 58.89033807607506, "COK": 58.89033807607506, "MSR": 58.89033807607506, "TKL": 58.89033807607506, "NIU": 58.89033807607506, "CUW": 65.08410873524693}, "2020": {"ASM": 86.09801645653977, "AIA": 81.8698248081446, "ABW": 82.34123292341246, "BRB": 84.30818652214374, "VGB": 81.8698248081446, "CPV": 86.9165969814954, "COM": 80.56138639447228, "COK": 80.1797668143712, "CUB": 85.85791738475447, "PYF": 65.19819935104671, "GUM": 82.1409013314264, "GNB": 108.11320492058037, "HTI": 71.98103790964745, "JAM": 89.28653698277272, "KIR": 86.13654438535681, "MDV": 81.32069974834128, "MHL": 67.38929935308187, "MUS": 87.43935544322785, "FSM": 80.86302048960115, "MSR": 88.34090024976582, "NRU": 64.68647216727442, "NCL": 66.28015331156239, "NIU": 89.81561823982426, "MNP": 65.94843836463656, "PLW": 65.76150399893976, "PRI": 86.30698116864036, "STP": 67.2351563161424, "SYC": 83.35719360410741, "SXM": 83.21701781259104, "SUR": 68.39156541439478, "TLS": 70.17120096030943, "TON": 105.68823587095574, "TUV": 74.12146405678416, "VIR": 81.88709570806225, "VUT": 87.4372974177902, "CUW": 78.58783058482258}}, "categoryImportances": {"2015": {"Economic Policy & Debt": 128.61817002296448, "Profile": 434.33033895492554, "Climate": 618.7568728923798, "Digital": 736.8748090267181, "Blue": 350.5055305957794, "Finance": 223.2817885875702}, "2020": {"Economic Policy & Debt": 52.82402538508177, "Financial Sector": 2258.335676461458, "Education": 7.650606989860535, "Gender": 6.386703997850418, "Health": 34.206669986248016, "Profile": 75.41705762519268}}, "featureImportances": {"2015": {"wdi2-NY.GNP.MKTP.CN": 128.61817002296448, "key-wdi-AG.SRF.TOTL.K2": 217.95307803153992, "key-wdi-BX.KLT.DINV.CD.WD": 223.2817885875702, "key-wdi-EG.ELC.ACCS.ZS": 46.035520792007446, "key-wdi-EG.ELC.RNEW.ZS": 162.75685000419617, "key-wdi-EG.FEC.RNEW.ZS": 456.0000228881836, "key-wdi-ER.FSH.CAPT.MT": 350.5055305957794, "key-wdi-IT.CEL.SETS.P2": 458.250390291214, "key-wdi-IT.NET.USER.ZS": 232.5888979434967, "key-wdi2-SP.POP.TOTL": 216.3772609233856}, "2020": {"wdi2-NE.DAB.TOTL.CN": 52.82402538508177, "key-wdi2-SP.POP.TOTL": 75.41705762519268, "wdi2-PX.REX.REER": 2258.335676461458, "wdi2-SE.PRM.AGES": 0.0, "wdi2-SE.PRM.DURS": 0.0, "wdi2-SE.SEC.AGES": 0.0, "wdi2-SE.SEC.DURS": 7.650606989860535, "wdi2-SG.LAW.INDX": 6.386703997850418, "wdi2-SP.POP.GROW": 34.206669986248016, "wdi2-SP.POP.TOTL": 0.0}}, "performance": {"2015": 0.2673849036687173, "2020": 0.0997160693933886}}