{"data": {"2020": {"ASM": 30.1917755597972, "ATG": 40.02642332769341, "ABW": 29.68004128712907, "BHS": 34.93628118418522, "BRB": 22.31922537608436, "BLZ": 31.042193141754037, "VGB": 40.430080029589725, "CPV": 40.312731181686, "COM": 76.73983450807836, "CUB": 23.785951719577547, "CUW": 21.823298811863783, "DMA": 39.263437662232704, "DOM": 40.3983386148426, "FJI": 40.312731181686, "PYF": 31.608938118497854, "GRD": 38.653417395052394, "GUM": 36.495505399311554, "GNB": 78.23076271542661, "GUY": 39.046910502211745, "HTI": 71.61420685999403, "JAM": 27.824286667963175, "KIR": 69.91187646185395, "MDV": 40.52342824203323, "MHL": 47.478227949517105, "MUS": 28.474327154338123, "FSM": 63.29985374697766, "NRU": 46.69979308479067, "NCL": 31.608938118497854, "MNP": 30.1917755597972, "PLW": 42.54969362167577, "PNG": 53.51123881378639, "PRI": 23.480547050483057, "KNA": 41.26671755665501, "LCA": 31.43408727512743, "VCT": 26.242764205774893, "WSM": 67.85559402422696, "STP": 67.07499568885524, "SYC": 31.757586922193877, "SGP": 28.898817811691593, "SXM": 26.461703548673967, "SLB": 59.21637761950111, "SUR": 40.442266861248214, "TLS": 79.06518022613989, "TON": 69.45373718821574, "TTO": 29.511003421008855, "TUV": 54.28519402977721, "VIR": 24.8729520894932, "VUT": 78.68911676067685, "AIA": 56.70030598871026, "COK": 56.70030598871026, "MSR": 56.70030598871026, "NIU": 56.70030598871026}}, "upperIntervals": {"2020": {"ASM": 68.50812337933597, "ATG": 73.80371204262372, "ABW": 69.19887793087696, "BHS": 73.1129574910827, "BRB": 73.80371204262372, "BLZ": 71.80960842798062, "VGB": 70.24362860960436, "CPV": 68.10122427735689, "COM": 75.25001501517153, "CUB": 68.50812337933597, "CUW": 69.19887793087696, "DMA": 68.92597209506863, "DOM": 59.16989908973123, "FJI": 72.44421616336547, "PYF": 69.19887793087696, "GRD": 73.80371204262372, "GUM": 68.50812337933597, "GNB": 72.38189737839562, "GUY": 74.17972139363386, "HTI": 64.26015899776117, "JAM": 63.858902719120124, "KIR": 73.21532717895397, "MDV": 73.80371204262372, "MHL": 69.19887793087696, "MUS": 73.64407189028736, "FSM": 69.19887793087696, "NRU": 68.50812337933597, "NCL": 69.19887793087696, "MNP": 68.50812337933597, "PLW": 69.19887793087696, "PNG": 70.94818362367593, "PRI": 68.36460988820873, "KNA": 73.80371204262372, "LCA": 73.80371204262372, "VCT": 73.80371204262372, "WSM": 70.0593482130196, "STP": 77.10006937859227, "SYC": 73.80371204262372, "SGP": 68.50812337933597, "SXM": 69.19887793087696, "SLB": 74.79973898312068, "SUR": 73.80371204262372, "TLS": 76.86621530770475, "TON": 70.6643116140089, "TTO": 69.19887793087696, "TUV": 73.80371204262372, "VIR": 68.50812337933597, "VUT": 70.78362988905361, "AIA": 68.50812337933597, "COK": 68.50812337933597, "MSR": 68.50812337933597, "NIU": 68.50812337933597}}, "lowerIntervals": {"2020": {"ASM": 21.82011481759474, "ATG": 33.22539546775826, "ABW": 22.47491881346748, "BHS": 34.01290858196914, "BRB": 31.96213825832164, "BLZ": 33.22539546775826, "VGB": 31.700548702168344, "CPV": 30.87613325438217, "COM": 30.87613325438217, "CUB": 26.241935233755623, "CUW": 25.22882552401386, "DMA": 33.22539546775826, "DOM": 34.01290858196914, "FJI": 30.87613325438217, "PYF": 15.904803717508058, "GRD": 33.22539546775826, "GUM": 20.255898923459736, "GNB": 30.87613325438217, "GUY": 30.87613325438217, "HTI": 33.944075759459395, "JAM": 33.897773163790404, "KIR": 30.87613325438217, "MDV": 30.127248393199093, "MHL": 27.02364590154404, "MUS": 14.79705302197469, "FSM": 27.02364590154404, "NRU": 34.01290858196914, "NCL": 15.904803717508058, "MNP": 21.82011481759474, "PLW": 29.372908114920133, "PNG": 30.127248393199093, "PRI": 26.416283972557114, "KNA": 30.87613325438217, "LCA": 33.22539546775826, "VCT": 33.22539546775826, "WSM": 27.02364590154404, "STP": 30.87613325438217, "SYC": 33.22539546775826, "SGP": 31.52532048504685, "SXM": 17.46901961164306, "SLB": 30.87613325438217, "SUR": 30.127248393199093, "TLS": 30.87613325438217, "TON": 27.02364590154404, "TTO": 33.22539546775826, "TUV": 30.127248393199093, "VIR": 26.342955218003116, "VUT": 30.87613325438217, "AIA": 31.700548702168344, "COK": 31.700548702168344, "MSR": 31.700548702168344, "NIU": 31.700548702168344}}, "categoryImportances": {"2020": {"Economic Policy & Debt": 0.14950342456778318, "Private Sector & Trade": 0.8070419979064987, "Financial": 0.043454577525718165}}, "featureImportances": {"2020": {"wdi2-NY.GDP.MKTP.PP.CD": 0.008082732509906385, "wdi2-NY.GNP.MKTP.PP.KD": 0.035046236076807354, "mvi-wdi-BX.TRF.PWKR.DT.GD.ZS": 0.043454577525718165, "wdi-BX.TRF.PWKR.CD.DT": 0.027028035962432664, "wdi-BX.TRF.PWKR.DT.GD.ZS": 0.07934642001863676, "wdi-IC.CUS.DURS.EX": 0.013290730129335179, "wdi-IC.ELC.OUTG": 0.05086868431190997, "wdi-IC.ELC.OUTG.ZS": 0.09548347916582381, "wdi-IC.FRM.BKWC.ZS": 0.013455562780066675, "wdi-IC.FRM.BNKS.ZS": 0.633943541519363}}, "performance": {"2020": 0.2327450075358536}}