{"data": {"2020": {"ASM": 41.031516300859565, "ATG": 32.82108275181959, "ABW": 40.93966757433926, "BHS": 41.097330754933246, "BRB": 32.9293497291261, "BLZ": 41.29473951318299, "VGB": 32.942832898209666, "CPV": 30.971333626525073, "COM": 23.49707673859761, "CUB": 32.982610637291366, "CUW": 32.79086089229444, "DMA": 34.20848780147292, "DOM": 41.481487088135495, "FJI": 31.04753433518584, "PYF": 41.0358635949249, "GRD": 41.29677874217012, "GUM": 41.13615135491417, "GNB": 24.153572946131867, "GUY": 33.33669509094383, "HTI": 22.258407017026247, "JAM": 41.33508945224549, "KIR": 24.434364813328855, "MDV": 29.305935819105024, "MHL": 30.78421345324674, "MUS": 41.03830110835208, "FSM": 25.78378172466223, "NRU": 32.58995790990233, "NCL": 41.0358635949249, "MNP": 41.031516300859565, "PLW": 32.54033963124107, "PNG": 23.38039085981758, "PRI": 33.54268880911815, "KNA": 30.520277938063952, "LCA": 41.06965211957509, "VCT": 41.39085907945, "WSM": 20.84111446692996, "STP": 23.03833164448767, "SYC": 41.08744134263997, "SGP": 33.09322579206536, "SXM": 40.93122854087029, "SLB": 23.36940073178219, "SUR": 30.73009585579913, "TLS": 23.874958368863155, "TON": 21.06282935088135, "TTO": 41.13623893665302, "TUV": 29.29076259567875, "VIR": 32.982610637291366, "VUT": 24.17933002034681, "AIA": 28.55031955815023, "COK": 28.55031955815023, "MSR": 28.55031955815023, "NIU": 28.55031955815023}}, "upperIntervals": {"2020": {"ASM": 41.32684999083461, "ATG": 34.615395677156386, "ABW": 39.236115776284294, "BHS": 40.52865087885557, "BRB": 37.38335920812999, "BLZ": 38.57274109483656, "VGB": 37.16761447465573, "CPV": 34.141665352510216, "COM": 33.633273795967526, "CUB": 38.74058568027264, "CUW": 30.237033792249267, "DMA": 36.89882156592165, "DOM": 42.226350081148134, "FJI": 33.81864057834346, "PYF": 39.383867063385395, "GRD": 38.694239562252775, "GUM": 41.26933351467536, "GNB": 34.11173262439388, "GUY": 33.67340780461579, "HTI": 36.545981988771324, "JAM": 40.94828924865685, "KIR": 33.643475076499456, "MDV": 27.307283696265472, "MHL": 33.63875847542202, "MUS": 39.55368358700254, "FSM": 33.24520695183429, "NRU": 36.065083598529334, "NCL": 39.383867063385395, "MNP": 41.32684999083461, "PLW": 33.63875847542202, "PNG": 26.489078315142134, "PRI": 36.402336251168826, "KNA": 33.836823509104946, "LCA": 39.46572701233781, "VCT": 39.271744431983265, "WSM": 33.23500567130236, "STP": 33.65145672672901, "SYC": 32.60952410627628, "SGP": 39.84311655639903, "SXM": 39.48551842851822, "SLB": 34.129915555155364, "SUR": 26.980620603043434, "TLS": 33.633273795967526, "TON": 33.23500567130236, "TTO": 31.863445448762878, "TUV": 27.307283696265472, "VIR": 38.74058568027264, "VUT": 34.11173262439388, "AIA": 36.065083598529334, "COK": 36.065083598529334, "MSR": 36.065083598529334, "NIU": 36.065083598529334}}, "lowerIntervals": {"2020": {"ASM": 21.628774248522387, "ATG": 21.628774248522387, "ABW": 21.628774248522387, "BHS": 21.628774248522387, "BRB": 21.628774248522387, "BLZ": 23.550354503114473, "VGB": 21.628774248522387, "CPV": 23.550354503114473, "COM": 21.50638236061859, "CUB": 21.628774248522387, "CUW": 21.628774248522387, "DMA": 21.628774248522387, "DOM": 23.550354503114473, "FJI": 21.628774248522387, "PYF": 21.628774248522387, "GRD": 21.496325573869534, "GUM": 21.628774248522387, "GNB": 23.38408772984107, "GUY": 21.628774248522387, "HTI": 23.33728226440976, "JAM": 23.550354503114473, "KIR": 21.518451774059802, "MDV": 21.628774248522387, "MHL": 21.628774248522387, "MUS": 23.550354503114473, "FSM": 21.628774248522387, "NRU": 21.628774248522387, "NCL": 21.628774248522387, "MNP": 21.628774248522387, "PLW": 21.628774248522387, "PNG": 21.518451774059802, "PRI": 23.550354503114473, "KNA": 21.628774248522387, "LCA": 21.628774248522387, "VCT": 21.628774248522387, "WSM": 21.50638236061859, "STP": 21.371248722854492, "SYC": 21.628774248522387, "SGP": 21.628774248522387, "SXM": 21.628774248522387, "SLB": 21.420050430688487, "SUR": 21.628774248522387, "TLS": 21.392027398062943, "TON": 21.616704835081176, "TTO": 21.628774248522387, "TUV": 21.628774248522387, "VIR": 21.628774248522387, "VUT": 21.460391829867266, "AIA": 21.628774248522387, "COK": 21.628774248522387, "MSR": 21.628774248522387, "NIU": 21.628774248522387}}, "categoryImportances": {"2020": {"Economic Policy & Debt": 0.0560818177343387, "Private Sector & Trade": 0.9415959742774804, "Financial": 0.0023222079881808273}}, "featureImportances": {"2020": {"wdi2-NY.GDP.MKTP.PP.CD": 0.037671891200092573, "wdi2-NY.GNP.MKTP.PP.KD": 0.011052431695097752, "mvi-wdi-BX.TRF.PWKR.DT.GD.ZS": 0.0023222079881808273, "wdi-BX.TRF.PWKR.CD.DT": 0.004058919567669447, "wdi-BX.TRF.PWKR.DT.GD.ZS": 0.0032985752714789246, "wdi-IC.CUS.DURS.EX": 0.012510814585939846, "wdi-IC.ELC.OUTG": 0.04649771544330425, "wdi-IC.ELC.OUTG.ZS": 0.016661084314683182, "wdi-IC.FRM.BNKS.ZS": 0.8245641218297953, "wdi-IC.FRM.BRIB.ZS": 0.04136223810375788}}, "performance": {"2020": 0.1997231515710787}}