{"data": {"2020": {"ASM": 3918630437.235528, "ATG": -53221357.46384196, "ABW": 258031238.03590646, "BHS": 857851587.5906055, "BRB": 281620094.0902256, "BLZ": 444283481.9019102, "VGB": 1199732483.759489, "CPV": -127649555.26552626, "COM": -2330309.911185002, "CUB": 2458418280.976724, "CUW": 1363366570.0071807, "DMA": -260976201.1864942, "DOM": -34970624.26099665, "FJI": 628846277.8157246, "PYF": 2462840824.7819777, "GRD": 51153391.14137077, "GUM": 3657916390.1773133, "GNB": 271334132.012024, "GUY": 596616339.106393, "HTI": -59452595.01155055, "JAM": 23607071.622943815, "KIR": 30510069.874281697, "MDV": -116544728.53024492, "MHL": 2167221818.954452, "MUS": 68777150.17141213, "FSM": 2363786563.830694, "NRU": 3544627105.1028433, "NCL": 1409832883.443762, "MNP": 3420823122.265018, "PLW": 1650096099.3458333, "PNG": 344489326.8736361, "PRI": 806477691.8565731, "KNA": 47850000.0, "LCA": 243209848.787565, "VCT": 389001551.8904717, "WSM": 665682395.6269761, "STP": 345619242.0646074, "SYC": -370340008.37327796, "SGP": -492113203.5999615, "SXM": 2046772408.6293519, "SLB": 174937260.7843749, "SUR": -584540622.2919954, "TLS": 104481337.14872311, "TON": 1528031530.923469, "TTO": -140674735.76666892, "TUV": 45362181.91760641, "VIR": 2259280105.0396457, "VUT": 206870385.64433098, "AIA": 3777583383.2429233, "COK": 3777583383.2429233, "MSR": 3777583383.2429233, "NIU": 3777583383.2429233}}, "upperIntervals": {"2020": {"ASM": 5280611867.504792, "ATG": 5072314407.924107, "ABW": 5072314407.924107, "BHS": 5072314407.924107, "BRB": 5072314407.924107, "BLZ": 5072314407.924107, "VGB": 5072314407.924107, "CPV": 5072314407.924107, "COM": 5072314407.924107, "CUB": 5274866672.388334, "CUW": 5274866672.388334, "DMA": 5072314407.924107, "DOM": 5072314407.924107, "FJI": 5072314407.924107, "PYF": 5280611867.504792, "GRD": 5072314407.924107, "GUM": 5280611867.504792, "GNB": 5072314407.924107, "GUY": 5072314407.924107, "HTI": 5072314407.924107, "JAM": 5072314407.924107, "KIR": 5072314407.924107, "MDV": 5119895948.803149, "MHL": 5280611867.504792, "MUS": 5072314407.924107, "FSM": 5274866672.388334, "NRU": 5274866672.388334, "NCL": 5280611867.504792, "MNP": 5280611867.504792, "PLW": 5280611867.504792, "PNG": 5119895948.803149, "PRI": 5072314407.924107, "LCA": 5072314407.924107, "VCT": 5072314407.924107, "WSM": 5072314407.924107, "STP": 5072314407.924107, "SYC": 5072314407.924107, "SGP": 5072314407.924107, "SXM": 5280611867.504792, "SLB": 5072314407.924107, "SUR": 5119895948.803149, "TLS": 5072314407.924107, "TON": 5072314407.924107, "TTO": 5072314407.924107, "TUV": 5119895948.803149, "VIR": 5274866672.388334, "VUT": 5072314407.924107, "AIA": 5280611867.504792, "COK": 5280611867.504792, "MSR": 5280611867.504792, "NIU": 5280611867.504792}}, "lowerIntervals": {"2020": {"ASM": 634166431.4317191, "ATG": 38531881.496937335, "ABW": 43484472.08669506, "BHS": 37812164.381682456, "BRB": 47284066.20882793, "BLZ": 71423851.33275354, "VGB": 297411677.05215496, "CPV": 38886663.5202737, "COM": 38886663.5202737, "CUB": 508624571.22227937, "CUW": 464470704.23769873, "DMA": 71948557.53152737, "DOM": 35489169.173375994, "FJI": 25196617.016383115, "PYF": 512407085.9874746, "GRD": 38531881.496937335, "GUM": 637948946.1969142, "GNB": 12807419.648273678, "GUY": 33948801.728273705, "HTI": 39611957.3214999, "JAM": 37071957.3214999, "KIR": 18470575.241499875, "MDV": 47284066.20882793, "MHL": 506834439.5988347, "MUS": 47284066.20882793, "FSM": 825966526.1633941, "NRU": 634149352.0747813, "NCL": 470043350.62633866, "MNP": 595585210.8357781, "PLW": 512407085.9874746, "PNG": 43501551.44363277, "PRI": 47284066.20882793, "LCA": 47284066.20882793, "VCT": 39701957.3214999, "WSM": 353378642.28295666, "STP": 43501551.44363277, "SYC": 57847841.15478617, "SGP": 53316523.298642136, "SXM": 512407085.9874746, "SLB": 13607984.651742136, "SUR": 47284066.20882793, "TLS": 33948801.728273705, "TON": 592500095.879669, "TTO": 43807136.20882793, "TUV": 27931790.275990445, "VIR": 506834439.5988347, "VUT": 43484472.08669506, "AIA": 916726759.8990258, "COK": 916726759.8990258, "MSR": 916726759.8990258, "NIU": 916726759.8990258}}, "categoryImportances": {"2020": {"Economic Policy & Debt": 0.9852481860344257, "Infrastructure": 0.007362340869258516, "Financial Sector": 0.0035488087726266546, "Financial": 0.0038406643236892335}}, "featureImportances": {"2020": {"wdi2-NE.EXP.GNFS.CN": 0.003490370408046354, "mvi-wdi-BX.TRF.PWKR.DT.GD.ZS": 0.0038406643236892335, "wdi-BX.TRF.PWKR.CD.DT": 0.9145697514685974, "wdi-BX.TRF.PWKR.DT.GD.ZS": 0.0025549073632662573, "wdi-IT.NET.SECR.P6": 0.007362340869258516, "wdi2-NY.GDP.DEFL.KD.ZG": 0.0035488087726266546, "wdi2-NY.GDP.MKTP.PP.CD": 0.02757579179054813, "wdi2-NY.GDP.MKTP.PP.KD": 0.033369118570392986, "wdi2-NY.GDP.PCAP.PP.CD": 0.001966200659467409, "wdi2-NY.GDP.PCAP.PP.KD": 0.0017220457741070282}}, "performance": {"2020": 0.425439144636608}}