{"data": {"2020": {"ASM": 44.77036889721604, "ATG": 40.02641437548227, "ABW": 41.34362652423009, "BHS": 42.687364525561996, "BRB": 42.836564261048956, "BLZ": 39.65572676363357, "VGB": 35.23670600932056, "CPV": 27.0280126965305, "COM": 26.397216906067854, "CUB": 43.793087633427966, "CUW": 41.95545818108621, "DMA": 40.94383307271081, "DOM": 36.00074537512303, "FJI": 34.42713363825944, "PYF": 43.24617305082398, "GRD": 33.29445150375098, "GUM": 44.983919773598984, "GNB": 23.07981978697967, "GUY": 39.05557103353327, "HTI": 29.246475725936758, "JAM": 37.29304433349549, "KIR": 17.935115693510376, "MDV": 33.143116899352655, "MHL": 33.286617620887334, "MUS": 42.616094838362486, "FSM": 27.021342136548526, "NRU": 33.7080394596339, "NCL": 43.24617305082398, "MNP": 44.77036889721604, "PLW": 34.845685359178354, "PNG": 17.329384121225615, "PRI": 37.08437637532677, "KNA": 34.17060780464478, "LCA": 45.51897335669932, "VCT": 43.36272783046995, "WSM": 27.267906558900574, "STP": 23.569709422456814, "SYC": 45.158444305033825, "SGP": 42.14690420751843, "SXM": 42.97400679272018, "SLB": 22.28100261248668, "SUR": 30.72103547779342, "TLS": 25.685477858806657, "TON": 21.190892138038723, "TTO": 42.05968500957674, "TUV": 30.102796957502214, "VIR": 46.2639270016783, "VUT": 23.798008817127496, "AIA": 31.656993037311093, "COK": 31.656993037311093, "MSR": 31.656993037311093, "NIU": 31.656993037311093}}, "upperIntervals": {"2020": {"ASM": 50.7166816176334, "ATG": 47.400026643126296, "ABW": 44.55718123858594, "BHS": 47.400026643126296, "BRB": 47.400026643126296, "BLZ": 47.400026643126296, "VGB": 47.400026643126296, "CPV": 47.400026643126296, "COM": 47.400026643126296, "CUB": 47.400026643126296, "CUW": 47.400026643126296, "DMA": 47.400026643126296, "DOM": 45.16061688508694, "FJI": 47.400026643126296, "PYF": 47.19006908342653, "GRD": 47.400026643126296, "GUM": 50.98326479478037, "GNB": 47.400026643126296, "GUY": 47.400026643126296, "HTI": 47.400026643126296, "JAM": 45.16061688508694, "KIR": 47.400026643126296, "MDV": 47.400026643126296, "MHL": 47.400026643126296, "MUS": 44.82376441573291, "FSM": 47.400026643126296, "NRU": 47.400026643126296, "NCL": 47.19006908342653, "MNP": 50.7166816176334, "PLW": 47.400026643126296, "PNG": 47.400026643126296, "PRI": 47.400026643126296, "KNA": 47.400026643126296, "LCA": 45.16061688508694, "VCT": 45.16061688508694, "WSM": 47.400026643126296, "STP": 47.400026643126296, "SYC": 45.16061688508694, "SGP": 47.400026643126296, "SXM": 46.92348590627956, "SLB": 47.400026643126296, "SUR": 47.400026643126296, "TLS": 47.400026643126296, "TON": 47.400026643126296, "TTO": 47.400026643126296, "TUV": 47.400026643126296, "VIR": 47.400026643126296, "VUT": 47.400026643126296, "AIA": 47.400026643126296, "COK": 47.400026643126296, "MSR": 47.400026643126296, "NIU": 47.400026643126296}}, "lowerIntervals": {"2020": {"ASM": 27.055815177136687, "ATG": 27.055815177136687, "ABW": 27.055815177136687, "BHS": 27.055815177136687, "BRB": 27.055815177136687, "BLZ": 27.055815177136687, "VGB": 27.055815177136687, "CPV": 27.055815177136687, "COM": 17.203674261070827, "CUB": 27.055815177136687, "CUW": 27.055815177136687, "DMA": 27.055815177136687, "DOM": 27.055815177136687, "FJI": 27.055815177136687, "PYF": 27.055815177136687, "GRD": 27.055815177136687, "GUM": 27.055815177136687, "GNB": 18.070726209980823, "GUY": 27.055815177136687, "HTI": 17.203674261070827, "JAM": 27.055815177136687, "KIR": 17.203674261070827, "MDV": 27.055815177136687, "MHL": 27.055815177136687, "MUS": 27.055815177136687, "FSM": 19.088058695506174, "NRU": 27.055815177136687, "NCL": 27.055815177136687, "MNP": 27.055815177136687, "PLW": 27.055815177136687, "PNG": 17.148313818028022, "PRI": 27.055815177136687, "KNA": 27.055815177136687, "LCA": 27.055815177136687, "VCT": 27.055815177136687, "WSM": 17.203674261070827, "STP": 18.015365766938018, "SYC": 27.055815177136687, "SGP": 27.055815177136687, "SXM": 27.055815177136687, "SLB": 27.055815177136687, "SUR": 27.055815177136687, "TLS": 18.070726209980823, "TON": 28.874226273836577, "TTO": 27.055815177136687, "TUV": 27.055815177136687, "VIR": 27.055815177136687, "VUT": 17.203674261070827, "AIA": 27.055815177136687, "COK": 27.055815177136687, "MSR": 27.055815177136687, "NIU": 27.055815177136687}}, "categoryImportances": {"2020": {"Economic Policy & Debt": 0.11323320392637962, "Private Sector & Trade": 0.838876724139189, "Financial": 0.04789007193443133}}, "featureImportances": {"2020": {"wdi2-NY.GDP.MKTP.PP.CD": 0.04730916170208929, "wdi2-NY.GNP.MKTP.PP.KD": 0.02932038020809045, "mvi-wdi-BX.TRF.PWKR.DT.GD.ZS": 0.04789007193443133, "wdi-BX.TRF.PWKR.CD.DT": 0.019954027205213245, "wdi-BX.TRF.PWKR.DT.GD.ZS": 0.01664963481098662, "wdi-IC.CUS.DURS.EX": 0.05003547349235399, "wdi-IC.ELC.OUTG": 0.07865654623498779, "wdi-IC.ELC.OUTG.ZS": 0.1365893219458351, "wdi-IC.FRM.BKWC.ZS": 0.47357302977936866, "wdi-IC.FRM.BNKS.ZS": 0.10002235268664349}}, "performance": {"2020": 0.2290711565680347}}