{"data": {"2020": {"ASM": 17.057038606849346, "ATG": 20.576032538021195, "ABW": 27.52890643536193, "BHS": 25.256688186040076, "BRB": 20.875506104517076, "BLZ": 27.54364790248244, "VGB": 47.95538431587575, "CPV": 17.905195037908662, "COM": 24.967718082167288, "CUB": 41.656807513955265, "CUW": 27.487110739960123, "DMA": 13.10700290584756, "DOM": 25.76277206470996, "FJI": 37.59245278473437, "PYF": 17.51328213501901, "GRD": 25.355852529006572, "GUM": 25.445190698191674, "GNB": 14.326793943787633, "GUY": 42.27839308151005, "HTI": 17.825797010959803, "JAM": 25.870088606364565, "KIR": 17.11022649512041, "MDV": 19.808636410420892, "MHL": 26.631414784459466, "MUS": 20.077484701619323, "FSM": 20.51578428431953, "NRU": 31.701667492942164, "NCL": 26.26354835558565, "MNP": 29.738289101898406, "PLW": 20.298544806321974, "PNG": 20.222817700863473, "PRI": 27.070821376709425, "KNA": 22.12549928396306, "LCA": 25.61748961258323, "VCT": 19.99941619334171, "WSM": 25.063709323511528, "STP": 35.50359734592551, "SYC": 19.922640666365453, "SGP": 31.698732465020083, "SXM": 20.504997329303443, "SLB": 25.426338488972867, "SUR": 27.20019723467166, "TLS": 24.995469190914267, "TON": 25.043983915682805, "TTO": 26.376207633640778, "TUV": 14.033449424602015, "VIR": 40.430269460064075, "VUT": 25.113741662779788, "AIA": 29.984594539235935, "COK": 29.984594539235935, "MSR": 29.984594539235935, "NIU": 29.984594539235935}}, "upperIntervals": {"2020": {"ASM": 33.12051849633682, "ATG": 25.658970496336828, "ABW": 33.12051849633682, "BHS": 33.1318297155024, "BRB": 33.12051849633682, "BLZ": 31.008189421910657, "VGB": 48.139943467223816, "CPV": 33.12051849633682, "COM": 33.12051849633682, "CUB": 47.06471625226222, "CUW": 33.12051849633682, "DMA": 33.12706978291456, "DOM": 33.44847092294731, "FJI": 33.75710349877517, "PYF": 33.12051849633682, "GRD": 33.12051849633682, "GUM": 33.12051849633682, "GNB": 33.345013885502404, "GUY": 49.83506185096295, "HTI": 33.12051849633682, "JAM": 33.12051849633682, "KIR": 33.12051849633682, "MDV": 33.1318297155024, "MHL": 33.12051849633682, "MUS": 33.12051849633682, "FSM": 33.12051849633682, "NRU": 36.477491148835156, "NCL": 33.12051849633682, "MNP": 33.12051849633682, "PLW": 33.12051849633682, "PNG": 33.12051849633682, "PRI": 33.4484628632565, "KNA": 33.12051849633682, "LCA": 33.12051849633682, "VCT": 33.12051849633682, "WSM": 33.12051849633682, "STP": 41.96212988168674, "SYC": 33.12706978291456, "SGP": 35.41383710244173, "SXM": 33.12051849633682, "SLB": 29.74731020595196, "SUR": 33.12051849633682, "TLS": 33.1318297155024, "TON": 33.12051849633682, "TTO": 33.12051849633682, "TUV": 33.12051849633682, "VIR": 38.50392110140797, "VUT": 33.345013885502404, "AIA": 33.12051849633682, "COK": 33.12051849633682, "MSR": 33.12051849633682, "NIU": 33.12051849633682}}, "lowerIntervals": {"2020": {"ASM": 15.249858140049339, "ATG": 20.65759257435388, "ABW": 20.63084524509691, "BHS": 20.63084524509691, "BRB": 18.133161572538754, "BLZ": 20.65759257435388, "VGB": 20.63084524509691, "CPV": 18.194344377861427, "COM": 16.226418166721036, "CUB": 17.71134727602879, "CUW": 20.63084524509691, "DMA": 13.72301828215145, "DOM": 20.63084524509691, "FJI": 20.65759257435388, "PYF": 20.19941999856912, "GRD": 20.63084524509691, "GUM": 20.63084524509691, "GNB": 16.569354952006115, "GUY": 17.55004472853978, "HTI": 17.308460499143674, "JAM": 20.63084524509691, "KIR": 16.721350279005655, "MDV": 20.63084524509691, "MHL": 20.63084524509691, "MUS": 20.63084524509691, "FSM": 20.63084524509691, "NRU": 20.63084524509691, "NCL": 20.63084524509691, "MNP": 20.63084524509691, "PLW": 20.63084524509691, "PNG": 19.610050504076273, "PRI": 17.170377457454226, "KNA": 20.452433138727717, "LCA": 20.63084524509691, "VCT": 18.31157367890795, "WSM": 19.540967740254313, "STP": 17.70290120512241, "SYC": 18.33832100816492, "SGP": 20.63084524509691, "SXM": 18.31157367890795, "SLB": 17.940996903916666, "SUR": 20.16913483942066, "TLS": 17.30910500028603, "TON": 20.16068876851428, "TTO": 20.63084524509691, "TUV": 16.428684833214728, "VIR": 20.63084524509691, "VUT": 19.91974904026053, "AIA": 20.63084524509691, "COK": 20.63084524509691, "MSR": 20.63084524509691, "NIU": 20.63084524509691}}, "categoryImportances": {"2020": {"Economic Policy & Debt": 0.020975812118198038, "Infrastructure": 0.0073573811182912445, "Social Protection & Labor": 0.9716668067635108}}, "featureImportances": {"2020": {"wdi2-NE.DAB.TOTL.CN": 0.016027321317272726, "wdi2-NE.EXP.GNFS.CN": 0.0004514836897637646, "wdi-BX.TRF.PWKR.CD.DT": 0.004497007111161546, "wdi-IT.NET.SECR.P6": 0.0073573811182912445, "wdi2-SL.EMP.1524.SP.MA.NE.ZS": 0.003198488590779644, "wdi2-SL.EMP.1524.SP.NE.ZS": 0.8719842553666273, "wdi2-SL.EMP.TOTL.SP.FE.NE.ZS": 0.02577844372322432, "wdi2-SL.EMP.TOTL.SP.MA.NE.ZS": 0.007623599775779715, "wdi2-SL.EMP.TOTL.SP.NE.ZS": 0.05537157278913859, "wdi2-SL.EMP.TOTL.SP.ZS": 0.007710446517961146}}, "performance": {"2020": 0.1049414199372208}}