{"data": {"2020": {"ASM": -8296342646.401264, "ATG": -7534545421.4052515, "ABW": -7534545421.4052515, "BHS": -1302393022.3160741, "BRB": -9543459928.76099, "BLZ": -7534545421.4052515, "VGB": -1186520262.8706405, "CPV": -4728901610.451578, "COM": -178835932892.29785, "CUB": -7534545421.4052515, "CUW": -9067201551.135893, "DMA": -3311307529.6718125, "DOM": -87529075300.0, "FJI": 25440911441.424614, "PYF": 349454474070.338, "GRD": -9543459928.76099, "GUM": 41289396513.202255, "GNB": -62486000000.0, "GUY": 8715504072.58115, "HTI": 657115624475.1849, "JAM": 3457727812.0, "KIR": -9543459928.76099, "MDV": -21002311178.836834, "MHL": -9067201551.135893, "MUS": 2305000000.0, "FSM": -9543459928.76099, "NRU": 29381571734.079247, "NCL": -18119941680.90704, "MNP": 41289396513.202255, "PLW": -9067201551.135893, "PNG": -7534545421.4052515, "PRI": -5000000.0, "KNA": -4728901610.451578, "LCA": 5438799117.1854105, "VCT": -7534545421.4052515, "WSM": -9543459928.76099, "STP": -22534967308.567474, "SYC": 3300000000.0, "SGP": 5364300000.0, "SXM": -29657038756.204357, "SLB": -9543459928.76099, "SUR": 657115624475.1849, "TLS": -228603034209.22342, "TON": -17805779668.01996, "TTO": -133371013286.86127, "TUV": -7534545421.4052515, "VIR": -9067201551.135893, "VUT": 516000000.0, "AIA": -896059858447.2905, "COK": -896059858447.2905, "MSR": -896059858447.2905, "NIU": -896059858447.2905}}, "upperIntervals": {"2020": {"ASM": 932395826204.0908, "ATG": 4255255044.8823223, "ABW": 109397883741.70407, "BHS": 60296542348.78382, "BRB": 7079387809.699943, "BLZ": 4383277359.519118, "VGB": 19877879802.88458, "CPV": 6182975216.314789, "COM": 385381311332.63635, "CUB": 38800099935.36057, "CUW": 55950839154.10416, "DMA": 60318911557.07363, "FJI": 572744617121.4138, "PYF": 932395826204.0908, "GRD": 4383277359.519118, "GUM": 884353081183.1195, "GUY": 309219215876.6626, "HTI": 137893323558.9095, "KIR": 10637463941.983435, "MDV": 4383277359.519118, "MHL": 23205692120.42155, "FSM": 107598185884.90839, "NRU": 66930240215.79039, "NCL": 673901694779.203, "MNP": 884353081183.1195, "PLW": 23333714435.058346, "PNG": 56919618652.45534, "KNA": 6182975216.314789, "LCA": 301936556509.2512, "VCT": 58719316509.251, "WSM": 10404130799.475101, "STP": 66568303488.344124, "SXM": 110049979309.80649, "SLB": 4383277359.519118, "SUR": 109334409871.99013, "TLS": 647722219578.4143, "TON": 23333714435.058346, "TTO": 58719316509.251, "TUV": 30863644356.2355, "VIR": 29448510864.560215, "AIA": 1498405920622.7466, "COK": 1498405920622.7466, "MSR": 1498405920622.7466, "NIU": 1498405920622.7466}}, "lowerIntervals": {"2020": {"ASM": -992471577140.6116, "ATG": -13342379404.76787, "ABW": -23043603947.19211, "BHS": -103468842028.14806, "BRB": -16772397042.884623, "BLZ": -13342379404.76787, "VGB": -13342379404.76787, "CPV": -13342379404.76787, "COM": -192271758675.21384, "CUB": -23097549570.759445, "CUW": -4489219936.095783, "DMA": -35608995971.19359, "FJI": -574679382648.4476, "PYF": 80518171541.05237, "GRD": -94093723350.09431, "GUM": 141839524503.2312, "GUY": -49281767017.59507, "HTI": 42972688230.84142, "KIR": -17017200042.458931, "MDV": -31988284822.70174, "MHL": -30067605644.21099, "FSM": -53029462615.02799, "NRU": -12205502561.595451, "NCL": -1456907779611.381, "MNP": -72695918290.34975, "PLW": -4489219936.095783, "PNG": -192203895867.62878, "KNA": -13342379404.76787, "LCA": -106158115166.7867, "VCT": -103468842028.14806, "WSM": -20444794669.039204, "STP": -89011621629.681, "SXM": -16700555539.950808, "SLB": -41338480.427834764, "SUR": 32153364561.412724, "TLS": -720052078802.6827, "TON": -25636782733.392357, "TTO": -106158115166.7867, "TUV": -13342379404.76787, "VIR": -4489219936.095783, "AIA": -61784182047.292046, "COK": -61784182047.292046, "MSR": -61784182047.292046, "NIU": -61784182047.292046}}, "categoryImportances": {"2020": {"Economic Policy & Debt": 0.9999778473335025, "Financial Sector": 2.215266649760467e-05}}, "featureImportances": {"2020": {"wdi2-NE.DAB.TOTL.CN": 0.19744372898168044, "wdi2-NY.GDY.TOTL.KN": 0.0003443151566277117, "wdi2-NE.CON.TOTL.CN": 0.2271802350036203, "wdi2-NE.CON.TOTL.ZS": 1.9198453364640634e-05, "wdi2-NY.GDP.DEFL.KD.ZG": 5.249629829985749e-06, "wdi2-NY.GDP.DEFL.KD.ZG.AD": 2.2582682550539393e-06, "wdi2-NY.GDP.DEFL.ZS": 9.76842539343161e-06, "wdi2-NY.GDP.DEFL.ZS.AD": 4.876343019133369e-06, "wdi2-NY.GDP.MKTP.CN": 0.41018304259971566, "wdi2-NY.GDP.MKTP.CN.AD": 0.16480732713849372}}, "performance": {"2020": 0.1300184793859795}}