{"data": {"2020": {"ASM": 68.57877186084872, "ATG": 72.31591253281665, "ABW": 75.75317088792393, "BHS": 73.52290735090013, "BRB": 74.69546910309103, "BLZ": 77.32322093222251, "VGB": 84.89636192993211, "CPV": 59.722808673274066, "COM": 59.59186359397781, "CUB": 77.67637495792131, "CUW": 78.89704335698393, "DMA": 68.14638574040853, "DOM": 71.27505469187241, "FJI": 69.89587166080018, "PYF": 71.0547289171944, "GRD": 72.12232705647212, "GUM": 72.2673812056426, "GNB": 59.50538394540282, "GUY": 74.44469405912396, "HTI": 55.98597056247981, "JAM": 67.92448445113591, "KIR": 58.031020252515184, "MDV": 70.53641461679591, "MHL": 73.35298381048543, "MUS": 74.20617436004662, "FSM": 62.313879088984315, "NRU": 70.73001182216909, "NCL": 74.61208916916608, "MNP": 76.6946380104079, "PLW": 69.9362328477619, "PNG": 55.48660029295065, "PRI": 72.78031199542397, "KNA": 73.59526819095477, "LCA": 67.42689567585688, "VCT": 68.29236150979135, "WSM": 67.09843509997619, "STP": 67.67776496341911, "SYC": 74.88145117668951, "SGP": 84.23434130256507, "SXM": 76.37277811705214, "SLB": 58.08169576176589, "SUR": 74.57680554304127, "TLS": 60.205412468763384, "TON": 67.0788415974414, "TTO": 71.37610262661673, "TUV": 65.76039787919059, "VIR": 78.72401702293347, "VUT": 59.250535256129574, "AIA": 76.15831931629876, "COK": 76.15831931629876, "MSR": 76.15831931629876, "NIU": 76.15831931629876}}, "upperIntervals": {"2020": {"ASM": 83.42693177175104, "ATG": 84.31469162333586, "ABW": 84.31469162333586, "BHS": 81.27168784914764, "BRB": 79.38058744871402, "BLZ": 82.25770290834548, "VGB": 86.98599091218884, "CPV": 77.93155657318712, "COM": 77.93155657318712, "CUB": 83.42693177175104, "CUW": 83.92654794273356, "DMA": 87.00568548906185, "DOM": 83.42693177175104, "FJI": 78.49323634105576, "PYF": 77.93155657318712, "GRD": 83.63005904514563, "GUM": 78.8809712777315, "GNB": 83.87931453728804, "GUY": 80.85241441952985, "HTI": 83.42693177175104, "JAM": 83.37969836630552, "KIR": 84.54794524528926, "MDV": 79.70588929796806, "MHL": 84.31469162333586, "MUS": 83.63005904514563, "FSM": 84.31469162333586, "NRU": 83.42693177175104, "NCL": 78.88225897662042, "MNP": 83.42693177175104, "PLW": 84.54794524528926, "PNG": 84.26745821789034, "PRI": 83.37969836630552, "KNA": 84.54794524528926, "LCA": 79.76873112931632, "VCT": 79.76873112931632, "WSM": 77.93155657318712, "STP": 78.5689557459318, "SYC": 86.99400118776079, "SGP": 86.76954251771394, "SXM": 84.31469162333586, "SLB": 80.34900594952744, "SUR": 78.5689557459318, "TLS": 83.63005904514563, "TON": 77.93155657318712, "TTO": 83.63005904514563, "TUV": 84.54794524528926, "VIR": 83.4403230373327, "VUT": 79.13133195657164, "AIA": 85.18998341919527, "COK": 85.18998341919527, "MSR": 85.18998341919527, "NIU": 85.18998341919527}}, "lowerIntervals": {"2020": {"ASM": 68.02452855095285, "ATG": 66.59830746512428, "ABW": 66.96572308311954, "BHS": 66.898928087509, "BRB": 66.92031751996112, "BLZ": 66.98779834156161, "VGB": 67.05513110516213, "CPV": 62.4179701660512, "COM": 61.7446076689253, "CUB": 63.027309461055594, "CUW": 67.05513110516213, "DMA": 61.71359606788729, "DOM": 63.6838416126351, "FJI": 62.41620963154074, "PYF": 66.12114535199633, "GRD": 66.76734337354648, "GUM": 66.57691803267217, "GNB": 64.82510373836973, "GUY": 64.45874640685845, "HTI": 58.97060269774512, "JAM": 64.7602901530564, "KIR": 60.10270556868089, "MDV": 66.83159532390849, "MHL": 66.834676137147, "MUS": 66.59830746512428, "FSM": 60.22401141279243, "NRU": 66.43612343470178, "NCL": 66.7331210503253, "MNP": 67.02997503348155, "PLW": 66.834676137147, "PNG": 65.55034540505571, "PRI": 66.8903614987675, "KNA": 66.7331210503253, "LCA": 66.36166812927542, "VCT": 65.79171231733234, "WSM": 66.12114535199633, "STP": 62.319881941599085, "SYC": 66.98779834156161, "SGP": 67.05513110516213, "SXM": 66.898928087509, "SLB": 64.91074512118384, "SUR": 67.05513110516213, "TLS": 64.04379250827937, "TON": 66.57691803267217, "TTO": 63.898722827309335, "TUV": 62.54170783790544, "VIR": 66.834676137147, "VUT": 65.75599735790337, "AIA": 67.05513110516213, "COK": 67.05513110516213, "MSR": 67.05513110516213, "NIU": 67.05513110516213}}, "categoryImportances": {"2020": {"Economic Policy & Debt": 0.04321245031123655, "Infrastructure": 0.09801483985323761, "Social Protection & Labor": 0.8587727098355259}}, "featureImportances": {"2020": {"wdi2-NE.DAB.TOTL.CN": 0.022096952584354006, "wdi2-NE.EXP.GNFS.CN": 0.02061045817040345, "wdi-BX.TRF.PWKR.CD.DT": 0.0005050395564790945, "wdi-IT.NET.SECR.P6": 0.09801483985323761, "wdi2-SL.EMP.TOTL.SP.ZS": 0.0057363146394753765, "wdi2-SL.TLF.CACT.FE.NE.ZS": 0.7740747607767833, "wdi2-SL.TLF.CACT.MA.NE.ZS": 0.04898254560065914, "wdi2-SL.TLF.CACT.ZS": 0.008581480963723713, "wdi2-SL.TLF.TOTL.IN": 0.01675533843027407, "wdi2-SL.UEM.1524.FE.NE.ZS": 0.004642269424610292}}, "performance": {"2020": 0.0679649030819564}}