{"data": {"2020": {"ASM": 23.41687214011646, "ATG": 25.38703173979185, "ABW": 13.591945818410927, "BHS": 16.065537485254307, "BRB": 33.887221712247396, "BLZ": 19.361737923753513, "VGB": 12.531245259520889, "CPV": 32.960948534471584, "COM": 30.209669837081417, "CUB": 22.900660700566917, "CUW": 14.052579491490748, "DMA": 32.872956588007625, "DOM": 14.888512974597754, "FJI": 24.509837769924268, "PYF": 36.17165436242678, "GRD": 32.35275714134262, "GUM": 28.411194772859723, "GNB": 22.443130099769864, "GUY": 34.87268197259108, "HTI": 26.22406183030243, "JAM": 16.325330847193886, "KIR": 33.484536385335005, "MDV": 17.65416858251145, "MHL": 26.161286603954398, "MUS": 26.359881538193033, "FSM": 25.389940536297118, "NRU": 15.803582284226922, "NCL": 32.80161799394677, "MNP": 15.37925377111167, "PLW": 31.29168204309771, "PNG": 35.357871155420646, "PRI": 42.08959399909746, "KNA": 28.358935673899232, "LCA": 29.848039384363304, "VCT": 36.53893128489533, "WSM": 37.95002540784604, "STP": 30.00639671985321, "SYC": 26.566886901512323, "SGP": 10.145738556108448, "SXM": 16.050819898609817, "SLB": 21.910992601001617, "SUR": 33.60009720740687, "TLS": 20.142354237663145, "TON": 35.5314170786432, "TTO": 23.45518323904117, "TUV": 28.491796010674552, "VIR": 28.881696337440545, "VUT": 20.96268325286133, "AIA": 13.809395466167363, "COK": 13.809395466167363, "MSR": 13.809395466167363, "NIU": 13.809395466167363}}, "upperIntervals": {"2020": {"ASM": 36.64752763903611, "ATG": 40.01901365974872, "ABW": 31.995894922504565, "BHS": 37.55096449990124, "BRB": 39.2640292176894, "BLZ": 26.866145570972105, "VGB": 22.984528245790763, "CPV": 39.194448159365855, "COM": 39.44923148022673, "CUB": 32.235947587285196, "CUW": 26.61982179021918, "DMA": 33.78595319337109, "DOM": 31.361818101052165, "FJI": 38.78005075950052, "PYF": 39.5027549198233, "GRD": 37.88613557993661, "GUM": 36.79346938713542, "GNB": 39.85590672974401, "GUY": 38.76965559527644, "HTI": 35.3510745994243, "JAM": 36.2724844558109, "KIR": 35.79615130314987, "MDV": 38.97627061901868, "MHL": 38.47499763246748, "MUS": 38.30272971745067, "FSM": 35.63747856675977, "NRU": 30.884497059002317, "NCL": 27.399056495786063, "MNP": 29.815448742469304, "PLW": 37.650882621793315, "PNG": 38.45748745690065, "PRI": 36.77897487645881, "KNA": 25.65092978841977, "LCA": 38.97627061901868, "VCT": 38.36561236355679, "WSM": 39.44923148022673, "STP": 38.47391236355679, "SYC": 23.151686778118492, "SGP": 23.030307715496633, "SXM": 38.22601590904489, "SLB": 39.04090672974401, "SUR": 27.47646409840362, "TLS": 38.984461343971276, "TON": 39.44923148022673, "TTO": 38.396684560351105, "TUV": 38.54012036556235, "VIR": 31.72023554109641, "VUT": 39.04090672974401, "AIA": 19.891812585825832, "COK": 19.891812585825832, "MSR": 19.891812585825832, "NIU": 19.891812585825832}}, "lowerIntervals": {"2020": {"ASM": 15.608883137701666, "ATG": 26.043635246189915, "ABW": 12.24379325302965, "BHS": 10.020684210503038, "BRB": 15.09931514247973, "BLZ": 16.14244379469268, "VGB": 9.047593896282162, "CPV": 13.997701953870237, "COM": 15.946665926595594, "CUB": 13.777952793112968, "CUW": 12.24105350281193, "DMA": 14.396755578677627, "DOM": 9.25047961981379, "FJI": 20.780108362514696, "PYF": 16.41603258831713, "GRD": 14.399495328895352, "GUM": 10.397120422862844, "GNB": 8.67692136155191, "GUY": 15.781006263643997, "HTI": 11.608542399625156, "JAM": 9.597361111769631, "KIR": 13.68550080834976, "MDV": 6.688509914729763, "MHL": 14.22737220295302, "MUS": 14.399495328895352, "FSM": 13.429725708695775, "NRU": 10.931861327985565, "NCL": 13.777605406805044, "MNP": 10.842710128895359, "PLW": 14.22737220295302, "PNG": 12.76092874078552, "PRI": 13.676847619657984, "KNA": 14.22737220295302, "LCA": 13.11108566000804, "VCT": 17.585232514705424, "WSM": 14.235667744124518, "STP": 15.946665926595594, "SYC": 14.396755578677627, "SGP": 9.044854146064438, "SXM": 10.931861327985565, "SLB": 17.906177097985413, "SUR": 15.102054892697454, "TLS": 9.19886108117578, "TON": 14.560682834911853, "TTO": 13.759770172600758, "TUV": 13.775213042895244, "VIR": 15.63662596235579, "VUT": 7.919414694854488, "AIA": 10.931861327985565, "COK": 10.931861327985565, "MSR": 10.931861327985565, "NIU": 10.931861327985565}}, "categoryImportances": {"2020": {"Economic Policy & Debt": 0.08794996308587358, "Infrastructure": 0.03818406030510176, "Social Protection & Labor": 0.8738659766090247}}, "featureImportances": {"2020": {"wdi2-NE.DAB.TOTL.CN": 0.010931365637626159, "wdi2-NE.EXP.GNFS.CN": 0.02370624744882257, "wdi-BX.TRF.PWKR.CD.DT": 0.05331234999942486, "wdi-IT.NET.SECR.P6": 0.03818406030510176, "wdi2-SL.EMP.TOTL.SP.ZS": 0.5531174321919008, "wdi2-SL.TLF.CACT.FE.NE.ZS": 0.06941112326744128, "wdi2-SL.TLF.CACT.FM.NE.ZS": 0.04490713687846349, "wdi2-SL.TLF.CACT.MA.NE.ZS": 0.05200747401324305, "wdi2-SL.TLF.CACT.ZS": 0.08847632559671091, "wdi2-SL.TLF.TOTL.IN": 0.06594648466126514}}, "performance": {"2020": 0.453183742314369}}